name,record_id,instrument,chapter,filename,VIS_rmse,VIS_variance,VIS_coverage,NIR_rmse,NIR_variance,NIR_coverage,SWIR_rmse,SWIR_variance,SWIR_coverage,MWIR_rmse,MWIR_variance,MWIR_coverage,LWIR_rmse,LWIR_variance,LWIR_coverage
"Construction  Concrete (0598UUUCNC)",0598UUUCNC,becknic,manmade,manmade.concrete.constructionconcrete.solid.all.0598uuucnc.jhu.becknic.spectrum.txt,0.002925,0.997775,1.000000,0.000504,0.995450,1.000000,0.001137,0.998068,1.000000,0.001717,0.999033,1.000000,0.001316,0.998998,1.000000
"Construction  Concrete (0092UUU_CNC)",0092UUU_CNC,becknic,manmade,manmade.concrete.pavingconcrete.solid.all.0092uuu_cnc.jhu.becknic.spectrum.txt,0.001279,0.997654,0.837209,0.000963,0.619837,1.000000,0.001136,0.999301,1.000000,0.002389,0.996642,1.000000,0.001356,0.990658,0.882353
"Construction Concrete (0397UUUCNC)",0397UUUCNC,becknic,manmade,manmade.concrete.pavingconcrete.solid.all.0397uuucnc.jhu.becknic.spectrum.txt,0.001805,0.995060,0.837209,0.001045,0.960529,1.000000,0.001131,0.999577,1.000000,0.000697,0.999444,1.000000,0.001426,0.998505,0.882353
"Construction  Concrete (0424UUUCNC)",0424UUUCNC,becknic,manmade,manmade.concrete.pavingconcrete.solid.all.0424uuucnc.jhu.becknic.spectrum.txt,0.001613,0.999263,0.837209,0.001261,0.984055,1.000000,0.001383,0.999602,1.000000,0.001791,0.997364,1.000000,0.001157,0.997812,0.882353
"Asphaltic concrete (0425UUUASP)",0425UUUASP,becknic,manmade,manmade.concrete.pavingconcrete.solid.all.0425uuuasp.jhu.becknic.spectrum.txt,0.003160,0.993460,0.837209,0.000665,0.998041,1.000000,0.002015,0.995978,1.000000,0.002869,0.997419,1.000000,0.001509,0.996914,0.882353
"Red smooth-faced Brick (0097UUUBRK)",0097UUUBRK,becknic,manmade,manmade.generalconstructionmaterial.brick.solid.all.0097uuubrk.jhu.becknic.spectrum.txt,0.002120,0.998929,1.000000,0.001037,0.997669,1.000000,0.001145,0.966003,1.000000,0.002959,0.999307,1.000000,0.001473,0.998243,0.705882
"Weathered Red Brick (0412UUUBRK)",0412UUUBRK,becknic,manmade,manmade.generalconstructionmaterial.brick.solid.all.0412uuubrk.jhu.becknic.spectrum.txt,0.001637,0.999664,1.000000,0.001770,0.999200,1.000000,0.002023,0.990787,1.000000,0.003927,0.999174,1.000000,0.000971,0.997362,0.705882
"Bare Red Brick (0413UUUBRK)",0413UUUBRK,becknic,manmade,manmade.generalconstructionmaterial.brick.solid.all.0413uuubrk.jhu.becknic.spectrum.txt,0.001703,0.999642,1.000000,0.001814,0.999344,1.000000,0.002229,0.988507,1.000000,0.003794,0.999295,1.000000,0.001470,0.995465,0.705882
"Construction Concrete (0432UUUCNC)",0432UUUCNC,becknic,manmade,manmade.generalconstructionmaterial.cementcinderblock.solid.all.0432uuucnc.jhu.becknic.spectrum.txt,0.001875,0.998400,0.837209,0.000710,0.991733,1.000000,0.001323,0.995887,1.000000,0.003507,0.995741,1.000000,0.003029,0.982540,0.882353
"Cinders, ashen (0101UUUCIN)",0101UUUCIN,becknic,manmade,manmade.generalconstructionmaterial.cinder.solid.all.0101uuucin.jhu.becknic.spectrum.txt,0.000310,0.994817,1.000000,0.000293,0.978083,1.000000,0.000423,0.982262,1.000000,0.001051,0.984306,1.000000,0.001302,0.984050,0.705882
"Plate Window Glass (0796UUUGLS)",0796UUUGLS,becknic,manmade,manmade.generalconstructionmaterial.glas.solid.all.0796uuugls.jhu.becknic.spectrum.txt,0.001642,0.965362,1.000000,0.000544,0.986508,1.000000,0.000795,0.956127,1.000000,0.000704,0.996736,1.000000,0.002554,0.999010,0.882353
"White Marble (0722UUUMBL)",0722UUUMBL,becknic,manmade,manmade.generalconstructionmaterial.marble.solid.all.0722uuumbl.jhu.becknic.spectrum.txt,0.016311,0.981477,1.000000,0.001557,0.831037,1.000000,0.023509,0.991285,1.000000,0.014228,0.950938,1.000000,0.004292,0.995369,0.882353
"Olive green gloss paint (0385UUUPNT)",0385UUUPNT,becknic,manmade,manmade.generalconstructionmaterial.paint.solid.all.0385uuupnt.jhu.becknic.spectrum.txt,0.015669,0.957878,1.000000,0.001607,0.997434,1.000000,0.002606,0.995776,1.000000,0.018745,0.993083,1.000000,0.027531,0.871248,0.705882
"Olive green gloss paint (0386UUUPNT)",0386UUUPNT,becknic,manmade,manmade.generalconstructionmaterial.paint.solid.all.0386uuupnt.jhu.becknic.spectrum.txt,0.018593,0.947978,1.000000,0.003149,0.986685,1.000000,0.004757,0.996617,1.000000,0.008632,0.996981,1.000000,0.008209,0.912502,0.705882
"Black gloss paint (0402UUUPNT)",0402UUUPNT,becknic,manmade,manmade.generalconstructionmaterial.paint.solid.all.0402uuupnt.jhu.becknic.spectrum.txt,0.001208,0.879746,0.837209,0.000121,1.000000,1.000000,0.000334,0.993982,1.000000,0.001667,0.984451,1.000000,0.004094,0.969661,0.882353
"Black gloss paint (0403UUUPNT)",0403UUUPNT,becknic,manmade,manmade.generalconstructionmaterial.paint.solid.all.0403uuupnt.jhu.becknic.spectrum.txt,0.000647,0.838760,0.837209,0.000076,1.000000,1.000000,0.000248,1.000000,1.000000,0.001560,0.858094,1.000000,0.001351,0.979291,0.882353
"Black gloss paint (0405UUUPNT)",0405UUUPNT,becknic,manmade,manmade.generalconstructionmaterial.paint.solid.all.0405uuupnt.jhu.becknic.spectrum.txt,0.001412,0.946936,0.837209,0.000178,1.000000,1.000000,0.000245,1.000000,1.000000,0.001359,0.860265,1.000000,0.001000,0.979748,0.882353
"Black paint (0406UUUPNT)",0406UUUPNT,becknic,manmade,manmade.generalconstructionmaterial.paint.solid.all.0406uuupnt.jhu.becknic.spectrum.txt,0.000910,0.909057,0.837209,0.000087,1.000000,1.000000,0.000256,1.000000,1.000000,0.001457,0.797745,1.000000,0.001024,0.978773,0.882353
"Olive green paint (0407UUUPNT)",0407UUUPNT,becknic,manmade,manmade.generalconstructionmaterial.paint.solid.all.0407uuupnt.jhu.becknic.spectrum.txt,0.031238,0.913830,1.000000,0.007161,0.974894,1.000000,0.007388,0.998484,1.000000,0.002988,0.996730,1.000000,0.001758,0.974576,0.705882
"Olive green paint (0408UUUPNT)",0408UUUPNT,becknic,manmade,manmade.generalconstructionmaterial.paint.solid.all.0408uuupnt.jhu.becknic.spectrum.txt,0.028078,0.919383,1.000000,0.007292,0.973180,1.000000,0.006908,0.998517,1.000000,0.002449,0.997574,1.000000,0.001355,0.984781,0.705882
"Metallic Silver Paint (1246)",1246,becknic,manmade,manmade.generalconstructionmaterial.paint.solid.tir.1246.jpl.nicolet.spectrum.txt,0.000417,1.000000,0.000000,0.000416,1.000000,0.000000,0.002549,0.727691,0.356929,0.003336,0.945731,1.000000,0.001571,0.980965,0.883894
"Gloss Black Paint (1247)",1247,becknic,manmade,manmade.generalconstructionmaterial.paint.solid.tir.1247.jpl.nicolet.spectrum.txt,0.000124,1.000000,0.000000,0.000172,1.000000,0.000000,0.000765,1.000000,0.356929,0.001269,0.894687,1.000000,0.003573,0.927884,0.883894
"Flat Black Paint (1249)",1249,becknic,manmade,manmade.generalconstructionmaterial.paint.solid.tir.1249.jpl.nicolet.spectrum.txt,0.000127,1.000000,0.000000,0.000222,1.000000,0.000000,0.000899,0.573250,0.356929,0.001035,0.711398,1.000000,0.002051,0.983832,0.883894
"Glossy Black Paint (1601)",1601,becknic,manmade,manmade.generalconstructionmaterial.paint.solid.tir.1601.jpl.nicolet.spectrum.txt,0.000099,1.000000,0.000000,0.000138,1.000000,0.000000,0.000857,0.567259,0.356929,0.002301,0.659726,1.000000,0.001600,0.945936,0.883894
"Ultra Flat Black Paint (1602)",1602,becknic,manmade,manmade.generalconstructionmaterial.paint.solid.tir.1602.jpl.nicolet.spectrum.txt,0.000103,1.000000,0.000000,0.000143,1.000000,0.000000,0.000918,1.000000,0.356929,0.002860,0.559225,1.000000,0.001218,0.959015,0.883894
"Flat Black Paint (1949)",1949,becknic,manmade,manmade.generalconstructionmaterial.paint.solid.tir.1949.jpl.nicolet.spectrum.txt,0.000128,1.000000,0.000000,0.000220,1.000000,0.000000,0.000883,0.492551,0.356929,0.001255,0.789354,1.000000,0.002382,0.956633,0.883894
"Black Nextel Paint (3101-c10)",3101-c10,becknic,manmade,manmade.generalconstructionmaterial.paint.solid.tir.3101-c10.jpl.nicolet.spectrum.txt,0.000091,1.000000,0.000000,0.000127,1.000000,0.000000,0.000921,0.457146,0.356929,0.001655,0.887716,1.000000,0.001010,0.918059,1.000000
"Flat Black Paint (7211)",7211,becknic,manmade,manmade.generalconstructionmaterial.paint.solid.tir.7211.jpl.nicolet.spectrum.txt,0.000132,1.000000,0.000000,0.000188,1.000000,0.000000,0.000862,1.000000,0.356929,0.001263,0.726935,1.000000,0.003520,0.914691,0.883894
"Lamp (Ebony) Black Paint (DA67)",DA67,becknic,manmade,manmade.generalconstructionmaterial.paint.solid.tir.da67.jpl.nicolet.spectrum.txt,0.000126,1.000000,0.000000,0.000208,1.000000,0.000000,0.000955,0.372679,0.356929,0.003367,0.945491,1.000000,0.003990,0.899308,0.883894
"Glossy Black Paint (DM625)",DM625,becknic,manmade,manmade.generalconstructionmaterial.paint.solid.tir.dm625.jpl.nicolet.spectrum.txt,0.000109,1.000000,0.000000,0.000151,1.000000,0.000000,0.000906,0.535971,0.356929,0.005535,0.947299,1.000000,0.013447,0.965866,0.883894
"Flat Black Paint (DM725)",DM725,becknic,manmade,manmade.generalconstructionmaterial.paint.solid.tir.dm725.jpl.nicolet.spectrum.txt,0.000128,1.000000,0.000000,0.000218,1.000000,0.000000,0.000950,0.557256,0.356929,0.004705,0.946449,1.000000,0.009479,0.981061,0.883894
"Pine Wood (0404UUUWOD)",0404UUUWOD,becknic,manmade,manmade.generalconstructionmaterial.wood.solid.all.0404uuuwod.jhu.becknic.spectrum.txt,0.003458,0.999854,1.000000,0.003323,0.900049,1.000000,0.008140,0.997891,1.000000,0.003982,0.997067,1.000000,0.002607,0.978285,0.705882
"Pine Wood (0410UUUWOD)",0410UUUWOD,becknic,manmade,manmade.generalconstructionmaterial.wood.solid.all.0410uuuwod.jhu.becknic.spectrum.txt,0.002945,0.999852,0.837209,0.003904,0.899807,1.000000,0.005820,0.998862,1.000000,0.003540,0.996787,1.000000,0.001805,0.985507,0.882353
"Gold plate (001682)",001682,becknic,manmade,manmade.reflectancetarget.none.solid.tir.001682.jpl.nicolet.spectrum.txt,0.000273,1.000000,0.000000,0.000742,1.000000,0.000000,0.000952,0.883390,0.356929,0.002270,0.948823,1.000000,0.002749,0.966641,1.000000
"Brass plate (ILF-17464-2-1-bc)",ILF-17464-2-1-bc,becknic,manmade,manmade.reflectancetarget.none.solid.tir.ilf-17464-2-1-bc.jpl.nicolet.spectrum.txt,0.000219,1.000000,0.000000,0.000613,1.000000,0.000000,0.000899,0.809128,0.356929,0.002874,0.329493,1.000000,0.002226,0.865692,1.000000
"Brass plate (ILF-17464-2-1-c)",ILF-17464-2-1-c,becknic,manmade,manmade.reflectancetarget.none.solid.tir.ilf-17464-2-1-c.jpl.nicolet.spectrum.txt,0.000243,1.000000,0.000000,0.000647,1.000000,0.000000,0.000913,1.000000,0.356929,0.002291,-0.058746,1.000000,0.001701,0.927339,1.000000
"Brass plate (ILF-17464-2-1-cl)",ILF-17464-2-1-cl,becknic,manmade,manmade.reflectancetarget.none.solid.tir.ilf-17464-2-1-cl.jpl.nicolet.spectrum.txt,0.000280,1.000000,0.000000,0.000768,1.000000,0.000000,0.000931,1.000000,0.356929,0.002123,0.249606,1.000000,0.001847,0.888332,1.000000
"Brass plate (ILF-17464-2-1-tc)",ILF-17464-2-1-tc,becknic,manmade,manmade.reflectancetarget.none.solid.tir.ilf-17464-2-1-tc.jpl.nicolet.spectrum.txt,0.000251,1.000000,0.000000,0.000671,1.000000,0.000000,0.000933,1.000000,0.356929,0.002293,-0.119301,1.000000,0.001789,0.893717,1.000000
"Brass plate (ILF-17464-2-1-tl)",ILF-17464-2-1-tl,becknic,manmade,manmade.reflectancetarget.none.solid.tir.ilf-17464-2-1-tl.jpl.nicolet.spectrum.txt,0.000271,1.000000,0.000000,0.000736,1.000000,0.000000,0.001003,0.036027,0.356929,0.002110,0.295020,1.000000,0.001757,0.891474,1.000000
"Brass plate (ILF-17464-2-2-bc)",ILF-17464-2-2-bc,becknic,manmade,manmade.reflectancetarget.none.solid.tir.ilf-17464-2-2-bc.jpl.nicolet.spectrum.txt,0.000219,1.000000,0.000000,0.000612,1.000000,0.000000,0.001011,0.955187,0.356929,0.002275,0.821736,1.000000,0.001462,0.984520,1.000000
"Brass plate (ILF-17464-2-2-bl)",ILF-17464-2-2-bl,becknic,manmade,manmade.reflectancetarget.none.solid.tir.ilf-17464-2-2-bl.jpl.nicolet.spectrum.txt,0.000224,1.000000,0.000000,0.000683,1.000000,0.000000,0.001109,0.943034,0.356929,0.002109,0.894772,1.000000,0.001820,0.978917,1.000000
"Brass plate (ILF-17464-2-2-br)",ILF-17464-2-2-br,becknic,manmade,manmade.reflectancetarget.none.solid.tir.ilf-17464-2-2-br.jpl.nicolet.spectrum.txt,0.000246,1.000000,0.000000,0.000655,1.000000,0.000000,0.001048,0.937845,0.356929,0.002012,0.896139,1.000000,0.002020,0.975887,1.000000
"Brass plate (ILF-17464-2-2-c)",ILF-17464-2-2-c,becknic,manmade,manmade.reflectancetarget.none.solid.tir.ilf-17464-2-2-c.jpl.nicolet.spectrum.txt,0.000262,1.000000,0.000000,0.000706,1.000000,0.000000,0.001048,0.757138,0.356929,0.001521,0.914367,1.000000,0.002034,0.972455,1.000000
"Brass plate (ILF-17464-2-2-cl)",ILF-17464-2-2-cl,becknic,manmade,manmade.reflectancetarget.none.solid.tir.ilf-17464-2-2-cl.jpl.nicolet.spectrum.txt,0.000248,1.000000,0.000000,0.000660,1.000000,0.000000,0.001038,0.905140,0.356929,0.001510,0.920542,1.000000,0.001735,0.978627,1.000000
"Brass plate (ILF-17464-2-2-cr)",ILF-17464-2-2-cr,becknic,manmade,manmade.reflectancetarget.none.solid.tir.ilf-17464-2-2-cr.jpl.nicolet.spectrum.txt,0.000218,1.000000,0.000000,0.000615,1.000000,0.000000,0.001001,0.838197,0.356929,0.001627,0.818631,1.000000,0.001643,0.975116,1.000000
"Brass plate (ILF-17464-2-2-tc)",ILF-17464-2-2-tc,becknic,manmade,manmade.reflectancetarget.none.solid.tir.ilf-17464-2-2-tc.jpl.nicolet.spectrum.txt,0.000238,1.000000,0.000000,0.000632,1.000000,0.000000,0.001120,0.922553,0.356929,0.002868,0.530675,1.000000,0.001714,0.974545,1.000000
"Brass plate (ILF-17464-2-2-tl)",ILF-17464-2-2-tl,becknic,manmade,manmade.reflectancetarget.none.solid.tir.ilf-17464-2-2-tl.jpl.nicolet.spectrum.txt,0.000248,1.000000,0.000000,0.000662,1.000000,0.000000,0.001096,0.854854,0.356929,0.001612,0.869437,1.000000,0.002180,0.957496,1.000000
"Brass plate (ILF-17464-2-2-tr)",ILF-17464-2-2-tr,becknic,manmade,manmade.reflectancetarget.none.solid.tir.ilf-17464-2-2-tr.jpl.nicolet.spectrum.txt,0.000231,1.000000,0.000000,0.000615,1.000000,0.000000,0.001014,0.911315,0.356929,0.001511,0.852657,1.000000,0.002045,0.961541,1.000000
"Brass plate (SN)",SN,becknic,manmade,manmade.reflectancetarget.none.solid.tir.sn.jpl.nicolet.spectrum.txt,0.000230,1.000000,0.000000,0.000614,1.000000,0.000000,0.000927,0.666828,0.356929,0.002192,0.051721,1.000000,0.002242,0.819567,1.000000
"Construction Asphalt (0095UUUASP)",0095UUUASP,becknic,manmade,manmade.road.pavingasphalt.solid.all.0095uuuasp.jhu.becknic.spectrum.txt,0.001122,0.997091,0.837209,0.000208,0.999026,1.000000,0.000656,0.992507,1.000000,0.001726,0.996249,1.000000,0.000987,0.994422,0.882353
"Construction Asphalt (0096UUUASP)",0096UUUASP,becknic,manmade,manmade.road.pavingasphalt.solid.all.0096uuuasp.jhu.becknic.spectrum.txt,0.000935,0.995904,0.837209,0.000203,0.998479,1.000000,0.000818,0.989397,1.000000,0.001268,0.996284,1.000000,0.001317,0.983418,0.882353
"Construction Asphalt (0674UUUASP)",0674UUUASP,becknic,manmade,manmade.road.pavingasphalt.solid.all.0674uuuasp.jhu.becknic.spectrum.txt,0.000356,0.995979,1.000000,0.000487,1.000000,1.000000,0.000671,0.965176,1.000000,0.000766,0.993709,1.000000,0.001043,0.993908,0.705882
"Construction Tar (0099UUUTAR)",0099UUUTAR,becknic,manmade,manmade.road.tar.solid.all.0099uuutar.jhu.becknic.spectrum.txt,0.000759,0.889377,0.837209,0.000087,1.000000,1.000000,0.000280,1.000000,1.000000,0.000419,0.992631,1.000000,0.000435,0.947980,0.882353
"Construction Tar (0100UUUTAR)",0100UUUTAR,becknic,manmade,manmade.road.tar.solid.all.0100uuutar.jhu.becknic.spectrum.txt,0.001108,0.964798,0.837209,0.000248,1.000000,1.000000,0.000328,0.896121,1.000000,0.000517,0.952441,1.000000,0.000635,0.957074,0.882353
"Aluminum Metal (0384UUUALM)",0384UUUALM,becknic,manmade,manmade.roofingmaterial.metal.solid.all.0384uuualm.jhu.becknic.spectrum.txt,0.004522,0.992640,1.000000,0.005053,0.994656,1.000000,0.002039,0.997697,1.000000,0.002293,0.983587,1.000000,0.002721,0.714317,0.705882
"Galvanized Steel Metal (0525UUUSTLa)",0525UUUSTLa,becknic,manmade,manmade.roofingmaterial.metal.solid.all.0525uuustla.jhu.becknic.spectrum.txt,0.000529,0.999682,1.000000,0.001063,0.988582,1.000000,0.001611,0.992581,1.000000,0.000764,0.995613,1.000000,0.000625,0.995739,0.705882
"Galvanized Steel Metal (0525UUUSTLb)",0525UUUSTLb,becknic,manmade,manmade.roofingmaterial.metal.solid.all.0525uuustlb.jhu.becknic.spectrum.txt,0.005849,0.883153,1.000000,0.007912,0.886472,1.000000,0.002779,0.998990,1.000000,0.003602,0.998867,1.000000,0.004739,0.996125,0.705882
"Oxidized Galvanized Steel Metal (0526UUUSTLa)",0526UUUSTLa,becknic,manmade,manmade.roofingmaterial.metal.solid.all.0526uuustla.jhu.becknic.spectrum.txt,0.002410,0.992351,1.000000,0.002422,0.982913,1.000000,0.001318,0.999340,1.000000,0.005944,0.996406,1.000000,0.009084,0.979290,0.705882
"Copper Metal (0681UUUCOP)",0681UUUCOP,becknic,manmade,manmade.roofingmaterial.metal.solid.all.0681uuucop.jhu.becknic.spectrum.txt,0.001537,0.996811,1.000000,0.000637,0.974586,1.000000,0.000612,0.998431,1.000000,0.000785,0.997444,1.000000,0.000735,0.984947,0.705882
"Copper Metal (0682UUUCOP)",0682UUUCOP,becknic,manmade,manmade.roofingmaterial.metal.solid.all.0682uuucop.jhu.becknic.spectrum.txt,0.004606,0.998994,1.000000,0.002177,0.998679,1.000000,0.002215,0.998529,1.000000,0.007453,0.957712,1.000000,0.003870,0.901805,0.705882
"Copper Metal (0692UUUCOP)",0692UUUCOP,becknic,manmade,manmade.roofingmaterial.metal.solid.all.0692uuucop.jhu.becknic.spectrum.txt,0.011239,0.982981,1.000000,0.001265,0.997293,1.000000,0.001609,0.996406,1.000000,0.004404,0.994189,1.000000,0.004437,0.981548,0.705882
"Black tar paper (0522UUUTAR)",0522UUUTAR,becknic,manmade,manmade.roofingmaterial.roofingpaper.solid.all.0522uuutar.jhu.becknic.spectrum.txt,0.000092,0.997975,1.000000,0.000118,0.991829,1.000000,0.000486,0.856473,1.000000,0.000499,0.990149,1.000000,0.000687,0.982588,0.705882
"Black tar paper (0523UUUTAR)",0523UUUTAR,becknic,manmade,manmade.roofingmaterial.roofingpaper.solid.all.0523uuutar.jhu.becknic.spectrum.txt,0.000162,1.000000,1.000000,0.000162,0.986863,1.000000,0.000420,0.997313,1.000000,0.001388,0.975787,1.000000,0.000585,0.989986,0.705882
"Asphalt Shingle (0490UUUASP)",0490UUUASP,becknic,manmade,manmade.roofingmaterial.roofingshingle.solid.all.0490uuuasp.jhu.becknic.spectrum.txt,0.014259,0.957511,1.000000,0.000725,0.995034,1.000000,0.001338,0.997669,1.000000,0.001497,0.997749,1.000000,0.000664,0.997225,1.000000
"White rubberized coating (0795UUURBR)",0795UUURBR,becknic,manmade,manmade.roofingmaterial.rubber.solid.all.0795uuurbr.jhu.becknic.spectrum.txt,0.012780,0.992553,1.000000,0.001227,0.986378,1.000000,0.007157,0.997390,1.000000,0.002081,0.996732,1.000000,0.001807,0.985675,0.882353
"Black unspecified rubber (0833UUURBR)",0833UUURBR,becknic,manmade,manmade.roofingmaterial.rubber.solid.all.0833uuurbr.jhu.becknic.spectrum.txt,0.000402,0.980707,1.000000,0.000580,0.704083,1.000000,0.000546,1.000000,1.000000,0.000767,0.815511,1.000000,0.001262,0.994840,0.882353
"White fiberglass unspecified rubber (0834UUURBR)",0834UUURBR,becknic,manmade,manmade.roofingmaterial.rubber.solid.all.0834uuurbr.jhu.becknic.spectrum.txt,0.018974,0.989194,1.000000,0.001150,0.980080,1.000000,0.008826,0.997313,1.000000,0.002450,0.995851,1.000000,0.001626,0.990890,0.882353
"Asphalt roofing shingle (0597UUUASP)",0597UUUASP,becknic,manmade,manmade.roofingmaterial.shingle.solid.all.0597uuuasp.jhu.becknic.spectrum.txt,0.009363,0.975733,1.000000,0.000645,0.989645,1.000000,0.000815,0.998790,1.000000,0.001467,0.998218,1.000000,0.000724,0.998992,1.000000
"Reddish Asphalt roofing shingle (0672UUUASP)",0672UUUASP,becknic,manmade,manmade.roofingmaterial.shingle.solid.all.0672uuuasp.jhu.becknic.spectrum.txt,0.000269,0.999683,1.000000,0.000669,1.000000,1.000000,0.000641,0.948994,1.000000,0.000878,0.996116,1.000000,0.000888,0.996735,0.705882
"Slate stone Shingle (0680UUUSTO)",0680UUUSTO,becknic,manmade,manmade.roofingmaterial.shingle.solid.all.0680uuusto.jhu.becknic.spectrum.txt,0.002400,0.982351,1.000000,0.001597,0.642397,1.000000,0.000826,0.984415,1.000000,0.002168,0.997431,1.000000,0.002809,0.998825,0.882353
"Reddish asphalt Shingle (0683UUUASP)",0683UUUASP,becknic,manmade,manmade.roofingmaterial.shingle.solid.all.0683uuuasp.jhu.becknic.spectrum.txt,0.001573,0.999434,1.000000,0.002198,0.798372,1.000000,0.000980,0.997614,1.000000,0.001448,0.996039,1.000000,0.000980,0.997498,0.705882
"Terra cotta Tiles (0484UUUPOT)",0484UUUPOT,becknic,manmade,manmade.roofingmaterial.tile.solid.all.0484uuupot.jhu.becknic.spectrum.txt,0.000999,0.998930,1.000000,0.000372,0.990918,1.000000,0.000845,0.985873,1.000000,0.001142,0.998666,1.000000,0.001263,0.997511,0.705882
"ALH 84007 (ALH84007)",ALH84007,becknic,meteorites,meteorites.achondrite.aubrite.fine.tir.alh84007.jhu.becknic.spectrum.txt,0.000282,1.000000,0.000000,0.000329,1.000000,0.000000,0.000604,1.000000,0.300357,0.001091,0.995734,1.000000,0.000954,0.988893,1.000000
"ALHA 77256 (ALHA77256)",ALHA77256,becknic,meteorites,meteorites.achondrite.diogenite.fine.tir.alha77256.jhu.becknic.spectrum.txt,0.000286,1.000000,0.000000,0.000330,1.000000,0.000000,0.000452,0.999076,0.300357,0.001315,0.997259,1.000000,0.000904,0.996635,1.000000
"Johnstown (Johnstown)",Johnstown,becknic,meteorites,meteorites.achondrite.diogenite.fine.tir.johnstown.jhu.becknic.spectrum.txt,0.000126,1.000000,0.000000,0.000236,1.000000,0.000000,0.000374,0.998673,0.300357,0.000944,0.997513,1.000000,0.000728,0.996075,1.000000
"Haraiya (Haraiya)",Haraiya,becknic,meteorites,meteorites.achondrite.eucrite.fine.tir.haraiya.jhu.becknic.spectrum.txt,0.000128,1.000000,0.000000,0.000249,1.000000,0.000000,0.000364,0.993780,0.300357,0.001057,0.995783,1.000000,0.000417,0.998414,1.000000
"Yamato 791192 (Yamato791192)",Yamato791192,becknic,meteorites,meteorites.achondrite.eucrite.fine.tir.yamato791192.jhu.becknic.spectrum.txt,0.000127,1.000000,0.000000,0.000206,1.000000,0.000000,0.000349,0.996955,0.300357,0.001026,0.996254,1.000000,0.000505,0.998819,1.000000
"Yamato 791195 (Yamato791195)",Yamato791195,becknic,meteorites,meteorites.achondrite.eucrite.fine.tir.yamato791195.jhu.becknic.spectrum.txt,0.000164,1.000000,0.000000,0.000279,1.000000,0.000000,0.000359,0.998308,0.300357,0.001165,0.996779,1.000000,0.000478,0.998900,1.000000
"Bholghati (Bholghati)",Bholghati,becknic,meteorites,meteorites.achondrite.howardite.fine.tir.bholghati.jhu.becknic.spectrum.txt,0.000117,1.000000,0.000000,0.000162,1.000000,0.000000,0.000251,0.991276,0.300357,0.000523,0.995775,1.000000,0.000247,0.999290,1.000000
"Bialystok (Bialystok)",Bialystok,becknic,meteorites,meteorites.achondrite.howardite.fine.tir.bialystok.jhu.becknic.spectrum.txt,0.000126,1.000000,0.000000,0.000236,1.000000,0.000000,0.000363,0.998052,0.300357,0.001010,0.996895,1.000000,0.000279,0.999231,1.000000
"Bununu (Bununu)",Bununu,becknic,meteorites,meteorites.achondrite.howardite.fine.tir.bununu.jhu.becknic.spectrum.txt,0.000101,1.000000,0.000000,0.000140,1.000000,0.000000,0.000223,0.996980,0.300357,0.001138,0.986892,1.000000,0.000245,0.999476,1.000000
"Petersburg (Petersburg)",Petersburg,becknic,meteorites,meteorites.achondrite.howardite.fine.tir.petersburg.jhu.becknic.spectrum.txt,0.000126,1.000000,0.000000,0.000231,1.000000,0.000000,0.000350,0.997156,0.300357,0.000794,0.997406,1.000000,0.000276,0.999363,1.000000
"ALHA 77005 (ALHA77005)",ALHA77005,becknic,meteorites,meteorites.achondrite.shergottite.fine.tir.alha77005.jhu.becknic.spectrum.txt,0.000353,1.000000,0.000000,0.000342,1.000000,0.000000,0.000304,0.992539,0.300357,0.000836,0.998124,1.000000,0.000399,0.999435,1.000000
"EETA 79001 (EETA79001)",EETA79001,becknic,meteorites,meteorites.achondrite.shergottite.fine.tir.eeta79001.jhu.becknic.spectrum.txt,0.000126,1.000000,0.000000,0.000229,1.000000,0.000000,0.000379,0.995842,0.300357,0.000789,0.998268,1.000000,0.000367,0.998947,1.000000
"Dingo Pup Donga (DingoPupDonga)",DingoPupDonga,becknic,meteorites,meteorites.achondrite.urelite.fine.tir.dingopupdonga.jhu.becknic.spectrum.txt,0.000063,1.000000,0.000000,0.000087,1.000000,0.000000,0.000140,1.000000,0.300357,0.000250,0.991152,1.000000,0.000151,0.998381,1.000000
"PCA 82506 (PCA82506)",PCA82506,becknic,meteorites,meteorites.achondrite.urelite.fine.tir.pca82506.jhu.becknic.spectrum.txt,0.000058,1.000000,0.000000,0.000080,1.000000,0.000000,0.000163,1.000000,0.300357,0.000231,0.971446,1.000000,0.000166,0.998340,1.000000
"Tierra Blanca (TierraBlanca)",TierraBlanca,becknic,meteorites,meteorites.anomalou.none.fine.tir.tierrablanca.jhu.becknic.spectrum.txt,0.000114,1.000000,0.000000,0.000158,1.000000,0.000000,0.000235,1.000000,0.300357,0.000570,0.995708,1.000000,0.000300,0.998547,1.000000
"Winona (Winona)",Winona,becknic,meteorites,meteorites.anomalou.none.fine.tir.winona.jhu.becknic.spectrum.txt,0.000093,1.000000,0.000000,0.000129,1.000000,0.000000,0.000238,1.000000,0.300357,0.000360,0.994815,1.000000,0.000228,0.996847,1.000000
"Karoonda1 (Karoonda1)",Karoonda1,becknic,meteorites,meteorites.carbonaceouschondrite.c4.fine.tir.karoonda1.jhu.becknic.spectrum.txt,0.000038,1.000000,0.000000,0.000052,1.000000,0.000000,0.000081,1.000000,0.300357,0.000190,0.981015,1.000000,0.000204,0.997324,1.000000
"Karoonda2 (Karoonda2)",Karoonda2,becknic,meteorites,meteorites.carbonaceouschondrite.c4.fine.tir.karoonda2.jhu.becknic.spectrum.txt,0.000041,1.000000,0.000000,0.000057,1.000000,0.000000,0.000084,1.000000,0.300357,0.000190,0.980338,1.000000,0.000216,0.997097,1.000000
"Karoonda3 (Karoonda3)",Karoonda3,becknic,meteorites,meteorites.carbonaceouschondrite.c4.fine.tir.karoonda3.jhu.becknic.spectrum.txt,0.000041,1.000000,0.000000,0.000057,1.000000,0.000000,0.000091,1.000000,0.300357,0.000176,1.000000,1.000000,0.000201,0.996616,1.000000
"Alais (24)",24,becknic,meteorites,meteorites.carbonaceouschondrite.ci.fine.tir.24.jhu.becknic.spectrum.txt,0.000039,1.000000,0.000000,0.000054,1.000000,0.000000,0.000104,1.000000,0.300357,0.000206,0.997410,1.000000,0.000107,0.998066,1.000000
"Ivuna (Ivuna)",Ivuna,becknic,meteorites,meteorites.carbonaceouschondrite.ci.fine.tir.ivuna.jhu.becknic.spectrum.txt,0.000101,1.000000,0.000000,0.000140,1.000000,0.000000,0.000163,1.000000,0.300357,0.000410,0.997286,1.000000,0.000216,0.998656,1.000000
"Orgueil.1 (Orgueil_1)",Orgueil_1,becknic,meteorites,meteorites.carbonaceouschondrite.ci.fine.tir.orgueil_1.jhu.becknic.spectrum.txt,0.000036,1.000000,0.000000,0.000049,1.000000,0.000000,0.000104,1.000000,0.300357,0.000173,0.997133,1.000000,0.000074,0.998160,1.000000
"Orgueil.2 (Orgueil_2)",Orgueil_2,becknic,meteorites,meteorites.carbonaceouschondrite.ci.fine.tir.orgueil_2.jhu.becknic.spectrum.txt,0.000040,1.000000,0.000000,0.000055,1.000000,0.000000,0.000094,1.000000,0.300357,0.000205,0.997916,1.000000,0.000118,0.997954,1.000000
"Orgueil.3 (Orgueil_3)",Orgueil_3,becknic,meteorites,meteorites.carbonaceouschondrite.ci.fine.tir.orgueil_3.jhu.becknic.spectrum.txt,0.000038,1.000000,0.000000,0.000052,1.000000,0.000000,0.000079,1.000000,0.300357,0.000257,0.996659,1.000000,0.000073,0.999160,1.000000
"ALH 83100 (ALH83100)",ALH83100,becknic,meteorites,meteorites.carbonaceouschondrite.cm2.fine.tir.alh83100.jhu.becknic.spectrum.txt,0.000051,1.000000,0.000000,0.000071,1.000000,0.000000,0.000129,1.000000,0.300357,0.000290,0.994866,1.000000,0.000082,0.999438,1.000000
"ALH 83102 (ALH83102)",ALH83102,becknic,meteorites,meteorites.carbonaceouschondrite.cm2.fine.tir.alh83102.jhu.becknic.spectrum.txt,0.000032,1.000000,0.000000,0.000044,1.000000,0.000000,0.000072,1.000000,0.300357,0.000204,0.996737,1.000000,0.000076,0.999337,1.000000
"Murchison.1 (Murchison_1)",Murchison_1,becknic,meteorites,meteorites.carbonaceouschondrite.cm2.fine.tir.murchison_1.jhu.becknic.spectrum.txt,0.000044,1.000000,0.000000,0.000061,1.000000,0.000000,0.000086,1.000000,0.300357,0.000201,0.994553,1.000000,0.000085,0.999183,1.000000
"Murchison.2 (Murchison_2)",Murchison_2,becknic,meteorites,meteorites.carbonaceouschondrite.cm2.fine.tir.murchison_2.jhu.becknic.spectrum.txt,0.000032,1.000000,0.000000,0.000044,1.000000,0.000000,0.000093,1.000000,0.300357,0.000157,0.996164,1.000000,0.000064,0.999442,1.000000
"Murray (Murray)",Murray,becknic,meteorites,meteorites.carbonaceouschondrite.cm2.fine.tir.murray.jhu.becknic.spectrum.txt,0.000032,1.000000,0.000000,0.000045,1.000000,0.000000,0.000071,1.000000,0.300357,0.000163,0.996554,1.000000,0.000086,0.999224,1.000000
"ALH 83108 (ALH83108)",ALH83108,becknic,meteorites,meteorites.carbonaceouschondrite.co.fine.tir.alh83108.jhu.becknic.spectrum.txt,0.000066,1.000000,0.000000,0.000091,1.000000,0.000000,0.000134,1.000000,0.300357,0.000302,0.988507,1.000000,0.000160,0.999194,1.000000
"Lance1 (Lance1)",Lance1,becknic,meteorites,meteorites.carbonaceouschondrite.co.fine.tir.lance1.jhu.becknic.spectrum.txt,0.000062,1.000000,0.000000,0.000086,1.000000,0.000000,0.000165,1.000000,0.300357,0.000238,0.979127,1.000000,0.000166,0.998904,1.000000
"Lance2 (Lance2)",Lance2,becknic,meteorites,meteorites.carbonaceouschondrite.co.fine.tir.lance2.jhu.becknic.spectrum.txt,0.000062,1.000000,0.000000,0.000086,1.000000,0.000000,0.000135,1.000000,0.300357,0.000248,0.992109,1.000000,0.000179,0.998890,1.000000
"Ornans (Ornans)",Ornans,becknic,meteorites,meteorites.carbonaceouschondrite.co.fine.tir.ornans.jhu.becknic.spectrum.txt,0.000053,1.000000,0.000000,0.000074,1.000000,0.000000,0.000151,1.000000,0.300357,0.000238,0.981347,1.000000,0.000144,0.998796,1.000000
"Warrenton (Warrenton)",Warrenton,becknic,meteorites,meteorites.carbonaceouschondrite.co.fine.tir.warrenton.jhu.becknic.spectrum.txt,0.000071,1.000000,0.000000,0.000099,1.000000,0.000000,0.000181,1.000000,0.300357,0.000270,0.988150,1.000000,0.000176,0.998830,1.000000
"ALHA 77003 (ALHA77003)",ALHA77003,becknic,meteorites,meteorites.carbonaceouschondrite.co3.fine.tir.alha77003.jhu.becknic.spectrum.txt,0.000085,1.000000,0.000000,0.000118,1.000000,0.000000,0.000179,1.000000,0.300357,0.000339,0.991004,1.000000,0.000286,0.998984,1.000000
"Isna (Isna)",Isna,becknic,meteorites,meteorites.carbonaceouschondrite.co3.fine.tir.isna.jhu.becknic.spectrum.txt,0.000073,1.000000,0.000000,0.000101,1.000000,0.000000,0.000154,1.000000,0.300357,0.000279,0.991185,1.000000,0.000182,0.998978,1.000000
"Allende2 (Allende1)",Allende1,becknic,meteorites,meteorites.carbonaceouschondrite.cv3.fine.tir.allende1.jhu.becknic.spectrum.txt,0.000024,1.000000,0.000000,0.000033,1.000000,0.000000,0.000050,1.000000,0.300357,0.000242,0.969148,1.000000,0.000127,0.998595,1.000000
"Allende3 (Allende3)",Allende3,becknic,meteorites,meteorites.carbonaceouschondrite.cv3.fine.tir.allende3.jhu.becknic.spectrum.txt,0.000039,1.000000,0.000000,0.000054,1.000000,0.000000,0.000089,1.000000,0.300357,0.000161,0.981385,1.000000,0.000166,0.998474,1.000000
"Allende4 (Allende4)",Allende4,becknic,meteorites,meteorites.carbonaceouschondrite.cv3.fine.tir.allende4.jhu.becknic.spectrum.txt,0.000034,1.000000,0.000000,0.000046,1.000000,0.000000,0.000097,1.000000,0.300357,0.000143,1.000000,1.000000,0.000147,0.998473,1.000000
"Happy Canyon (HappyCanyon)",HappyCanyon,becknic,meteorites,meteorites.enstatitechondrite.e6.fine.tir.happycanyon.jhu.becknic.spectrum.txt,0.000127,1.000000,0.000000,0.000206,1.000000,0.000000,0.000368,1.000000,0.300357,0.000653,0.995136,1.000000,0.000261,0.998936,1.000000
"ALHA 77299 (ALHA77299)",ALHA77299,becknic,meteorites,meteorites.ordinarychondrite.h3.fine.tir.alha77299.jhu.becknic.spectrum.txt,0.000085,1.000000,0.000000,0.000118,1.000000,0.000000,0.000179,1.000000,0.300357,0.000339,0.996062,1.000000,0.000226,0.996911,1.000000
"ALHA 77294 (ALHA77294)",ALHA77294,becknic,meteorites,meteorites.ordinarychondrite.h4.fine.tir.alha77294.jhu.becknic.spectrum.txt,0.000128,1.000000,0.000000,0.000214,1.000000,0.000000,0.000306,0.958647,0.300357,0.000554,0.996119,1.000000,0.000268,0.999335,1.000000
"Marilia (Marilia)",Marilia,becknic,meteorites,meteorites.ordinarychondrite.h4.fine.tir.marilia.jhu.becknic.spectrum.txt,0.000121,1.000000,0.000000,0.000168,1.000000,0.000000,0.000268,1.000000,0.300357,0.000329,0.996819,1.000000,0.000220,0.999025,1.000000
"Millen1 (Millen5822)",Millen5822,becknic,meteorites,meteorites.ordinarychondrite.h4.fine.tir.millen5822.jhu.becknic.spectrum.txt,0.000117,1.000000,0.000000,0.000163,1.000000,0.000000,0.000239,1.000000,0.300357,0.000576,0.996579,1.000000,0.000199,0.999446,1.000000
"Millen2 (Millen5823)",Millen5823,becknic,meteorites,meteorites.ordinarychondrite.h4.fine.tir.millen5823.jhu.becknic.spectrum.txt,0.000069,1.000000,0.000000,0.000096,1.000000,0.000000,0.000157,1.000000,0.300357,0.000369,0.995397,1.000000,0.000180,0.999437,1.000000
"Sao Jose do Rio Preto (SaoJosedoRioPreto)",SaoJosedoRioPreto,becknic,meteorites,meteorites.ordinarychondrite.h4.fine.tir.saojosedoriopreto.jhu.becknic.spectrum.txt,0.000127,1.000000,0.000000,0.000204,1.000000,0.000000,0.000305,1.000000,0.300357,0.000745,0.995880,1.000000,0.000404,0.996851,1.000000
"Uberaba (Uberaba)",Uberaba,becknic,meteorites,meteorites.ordinarychondrite.h5.fine.tir.uberaba.jhu.becknic.spectrum.txt,0.000130,1.000000,0.000000,0.000193,1.000000,0.000000,0.000343,1.000000,0.300357,0.000412,0.996810,1.000000,0.000266,0.999249,1.000000
"Ucera (Ucera)",Ucera,becknic,meteorites,meteorites.ordinarychondrite.h5.fine.tir.ucera.jhu.becknic.spectrum.txt,0.000117,1.000000,0.000000,0.000163,1.000000,0.000000,0.000247,1.000000,0.300357,0.000451,0.994219,1.000000,0.000277,0.998972,1.000000
"ALHA 77271 (ALHA77256)",ALHA77256,becknic,meteorites,meteorites.ordinarychondrite.h6.fine.tir.alha77256.jhu.becknic.spectrum.txt,0.000129,1.000000,0.000000,0.000197,1.000000,0.000000,0.000309,0.926772,0.300357,0.000525,0.994843,1.000000,0.000273,0.998797,1.000000
"ALHA 77214 (ALHA77214)",ALHA77214,becknic,meteorites,meteorites.ordinarychondrite.l3.fine.tir.alha77214.jhu.becknic.spectrum.txt,0.000088,1.000000,0.000000,0.000122,1.000000,0.000000,0.000175,1.000000,0.300357,0.000318,0.995147,1.000000,0.000157,0.998873,1.000000
"ALHA 77216 (ALHA77216)",ALHA77216,becknic,meteorites,meteorites.ordinarychondrite.l3.fine.tir.alha77216.jhu.becknic.spectrum.txt,0.000090,1.000000,0.000000,0.000125,1.000000,0.000000,0.000206,0.967244,0.300357,0.000449,0.993970,1.000000,0.000244,0.999287,1.000000
"Shelburn (Shelburn)",Shelburn,becknic,meteorites,meteorites.ordinarychondrite.l5.fine.tir.shelburn.jhu.becknic.spectrum.txt,0.000150,1.000000,0.000000,0.000269,1.000000,0.000000,0.000346,0.965429,0.300357,0.000808,0.996061,1.000000,0.000379,0.998473,1.000000
"ALHA 77155 (ALHA77155)",ALHA77155,becknic,meteorites,meteorites.ordinarychondrite.l6.fine.tir.alha77155.jhu.becknic.spectrum.txt,0.000142,1.000000,0.000000,0.000263,1.000000,0.000000,0.000360,0.976283,0.300357,0.000639,0.996818,1.000000,0.000327,0.999060,1.000000
"ALHA 77231 (ALHA77231)",ALHA77231,becknic,meteorites,meteorites.ordinarychondrite.l6.fine.tir.alha77231.jhu.becknic.spectrum.txt,0.000144,1.000000,0.000000,0.000265,1.000000,0.000000,0.000356,0.984233,0.300357,0.000696,0.996532,1.000000,0.000339,0.999065,1.000000
"La Criolla (LaCriolla)",LaCriolla,becknic,meteorites,meteorites.ordinarychondrite.l6.fine.tir.lacriolla.jhu.becknic.spectrum.txt,0.000132,1.000000,0.000000,0.000190,1.000000,0.000000,0.000294,1.000000,0.300357,0.000532,0.996615,1.000000,0.000332,0.997387,1.000000
"New Concord (Murray)",Murray,becknic,meteorites,meteorites.ordinarychondrite.l6.fine.tir.murray.jhu.becknic.spectrum.txt,0.000126,1.000000,0.000000,0.000235,1.000000,0.000000,0.000337,0.959504,0.300357,0.000753,0.995232,1.000000,0.000321,0.998911,1.000000
"Olivenza (Olivenza)",Olivenza,becknic,meteorites,meteorites.ordinarychondrite.ll6.fine.tir.olivenza.jhu.becknic.spectrum.txt,0.000127,1.000000,0.000000,0.000224,1.000000,0.000000,0.000323,1.000000,0.300357,0.000566,0.996962,1.000000,0.000247,0.999417,1.000000
"PCA 82507 (PCA82507)",PCA82507,becknic,meteorites,meteorites.ordinarychondrite.ll6.fine.tir.pca82507.jhu.becknic.spectrum.txt,0.000127,1.000000,0.000000,0.000224,1.000000,0.000000,0.000325,0.987149,0.300357,0.000623,0.996102,1.000000,0.000339,0.999188,1.000000
"TIL 82402 (TIL82402)",TIL82402,becknic,meteorites,meteorites.ordinarychondrite.ll6.fine.tir.til82402.jhu.becknic.spectrum.txt,0.000127,1.000000,0.000000,0.000226,1.000000,0.000000,0.000344,0.958117,0.300357,0.000545,0.995696,1.000000,0.000261,0.999462,1.000000
"Mimetite Pb_5(AsO_4)_3Cl (A-1A)",A-1A,becknic,mineral,mineral.arsenate.none.coarse.tir.a-1a.jpl.nicolet.spectrum.txt,0.000235,1.000000,0.000000,0.000781,1.000000,0.000000,0.001165,0.986979,0.356929,0.010930,0.996793,1.000000,0.015728,0.928662,1.000000
"Scorodite Fe^3+AsO_4.2H_2O (A-2A)",A-2A,becknic,mineral,mineral.arsenate.none.coarse.tir.a-2a.jpl.nicolet.spectrum.txt,0.000200,1.000000,0.000000,0.000297,1.000000,0.000000,0.001654,0.986077,0.356929,0.000821,0.964696,1.000000,0.018663,0.931147,1.000000
"Mimetite Pb_5(AsO_4)_3Cl (A-1A)",A-1A,becknic,mineral,mineral.arsenate.none.coarse.vswir.a-1a.jpl.beckman.spectrum.txt,0.003801,0.999765,0.883721,0.000863,0.997854,1.000000,0.001793,0.999170,1.000000,0.000798,1.000000,0.000000,0.000822,1.000000,0.000000
"Mimetite Pb_5(AsO_4)_3Cl (A-1A)",A-1A,becknic,mineral,mineral.arsenate.none.coarse.vswir.a-1a.jpl.perkin.spectrum.txt,0.004182,0.999720,0.883721,0.001687,0.980542,1.000000,0.001342,0.999463,1.000000,0.000793,1.000000,0.000000,0.000803,1.000000,0.000000
"Scorodite Fe^3+AsO_4.2H_2O (A-2A)",A-2A,becknic,mineral,mineral.arsenate.none.coarse.vswir.a-2a.jpl.beckman.spectrum.txt,0.003638,0.998260,0.883721,0.002534,0.997074,1.000000,0.012544,0.993456,1.000000,0.000259,1.000000,0.000000,0.000228,1.000000,0.000000
"Scorodite Fe^3+AsO_4.2H_2O (A-2A)",A-2A,becknic,mineral,mineral.arsenate.none.coarse.vswir.a-2a.jpl.perkin.spectrum.txt,0.004050,0.998200,0.883721,0.003601,0.993398,1.000000,0.012238,0.994261,1.000000,0.000233,1.000000,0.000000,0.000213,1.000000,0.000000
"Mimetite Pb_5(AsO_4)_3Cl (A-1A)",A-1A,becknic,mineral,mineral.arsenate.none.fine.tir.a-1a.jpl.nicolet.spectrum.txt,0.000386,1.000000,0.000000,0.001075,0.000000,0.000000,0.001343,0.883610,0.356929,0.006454,0.998386,1.000000,0.018635,0.988795,1.000000
"Scorodite Fe^3+AsO_4.2H_2O (A-2A)",A-2A,becknic,mineral,mineral.arsenate.none.fine.tir.a-2a.jpl.nicolet.spectrum.txt,0.000718,1.000000,0.000000,0.000672,1.000000,0.000000,0.003475,0.985889,0.356929,0.008642,0.988654,1.000000,0.001824,0.993972,1.000000
"Mimetite Pb_5(AsO_4)_3Cl (A-1A)",A-1A,becknic,mineral,mineral.arsenate.none.fine.vswir.a-1a.jpl.beckman.spectrum.txt,0.001849,0.999776,0.883721,0.001245,0.971361,1.000000,0.001180,0.986314,1.000000,0.000841,1.000000,0.000000,0.001143,0.000000,0.000000
"Mimetite Pb_5(AsO_4)_3Cl (A-1A)",A-1A,becknic,mineral,mineral.arsenate.none.fine.vswir.a-1a.jpl.perkin.spectrum.txt,0.001495,0.999895,0.883721,0.003323,0.797363,1.000000,0.001584,0.994003,1.000000,0.000616,1.000000,0.000000,0.000907,1.000000,0.000000
"Scorodite Fe^3+AsO_4.2H_2O (A-2A)",A-2A,becknic,mineral,mineral.arsenate.none.fine.vswir.a-2a.jpl.beckman.spectrum.txt,0.006585,0.998388,0.883721,0.000816,0.997862,1.000000,0.007588,0.995897,1.000000,0.000962,1.000000,0.000000,0.000578,1.000000,0.000000
"Scorodite Fe^3+AsO_4.2H_2O (A-2A)",A-2A,becknic,mineral,mineral.arsenate.none.fine.vswir.a-2a.jpl.perkin.spectrum.txt,0.006730,0.998404,0.883721,0.001129,0.996444,1.000000,0.008420,0.995210,1.000000,0.000964,1.000000,0.000000,0.000683,1.000000,0.000000
"Mimetite Pb_5(AsO_4)_3Cl (A-1A)",A-1A,becknic,mineral,mineral.arsenate.none.medium.tir.a-1a.jpl.nicolet.spectrum.txt,0.000227,1.000000,0.000000,0.000608,1.000000,0.000000,0.001135,0.967615,0.356929,0.008617,0.998342,1.000000,0.019104,0.945805,1.000000
"Scorodite Fe^3+AsO_4.2H_2O (A-2A)",A-2A,becknic,mineral,mineral.arsenate.none.medium.tir.a-2a.jpl.nicolet.spectrum.txt,0.000479,1.000000,0.000000,0.000538,1.000000,0.000000,0.003227,0.987393,0.356929,0.001293,0.992156,1.000000,0.016726,0.933178,1.000000
"Mimetite Pb_5(AsO_4)_3Cl (A-1A)",A-1A,becknic,mineral,mineral.arsenate.none.medium.vswir.a-1a.jpl.beckman.spectrum.txt,0.002357,0.999892,0.883721,0.001079,0.990063,1.000000,0.001265,0.998458,1.000000,0.000556,1.000000,0.000000,0.000737,1.000000,0.000000
"Mimetite Pb_5(AsO_4)_3Cl (A-1A)",A-1A,becknic,mineral,mineral.arsenate.none.medium.vswir.a-1a.jpl.perkin.spectrum.txt,0.002673,0.999873,0.883721,0.000948,0.989818,1.000000,0.001238,0.999121,1.000000,0.000538,1.000000,0.000000,0.000748,1.000000,0.000000
"Scorodite Fe^3+AsO_4.2H_2O (A-2A)",A-2A,becknic,mineral,mineral.arsenate.none.medium.vswir.a-2a.jpl.beckman.spectrum.txt,0.005555,0.998360,0.883721,0.001958,0.998042,1.000000,0.010984,0.995941,1.000000,0.000428,1.000000,0.000000,0.000252,1.000000,0.000000
"Scorodite Fe^3+AsO_4.2H_2O (A-2A)",A-2A,becknic,mineral,mineral.arsenate.none.medium.vswir.a-2a.jpl.perkin.spectrum.txt,0.005732,0.998304,0.883721,0.003130,0.995307,1.000000,0.012148,0.995470,1.000000,0.000418,1.000000,0.000000,0.000256,1.000000,0.000000
"Gaylussite Na2Ca(CO3)2 * 5H2O (NMNH102876-2)",NMNH102876-2,becknic,mineral,mineral.borate.none.coarse.all.nmnh102876-2.usgs.perknic.spectrum.txt,0.001484,0.996963,0.883721,0.001337,0.899019,1.000000,0.004199,0.998329,1.000000,0.000737,0.993778,1.000000,0.009332,0.767694,0.870588
"Pinnoite MgB2O4 * 3H2O (NMNH123943)",NMNH123943,becknic,mineral,mineral.borate.none.coarse.all.nmnh123943.usgs.perknic.spectrum.txt,0.000692,0.959738,0.883721,0.002414,0.648940,1.000000,0.009154,0.993653,1.000000,0.003192,0.985948,1.000000,0.001190,0.951972,0.870588
"Inderite MgB3O3(OH)5 * 5H2O (NMNH137833)",NMNH137833,becknic,mineral,mineral.borate.none.coarse.all.nmnh137833.usgs.perknic.spectrum.txt,0.000555,0.999735,0.883721,0.002806,0.820160,1.000000,0.005939,0.998424,1.000000,0.001203,0.996107,1.000000,0.001935,0.958577,0.870588
"Kaliborite KHMg2B12O16(OH)10 * 4H2O (NMNH160075)",NMNH160075,becknic,mineral,mineral.borate.none.coarse.all.nmnh160075.usgs.perknic.spectrum.txt,0.001259,0.998635,0.883721,0.000990,0.877408,1.000000,0.002304,0.999562,1.000000,0.000677,0.992678,1.000000,0.003078,0.913017,0.870588
"Rivadavite Na6MgB24O40 * 22H2O (NMNH170164)",NMNH170164,becknic,mineral,mineral.borate.none.coarse.all.nmnh170164.usgs.perknic.spectrum.txt,0.001662,0.950951,0.883721,0.009053,0.963408,1.000000,0.005634,0.998162,1.000000,0.001141,0.990741,1.000000,0.012079,0.763535,0.870588
"Meyerhofferite Ca2B6O6(OH)10 * H2O (NMNH96075-3)",NMNH96075-3,becknic,mineral,mineral.borate.none.coarse.all.nmnh96075-3.usgs.perknic.spectrum.txt,0.001054,0.999606,0.883721,0.003246,0.890932,1.000000,0.011658,0.993757,1.000000,0.002304,0.994146,1.000000,0.002345,0.927465,0.870588
"Kernite  Na2B4O6(OH)2 * 3H2O (None)",None,becknic,mineral,mineral.borate.none.coarse.all.none.usgs.perknic.spectrum.txt,0.000665,0.959415,0.883721,0.004938,0.746517,1.000000,0.008871,0.996157,1.000000,0.003586,0.995514,1.000000,0.007321,0.900378,0.870588
"Ulexite NaCaB5O6(OH)6 * 5H2O (Ulexite)",Ulexite,becknic,mineral,mineral.borate.none.coarse.all.ulexite.usgs.perknic.spectrum.txt,0.000639,0.982035,0.883721,0.004625,0.950959,1.000000,0.007128,0.998337,1.000000,0.001789,0.989854,1.000000,0.002615,0.895692,0.870588
"Colemanite Ca_2B_6O_11.5H_2O (B-1A)",B-1A,becknic,mineral,mineral.borate.none.coarse.tir.b-1a.jpl.nicolet.spectrum.txt,0.000528,1.000000,0.000000,0.000433,1.000000,0.000000,0.005957,0.945456,0.356929,0.001239,0.964779,1.000000,0.013106,0.930738,1.000000
"Kernite Na_2B_4O_6(OH)_2.3H_2O (B-2A)",B-2A,becknic,mineral,mineral.borate.none.coarse.tir.b-2a.jpl.nicolet.spectrum.txt,0.000502,1.000000,0.000000,0.000460,1.000000,0.000000,0.005687,0.983391,0.356929,0.004727,0.993385,1.000000,0.011209,0.874127,1.000000
"Ulexite NaCaB_5O_6(OH)_6.5H_2O (B-3A)",B-3A,becknic,mineral,mineral.borate.none.coarse.tir.b-3a.jpl.nicolet.spectrum.txt,0.000128,1.000000,0.000000,0.000199,1.000000,0.000000,0.002290,0.968305,0.356929,0.001033,0.949121,1.000000,0.006402,0.869324,1.000000
"Tincalconite Na_2B_4O_5(OH)_4.3H_2O (B-4A)",B-4A,becknic,mineral,mineral.borate.none.coarse.tir.b-4a.jpl.nicolet.spectrum.txt,0.000406,1.000000,0.000000,0.000463,1.000000,0.000000,0.002502,0.988353,0.356929,0.002882,0.980181,1.000000,0.006605,0.840515,1.000000
"Howlite Ca_2B_5SiO_9(OH)_5 (B-5A)",B-5A,becknic,mineral,mineral.borate.none.coarse.tir.b-5a.jpl.nicolet.spectrum.txt,0.000621,1.000000,0.000000,0.000671,1.000000,0.000000,0.013646,0.992088,0.356929,0.003814,0.987143,1.000000,0.007406,0.955278,1.000000
"Borax Na_2B_4O_5(OH)_4.8H_2O (B-6A)",B-6A,becknic,mineral,mineral.borate.none.coarse.tir.b-6a.jpl.nicolet.spectrum.txt,0.000447,1.000000,0.000000,0.000477,1.000000,0.000000,0.002409,0.989222,0.356929,0.002845,0.978332,1.000000,0.005159,0.847943,1.000000
"Colemanite Ca_2B_6O_11.5H_2O (B-1A)",B-1A,becknic,mineral,mineral.borate.none.coarse.vswir.b-1a.jpl.beckman.spectrum.txt,0.001986,0.997334,0.883721,0.008045,0.859911,1.000000,0.015727,0.995870,1.000000,0.000227,1.000000,0.000000,0.000209,1.000000,0.000000
"Colemanite Ca_2B_6O_11.5H_2O (B-1A)",B-1A,becknic,mineral,mineral.borate.none.coarse.vswir.b-1a.jpl.perkin.spectrum.txt,0.000987,0.999341,0.883721,0.009018,0.843446,1.000000,0.014275,0.996400,1.000000,0.000260,1.000000,0.000000,0.000232,1.000000,0.000000
"Kernite Na_2B_4O_6(OH)_2.3H_2O (B-2A)",B-2A,becknic,mineral,mineral.borate.none.coarse.vswir.b-2a.jpl.beckman.spectrum.txt,0.001813,0.989702,0.883721,0.003925,0.877859,1.000000,0.009653,0.997578,1.000000,0.000810,1.000000,0.000000,0.000636,1.000000,0.000000
"Kernite Na_2B_4O_6(OH)_2.3H_2O (B-2A)",B-2A,becknic,mineral,mineral.borate.none.coarse.vswir.b-2a.jpl.perkin.spectrum.txt,0.000820,0.997305,0.883721,0.003971,0.883905,1.000000,0.011056,0.996727,1.000000,0.000758,1.000000,0.000000,0.000602,1.000000,0.000000
"Ulexite NaCaB_5O_6(OH)_6.5H_2O (B-3A)",B-3A,becknic,mineral,mineral.borate.none.coarse.vswir.b-3a.jpl.beckman.spectrum.txt,0.002193,0.990767,0.883721,0.003399,0.987628,1.000000,0.007942,0.998836,1.000000,0.000102,1.000000,0.000000,0.000101,1.000000,0.000000
"Ulexite NaCaB_5O_6(OH)_6.5H_2O (B-3A)",B-3A,becknic,mineral,mineral.borate.none.coarse.vswir.b-3a.jpl.perkin.spectrum.txt,0.001118,0.997941,0.883721,0.005320,0.977060,1.000000,0.008922,0.998550,1.000000,0.000104,1.000000,0.000000,0.000103,1.000000,0.000000
"Tincalconite Na_2B_4O_5(OH)_4.3H_2O (B-4A)",B-4A,becknic,mineral,mineral.borate.none.coarse.vswir.b-4a.jpl.beckman.spectrum.txt,0.001925,0.996653,0.883721,0.001502,0.993611,1.000000,0.004446,0.999618,1.000000,0.000534,1.000000,0.000000,0.000343,1.000000,0.000000
"Tincalconite Na_2B_4O_5(OH)_4.3H_2O (B-4A)",B-4A,becknic,mineral,mineral.borate.none.coarse.vswir.b-4a.jpl.perkin.spectrum.txt,0.000805,0.999364,0.883721,0.001751,0.984303,1.000000,0.006372,0.999226,1.000000,0.000548,1.000000,0.000000,0.000357,1.000000,0.000000
"Howlite Ca_2B_5SiO_9(OH)_5 (B-5A)",B-5A,becknic,mineral,mineral.borate.none.coarse.vswir.b-5a.jpl.beckman.spectrum.txt,0.002061,0.998508,0.883721,0.003477,0.943063,1.000000,0.014443,0.996442,1.000000,0.000504,1.000000,0.000000,0.000356,1.000000,0.000000
"Howlite Ca_2B_5SiO_9(OH)_5 (B-5A)",B-5A,becknic,mineral,mineral.borate.none.coarse.vswir.b-5a.jpl.perkin.spectrum.txt,0.000768,0.999739,0.883721,0.003940,0.926583,1.000000,0.015730,0.995453,1.000000,0.000521,1.000000,0.000000,0.000362,1.000000,0.000000
"Borax Na_2B_4O_5(OH)_4.8H_2O (B-6A)",B-6A,becknic,mineral,mineral.borate.none.coarse.vswir.b-6a.jpl.beckman.spectrum.txt,0.001595,0.941175,0.883721,0.002290,0.996552,1.000000,0.007188,0.998975,1.000000,0.000217,1.000000,0.000000,0.000273,1.000000,0.000000
"Borax Na_2B_4O_5(OH)_4.8H_2O (B-6A)",B-6A,becknic,mineral,mineral.borate.none.coarse.vswir.b-6a.jpl.perkin.spectrum.txt,0.000285,0.996209,0.883721,0.001964,0.968862,1.000000,0.006166,0.999233,1.000000,0.000551,1.000000,0.000000,0.000360,1.000000,0.000000
"Colemanite Ca_2B_6O_11.5H_2O (B-1A)",B-1A,becknic,mineral,mineral.borate.none.fine.tir.b-1a.jpl.nicolet.spectrum.txt,0.000415,1.000000,0.000000,0.000691,1.000000,0.000000,0.010654,0.951032,0.356929,0.008567,0.987319,1.000000,0.004461,0.933791,1.000000
"Kernite Na_2B_4O_6(OH)_2.3H_2O (B-2A)",B-2A,becknic,mineral,mineral.borate.none.fine.tir.b-2a.jpl.nicolet.spectrum.txt,0.000589,1.000000,0.000000,0.000673,1.000000,0.000000,0.004861,0.982445,0.356929,0.008200,0.994492,1.000000,0.004830,0.920363,1.000000
"Ulexite NaCaB_5O_6(OH)_6.5H_2O (B-3A)",B-3A,becknic,mineral,mineral.borate.none.fine.tir.b-3a.jpl.nicolet.spectrum.txt,0.000860,1.000000,0.000000,0.000677,1.000000,0.000000,0.004388,0.984095,0.356929,0.007682,0.987915,1.000000,0.002779,0.903458,1.000000
"Tincalconite Na_2B_4O_5(OH)_4.3H_2O (B-4A)",B-4A,becknic,mineral,mineral.borate.none.fine.tir.b-4a.jpl.nicolet.spectrum.txt,0.001266,0.000000,0.000000,0.000550,1.000000,0.000000,0.003822,0.982412,0.356929,0.007197,0.980195,1.000000,0.003463,0.841732,1.000000
"Howlite Ca_2B_5SiO_9(OH)_5 (B-5A)",B-5A,becknic,mineral,mineral.borate.none.fine.tir.b-5a.jpl.nicolet.spectrum.txt,0.000216,1.000000,0.000000,0.000629,1.000000,0.000000,0.011497,0.987663,0.356929,0.012207,0.993069,1.000000,0.007207,0.909467,1.000000
"Borax Na_2B_4O_5(OH)_4.8H_2O (B-6A)",B-6A,becknic,mineral,mineral.borate.none.fine.tir.b-6a.jpl.nicolet.spectrum.txt,0.001373,0.000000,0.000000,0.000536,1.000000,0.000000,0.003577,0.983816,0.356929,0.006715,0.978258,1.000000,0.004734,0.834276,1.000000
"Colemanite Ca_2B_6O_11.5H_2O (B-1A)",B-1A,becknic,mineral,mineral.borate.none.fine.vswir.b-1a.jpl.beckman.spectrum.txt,0.002053,0.990716,0.883721,0.002301,0.829277,1.000000,0.011514,0.995319,1.000000,0.000767,1.000000,0.000000,0.000538,1.000000,0.000000
"Colemanite Ca_2B_6O_11.5H_2O (B-1A)",B-1A,becknic,mineral,mineral.borate.none.fine.vswir.b-1a.jpl.perkin.spectrum.txt,0.000589,0.999274,0.883721,0.003575,0.608468,1.000000,0.013049,0.994166,1.000000,0.000946,1.000000,0.000000,0.000645,1.000000,0.000000
"Kernite Na_2B_4O_6(OH)_2.3H_2O (B-2A)",B-2A,becknic,mineral,mineral.borate.none.fine.vswir.b-2a.jpl.beckman.spectrum.txt,0.002246,0.988834,0.883721,0.002392,0.749914,1.000000,0.007134,0.997132,1.000000,0.000582,1.000000,0.000000,0.000742,1.000000,0.000000
"Kernite Na_2B_4O_6(OH)_2.3H_2O (B-2A)",B-2A,becknic,mineral,mineral.borate.none.fine.vswir.b-2a.jpl.perkin.spectrum.txt,0.001250,0.997546,0.883721,0.002500,0.846814,1.000000,0.008582,0.996573,1.000000,0.000650,1.000000,0.000000,0.000572,1.000000,0.000000
"Ulexite NaCaB_5O_6(OH)_6.5H_2O (B-3A)",B-3A,becknic,mineral,mineral.borate.none.fine.vswir.b-3a.jpl.beckman.spectrum.txt,0.002192,0.989614,0.883721,0.001944,0.904897,1.000000,0.008398,0.997913,1.000000,0.000971,1.000000,0.000000,0.000684,1.000000,0.000000
"Ulexite NaCaB_5O_6(OH)_6.5H_2O (B-3A)",B-3A,becknic,mineral,mineral.borate.none.fine.vswir.b-3a.jpl.perkin.spectrum.txt,0.000442,0.999514,0.883721,0.002573,0.883375,1.000000,0.010330,0.996972,1.000000,0.000793,1.000000,0.000000,0.000640,1.000000,0.000000
"Tincalconite Na_2B_4O_5(OH)_4.3H_2O (B-4A)",B-4A,becknic,mineral,mineral.borate.none.fine.vswir.b-4a.jpl.beckman.spectrum.txt,0.002298,0.993270,0.883721,0.001380,0.950443,1.000000,0.005217,0.999258,1.000000,0.000788,1.000000,0.000000,0.000642,1.000000,0.000000
"Tincalconite Na_2B_4O_5(OH)_4.3H_2O (B-4A)",B-4A,becknic,mineral,mineral.borate.none.fine.vswir.b-4a.jpl.perkin.spectrum.txt,0.000537,0.999416,0.883721,0.000891,0.978542,1.000000,0.005566,0.999159,1.000000,0.000801,1.000000,0.000000,0.000614,1.000000,0.000000
"Howlite Ca_2B_5SiO_9(OH)_5 (B-5A)",B-5A,becknic,mineral,mineral.borate.none.fine.vswir.b-5a.jpl.beckman.spectrum.txt,0.002168,0.989838,0.883721,0.001705,0.728696,1.000000,0.008329,0.996037,1.000000,0.000755,1.000000,0.000000,0.000769,1.000000,0.000000
"Howlite Ca_2B_5SiO_9(OH)_5 (B-5A)",B-5A,becknic,mineral,mineral.borate.none.fine.vswir.b-5a.jpl.perkin.spectrum.txt,0.000632,0.998774,0.883721,0.001014,0.880424,1.000000,0.009722,0.994632,1.000000,0.000611,1.000000,0.000000,0.000753,1.000000,0.000000
"Borax Na_2B_4O_5(OH)_4.8H_2O (B-6A)",B-6A,becknic,mineral,mineral.borate.none.fine.vswir.b-6a.jpl.beckman.spectrum.txt,0.000941,0.995120,0.883721,0.002010,0.825719,1.000000,0.005142,0.999259,1.000000,0.000811,1.000000,0.000000,0.000624,1.000000,0.000000
"Borax Na_2B_4O_5(OH)_4.8H_2O (B-6A)",B-6A,becknic,mineral,mineral.borate.none.fine.vswir.b-6a.jpl.perkin.spectrum.txt,0.000292,0.999431,0.883721,0.000935,0.890174,1.000000,0.005608,0.999156,1.000000,0.000725,1.000000,0.000000,0.000530,1.000000,0.000000
"Colemanite Ca_2B_6O_11.5H_2O (B-1A)",B-1A,becknic,mineral,mineral.borate.none.medium.tir.b-1a.jpl.nicolet.spectrum.txt,0.000509,1.000000,0.000000,0.000462,1.000000,0.000000,0.010517,0.941904,0.356929,0.003424,0.970673,1.000000,0.012239,0.926022,1.000000
"Kernite Na_2B_4O_6(OH)_2.3H_2O (B-2A)",B-2A,becknic,mineral,mineral.borate.none.medium.tir.b-2a.jpl.nicolet.spectrum.txt,0.001337,0.000000,0.000000,0.000512,1.000000,0.000000,0.005893,0.982608,0.356929,0.005731,0.994747,1.000000,0.008986,0.897072,1.000000
"Ulexite NaCaB_5O_6(OH)_6.5H_2O (B-3A)",B-3A,becknic,mineral,mineral.borate.none.medium.tir.b-3a.jpl.nicolet.spectrum.txt,0.000504,1.000000,0.000000,0.000476,1.000000,0.000000,0.003799,0.979681,0.356929,0.003077,0.958552,1.000000,0.005230,0.870183,1.000000
"Tincalconite Na_2B_4O_5(OH)_4.3H_2O (B-4A)",B-4A,becknic,mineral,mineral.borate.none.medium.tir.b-4a.jpl.nicolet.spectrum.txt,0.000995,1.000000,0.000000,0.000531,1.000000,0.000000,0.003286,0.986433,0.356929,0.004869,0.981045,1.000000,0.004468,0.843243,1.000000
"Howlite Ca_2B_5SiO_9(OH)_5 (B-5A)",B-5A,becknic,mineral,mineral.borate.none.medium.tir.b-5a.jpl.nicolet.spectrum.txt,0.000326,1.000000,0.000000,0.000253,1.000000,0.000000,0.013430,0.993403,0.356929,0.008642,0.984650,1.000000,0.006852,0.956562,1.000000
"Borax Na_2B_4O_5(OH)_4.8H_2O (B-6A)",B-6A,becknic,mineral,mineral.borate.none.medium.tir.b-6a.jpl.nicolet.spectrum.txt,0.001073,0.000000,0.000000,0.000559,1.000000,0.000000,0.003371,0.985716,0.356929,0.005190,0.980665,1.000000,0.004417,0.856767,1.000000
"Colemanite Ca_2B_6O_11.5H_2O (B-1A)",B-1A,becknic,mineral,mineral.borate.none.medium.vswir.b-1a.jpl.beckman.spectrum.txt,0.002435,0.993967,0.883721,0.005709,0.882035,1.000000,0.012335,0.997318,1.000000,0.000551,1.000000,0.000000,0.000350,1.000000,0.000000
"Colemanite Ca_2B_6O_11.5H_2O (B-1A)",B-1A,becknic,mineral,mineral.borate.none.medium.vswir.b-1a.jpl.perkin.spectrum.txt,0.000957,0.999154,0.883721,0.006107,0.865539,1.000000,0.013303,0.996580,1.000000,0.000531,1.000000,0.000000,0.000341,1.000000,0.000000
"Kernite Na_2B_4O_6(OH)_2.3H_2O (B-2A)",B-2A,becknic,mineral,mineral.borate.none.medium.vswir.b-2a.jpl.beckman.spectrum.txt,0.002072,0.990230,0.883721,0.002819,0.892934,1.000000,0.009179,0.997379,1.000000,0.001001,0.000000,0.000000,0.000598,1.000000,0.000000
"Kernite Na_2B_4O_6(OH)_2.3H_2O (B-2A)",B-2A,becknic,mineral,mineral.borate.none.medium.vswir.b-2a.jpl.perkin.spectrum.txt,0.000361,0.999534,0.883721,0.003081,0.872914,1.000000,0.010017,0.996711,1.000000,0.000975,1.000000,0.000000,0.000700,1.000000,0.000000
"Ulexite NaCaB_5O_6(OH)_6.5H_2O (B-3A)",B-3A,becknic,mineral,mineral.borate.none.medium.vswir.b-3a.jpl.beckman.spectrum.txt,0.002468,0.986111,0.883721,0.001925,0.992054,1.000000,0.009753,0.998488,1.000000,0.000307,1.000000,0.000000,0.000283,1.000000,0.000000
"Ulexite NaCaB_5O_6(OH)_6.5H_2O (B-3A)",B-3A,becknic,mineral,mineral.borate.none.medium.vswir.b-3a.jpl.perkin.spectrum.txt,0.000509,0.999437,0.883721,0.003168,0.980612,1.000000,0.010382,0.998190,1.000000,0.000333,1.000000,0.000000,0.000297,1.000000,0.000000
"Tincalconite Na_2B_4O_5(OH)_4.3H_2O (B-4A)",B-4A,becknic,mineral,mineral.borate.none.medium.vswir.b-4a.jpl.beckman.spectrum.txt,0.002254,0.992071,0.883721,0.001335,0.980073,1.000000,0.005369,0.999370,1.000000,0.000718,1.000000,0.000000,0.000547,1.000000,0.000000
"Tincalconite Na_2B_4O_5(OH)_4.3H_2O (B-4A)",B-4A,becknic,mineral,mineral.borate.none.medium.vswir.b-4a.jpl.perkin.spectrum.txt,0.000316,0.999793,0.883721,0.001958,0.954846,1.000000,0.006082,0.999178,1.000000,0.000581,1.000000,0.000000,0.000445,1.000000,0.000000
"Howlite Ca_2B_5SiO_9(OH)_5 (B-5A)",B-5A,becknic,mineral,mineral.borate.none.medium.vswir.b-5a.jpl.beckman.spectrum.txt,0.001970,0.993695,0.883721,0.001704,0.887432,1.000000,0.010249,0.996876,1.000000,0.000730,1.000000,0.000000,0.000585,1.000000,0.000000
"Howlite Ca_2B_5SiO_9(OH)_5 (B-5A)",B-5A,becknic,mineral,mineral.borate.none.medium.vswir.b-5a.jpl.perkin.spectrum.txt,0.000665,0.999325,0.883721,0.001283,0.942369,1.000000,0.012997,0.995629,1.000000,0.000902,1.000000,0.000000,0.000624,1.000000,0.000000
"Borax Na_2B_4O_5(OH)_4.8H_2O (B-6A)",B-6A,becknic,mineral,mineral.borate.none.medium.vswir.b-6a.jpl.beckman.spectrum.txt,0.001164,0.940928,0.883721,0.001603,0.981458,1.000000,0.005244,0.999375,1.000000,0.000517,1.000000,0.000000,0.000369,1.000000,0.000000
"Borax Na_2B_4O_5(OH)_4.8H_2O (B-6A)",B-6A,becknic,mineral,mineral.borate.none.medium.vswir.b-6a.jpl.perkin.spectrum.txt,0.000803,0.984877,0.883721,0.001104,0.963746,1.000000,0.006127,0.999119,1.000000,0.000518,1.000000,0.000000,0.000395,1.000000,0.000000
"Natron Na2CO3�10H2O (Natron)",Natron,becknic,mineral,mineral.carbonate.none.coarse.all.natron.usgs.perknic.spectrum.txt,0.001356,0.994724,0.883721,0.005372,0.979364,1.000000,0.006754,0.998550,1.000000,0.001139,0.989479,1.000000,0.001618,0.908676,0.888353
"Burkeite Na6(CO3)(SO4)2 (NMNH105598)",NMNH105598,becknic,mineral,mineral.carbonate.none.coarse.all.nmnh105598.usgs.perknic.spectrum.txt,0.000596,0.999855,0.883721,0.001472,0.752028,1.000000,0.002788,0.998398,1.000000,0.020222,0.966602,1.000000,0.005765,0.972711,0.870588
"Trona Na3(CO)(HCO3) * 2H2O (Traonac)",Traonac,becknic,mineral,mineral.carbonate.none.coarse.all.traonac.usgs.perknic.spectrum.txt,0.000530,1.000000,0.883721,0.001683,0.000000,1.000000,0.011783,0.998095,1.000000,0.001799,0.991387,1.000000,0.003369,0.787825,0.870588
"Aragonite CaCO3 (aragonite_1)",aragonite_1,becknic,mineral,mineral.carbonate.none.coarse.tir.aragonite_1.jhu.nicolet.spectrum.txt,0.000502,1.000000,0.000000,0.000480,1.000000,0.000000,0.000930,0.977353,0.300357,0.004939,0.986559,1.000000,0.006557,0.940986,1.000000
"Cerussite PbCO_3 (C-10A)",C-10A,becknic,mineral,mineral.carbonate.none.coarse.tir.c-10a.jpl.nicolet.spectrum.txt,0.000229,1.000000,0.000000,0.000814,1.000000,0.000000,0.004876,0.995085,0.356929,0.021948,0.973336,1.000000,0.012561,0.705375,1.000000
"Smithsonite PbCO_3 (C-11A)",C-11A,becknic,mineral,mineral.carbonate.none.coarse.tir.c-11a.jpl.nicolet.spectrum.txt,0.000409,1.000000,0.000000,0.000684,1.000000,0.000000,0.006490,0.992587,0.356929,0.009673,0.988724,1.000000,0.014086,0.961646,1.000000
"Azurite Cu_3(CO_3)_2(OH)_2 (C-12A)",C-12A,becknic,mineral,mineral.carbonate.none.coarse.tir.c-12a.jpl.nicolet.spectrum.txt,0.000486,1.000000,0.000000,0.000519,1.000000,0.000000,0.003345,0.990864,0.356929,0.001529,0.981785,1.000000,0.001356,0.993389,1.000000
"Strontianite SrCO_3 (C-1A)",C-1A,becknic,mineral,mineral.carbonate.none.coarse.tir.c-1a.jpl.nicolet.spectrum.txt,0.000226,1.000000,0.000000,0.000695,1.000000,0.000000,0.007125,0.992561,0.356929,0.028846,0.976751,1.000000,0.017769,0.954584,1.000000
"Witherite BaCO_3 (C-2A)",C-2A,becknic,mineral,mineral.carbonate.none.coarse.tir.c-2a.jpl.nicolet.spectrum.txt,0.000227,1.000000,0.000000,0.000609,1.000000,0.000000,0.014032,0.966590,0.356929,0.028224,0.981838,1.000000,0.022854,0.933838,1.000000
"Calcite CaCO_3 (C-3A)",C-3A,becknic,mineral,mineral.carbonate.none.coarse.tir.c-3a.jpl.nicolet.spectrum.txt,0.000229,1.000000,0.000000,0.000846,1.000000,0.000000,0.005486,0.994861,0.356929,0.016238,0.989517,1.000000,0.006290,0.981471,1.000000
"Calcite CaCO_3 (C-3D)",C-3D,becknic,mineral,mineral.carbonate.none.coarse.tir.c-3d.jpl.nicolet.spectrum.txt,0.000237,1.000000,0.000000,0.000629,1.000000,0.000000,0.003777,0.990819,0.356929,0.011826,0.996986,1.000000,0.005773,0.972350,1.000000
"Calcite CaCO_3 (C-3E)",C-3E,becknic,mineral,mineral.carbonate.none.coarse.tir.c-3e.jpl.nicolet.spectrum.txt,0.000217,1.000000,0.000000,0.000656,1.000000,0.000000,0.006905,0.994977,0.356929,0.022369,0.989918,1.000000,0.011649,0.978499,1.000000
"Trona Na_3(CO_3)(HCO_3).2H_2O (C-4A)",C-4A,becknic,mineral,mineral.carbonate.none.coarse.tir.c-4a.jpl.nicolet.spectrum.txt,0.000126,1.000000,0.000000,0.000239,1.000000,0.000000,0.001367,0.971399,0.356929,0.001156,0.948890,1.000000,0.008603,0.748841,1.000000
"Dolomite CaMg(CO_3)_2 (C-5A)",C-5A,becknic,mineral,mineral.carbonate.none.coarse.tir.c-5a.jpl.nicolet.spectrum.txt,0.000438,1.000000,0.000000,0.000658,1.000000,0.000000,0.004406,0.991895,0.356929,0.018990,0.979843,1.000000,0.005054,0.984584,1.000000
"Dolomite CaMg(CO_3)_2 (C-5C)",C-5C,becknic,mineral,mineral.carbonate.none.coarse.tir.c-5c.jpl.nicolet.spectrum.txt,0.000229,1.000000,0.000000,0.000833,1.000000,0.000000,0.007118,0.996076,0.356929,0.024629,0.976165,1.000000,0.012500,0.974688,1.000000
"Magnesite MgCO_3 (C-6A)",C-6A,becknic,mineral,mineral.carbonate.none.coarse.tir.c-6a.jpl.nicolet.spectrum.txt,0.000420,1.000000,0.000000,0.000445,1.000000,0.000000,0.003484,0.994902,0.356929,0.014312,0.980188,1.000000,0.003435,0.973593,1.000000
"Malachite Cu_2(CO_3)(OH)_2 (C-7A)",C-7A,becknic,mineral,mineral.carbonate.none.coarse.tir.c-7a.jpl.nicolet.spectrum.txt,0.000380,1.000000,0.000000,0.000450,1.000000,0.000000,0.003455,0.992823,0.356929,0.003111,0.982641,1.000000,0.002029,0.966051,1.000000
"Rhodochrosite MnCO_3 (C-8A)",C-8A,becknic,mineral,mineral.carbonate.none.coarse.tir.c-8a.jpl.nicolet.spectrum.txt,0.000351,1.000000,0.000000,0.000219,1.000000,0.000000,0.009322,0.982795,0.356929,0.015934,0.983924,1.000000,0.009603,0.976137,1.000000
"Siderite Fe^2+CO_3 (C-9A)",C-9A,becknic,mineral,mineral.carbonate.none.coarse.tir.c-9a.jpl.nicolet.spectrum.txt,0.000435,1.000000,0.000000,0.000575,1.000000,0.000000,0.001987,0.998652,0.356929,0.006813,0.995717,1.000000,0.007320,0.982796,1.000000
"Calcite CaCO3 (calcite_1)",calcite_1,becknic,mineral,mineral.carbonate.none.coarse.tir.calcite_1.jhu.nicolet.spectrum.txt,0.000498,1.000000,0.000000,0.000490,1.000000,0.000000,0.001236,0.984088,0.300357,0.004041,0.992011,1.000000,0.002653,0.984311,1.000000
"Calcite CaCO3 (calcite_2)",calcite_2,becknic,mineral,mineral.carbonate.none.coarse.tir.calcite_2.jhu.nicolet.spectrum.txt,0.000168,1.000000,0.000000,0.000281,1.000000,0.000000,0.000673,0.981864,0.300357,0.001382,0.994869,1.000000,0.001903,0.955386,1.000000
"Cerussite, PbCO3 (cerussite_1)",cerussite_1,becknic,mineral,mineral.carbonate.none.coarse.tir.cerussite_1.jhu.nicolet.spectrum.txt,0.000488,1.000000,0.000000,0.000368,1.000000,0.000000,0.000543,0.974216,0.300357,0.002689,0.990872,1.000000,0.003031,0.830095,1.000000
"Dolomite CaMg(CO3)2 (dolomite_1)",dolomite_1,becknic,mineral,mineral.carbonate.none.coarse.tir.dolomite_1.jhu.nicolet.spectrum.txt,0.000439,1.000000,0.000000,0.000346,1.000000,0.000000,0.000884,0.984862,0.300357,0.003161,0.988772,1.000000,0.001965,0.975167,1.000000
"Dolomite CaMg(CO3)2 (dolomite_2)",dolomite_2,becknic,mineral,mineral.carbonate.none.coarse.tir.dolomite_2.jhu.nicolet.spectrum.txt,0.000423,1.000000,0.000000,0.000344,1.000000,0.000000,0.000766,0.987175,0.300357,0.002005,0.993685,1.000000,0.001664,0.966999,1.000000
"Dolomite CaMg(CO3)2 (dolomite_3)",dolomite_3,becknic,mineral,mineral.carbonate.none.coarse.tir.dolomite_3.jhu.nicolet.spectrum.txt,0.000390,1.000000,0.000000,0.000343,1.000000,0.000000,0.000629,0.992822,0.300357,0.002151,0.992849,1.000000,0.001969,0.971223,1.000000
"Cerussite PbCO_3 (C-10A)",C-10A,becknic,mineral,mineral.carbonate.none.coarse.vswir.c-10a.jpl.beckman.spectrum.txt,0.002114,0.997346,0.883721,0.001852,0.921222,1.000000,0.005238,0.997382,1.000000,0.000601,1.000000,0.000000,0.000744,1.000000,0.000000
"Cerussite PbCO_3 (C-10A)",C-10A,becknic,mineral,mineral.carbonate.none.coarse.vswir.c-10a.jpl.perkin.spectrum.txt,0.001451,0.997453,0.883721,0.001132,0.833255,1.000000,0.005162,0.996640,1.000000,0.000610,1.000000,0.000000,0.000753,1.000000,0.000000
"Smithsonite PbCO_3 (C-11A)",C-11A,becknic,mineral,mineral.carbonate.none.coarse.vswir.c-11a.jpl.beckman.spectrum.txt,0.005992,0.985015,0.883721,0.003214,0.993365,1.000000,0.005024,0.998562,1.000000,0.000894,1.000000,0.000000,0.000625,1.000000,0.000000
"Smithsonite PbCO_3 (C-11A)",C-11A,becknic,mineral,mineral.carbonate.none.coarse.vswir.c-11a.jpl.perkin.spectrum.txt,0.004567,0.985980,0.883721,0.003069,0.994576,1.000000,0.005223,0.998325,1.000000,0.000872,1.000000,0.000000,0.000627,1.000000,0.000000
"Azurite Cu_3(CO_3)_2(OH)_2 (C-12A)",C-12A,becknic,mineral,mineral.carbonate.none.coarse.vswir.c-12a.jpl.beckman.spectrum.txt,0.004730,0.993663,0.883721,0.001214,0.996015,1.000000,0.003912,0.996019,1.000000,0.000494,1.000000,0.000000,0.000298,1.000000,0.000000
"Azurite Cu_3(CO_3)_2(OH)_2 (C-12A)",C-12A,becknic,mineral,mineral.carbonate.none.coarse.vswir.c-12a.jpl.perkin.spectrum.txt,0.003162,0.996670,0.883721,0.000949,0.997319,1.000000,0.003926,0.995901,1.000000,0.000424,1.000000,0.000000,0.000253,1.000000,0.000000
"Strontianite SrCO_3 (C-1A)",C-1A,becknic,mineral,mineral.carbonate.none.coarse.vswir.c-1a.jpl.beckman.spectrum.txt,0.002082,0.998771,0.883721,0.001103,0.972259,1.000000,0.005486,0.996853,1.000000,0.000794,1.000000,0.000000,0.000606,1.000000,0.000000
"Strontianite SrCO_3 (C-1A)",C-1A,becknic,mineral,mineral.carbonate.none.coarse.vswir.c-1a.jpl.perkin.spectrum.txt,0.001075,0.999646,0.883721,0.002156,0.918193,1.000000,0.007252,0.995556,1.000000,0.000645,1.000000,0.000000,0.000576,1.000000,0.000000
"Witherite BaCO_3 (C-2A)",C-2A,becknic,mineral,mineral.carbonate.none.coarse.vswir.c-2a.jpl.beckman.spectrum.txt,0.001578,0.999367,0.883721,0.001458,0.914324,1.000000,0.007414,0.992057,1.000000,0.000754,1.000000,0.000000,0.000741,1.000000,0.000000
"Witherite BaCO_3 (C-2A)",C-2A,becknic,mineral,mineral.carbonate.none.coarse.vswir.c-2a.jpl.perkin.spectrum.txt,0.001116,0.999749,0.883721,0.000563,0.992578,1.000000,0.011110,0.986876,1.000000,0.000700,1.000000,0.000000,0.000823,1.000000,0.000000
"Calcite CaCO_3 (C-3A)",C-3A,becknic,mineral,mineral.carbonate.none.coarse.vswir.c-3a.jpl.beckman.spectrum.txt,0.001480,0.999852,0.883721,0.002267,0.845548,1.000000,0.004380,0.998549,1.000000,0.000975,1.000000,0.000000,0.000579,1.000000,0.000000
"Calcite CaCO_3 (C-3A)",C-3A,becknic,mineral,mineral.carbonate.none.coarse.vswir.c-3a.jpl.perkin.spectrum.txt,0.000774,0.999964,0.883721,0.001323,0.936379,1.000000,0.005114,0.998306,1.000000,0.000782,1.000000,0.000000,0.000546,1.000000,0.000000
"Calcite CaCO_3 (C-3D)",C-3D,becknic,mineral,mineral.carbonate.none.coarse.vswir.c-3d.jpl.beckman.spectrum.txt,0.001921,0.999522,0.883721,0.000977,0.996948,1.000000,0.002022,0.998894,1.000000,0.000765,1.000000,0.000000,0.000726,1.000000,0.000000
"Calcite CaCO_3 (C-3D)",C-3D,becknic,mineral,mineral.carbonate.none.coarse.vswir.c-3d.jpl.perkin.spectrum.txt,0.001017,0.999877,0.883721,0.001328,0.993800,1.000000,0.002852,0.998251,1.000000,0.000696,1.000000,0.000000,0.000779,1.000000,0.000000
"Calcite CaCO_3 (C-3E)",C-3E,becknic,mineral,mineral.carbonate.none.coarse.vswir.c-3e.jpl.beckman.spectrum.txt,0.003743,0.997270,0.883721,0.001380,0.996495,1.000000,0.005683,0.997682,1.000000,0.000968,1.000000,0.000000,0.000694,1.000000,0.000000
"Calcite CaCO_3 (C-3E)",C-3E,becknic,mineral,mineral.carbonate.none.coarse.vswir.c-3e.jpl.perkin.spectrum.txt,0.002141,0.998620,0.883721,0.000945,0.995042,1.000000,0.006853,0.996398,1.000000,0.000990,1.000000,0.000000,0.000607,1.000000,0.000000
"Trona Na_3(CO_3)(HCO_3).2H_2O (C-4A)",C-4A,becknic,mineral,mineral.carbonate.none.coarse.vswir.c-4a.jpl.beckman.spectrum.txt,0.001433,0.999765,0.883721,0.002171,0.753522,1.000000,0.012003,0.997340,1.000000,0.000237,1.000000,0.000000,0.000241,1.000000,0.000000
"Trona Na_3(CO_3)(HCO_3).2H_2O (C-4A)",C-4A,becknic,mineral,mineral.carbonate.none.coarse.vswir.c-4a.jpl.perkin.spectrum.txt,0.001368,0.999811,0.883721,0.001940,0.680137,1.000000,0.014193,0.996779,1.000000,0.000260,1.000000,0.000000,0.000232,1.000000,0.000000
"Dolomite CaMg(CO_3)_2 (C-5A)",C-5A,becknic,mineral,mineral.carbonate.none.coarse.vswir.c-5a.jpl.beckman.spectrum.txt,0.003332,0.999302,0.883721,0.002277,0.996627,1.000000,0.001765,0.998317,1.000000,0.000919,1.000000,0.000000,0.000686,1.000000,0.000000
"Dolomite CaMg(CO_3)_2 (C-5A)",C-5A,becknic,mineral,mineral.carbonate.none.coarse.vswir.c-5a.jpl.perkin.spectrum.txt,0.003489,0.999382,0.883721,0.003233,0.993946,1.000000,0.002966,0.996684,1.000000,0.000977,1.000000,0.000000,0.000686,1.000000,0.000000
"Dolomite CaMg(CO_3)_2 (C-5C)",C-5C,becknic,mineral,mineral.carbonate.none.coarse.vswir.c-5c.jpl.beckman.spectrum.txt,0.001757,0.999392,0.883721,0.000810,0.956446,1.000000,0.004513,0.999045,1.000000,0.000879,1.000000,0.000000,0.000627,1.000000,0.000000
"Dolomite CaMg(CO_3)_2 (C-5C)",C-5C,becknic,mineral,mineral.carbonate.none.coarse.vswir.c-5c.jpl.perkin.spectrum.txt,0.001816,0.999398,0.883721,0.002605,0.828892,1.000000,0.007250,0.997849,1.000000,0.000912,1.000000,0.000000,0.000621,1.000000,0.000000
"Magnesite MgCO_3 (C-6A)",C-6A,becknic,mineral,mineral.carbonate.none.coarse.vswir.c-6a.jpl.beckman.spectrum.txt,0.001405,0.999671,0.883721,0.001551,0.905110,1.000000,0.003501,0.999365,1.000000,0.000976,1.000000,0.000000,0.000702,1.000000,0.000000
"Magnesite MgCO_3 (C-6A)",C-6A,becknic,mineral,mineral.carbonate.none.coarse.vswir.c-6a.jpl.perkin.spectrum.txt,0.000876,0.999882,0.883721,0.001998,0.806034,1.000000,0.005060,0.998877,1.000000,0.000949,1.000000,0.000000,0.000640,1.000000,0.000000
"Malachite Cu_2(CO_3)(OH)_2 (C-7A)",C-7A,becknic,mineral,mineral.carbonate.none.coarse.vswir.c-7a.jpl.beckman.spectrum.txt,0.004689,0.998239,0.883721,0.000922,0.998017,1.000000,0.003549,0.997310,1.000000,0.000498,1.000000,0.000000,0.000354,1.000000,0.000000
"Malachite Cu_2(CO_3)(OH)_2 (C-7A)",C-7A,becknic,mineral,mineral.carbonate.none.coarse.vswir.c-7a.jpl.perkin.spectrum.txt,0.003260,0.999182,0.883721,0.001057,0.997534,1.000000,0.003892,0.996613,1.000000,0.000528,1.000000,0.000000,0.000341,1.000000,0.000000
"Rhodochrosite MnCO_3 (C-8A)",C-8A,becknic,mineral,mineral.carbonate.none.coarse.vswir.c-8a.jpl.beckman.spectrum.txt,0.014608,0.987526,0.883721,0.001287,0.981567,1.000000,0.005606,0.995346,1.000000,0.001002,0.000000,0.000000,0.000597,1.000000,0.000000
"Rhodochrosite MnCO_3 (C-8A)",C-8A,becknic,mineral,mineral.carbonate.none.coarse.vswir.c-8a.jpl.perkin.spectrum.txt,0.010674,0.994341,0.883721,0.000979,0.989818,1.000000,0.007150,0.993767,1.000000,0.000976,1.000000,0.000000,0.000702,1.000000,0.000000
"Siderite Fe^2+CO_3 (C-9A)",C-9A,becknic,mineral,mineral.carbonate.none.coarse.vswir.c-9a.jpl.beckman.spectrum.txt,0.007039,0.996333,0.883721,0.008438,0.983605,1.000000,0.008042,0.998094,1.000000,0.000885,1.000000,0.000000,0.000672,1.000000,0.000000
"Siderite Fe^2+CO_3 (C-9A)",C-9A,becknic,mineral,mineral.carbonate.none.coarse.vswir.c-9a.jpl.perkin.spectrum.txt,0.005385,0.998306,0.883721,0.008324,0.989436,1.000000,0.009006,0.997947,1.000000,0.000965,1.000000,0.000000,0.000688,1.000000,0.000000
"Aragonite CaCO3 (aragonite_1)",aragonite_1,becknic,mineral,mineral.carbonate.none.fine.tir.aragonite_1.jhu.nicolet.spectrum.txt,0.000324,1.000000,0.000000,0.000927,1.000000,0.000000,0.001448,0.949688,0.300357,0.011390,0.992455,1.000000,0.028785,0.985813,1.000000
"Cerussite PbCO_3 (C-10A)",C-10A,becknic,mineral,mineral.carbonate.none.fine.tir.c-10a.jpl.nicolet.spectrum.txt,0.000406,1.000000,0.000000,0.001087,0.000000,0.000000,0.002495,0.988821,0.356929,0.033501,0.981233,1.000000,0.029095,0.958364,1.000000
"Smithsonite PbCO_3 (C-11A)",C-11A,becknic,mineral,mineral.carbonate.none.fine.tir.c-11a.jpl.nicolet.spectrum.txt,0.000249,1.000000,0.000000,0.000664,1.000000,0.000000,0.002312,0.994142,0.356929,0.022310,0.988724,1.000000,0.017954,0.946546,1.000000
"Azurite Cu_3(CO_3)_2(OH)_2 (C-12A)",C-12A,becknic,mineral,mineral.carbonate.none.fine.tir.c-12a.jpl.nicolet.spectrum.txt,0.000421,1.000000,0.000000,0.000669,1.000000,0.000000,0.006566,0.976073,0.356929,0.004624,0.997848,1.000000,0.002273,0.983732,1.000000
"Strontianite SrCO_3 (C-1A)",C-1A,becknic,mineral,mineral.carbonate.none.fine.tir.c-1a.jpl.nicolet.spectrum.txt,0.000316,1.000000,0.000000,0.000896,1.000000,0.000000,0.002613,0.983600,0.356929,0.040932,0.978405,1.000000,0.023247,0.977258,1.000000
"Witherite BaCO_3 (C-2A)",C-2A,becknic,mineral,mineral.carbonate.none.fine.tir.c-2a.jpl.nicolet.spectrum.txt,0.000316,1.000000,0.000000,0.000895,1.000000,0.000000,0.003908,0.943997,0.356929,0.030770,0.987164,1.000000,0.027076,0.977554,1.000000
"Calcite CaCO_3 (C-3A)",C-3A,becknic,mineral,mineral.carbonate.none.fine.tir.c-3a.jpl.nicolet.spectrum.txt,0.000316,1.000000,0.000000,0.000896,1.000000,0.000000,0.002217,0.993309,0.356929,0.009903,0.998559,1.000000,0.010358,0.992148,1.000000
"Calcite CaCO_3 (C-3D)",C-3D,becknic,mineral,mineral.carbonate.none.fine.tir.c-3d.jpl.nicolet.spectrum.txt,0.000364,1.000000,0.000000,0.001063,0.000000,0.000000,0.002134,0.994311,0.356929,0.009513,0.998549,1.000000,0.009743,0.983375,1.000000
"Calcite CaCO_3 (C-3E)",C-3E,becknic,mineral,mineral.carbonate.none.fine.tir.c-3e.jpl.nicolet.spectrum.txt,0.000364,1.000000,0.000000,0.001063,0.000000,0.000000,0.003140,0.989131,0.356929,0.011448,0.998413,1.000000,0.007382,0.996893,1.000000
"Trona Na_3(CO_3)(HCO_3).2H_2O (C-4A)",C-4A,becknic,mineral,mineral.carbonate.none.fine.tir.c-4a.jpl.nicolet.spectrum.txt,0.001280,0.000000,0.000000,0.000535,1.000000,0.000000,0.003889,0.973710,0.356929,0.004810,0.993069,1.000000,0.004845,0.733275,1.000000
"Dolomite CaMg(CO_3)_2 (C-5A)",C-5A,becknic,mineral,mineral.carbonate.none.fine.tir.c-5a.jpl.nicolet.spectrum.txt,0.000216,1.000000,0.000000,0.000637,1.000000,0.000000,0.003155,0.968344,0.356929,0.013619,0.996447,1.000000,0.013000,0.957384,1.000000
"Dolomite CaMg(CO_3)_2 (C-5C)",C-5C,becknic,mineral,mineral.carbonate.none.fine.tir.c-5c.jpl.nicolet.spectrum.txt,0.000292,1.000000,0.000000,0.000804,1.000000,0.000000,0.003803,0.988094,0.356929,0.010679,0.998280,1.000000,0.013220,0.987465,1.000000
"Magnesite MgCO_3 (C-6A)",C-6A,becknic,mineral,mineral.carbonate.none.fine.tir.c-6a.jpl.nicolet.spectrum.txt,0.000226,1.000000,0.000000,0.000608,1.000000,0.000000,0.001925,0.993204,0.356929,0.021161,0.988291,1.000000,0.015384,0.942465,1.000000
"Malachite Cu_2(CO_3)(OH)_2 (C-7A)",C-7A,becknic,mineral,mineral.carbonate.none.fine.tir.c-7a.jpl.nicolet.spectrum.txt,0.000445,1.000000,0.000000,0.000651,1.000000,0.000000,0.003112,0.993797,0.356929,0.007078,0.995786,1.000000,0.002745,0.980352,1.000000
"Rhodochrosite MnCO_3 (C-8A)",C-8A,becknic,mineral,mineral.carbonate.none.fine.tir.c-8a.jpl.nicolet.spectrum.txt,0.000230,1.000000,0.000000,0.000875,1.000000,0.000000,0.002157,0.959787,0.356929,0.024034,0.989105,1.000000,0.021827,0.942368,1.000000
"Siderite Fe^2+CO_3 (C-9A)",C-9A,becknic,mineral,mineral.carbonate.none.fine.tir.c-9a.jpl.nicolet.spectrum.txt,0.000449,1.000000,0.000000,0.000645,1.000000,0.000000,0.001879,0.929318,0.356929,0.013366,0.993278,1.000000,0.011653,0.957981,1.000000
"Calcite CaCO3 (calcite_1)",calcite_1,becknic,mineral,mineral.carbonate.none.fine.tir.calcite_1.jhu.nicolet.spectrum.txt,0.000530,1.000000,0.000000,0.001151,0.000000,0.000000,0.000963,1.000000,0.300357,0.005676,0.995012,1.000000,0.022463,0.990113,1.000000
"Calcite CaCO3 (calcite_2)",calcite_2,becknic,mineral,mineral.carbonate.none.fine.tir.calcite_2.jhu.nicolet.spectrum.txt,0.000377,1.000000,0.000000,0.001070,0.000000,0.000000,0.000728,0.986211,0.300357,0.004579,0.997653,1.000000,0.014811,0.993856,1.000000
"Cerussite, PbCO3 (cerussite_1)",cerussite_1,becknic,mineral,mineral.carbonate.none.fine.tir.cerussite_1.jhu.nicolet.spectrum.txt,0.000376,1.000000,0.000000,0.000225,1.000000,0.000000,0.001761,0.982072,0.300357,0.005696,0.994402,1.000000,0.016792,0.982645,1.000000
"Dolomite CaMg(CO3)2 (dolomite_1)",dolomite_1,becknic,mineral,mineral.carbonate.none.fine.tir.dolomite_1.jhu.nicolet.spectrum.txt,0.000383,1.000000,0.000000,0.001073,0.000000,0.000000,0.001318,0.916579,0.300357,0.007128,0.995319,1.000000,0.017643,0.994688,1.000000
"Dolomite CaMg(CO3)2 (dolomite_2)",dolomite_2,becknic,mineral,mineral.carbonate.none.fine.tir.dolomite_2.jhu.nicolet.spectrum.txt,0.000326,1.000000,0.000000,0.000935,1.000000,0.000000,0.001238,0.937775,0.300357,0.008785,0.994232,1.000000,0.014979,0.996809,1.000000
"Dolomite CaMg(CO3)2 (dolomite_3)",dolomite_3,becknic,mineral,mineral.carbonate.none.fine.tir.dolomite_3.jhu.nicolet.spectrum.txt,0.000526,1.000000,0.000000,0.001149,0.000000,0.000000,0.000802,0.912826,0.300357,0.007436,0.996790,1.000000,0.012914,0.997654,1.000000
"Cerussite PbCO_3 (C-10A)",C-10A,becknic,mineral,mineral.carbonate.none.fine.vswir.c-10a.jpl.beckman.spectrum.txt,0.001380,0.997716,0.883721,0.000802,0.931791,1.000000,0.002622,0.988843,1.000000,0.000623,1.000000,0.000000,0.000957,1.000000,0.000000
"Cerussite PbCO_3 (C-10A)",C-10A,becknic,mineral,mineral.carbonate.none.fine.vswir.c-10a.jpl.perkin.spectrum.txt,0.001085,0.999109,0.883721,0.001496,-1.000000,1.000000,0.002519,0.994811,1.000000,0.000529,1.000000,0.000000,0.000767,1.000000,0.000000
"Smithsonite PbCO_3 (C-11A)",C-11A,becknic,mineral,mineral.carbonate.none.fine.vswir.c-11a.jpl.beckman.spectrum.txt,0.001051,0.996269,0.883721,0.001198,0.986094,1.000000,0.001771,0.998212,1.000000,0.000400,1.000000,0.000000,0.000725,1.000000,0.000000
"Smithsonite PbCO_3 (C-11A)",C-11A,becknic,mineral,mineral.carbonate.none.fine.vswir.c-11a.jpl.perkin.spectrum.txt,0.001000,0.998039,0.883721,0.000974,0.993052,1.000000,0.002448,0.997630,1.000000,0.000724,1.000000,0.000000,0.000746,1.000000,0.000000
"Azurite Cu_3(CO_3)_2(OH)_2 (C-12A)",C-12A,becknic,mineral,mineral.carbonate.none.fine.vswir.c-12a.jpl.beckman.spectrum.txt,0.003498,0.998124,0.883721,0.002213,0.999229,1.000000,0.004095,0.996969,1.000000,0.000774,1.000000,0.000000,0.000620,1.000000,0.000000
"Azurite Cu_3(CO_3)_2(OH)_2 (C-12A)",C-12A,becknic,mineral,mineral.carbonate.none.fine.vswir.c-12a.jpl.perkin.spectrum.txt,0.003211,0.998076,0.883721,0.002068,0.999293,1.000000,0.005169,0.995564,1.000000,0.000647,1.000000,0.000000,0.000574,1.000000,0.000000
"Strontianite SrCO_3 (C-1A)",C-1A,becknic,mineral,mineral.carbonate.none.fine.vswir.c-1a.jpl.beckman.spectrum.txt,0.002111,0.997064,0.883721,0.001064,0.898654,1.000000,0.002144,0.989822,1.000000,0.000521,1.000000,0.000000,0.000766,1.000000,0.000000
"Strontianite SrCO_3 (C-1A)",C-1A,becknic,mineral,mineral.carbonate.none.fine.vswir.c-1a.jpl.perkin.spectrum.txt,0.000528,0.999769,0.883721,0.000560,0.961121,1.000000,0.001872,0.995588,1.000000,0.000539,1.000000,0.000000,0.000746,1.000000,0.000000
"Witherite BaCO_3 (C-2A)",C-2A,becknic,mineral,mineral.carbonate.none.fine.vswir.c-2a.jpl.beckman.spectrum.txt,0.002027,0.978934,0.883721,0.001188,0.453640,1.000000,0.002147,0.979270,1.000000,0.000432,1.000000,0.000000,0.000760,1.000000,0.000000
"Witherite BaCO_3 (C-2A)",C-2A,becknic,mineral,mineral.carbonate.none.fine.vswir.c-2a.jpl.perkin.spectrum.txt,0.000874,0.998704,0.883721,0.001563,0.000000,1.000000,0.002901,0.984822,1.000000,0.000521,1.000000,0.000000,0.000766,1.000000,0.000000
"Calcite CaCO_3 (C-3A)",C-3A,becknic,mineral,mineral.carbonate.none.fine.vswir.c-3a.jpl.beckman.spectrum.txt,0.001717,0.999008,0.883721,0.000965,0.457411,1.000000,0.001679,0.997287,1.000000,0.000667,1.000000,0.000000,0.000731,1.000000,0.000000
"Calcite CaCO_3 (C-3A)",C-3A,becknic,mineral,mineral.carbonate.none.fine.vswir.c-3a.jpl.perkin.spectrum.txt,0.000831,0.999806,0.883721,0.000739,0.547231,1.000000,0.002148,0.997389,1.000000,0.000492,1.000000,0.000000,0.000695,1.000000,0.000000
"Calcite CaCO_3 (C-3D)",C-3D,becknic,mineral,mineral.carbonate.none.fine.vswir.c-3d.jpl.beckman.spectrum.txt,0.002174,0.998412,0.883721,0.001253,0.979266,1.000000,0.001492,0.998224,1.000000,0.000800,1.000000,0.000000,0.000814,1.000000,0.000000
"Calcite CaCO_3 (C-3D)",C-3D,becknic,mineral,mineral.carbonate.none.fine.vswir.c-3d.jpl.perkin.spectrum.txt,0.000622,0.999939,0.883721,0.000624,0.998207,1.000000,0.002221,0.998344,1.000000,0.000787,1.000000,0.000000,0.000787,1.000000,0.000000
"Calcite CaCO_3 (C-3E)",C-3E,becknic,mineral,mineral.carbonate.none.fine.vswir.c-3e.jpl.beckman.spectrum.txt,0.002269,0.992687,0.883721,0.001241,0.606529,1.000000,0.001859,0.996816,1.000000,0.000557,1.000000,0.000000,0.000700,1.000000,0.000000
"Calcite CaCO_3 (C-3E)",C-3E,becknic,mineral,mineral.carbonate.none.fine.vswir.c-3e.jpl.perkin.spectrum.txt,0.001380,0.997871,0.883721,0.001809,0.630888,1.000000,0.002144,0.997244,1.000000,0.000408,1.000000,0.000000,0.000718,1.000000,0.000000
"Trona Na_3(CO_3)(HCO_3).2H_2O (C-4A)",C-4A,becknic,mineral,mineral.carbonate.none.fine.vswir.c-4a.jpl.beckman.spectrum.txt,0.001834,0.998887,0.883721,0.001350,0.522683,1.000000,0.006701,0.998786,1.000000,0.000836,1.000000,0.000000,0.000662,1.000000,0.000000
"Trona Na_3(CO_3)(HCO_3).2H_2O (C-4A)",C-4A,becknic,mineral,mineral.carbonate.none.fine.vswir.c-4a.jpl.perkin.spectrum.txt,0.000718,0.999903,0.883721,0.000719,0.801417,1.000000,0.008961,0.998312,1.000000,0.000825,1.000000,0.000000,0.000626,1.000000,0.000000
"Dolomite CaMg(CO_3)_2 (C-5A)",C-5A,becknic,mineral,mineral.carbonate.none.fine.vswir.c-5a.jpl.beckman.spectrum.txt,0.002579,0.999749,0.883721,0.001269,0.996714,1.000000,0.001504,0.991836,1.000000,0.000796,1.000000,0.000000,0.000825,1.000000,0.000000
"Dolomite CaMg(CO_3)_2 (C-5C)",C-5C,becknic,mineral,mineral.carbonate.none.fine.vswir.c-5c.jpl.beckman.spectrum.txt,0.001955,0.988157,0.883721,0.000923,0.501386,1.000000,0.001460,0.998562,1.000000,0.000782,1.000000,0.000000,0.000769,1.000000,0.000000
"Dolomite CaMg(CO_3)_2 (C-5C)",C-5C,becknic,mineral,mineral.carbonate.none.fine.vswir.c-5c.jpl.perkin.spectrum.txt,0.001288,0.997431,0.883721,0.001487,0.000000,1.000000,0.003260,0.995567,1.000000,0.000784,1.000000,0.000000,0.000781,1.000000,0.000000
"Magnesite MgCO_3 (C-6A)",C-6A,becknic,mineral,mineral.carbonate.none.fine.vswir.c-6a.jpl.beckman.spectrum.txt,0.001981,0.995600,0.883721,0.001365,0.141838,1.000000,0.001491,0.998986,1.000000,0.000693,1.000000,0.000000,0.000738,1.000000,0.000000
"Magnesite MgCO_3 (C-6A)",C-6A,becknic,mineral,mineral.carbonate.none.fine.vswir.c-6a.jpl.perkin.spectrum.txt,0.001154,0.999403,0.883721,0.001142,0.233481,1.000000,0.002763,0.998145,1.000000,0.000790,1.000000,0.000000,0.000832,1.000000,0.000000
"Malachite Cu_2(CO_3)(OH)_2 (C-7A)",C-7A,becknic,mineral,mineral.carbonate.none.fine.vswir.c-7a.jpl.beckman.spectrum.txt,0.004399,0.999333,0.883721,0.002937,0.997995,1.000000,0.003692,0.998162,1.000000,0.000760,1.000000,0.000000,0.000628,1.000000,0.000000
"Malachite Cu_2(CO_3)(OH)_2 (C-7A)",C-7A,becknic,mineral,mineral.carbonate.none.fine.vswir.c-7a.jpl.perkin.spectrum.txt,0.003896,0.999433,0.883721,0.002741,0.997907,1.000000,0.004010,0.998155,1.000000,0.000648,1.000000,0.000000,0.000579,1.000000,0.000000
"Rhodochrosite MnCO_3 (C-8A)",C-8A,becknic,mineral,mineral.carbonate.none.fine.vswir.c-8a.jpl.beckman.spectrum.txt,0.006514,0.987082,0.883721,0.002056,0.857745,1.000000,0.001257,0.983624,1.000000,0.000788,1.000000,0.000000,0.000789,1.000000,0.000000
"Rhodochrosite MnCO_3 (C-8A)",C-8A,becknic,mineral,mineral.carbonate.none.fine.vswir.c-8a.jpl.perkin.spectrum.txt,0.004254,0.997600,0.883721,0.000706,0.994057,1.000000,0.001525,0.991083,1.000000,0.000766,1.000000,0.000000,0.000833,1.000000,0.000000
"Siderite Fe^2+CO_3 (C-9A)",C-9A,becknic,mineral,mineral.carbonate.none.fine.vswir.c-9a.jpl.beckman.spectrum.txt,0.002781,0.999523,0.883721,0.002343,0.998738,1.000000,0.002330,0.999067,1.000000,0.000481,1.000000,0.000000,0.000649,1.000000,0.000000
"Siderite Fe^2+CO_3 (C-9A)",C-9A,becknic,mineral,mineral.carbonate.none.fine.vswir.c-9a.jpl.perkin.spectrum.txt,0.002605,0.999729,0.883721,0.002714,0.998539,1.000000,0.001997,0.999458,1.000000,0.000599,1.000000,0.000000,0.000743,1.000000,0.000000
"Cerussite PbCO_3 (C-10A)",C-10A,becknic,mineral,mineral.carbonate.none.medium.tir.c-10a.jpl.nicolet.spectrum.txt,0.000246,1.000000,0.000000,0.000654,1.000000,0.000000,0.003735,0.993450,0.356929,0.027850,0.981504,1.000000,0.017885,0.883798,1.000000
"Smithsonite PbCO_3 (C-11A)",C-11A,becknic,mineral,mineral.carbonate.none.medium.tir.c-11a.jpl.nicolet.spectrum.txt,0.000244,1.000000,0.000000,0.000617,1.000000,0.000000,0.004664,0.994177,0.356929,0.015009,0.988377,1.000000,0.013447,0.962817,1.000000
"Azurite Cu_3(CO_3)_2(OH)_2 (C-12A)",C-12A,becknic,mineral,mineral.carbonate.none.medium.tir.c-12a.jpl.nicolet.spectrum.txt,0.000741,1.000000,0.000000,0.000480,1.000000,0.000000,0.005772,0.985203,0.356929,0.004641,0.978232,1.000000,0.001226,0.992978,1.000000
"Strontianite SrCO_3 (C-1A)",C-1A,becknic,mineral,mineral.carbonate.none.medium.tir.c-1a.jpl.nicolet.spectrum.txt,0.000260,1.000000,0.000000,0.000699,1.000000,0.000000,0.005273,0.991886,0.356929,0.029210,0.986167,1.000000,0.016853,0.982961,1.000000
"Witherite BaCO_3 (C-2A)",C-2A,becknic,mineral,mineral.carbonate.none.medium.tir.c-2a.jpl.nicolet.spectrum.txt,0.000324,1.000000,0.000000,0.000927,1.000000,0.000000,0.010838,0.965627,0.356929,0.022789,0.991929,1.000000,0.022427,0.968504,1.000000
"Calcite CaCO_3 (C-3A)",C-3A,becknic,mineral,mineral.carbonate.none.medium.tir.c-3a.jpl.nicolet.spectrum.txt,0.000217,1.000000,0.000000,0.000621,1.000000,0.000000,0.004029,0.994364,0.356929,0.011919,0.996693,1.000000,0.008880,0.977763,1.000000
"Calcite CaCO_3 (C-3D)",C-3D,becknic,mineral,mineral.carbonate.none.medium.tir.c-3d.jpl.nicolet.spectrum.txt,0.000252,1.000000,0.000000,0.000673,1.000000,0.000000,0.002780,0.993265,0.356929,0.008969,0.998457,1.000000,0.006131,0.989899,1.000000
"Calcite CaCO_3 (C-3E)",C-3E,becknic,mineral,mineral.carbonate.none.medium.tir.c-3e.jpl.nicolet.spectrum.txt,0.000241,1.000000,0.000000,0.000639,1.000000,0.000000,0.005704,0.992074,0.356929,0.019576,0.994661,1.000000,0.011351,0.979930,1.000000
"Trona Na_3(CO_3)(HCO_3).2H_2O (C-4A)",C-4A,becknic,mineral,mineral.carbonate.none.medium.tir.c-4a.jpl.nicolet.spectrum.txt,0.000473,1.000000,0.000000,0.000549,1.000000,0.000000,0.002800,0.976158,0.356929,0.002793,0.980825,1.000000,0.007809,0.737954,1.000000
"Dolomite CaMg(CO_3)_2 (C-5A)",C-5A,becknic,mineral,mineral.carbonate.none.medium.tir.c-5a.jpl.nicolet.spectrum.txt,0.000249,1.000000,0.000000,0.000569,1.000000,0.000000,0.003479,0.992712,0.356929,0.018763,0.990173,1.000000,0.007400,0.973579,1.000000
"Dolomite CaMg(CO_3)_2 (C-5C)",C-5C,becknic,mineral,mineral.carbonate.none.medium.tir.c-5c.jpl.nicolet.spectrum.txt,0.000234,1.000000,0.000000,0.000623,1.000000,0.000000,0.004930,0.996294,0.356929,0.021048,0.990620,1.000000,0.015707,0.965048,1.000000
"Magnesite MgCO_3 (C-6A)",C-6A,becknic,mineral,mineral.carbonate.none.medium.tir.c-6a.jpl.nicolet.spectrum.txt,0.000324,1.000000,0.000000,0.000255,1.000000,0.000000,0.003005,0.994735,0.356929,0.016908,0.982854,1.000000,0.004593,0.955625,1.000000
"Malachite Cu_2(CO_3)(OH)_2 (C-7A)",C-7A,becknic,mineral,mineral.carbonate.none.medium.tir.c-7a.jpl.nicolet.spectrum.txt,0.000903,1.000000,0.000000,0.000498,1.000000,0.000000,0.004571,0.990303,0.356929,0.005502,0.979196,1.000000,0.002084,0.961773,1.000000
"Rhodochrosite MnCO_3 (C-8A)",C-8A,becknic,mineral,mineral.carbonate.none.medium.tir.c-8a.jpl.nicolet.spectrum.txt,0.000230,1.000000,0.000000,0.000872,1.000000,0.000000,0.006564,0.982953,0.356929,0.021957,0.985491,1.000000,0.012170,0.963427,1.000000
"Siderite Fe^2+CO_3 (C-9A)",C-9A,becknic,mineral,mineral.carbonate.none.medium.tir.c-9a.jpl.nicolet.spectrum.txt,0.000352,1.000000,0.000000,0.000219,1.000000,0.000000,0.001618,0.998106,0.356929,0.013532,0.991500,1.000000,0.009734,0.964235,1.000000
"Cerussite PbCO_3 (C-10A)",C-10A,becknic,mineral,mineral.carbonate.none.medium.vswir.c-10a.jpl.beckman.spectrum.txt,0.001550,0.998081,0.883721,0.001165,0.903331,1.000000,0.004063,0.996023,1.000000,0.000566,1.000000,0.000000,0.000702,1.000000,0.000000
"Cerussite PbCO_3 (C-10A)",C-10A,becknic,mineral,mineral.carbonate.none.medium.vswir.c-10a.jpl.perkin.spectrum.txt,0.001114,0.998636,0.883721,0.000713,0.909474,1.000000,0.003938,0.996272,1.000000,0.000778,1.000000,0.000000,0.000832,1.000000,0.000000
"Smithsonite PbCO_3 (C-11A)",C-11A,becknic,mineral,mineral.carbonate.none.medium.vswir.c-11a.jpl.beckman.spectrum.txt,0.002255,0.994336,0.883721,0.003128,0.987817,1.000000,0.003227,0.998871,1.000000,0.000723,1.000000,0.000000,0.000658,1.000000,0.000000
"Smithsonite PbCO_3 (C-11A)",C-11A,becknic,mineral,mineral.carbonate.none.medium.vswir.c-11a.jpl.perkin.spectrum.txt,0.002100,0.994936,0.883721,0.002213,0.994297,1.000000,0.003605,0.998685,1.000000,0.000779,1.000000,0.000000,0.000605,1.000000,0.000000
"Azurite Cu_3(CO_3)_2(OH)_2 (C-12A)",C-12A,becknic,mineral,mineral.carbonate.none.medium.vswir.c-12a.jpl.beckman.spectrum.txt,0.004487,0.996746,0.883721,0.001161,0.999234,1.000000,0.004703,0.996722,1.000000,0.000716,1.000000,0.000000,0.000576,1.000000,0.000000
"Azurite Cu_3(CO_3)_2(OH)_2 (C-12A)",C-12A,becknic,mineral,mineral.carbonate.none.medium.vswir.c-12a.jpl.perkin.spectrum.txt,0.003625,0.997415,0.883721,0.001210,0.999060,1.000000,0.005125,0.996030,1.000000,0.000551,1.000000,0.000000,0.000434,1.000000,0.000000
"Strontianite SrCO_3 (C-1A)",C-1A,becknic,mineral,mineral.carbonate.none.medium.vswir.c-1a.jpl.beckman.spectrum.txt,0.002163,0.997928,0.883721,0.001488,0.898523,1.000000,0.002984,0.998250,1.000000,0.000668,1.000000,0.000000,0.000797,1.000000,0.000000
"Strontianite SrCO_3 (C-1A)",C-1A,becknic,mineral,mineral.carbonate.none.medium.vswir.c-1a.jpl.perkin.spectrum.txt,0.001678,0.998623,0.883721,0.000894,0.970500,1.000000,0.004708,0.996327,1.000000,0.000755,1.000000,0.000000,0.000771,1.000000,0.000000
"Witherite BaCO_3 (C-2A)",C-2A,becknic,mineral,mineral.carbonate.none.medium.vswir.c-2a.jpl.beckman.spectrum.txt,0.001721,0.998872,0.883721,0.000813,0.928708,1.000000,0.005914,0.991486,1.000000,0.000461,1.000000,0.000000,0.000687,1.000000,0.000000
"Witherite BaCO_3 (C-2A)",C-2A,becknic,mineral,mineral.carbonate.none.medium.vswir.c-2a.jpl.perkin.spectrum.txt,0.001525,0.999247,0.883721,0.001635,0.615907,1.000000,0.008276,0.987070,1.000000,0.000405,1.000000,0.000000,0.000739,1.000000,0.000000
"Calcite CaCO_3 (C-3A)",C-3A,becknic,mineral,mineral.carbonate.none.medium.vswir.c-3a.jpl.beckman.spectrum.txt,0.001617,0.999640,0.883721,0.001098,0.881596,1.000000,0.001955,0.999207,1.000000,0.000538,1.000000,0.000000,0.000733,1.000000,0.000000
"Calcite CaCO_3 (C-3A)",C-3A,becknic,mineral,mineral.carbonate.none.medium.vswir.c-3a.jpl.perkin.spectrum.txt,0.000567,0.999964,0.883721,0.001100,0.820699,1.000000,0.003656,0.997945,1.000000,0.000611,1.000000,0.000000,0.000753,1.000000,0.000000
"Calcite CaCO_3 (C-3D)",C-3D,becknic,mineral,mineral.carbonate.none.medium.vswir.c-3d.jpl.beckman.spectrum.txt,0.001944,0.999565,0.883721,0.001317,0.986480,1.000000,0.003225,0.995306,1.000000,0.000584,1.000000,0.000000,0.000708,1.000000,0.000000
"Calcite CaCO_3 (C-3D)",C-3D,becknic,mineral,mineral.carbonate.none.medium.vswir.c-3d.jpl.perkin.spectrum.txt,0.001080,0.999880,0.883721,0.000635,0.996134,1.000000,0.002723,0.997484,1.000000,0.000779,1.000000,0.000000,0.000832,1.000000,0.000000
"Calcite CaCO_3 (C-3E)",C-3E,becknic,mineral,mineral.carbonate.none.medium.vswir.c-3e.jpl.beckman.spectrum.txt,0.002463,0.997140,0.883721,0.001925,0.938282,1.000000,0.003093,0.998487,1.000000,0.000486,1.000000,0.000000,0.000628,1.000000,0.000000
"Calcite CaCO_3 (C-3E)",C-3E,becknic,mineral,mineral.carbonate.none.medium.vswir.c-3e.jpl.perkin.spectrum.txt,0.001332,0.999356,0.883721,0.000748,0.990685,1.000000,0.004889,0.997023,1.000000,0.000546,1.000000,0.000000,0.000736,1.000000,0.000000
"Trona Na_3(CO_3)(HCO_3).2H_2O (C-4A)",C-4A,becknic,mineral,mineral.carbonate.none.medium.vswir.c-4a.jpl.beckman.spectrum.txt,0.001820,0.999452,0.883721,0.001192,0.876837,1.000000,0.008525,0.998695,1.000000,0.000544,1.000000,0.000000,0.000354,1.000000,0.000000
"Trona Na_3(CO_3)(HCO_3).2H_2O (C-4A)",C-4A,becknic,mineral,mineral.carbonate.none.medium.vswir.c-4a.jpl.perkin.spectrum.txt,0.000888,0.999882,0.883721,0.001702,0.746088,1.000000,0.009773,0.998461,1.000000,0.000550,1.000000,0.000000,0.000359,1.000000,0.000000
"Dolomite CaMg(CO_3)_2 (C-5A)",C-5A,becknic,mineral,mineral.carbonate.none.medium.vswir.c-5a.jpl.beckman.spectrum.txt,0.001830,0.999864,0.883721,0.001852,0.997127,1.000000,0.001704,0.998097,1.000000,0.000770,1.000000,0.000000,0.000621,1.000000,0.000000
"Dolomite CaMg(CO_3)_2 (C-5A)",C-5A,becknic,mineral,mineral.carbonate.none.medium.vswir.c-5a.jpl.perkin.spectrum.txt,0.002671,0.999741,0.883721,0.002233,0.995904,1.000000,0.002893,0.996094,1.000000,0.000785,1.000000,0.000000,0.000616,1.000000,0.000000
"Dolomite CaMg(CO_3)_2 (C-5C)",C-5C,becknic,mineral,mineral.carbonate.none.medium.vswir.c-5c.jpl.beckman.spectrum.txt,0.001947,0.998045,0.883721,0.000679,0.839635,1.000000,0.002663,0.999236,1.000000,0.000770,1.000000,0.000000,0.000621,1.000000,0.000000
"Dolomite CaMg(CO_3)_2 (C-5C)",C-5C,becknic,mineral,mineral.carbonate.none.medium.vswir.c-5c.jpl.perkin.spectrum.txt,0.000904,0.999718,0.883721,0.001391,0.000000,1.000000,0.004805,0.998123,1.000000,0.000790,1.000000,0.000000,0.000615,1.000000,0.000000
"Magnesite MgCO_3 (C-6A)",C-6A,becknic,mineral,mineral.carbonate.none.medium.vswir.c-6a.jpl.beckman.spectrum.txt,0.001517,0.999534,0.883721,0.000946,0.956364,1.000000,0.003806,0.998951,1.000000,0.000786,1.000000,0.000000,0.000605,1.000000,0.000000
"Magnesite MgCO_3 (C-6A)",C-6A,becknic,mineral,mineral.carbonate.none.medium.vswir.c-6a.jpl.perkin.spectrum.txt,0.000805,0.999862,0.883721,0.000831,0.965709,1.000000,0.004220,0.998747,1.000000,0.000769,1.000000,0.000000,0.000622,1.000000,0.000000
"Malachite Cu_2(CO_3)(OH)_2 (C-7A)",C-7A,becknic,mineral,mineral.carbonate.none.medium.vswir.c-7a.jpl.beckman.spectrum.txt,0.005134,0.998851,0.883721,0.001073,0.999063,1.000000,0.004253,0.997572,1.000000,0.000725,1.000000,0.000000,0.000585,1.000000,0.000000
"Malachite Cu_2(CO_3)(OH)_2 (C-7A)",C-7A,becknic,mineral,mineral.carbonate.none.medium.vswir.c-7a.jpl.perkin.spectrum.txt,0.003222,0.999403,0.883721,0.001254,0.998350,1.000000,0.004280,0.997331,1.000000,0.000639,1.000000,0.000000,0.000461,1.000000,0.000000
"Rhodochrosite MnCO_3 (C-8A)",C-8A,becknic,mineral,mineral.carbonate.none.medium.vswir.c-8a.jpl.beckman.spectrum.txt,0.016415,0.975660,0.883721,0.000811,0.966842,1.000000,0.004286,0.994241,1.000000,0.000590,1.000000,0.000000,0.000743,1.000000,0.000000
"Rhodochrosite MnCO_3 (C-8A)",C-8A,becknic,mineral,mineral.carbonate.none.medium.vswir.c-8a.jpl.perkin.spectrum.txt,0.013620,0.983897,0.883721,0.001796,0.808084,1.000000,0.005499,0.991658,1.000000,0.000516,1.000000,0.000000,0.000642,1.000000,0.000000
"Siderite Fe^2+CO_3 (C-9A)",C-9A,becknic,mineral,mineral.carbonate.none.medium.vswir.c-9a.jpl.beckman.spectrum.txt,0.002794,0.999602,0.883721,0.006264,0.996029,1.000000,0.007915,0.998396,1.000000,0.000777,1.000000,0.000000,0.000605,1.000000,0.000000
"Siderite Fe^2+CO_3 (C-9A)",C-9A,becknic,mineral,mineral.carbonate.none.medium.vswir.c-9a.jpl.perkin.spectrum.txt,0.002084,0.999790,0.883721,0.005278,0.997335,1.000000,0.008072,0.998375,1.000000,0.000783,1.000000,0.000000,0.000605,1.000000,0.000000
"Dolomite CaMg(CO_3)_2 (C-5A)",C-5A,becknic,mineral,mineral.carbonate.none.none.vswir.c-5a.jpl.perkin.spectrum.txt,0.002039,0.999865,0.883721,0.000868,0.998852,1.000000,0.001958,0.992876,1.000000,0.000801,1.000000,0.000000,0.000816,1.000000,0.000000
"Aragonite CaCO3 (aragonite_1)",aragonite_1,becknic,mineral,mineral.carbonate.none.solid.tir.aragonite_1.jhu.nicolet.spectrum.txt,0.000128,1.000000,0.000000,0.000247,1.000000,0.000000,0.000301,1.000000,0.300357,0.006875,0.969765,1.000000,0.017045,0.928635,1.000000
"Calcite CaCO3 (calcite_1)",calcite_1,becknic,mineral,mineral.carbonate.none.solid.tir.calcite_1.jhu.nicolet.spectrum.txt,0.000369,1.000000,0.000000,0.000342,1.000000,0.000000,0.000676,1.000000,0.300357,0.015017,0.970314,1.000000,0.011238,0.984703,1.000000
"Cerussite, PbCO3 (cerussite_1)",cerussite_1,becknic,mineral,mineral.carbonate.none.solid.tir.cerussite_1.jhu.nicolet.spectrum.txt,0.000118,1.000000,0.000000,0.000164,1.000000,0.000000,0.000279,1.000000,0.300357,0.000720,0.995345,1.000000,0.005299,0.799413,1.000000
"Dolomite CaMg(CO3)2 (dolomite_1)",dolomite_1,becknic,mineral,mineral.carbonate.none.solid.tir.dolomite_1.jhu.nicolet.spectrum.txt,0.000511,1.000000,0.000000,0.000442,1.000000,0.000000,0.000478,0.988180,0.300357,0.014085,0.988886,1.000000,0.013363,0.984397,1.000000
"Dolomite CaMg(CO3)2 (dolomite_2)",dolomite_2,becknic,mineral,mineral.carbonate.none.solid.tir.dolomite_2.jhu.nicolet.spectrum.txt,0.000510,1.000000,0.000000,0.000393,1.000000,0.000000,0.000555,0.776649,0.300357,0.009400,0.992119,1.000000,0.013978,0.982165,1.000000
"Dolomite CaMg(CO3)2 (dolomite_3)",dolomite_3,becknic,mineral,mineral.carbonate.none.solid.tir.dolomite_3.jhu.nicolet.spectrum.txt,0.000122,1.000000,0.000000,0.000169,1.000000,0.000000,0.000279,0.991232,0.300357,0.006032,0.984060,1.000000,0.006504,0.974559,1.000000
"Kainite MgSO4 * KCL * 3H2O (NMNH83904)",NMNH83904,becknic,mineral,mineral.chloride.none.coarse.all.nmnh83904.usgs.perknic.spectrum.txt,0.000854,0.999432,0.883721,0.003795,0.901385,1.000000,0.013176,0.989206,1.000000,0.004330,0.969034,1.000000,0.010087,0.775059,0.870588
"Carnallite KMgCl3 * 6H2O (NMNH98011)",NMNH98011,becknic,mineral,mineral.chloride.none.coarse.all.nmnh98011.usgs.perknic.spectrum.txt,0.002070,0.999264,0.883721,0.002510,0.990622,1.000000,0.009630,0.980225,1.000000,0.008227,0.979052,1.000000,0.001393,0.988532,0.870588
"Graphite C (E-1A)",E-1A,becknic,mineral,mineral.element.none.coarse.tir.e-1a.jpl.nicolet.spectrum.txt,0.000126,1.000000,0.000000,0.000240,1.000000,0.000000,0.000919,0.703112,0.356929,0.000758,0.993113,1.000000,0.000859,0.994004,1.000000
"Sulphur S (E-2A)",E-2A,becknic,mineral,mineral.element.none.coarse.tir.e-2a.jpl.nicolet.spectrum.txt,0.000303,1.000000,0.000000,0.000845,1.000000,0.000000,0.000814,1.000000,0.356929,0.005290,0.924669,1.000000,0.017832,0.993281,1.000000
"Graphite C (E-1A)",E-1A,becknic,mineral,mineral.element.none.coarse.vswir.e-1a.jpl.beckman.spectrum.txt,0.000756,0.962038,0.883721,0.000507,0.761733,1.000000,0.000366,0.992674,1.000000,0.000302,1.000000,0.000000,0.000280,1.000000,0.000000
"Graphite C (E-1A)",E-1A,becknic,mineral,mineral.element.none.coarse.vswir.e-1a.jpl.perkin.spectrum.txt,0.000277,0.990698,0.883721,0.000500,1.000000,1.000000,0.000518,0.986846,1.000000,0.000338,1.000000,0.000000,0.000300,1.000000,0.000000
"Sulphur S (E-2A)",E-2A,becknic,mineral,mineral.element.none.coarse.vswir.e-2a.jpl.beckman.spectrum.txt,0.016136,0.997920,0.883721,0.001064,0.644619,1.000000,0.001340,0.892325,1.000000,0.001024,0.000000,0.000000,0.001376,0.000000,0.000000
"Sulphur S (E-2A)",E-2A,becknic,mineral,mineral.element.none.coarse.vswir.e-2a.jpl.perkin.spectrum.txt,0.018428,0.996996,0.883721,0.001276,0.875771,1.000000,0.001244,0.908196,1.000000,0.000587,1.000000,0.000000,0.000867,1.000000,0.000000
"Graphite C (E-1A)",E-1A,becknic,mineral,mineral.element.none.fine.tir.e-1a.jpl.nicolet.spectrum.txt,0.000126,1.000000,0.000000,0.000229,1.000000,0.000000,0.000843,0.599212,0.356929,0.000866,0.978608,1.000000,0.000886,0.973039,1.000000
"Sulphur S (E-2A)",E-2A,becknic,mineral,mineral.element.none.fine.tir.e-2a.jpl.nicolet.spectrum.txt,0.000274,1.000000,0.000000,0.000747,1.000000,0.000000,0.000940,0.705550,0.356929,0.004759,0.876743,1.000000,0.009070,0.995029,1.000000
"Graphite C (E-1A)",E-1A,becknic,mineral,mineral.element.none.fine.vswir.e-1a.jpl.beckman.spectrum.txt,0.000565,0.948092,0.883721,0.000506,0.756155,1.000000,0.000487,0.985955,1.000000,0.000334,1.000000,0.000000,0.000297,1.000000,0.000000
"Graphite C (E-1A)",E-1A,becknic,mineral,mineral.element.none.fine.vswir.e-1a.jpl.perkin.spectrum.txt,0.000279,0.991357,0.883721,0.000531,0.753715,1.000000,0.000498,0.984289,1.000000,0.000312,1.000000,0.000000,0.000286,1.000000,0.000000
"Sulphur S (E-2A)",E-2A,becknic,mineral,mineral.element.none.fine.vswir.e-2a.jpl.beckman.spectrum.txt,0.014649,0.997992,0.883721,0.002576,-0.192416,1.000000,0.001804,0.836342,1.000000,0.000754,1.000000,0.000000,0.001055,0.000000,0.000000
"Sulphur S (E-2A)",E-2A,becknic,mineral,mineral.element.none.fine.vswir.e-2a.jpl.perkin.spectrum.txt,0.014345,0.997860,0.883721,0.001152,0.597295,1.000000,0.001212,0.944524,1.000000,0.000525,1.000000,0.000000,0.000774,1.000000,0.000000
"Graphite C (E-1A)",E-1A,becknic,mineral,mineral.element.none.medium.tir.e-1a.jpl.nicolet.spectrum.txt,0.000126,1.000000,0.000000,0.000235,1.000000,0.000000,0.000787,0.516793,0.356929,0.000793,0.990168,1.000000,0.000883,0.988548,1.000000
"Sulphur S (E-2A)",E-2A,becknic,mineral,mineral.element.none.medium.tir.e-2a.jpl.nicolet.spectrum.txt,0.000371,1.000000,0.000000,0.001067,0.000000,0.000000,0.000824,1.000000,0.356929,0.005069,0.880472,1.000000,0.009025,0.997248,1.000000
"Graphite C (E-1A)",E-1A,becknic,mineral,mineral.element.none.medium.vswir.e-1a.jpl.beckman.spectrum.txt,0.000420,0.966005,0.883721,0.000460,0.791199,1.000000,0.000360,0.987483,1.000000,0.000246,1.000000,0.000000,0.000268,1.000000,0.000000
"Graphite C (E-1A)",E-1A,becknic,mineral,mineral.element.none.medium.vswir.e-1a.jpl.perkin.spectrum.txt,0.000224,0.993543,0.883721,0.000504,1.000000,1.000000,0.000466,0.981961,1.000000,0.000253,1.000000,0.000000,0.000269,1.000000,0.000000
"Sulphur S (E-2A)",E-2A,becknic,mineral,mineral.element.none.medium.vswir.e-2a.jpl.beckman.spectrum.txt,0.005132,0.999782,0.883721,0.001542,-0.112485,1.000000,0.001567,0.887107,1.000000,0.001073,0.000000,0.000000,0.001444,0.000000,0.000000
"Sulphur S (E-2A)",E-2A,becknic,mineral,mineral.element.none.medium.vswir.e-2a.jpl.perkin.spectrum.txt,0.006319,0.999663,0.883721,0.000553,1.000000,1.000000,0.001381,0.972104,1.000000,0.000648,1.000000,0.000000,0.001000,1.000000,0.000000
"Fluorite CaF2 (flourite_1)",flourite_1,becknic,mineral,mineral.halide.none.coarse.tir.flourite_1.jhu.nicolet.spectrum.txt,0.000165,1.000000,0.000000,0.000279,1.000000,0.000000,0.000358,1.000000,0.300357,0.000502,0.967737,1.000000,0.000373,0.999765,1.000000
"Cryolite Na_3AlF_6 (H-1A)",H-1A,becknic,mineral,mineral.halide.none.coarse.tir.h-1a.jpl.nicolet.spectrum.txt,0.000224,1.000000,0.000000,0.000607,1.000000,0.000000,0.001061,0.976767,0.356929,0.007994,0.995672,1.000000,0.012956,0.993545,1.000000
"Fluorite CaF_2 (H-2A)",H-2A,becknic,mineral,mineral.halide.none.coarse.tir.h-2a.jpl.nicolet.spectrum.txt,0.000216,1.000000,0.000000,0.000636,1.000000,0.000000,0.001021,0.790249,0.356929,0.005144,0.995235,1.000000,0.008528,0.999128,1.000000
"Fluorite CaF_2 (H-2B)",H-2B,becknic,mineral,mineral.halide.none.coarse.tir.h-2b.jpl.nicolet.spectrum.txt,0.000310,1.000000,0.000000,0.000292,1.000000,0.000000,0.001315,0.993856,0.356929,0.005473,0.999062,1.000000,0.005034,0.997723,1.000000
"Halite NaCl (H-3A)",H-3A,becknic,mineral,mineral.halide.none.coarse.tir.h-3a.jpl.nicolet.spectrum.txt,0.000219,1.000000,0.000000,0.000613,1.000000,0.000000,0.001540,0.964014,0.356929,0.005100,0.998389,1.000000,0.002877,0.998851,1.000000
"Atacamite Cu_2Cl(OH)_3 (H-4A)",H-4A,becknic,mineral,mineral.halide.none.coarse.tir.h-4a.jpl.nicolet.spectrum.txt,0.000471,1.000000,0.000000,0.000533,1.000000,0.000000,0.005988,0.978154,0.356929,0.003774,0.951041,1.000000,0.001215,0.993295,1.000000
"Cryolite Na_3AlF_6 (H-1A)",H-1A,becknic,mineral,mineral.halide.none.coarse.vswir.h-1a.jpl.beckman.spectrum.txt,0.000922,0.979353,0.883721,0.000508,0.937035,1.000000,0.002590,0.973316,1.000000,0.000533,1.000000,0.000000,0.000785,1.000000,0.000000
"Cryolite Na_3AlF_6 (H-1A)",H-1A,becknic,mineral,mineral.halide.none.coarse.vswir.h-1a.jpl.perkin.spectrum.txt,0.000337,0.996001,0.883721,0.000661,0.990651,1.000000,0.002529,0.965176,1.000000,0.000568,1.000000,0.000000,0.000695,1.000000,0.000000
"Fluorite CaF_2 (H-2A)",H-2A,becknic,mineral,mineral.halide.none.coarse.vswir.h-2a.jpl.beckman.spectrum.txt,0.001969,0.998591,0.883721,0.000635,0.990283,1.000000,0.001992,0.872262,1.000000,0.000569,1.000000,0.000000,0.000692,1.000000,0.000000
"Fluorite CaF_2 (H-2A)",H-2A,becknic,mineral,mineral.halide.none.coarse.vswir.h-2a.jpl.perkin.spectrum.txt,0.001616,0.999019,0.883721,0.000496,0.993066,1.000000,0.001388,0.977871,1.000000,0.000579,1.000000,0.000000,0.000676,1.000000,0.000000
"Fluorite CaF_2 (H-2B)",H-2B,becknic,mineral,mineral.halide.none.coarse.vswir.h-2b.jpl.beckman.spectrum.txt,0.001588,0.996534,0.883721,0.000987,0.925771,1.000000,0.002001,0.993105,1.000000,0.000704,1.000000,0.000000,0.000771,1.000000,0.000000
"Fluorite CaF_2 (H-2B)",H-2B,becknic,mineral,mineral.halide.none.coarse.vswir.h-2b.jpl.perkin.spectrum.txt,0.001821,0.992023,0.883721,0.001066,0.984967,1.000000,0.002190,0.986231,1.000000,0.000674,1.000000,0.000000,0.000809,1.000000,0.000000
"Halite NaCl (H-3A)",H-3A,becknic,mineral,mineral.halide.none.coarse.vswir.h-3a.jpl.beckman.spectrum.txt,0.001062,0.996661,0.883721,0.001745,0.529108,1.000000,0.001710,0.981610,1.000000,0.000623,1.000000,0.000000,0.000947,1.000000,0.000000
"Halite NaCl (H-3A)",H-3A,becknic,mineral,mineral.halide.none.coarse.vswir.h-3a.jpl.perkin.spectrum.txt,0.000788,0.997781,0.883721,0.001114,0.907551,1.000000,0.001993,0.968392,1.000000,0.000543,1.000000,0.000000,0.000753,1.000000,0.000000
"Atacamite Cu_2Cl(OH)_3 (H-4A)",H-4A,becknic,mineral,mineral.halide.none.coarse.vswir.h-4a.jpl.beckman.spectrum.txt,0.002888,0.996001,0.883721,0.001496,0.993789,1.000000,0.006047,0.993602,1.000000,0.000535,1.000000,0.000000,0.000346,1.000000,0.000000
"Atacamite Cu_2Cl(OH)_3 (H-4A)",H-4A,becknic,mineral,mineral.halide.none.coarse.vswir.h-4a.jpl.perkin.spectrum.txt,0.002507,0.997137,0.883721,0.001402,0.994425,1.000000,0.006989,0.992206,1.000000,0.000537,1.000000,0.000000,0.000348,1.000000,0.000000
"Fluorite CaF2 (flourite_1)",flourite_1,becknic,mineral,mineral.halide.none.fine.tir.flourite_1.jhu.nicolet.spectrum.txt,0.000331,1.000000,0.000000,0.000956,1.000000,0.000000,0.000648,0.841030,0.300357,0.002226,0.976600,1.000000,0.002351,0.935792,1.000000
"Cryolite Na_3AlF_6 (H-1A)",H-1A,becknic,mineral,mineral.halide.none.fine.tir.h-1a.jpl.nicolet.spectrum.txt,0.000379,1.000000,0.000000,0.001071,0.000000,0.000000,0.001135,0.984590,0.356929,0.006202,0.994467,1.000000,0.017384,0.994270,1.000000
"Fluorite CaF_2 (H-2A)",H-2A,becknic,mineral,mineral.halide.none.fine.tir.h-2a.jpl.nicolet.spectrum.txt,0.000388,1.000000,0.000000,0.001076,0.000000,0.000000,0.001069,0.818190,0.356929,0.005340,0.994102,1.000000,0.005832,0.999519,1.000000
"Fluorite CaF_2 (H-2B)",H-2B,becknic,mineral,mineral.halide.none.fine.tir.h-2b.jpl.nicolet.spectrum.txt,0.000421,1.000000,0.000000,0.000669,1.000000,0.000000,0.002251,0.294321,0.356929,0.004347,0.986117,1.000000,0.006049,0.997767,1.000000
"Halite NaCl (H-3A)",H-3A,becknic,mineral,mineral.halide.none.fine.tir.h-3a.jpl.nicolet.spectrum.txt,0.000225,1.000000,0.000000,0.000607,1.000000,0.000000,0.001488,0.960830,0.356929,0.012278,0.993770,1.000000,0.005001,0.995374,1.000000
"AtacamiteCu_2Cl(OH)_3 (H-4A)",H-4A,becknic,mineral,mineral.halide.none.fine.tir.h-4a.jpl.nicolet.spectrum.txt,0.000446,1.000000,0.000000,0.000651,1.000000,0.000000,0.008342,0.958631,0.356929,0.007574,0.996083,1.000000,0.001386,0.998535,1.000000
"Cryolite Na_3AlF_6 (H-1A)",H-1A,becknic,mineral,mineral.halide.none.fine.vswir.h-1a.jpl.beckman.spectrum.txt,0.001024,0.996705,0.883721,0.001492,-0.605606,1.000000,0.002436,0.948757,1.000000,0.000773,1.000000,0.000000,0.001073,0.000000,0.000000
"Cryolite Na_3AlF_6 (H-1A)",H-1A,becknic,mineral,mineral.halide.none.fine.vswir.h-1a.jpl.perkin.spectrum.txt,0.000385,0.999609,0.883721,0.000881,0.341000,1.000000,0.003188,0.973025,1.000000,0.000616,1.000000,0.000000,0.000908,1.000000,0.000000
"Fluorite CaF_2 (H-2A)",H-2A,becknic,mineral,mineral.halide.none.fine.vswir.h-2a.jpl.beckman.spectrum.txt,0.001590,0.993404,0.883721,0.001134,0.812141,1.000000,0.001439,0.824385,1.000000,0.000894,1.000000,0.000000,0.001207,0.000000,0.000000
"Fluorite CaF_2 (H-2A)",H-2A,becknic,mineral,mineral.halide.none.fine.vswir.h-2a.jpl.perkin.spectrum.txt,0.001064,0.998187,0.883721,0.000898,0.229576,1.000000,0.001556,0.979096,1.000000,0.000675,1.000000,0.000000,0.001001,0.000000,0.000000
"Fluorite CaF_2 (H-2B)",H-2B,becknic,mineral,mineral.halide.none.fine.vswir.h-2b.jpl.beckman.spectrum.txt,0.001285,0.955291,0.883721,0.000870,0.826838,1.000000,0.001429,0.925164,1.000000,0.000813,1.000000,0.000000,0.000702,1.000000,0.000000
"Fluorite CaF_2 (H-2B)",H-2B,becknic,mineral,mineral.halide.none.fine.vswir.h-2b.jpl.perkin.spectrum.txt,0.001199,0.986076,0.883721,0.000707,0.969094,1.000000,0.001255,0.969568,1.000000,0.000644,1.000000,0.000000,0.000758,1.000000,0.000000
"Halite NaCl (H-3A)",H-3A,becknic,mineral,mineral.halide.none.fine.vswir.h-3a.jpl.beckman.spectrum.txt,0.001157,0.995113,0.883721,0.002399,0.217577,1.000000,0.001868,0.987026,1.000000,0.000626,1.000000,0.000000,0.000973,1.000000,0.000000
"Halite NaCl (H-3A)",H-3A,becknic,mineral,mineral.halide.none.fine.vswir.h-3a.jpl.perkin.spectrum.txt,0.000728,0.998730,0.883721,0.000917,0.982215,1.000000,0.002707,0.971869,1.000000,0.000493,1.000000,0.000000,0.000791,1.000000,0.000000
"AtacamiteCu_2Cl(OH)_3 (H-4A)",H-4A,becknic,mineral,mineral.halide.none.fine.vswir.h-4a.jpl.beckman.spectrum.txt,0.003133,0.998503,0.883721,0.002222,0.999207,1.000000,0.005516,0.995460,1.000000,0.000744,1.000000,0.000000,0.000643,1.000000,0.000000
"AtacamiteCu_2Cl(OH)_3 (H-4A)",H-4A,becknic,mineral,mineral.halide.none.fine.vswir.h-4a.jpl.perkin.spectrum.txt,0.003222,0.998408,0.883721,0.001573,0.999554,1.000000,0.006924,0.992853,1.000000,0.000783,1.000000,0.000000,0.000605,1.000000,0.000000
"Cryolite Na_3AlF_6 (H-1A)",H-1A,becknic,mineral,mineral.halide.none.medium.tir.h-1a.jpl.nicolet.spectrum.txt,0.000325,1.000000,0.000000,0.000931,1.000000,0.000000,0.001067,0.983140,0.356929,0.005097,0.996300,1.000000,0.014991,0.995253,1.000000
"Fluorite CaF_2 (H-2A)",H-2A,becknic,mineral,mineral.halide.none.medium.tir.h-2a.jpl.nicolet.spectrum.txt,0.000233,1.000000,0.000000,0.000619,1.000000,0.000000,0.000847,0.375076,0.356929,0.005642,0.987813,1.000000,0.008905,0.999180,1.000000
"Fluorite CaF_2 (H-2B)",H-2B,becknic,mineral,mineral.halide.none.medium.tir.h-2b.jpl.nicolet.spectrum.txt,0.000253,1.000000,0.000000,0.000539,1.000000,0.000000,0.001207,0.962514,0.356929,0.004924,0.998559,1.000000,0.005547,0.998858,1.000000
"Halite NaCl (H-3A)",H-3A,becknic,mineral,mineral.halide.none.medium.tir.h-3a.jpl.nicolet.spectrum.txt,0.000247,1.000000,0.000000,0.000657,1.000000,0.000000,0.000948,0.905023,0.356929,0.005247,0.996586,1.000000,0.002686,0.997922,1.000000
"Atacamite Cu_2Cl(OH)_3 (H-4A)",H-4A,becknic,mineral,mineral.halide.none.medium.tir.h-4a.jpl.nicolet.spectrum.txt,0.000901,1.000000,0.000000,0.000498,1.000000,0.000000,0.008394,0.971183,0.356929,0.005977,0.980254,1.000000,0.001213,0.991539,1.000000
"Cryolite Na_3AlF_6 (H-1A)",H-1A,becknic,mineral,mineral.halide.none.medium.vswir.h-1a.jpl.beckman.spectrum.txt,0.000761,0.988194,0.883721,0.001305,0.114039,1.000000,0.002548,0.920509,1.000000,0.000706,1.000000,0.000000,0.001018,0.000000,0.000000
"Cryolite Na_3AlF_6 (H-1A)",H-1A,becknic,mineral,mineral.halide.none.medium.vswir.h-1a.jpl.perkin.spectrum.txt,0.000345,0.999163,0.883721,0.001562,0.442300,1.000000,0.003004,0.972849,1.000000,0.000542,1.000000,0.000000,0.000798,1.000000,0.000000
"Fluorite CaF_2 (H-2A)",H-2A,becknic,mineral,mineral.halide.none.medium.vswir.h-2a.jpl.beckman.spectrum.txt,0.002547,0.995763,0.883721,0.000947,0.950704,1.000000,0.001283,0.906822,1.000000,0.000650,1.000000,0.000000,0.000999,1.000000,0.000000
"Fluorite CaF_2 (H-2A)",H-2A,becknic,mineral,mineral.halide.none.medium.vswir.h-2a.jpl.perkin.spectrum.txt,0.002151,0.996278,0.883721,0.002055,0.489565,1.000000,0.001486,0.968841,1.000000,0.000533,1.000000,0.000000,0.000766,1.000000,0.000000
"Fluorite CaF_2 (H-2B)",H-2B,becknic,mineral,mineral.halide.none.medium.vswir.h-2b.jpl.beckman.spectrum.txt,0.002334,0.985006,0.883721,0.001825,-0.167634,1.000000,0.001685,0.964953,1.000000,0.000552,1.000000,0.000000,0.000698,1.000000,0.000000
"Fluorite CaF_2 (H-2B)",H-2B,becknic,mineral,mineral.halide.none.medium.vswir.h-2b.jpl.perkin.spectrum.txt,0.002108,0.990585,0.883721,0.001402,0.000000,1.000000,0.001776,0.982475,1.000000,0.000797,1.000000,0.000000,0.000811,1.000000,0.000000
"Halite NaCl (H-3A)",H-3A,becknic,mineral,mineral.halide.none.medium.vswir.h-3a.jpl.beckman.spectrum.txt,0.000970,0.997706,0.883721,0.003331,-1.000000,1.000000,0.002142,0.877786,1.000000,0.000834,1.000000,0.000000,0.001135,0.000000,0.000000
"Halite NaCl (H-3A)",H-3A,becknic,mineral,mineral.halide.none.medium.vswir.h-3a.jpl.perkin.spectrum.txt,0.000433,0.999554,0.883721,0.001333,0.000000,1.000000,0.001399,0.975190,1.000000,0.000551,1.000000,0.000000,0.000812,1.000000,0.000000
"Atacamite Cu_2Cl(OH)_3 (H-4A)",H-4A,becknic,mineral,mineral.halide.none.medium.vswir.h-4a.jpl.beckman.spectrum.txt,0.003075,0.997516,0.883721,0.001887,0.997665,1.000000,0.006329,0.995138,1.000000,0.000699,1.000000,0.000000,0.000475,1.000000,0.000000
"Atacamite Cu_2Cl(OH)_3 (H-4A)",H-4A,becknic,mineral,mineral.halide.none.medium.vswir.h-4a.jpl.perkin.spectrum.txt,0.003141,0.997506,0.883721,0.001885,0.997655,1.000000,0.006880,0.994924,1.000000,0.000582,1.000000,0.000000,0.000446,1.000000,0.000000
"Fluorite CaF2 (flourite_1)",flourite_1,becknic,mineral,mineral.halide.none.solid.tir.flourite_1.jhu.nicolet.spectrum.txt,0.000047,1.000000,0.000000,0.000066,1.000000,0.000000,0.000144,0.997550,0.300357,0.000549,0.996366,1.000000,0.000438,0.999136,1.000000
"Goethite a-Fe+3O(OH) (goethite_1)",goethite_1,becknic,mineral,mineral.hydroxide.none.coarse.tir.goethite_1.jhu.nicolet.spectrum.txt,0.000475,1.000000,0.000000,0.000355,1.000000,0.000000,0.000660,0.990098,0.300357,0.001179,0.987624,1.000000,0.001058,0.995197,1.000000
"Goethite a-Fe+3O(OH) (goethite_2)",goethite_2,becknic,mineral,mineral.hydroxide.none.coarse.tir.goethite_2.jhu.nicolet.spectrum.txt,0.000314,1.000000,0.000000,0.000340,1.000000,0.000000,0.000657,0.996728,0.300357,0.000359,0.997305,1.000000,0.000241,0.992981,1.000000
"Brucite Mg(OH)_2 (OH-1A)",OH-1A,becknic,mineral,mineral.hydroxide.none.coarse.tir.oh-1a.jpl.nicolet.spectrum.txt,0.001279,0.000000,0.000000,0.000536,1.000000,0.000000,0.009491,0.993468,0.356929,0.005782,0.993255,1.000000,0.002471,0.997874,1.000000
"Brucite Mg(OH)_2 (OH-1A)",OH-1A,becknic,mineral,mineral.hydroxide.none.coarse.vswir.oh-1a.jpl.beckman.spectrum.txt,0.007436,0.998118,0.883721,0.015109,0.725151,1.000000,0.016123,0.996328,1.000000,0.000206,1.000000,0.000000,0.000194,1.000000,0.000000
"Brucite Mg(OH)_2 (OH-1A)",OH-1A,becknic,mineral,mineral.hydroxide.none.coarse.vswir.oh-1a.jpl.perkin.spectrum.txt,0.005868,0.998792,0.883721,0.020083,0.601869,1.000000,0.020195,0.994062,1.000000,0.000222,1.000000,0.000000,0.000204,1.000000,0.000000
"Goethite a-Fe+3O(OH) (goethite_1)",goethite_1,becknic,mineral,mineral.hydroxide.none.fine.tir.goethite_1.jhu.nicolet.spectrum.txt,0.001315,0.000000,0.000000,0.000504,1.000000,0.000000,0.001012,0.995596,0.300357,0.006368,0.995482,1.000000,0.010819,0.989009,1.000000
"Goethite a-Fe+3O(OH) (goethite_2)",goethite_2,becknic,mineral,mineral.hydroxide.none.fine.tir.goethite_2.jhu.nicolet.spectrum.txt,0.000709,1.000000,0.000000,0.000672,1.000000,0.000000,0.001493,0.997479,0.300357,0.007607,0.996669,1.000000,0.005583,0.997852,1.000000
"Brucite Mg(OH)_2 (OH-1A)",OH-1A,becknic,mineral,mineral.hydroxide.none.fine.tir.oh-1a.jpl.nicolet.spectrum.txt,0.000229,1.000000,0.000000,0.000822,1.000000,0.000000,0.012450,0.990477,0.356929,0.014671,0.989122,1.000000,0.002835,0.991743,1.000000
"Gibbsite Al(OH)_3 (OH-3A)",OH-3A,becknic,mineral,mineral.hydroxide.none.fine.tir.oh-3a.jpl.nicolet.spectrum.txt,0.000431,1.000000,0.000000,0.000546,1.000000,0.000000,0.009167,0.996583,0.356929,0.008146,0.985969,1.000000,0.002925,0.980445,1.000000
"Brucite Mg(OH)_2 (OH-1A)",OH-1A,becknic,mineral,mineral.hydroxide.none.fine.vswir.oh-1a.jpl.beckman.spectrum.txt,0.003536,0.996545,0.883721,0.004613,0.497550,1.000000,0.012798,0.994117,1.000000,0.000844,1.000000,0.000000,0.000663,1.000000,0.000000
"Brucite Mg(OH)_2 (OH-1A)",OH-1A,becknic,mineral,mineral.hydroxide.none.fine.vswir.oh-1a.jpl.perkin.spectrum.txt,0.001735,0.999621,0.883721,0.006552,0.432331,1.000000,0.017180,0.991368,1.000000,0.000785,1.000000,0.000000,0.000601,1.000000,0.000000
"Goethite alpha Fe^3+O(OH) (OH-2A)",OH-2A,becknic,mineral,mineral.hydroxide.none.fine.vswir.oh-2a.jpl.beckman.spectrum.txt,0.007586,0.996552,0.883721,0.003900,0.983241,1.000000,0.003012,0.991192,1.000000,0.000722,1.000000,0.000000,0.000757,1.000000,0.000000
"Gibbsite Al(OH)_3 (OH-3A)",OH-3A,becknic,mineral,mineral.hydroxide.none.fine.vswir.oh-3a.jpl.beckman.spectrum.txt,0.001296,0.980701,0.883721,0.004894,0.934766,1.000000,0.020102,0.992173,1.000000,0.000804,1.000000,0.000000,0.000617,1.000000,0.000000
"Gibbsite Al(OH)_3 (OH-3A)",OH-3A,becknic,mineral,mineral.hydroxide.none.fine.vswir.oh-3a.jpl.perkin.spectrum.txt,0.000489,0.998021,0.883721,0.005121,0.935982,1.000000,0.023059,0.990307,1.000000,0.000717,1.000000,0.000000,0.000577,1.000000,0.000000
"Brucite Mg(OH)_2 (OH-1A)",OH-1A,becknic,mineral,mineral.hydroxide.none.medium.tir.oh-1a.jpl.nicolet.spectrum.txt,0.000449,1.000000,0.000000,0.000644,1.000000,0.000000,0.014307,0.990465,0.356929,0.011678,0.990672,1.000000,0.001560,0.998603,1.000000
"Brucite Mg(OH)_2 (OH-1A)",OH-1A,becknic,mineral,mineral.hydroxide.none.medium.vswir.oh-1a.jpl.beckman.spectrum.txt,0.005602,0.997965,0.883721,0.009794,0.644425,1.000000,0.014352,0.996434,1.000000,0.000501,1.000000,0.000000,0.000304,1.000000,0.000000
"Brucite Mg(OH)_2 (OH-1A)",OH-1A,becknic,mineral,mineral.hydroxide.none.medium.vswir.oh-1a.jpl.perkin.spectrum.txt,0.004207,0.999007,0.883721,0.013234,0.547610,1.000000,0.020381,0.992740,1.000000,0.000428,1.000000,0.000000,0.000252,1.000000,0.000000
"Goethite a-Fe+3O(OH) (goethite_1)",goethite_1,becknic,mineral,mineral.hydroxide.none.solid.tir.goethite_1.jhu.nicolet.spectrum.txt,0.000451,1.000000,0.000000,0.000348,1.000000,0.000000,0.000685,0.961910,0.300357,0.000994,0.983200,1.000000,0.003459,0.988684,1.000000
"Goethite a-Fe+3O(OH) (goethite_2)",goethite_2,becknic,mineral,mineral.hydroxide.none.solid.tir.goethite_2.jhu.nicolet.spectrum.txt,0.000524,1.000000,0.000000,0.000436,1.000000,0.000000,0.000751,1.000000,0.300357,0.000961,0.947899,1.000000,0.001113,0.995281,1.000000
"Chromite Fe+2Cr2O4 (chromite_1)",chromite_1,becknic,mineral,mineral.oxide.none.coarse.tir.chromite_1.jhu.nicolet.spectrum.txt,0.000052,1.000000,0.000000,0.000073,1.000000,0.000000,0.000138,1.000000,0.300357,0.001106,0.998977,1.000000,0.001966,0.997614,1.000000
"Hematite a-Fe2O3 (hematite_1)",hematite_1,becknic,mineral,mineral.oxide.none.coarse.tir.hematite_1.jhu.nicolet.spectrum.txt,0.000146,1.000000,0.000000,0.000267,1.000000,0.000000,0.000365,0.987453,0.300357,0.000772,0.996445,1.000000,0.001023,0.994471,1.000000
"Ilmenite Fe+2TiO3 (Ilmenite_1)",Ilmenite_1,becknic,mineral,mineral.oxide.none.coarse.tir.ilmenite_1.jhu.nicolet.spectrum.txt,0.000110,1.000000,0.000000,0.000152,1.000000,0.000000,0.000279,1.000000,0.300357,0.000209,1.000000,1.000000,0.001460,0.997270,1.000000
"Magnetite Fe+2Fe2+3O4 (magnet_1)",magnet_1,becknic,mineral,mineral.oxide.none.coarse.tir.magnet_1.jhu.nicolet.spectrum.txt,0.000128,1.000000,0.000000,0.000216,1.000000,0.000000,0.000328,0.947311,0.300357,0.000471,0.990099,1.000000,0.000391,0.994650,1.000000
"Gahnite ZnAl_2O_4 (O-11A)",O-11A,becknic,mineral,mineral.oxide.none.coarse.tir.o-11a.jpl.nicolet.spectrum.txt,0.000114,1.000000,0.000000,0.000159,1.000000,0.000000,0.000853,1.000000,0.356929,0.012951,0.996855,1.000000,0.023676,0.988353,1.000000
"Corundum Al_2O_3 (O-15A)",O-15A,becknic,mineral,mineral.oxide.none.coarse.tir.o-15a.jpl.nicolet.spectrum.txt,0.000228,1.000000,0.000000,0.000786,1.000000,0.000000,0.001600,0.996426,0.356929,0.008297,0.995696,1.000000,0.005064,0.982531,1.000000
"Hematite alpha Fe_2O_3 (O-1A)",O-1A,becknic,mineral,mineral.oxide.none.coarse.tir.o-1a.jpl.nicolet.spectrum.txt,0.000405,1.000000,0.000000,0.000344,1.000000,0.000000,0.000931,0.341349,0.356929,0.001215,0.992214,1.000000,0.000912,0.999089,1.000000
"Rutile TiO_2 (O-2A)",O-2A,becknic,mineral,mineral.oxide.none.coarse.tir.o-2a.jpl.nicolet.spectrum.txt,0.000378,1.000000,0.000000,0.000448,1.000000,0.000000,0.001103,0.984181,0.356929,0.006268,0.992515,1.000000,0.006676,0.997761,1.000000
"Cassiterite SnO_2 (O-3A)",O-3A,becknic,mineral,mineral.oxide.none.coarse.tir.o-3a.jpl.nicolet.spectrum.txt,0.000127,1.000000,0.000000,0.000201,1.000000,0.000000,0.000805,0.512949,0.356929,0.001024,0.998111,1.000000,0.001445,0.999291,1.000000
"Magnetite Fe^2+Fe_2^3+O_4 (O-4A)",O-4A,becknic,mineral,mineral.oxide.none.coarse.tir.o-4a.jpl.nicolet.spectrum.txt,0.000504,1.000000,0.000000,0.000383,1.000000,0.000000,0.000952,0.922811,0.356929,0.001078,0.986401,1.000000,0.000876,0.995001,1.000000
"Pyrolusite MnO_2 (O-6A)",O-6A,becknic,mineral,mineral.oxide.none.coarse.tir.o-6a.jpl.nicolet.spectrum.txt,0.000485,1.000000,0.000000,0.000522,1.000000,0.000000,0.000886,1.000000,0.356929,0.001067,0.980004,1.000000,0.009423,0.977169,1.000000
"Columbite Fe^2+Nb_2O_6 (O-7A)",O-7A,becknic,mineral,mineral.oxide.none.coarse.tir.o-7a.jpl.nicolet.spectrum.txt,0.000315,1.000000,0.000000,0.000340,1.000000,0.000000,0.000912,0.988168,0.356929,0.001402,0.996491,1.000000,0.002235,0.998600,1.000000
"Magnesiochromite MgCr_2O_4 (O-8A)",O-8A,becknic,mineral,mineral.oxide.none.coarse.tir.o-8a.jpl.nicolet.spectrum.txt,0.000131,1.000000,0.000000,0.000192,1.000000,0.000000,0.000885,0.455006,0.356929,0.003389,0.997317,1.000000,0.013588,0.979319,1.000000
"Rutile TiO2 (rutile_1)",rutile_1,becknic,mineral,mineral.oxide.none.coarse.tir.rutile_1.jhu.nicolet.spectrum.txt,0.000473,1.000000,0.000000,0.000545,1.000000,0.000000,0.000939,0.978292,0.300357,0.006545,0.966821,1.000000,0.003070,0.996858,1.000000
"Gahnite ZnAl_2O_4 (O-11A)",O-11A,becknic,mineral,mineral.oxide.none.coarse.vswir.o-11a.jpl.beckman.spectrum.txt,0.009305,0.972403,0.883721,0.006389,0.990253,1.000000,0.010876,0.996231,1.000000,0.000229,1.000000,0.000000,0.000245,1.000000,0.000000
"Gahnite ZnAl_2O_4 (O-11A)",O-11A,becknic,mineral,mineral.oxide.none.coarse.vswir.o-11a.jpl.perkin.spectrum.txt,0.009713,0.969949,0.883721,0.006107,0.991414,1.000000,0.011362,0.995891,1.000000,0.000233,1.000000,0.000000,0.000213,1.000000,0.000000
"Corundum Al_2O_3 (O-15A)",O-15A,becknic,mineral,mineral.oxide.none.coarse.vswir.o-15a.jpl.beckman.spectrum.txt,0.001104,0.940303,0.883721,0.000972,0.930153,1.000000,0.003013,0.998756,1.000000,0.000790,1.000000,0.000000,0.000832,1.000000,0.000000
"Corundum Al_2O_3 (O-15A)",O-15A,becknic,mineral,mineral.oxide.none.coarse.vswir.o-15a.jpl.perkin.spectrum.txt,0.000599,0.998926,0.883721,0.001112,0.944886,1.000000,0.002811,0.999013,1.000000,0.000683,1.000000,0.000000,0.000783,1.000000,0.000000
"Hematite alpha Fe_2O_3 (O-1A)",O-1A,becknic,mineral,mineral.oxide.none.coarse.vswir.o-1a.jpl.beckman.spectrum.txt,0.000820,0.996871,0.883721,0.001668,0.918101,1.000000,0.000528,0.991813,1.000000,0.000460,1.000000,0.000000,0.000265,1.000000,0.000000
"Hematite alpha Fe_2O_3 (O-1A)",O-1A,becknic,mineral,mineral.oxide.none.coarse.vswir.o-1a.jpl.perkin.spectrum.txt,0.000679,0.998519,0.883721,0.002043,0.900174,1.000000,0.000559,0.991997,1.000000,0.000473,1.000000,0.000000,0.000277,1.000000,0.000000
"Rutile TiO_2 (O-2A)",O-2A,becknic,mineral,mineral.oxide.none.coarse.vswir.o-2a.jpl.beckman.spectrum.txt,0.001138,0.986240,0.883721,0.001029,0.993599,1.000000,0.001097,0.996833,1.000000,0.000750,1.000000,0.000000,0.000596,1.000000,0.000000
"Rutile TiO_2 (O-2A)",O-2A,becknic,mineral,mineral.oxide.none.coarse.vswir.o-2a.jpl.perkin.spectrum.txt,0.001505,0.990218,0.883721,0.001634,0.980238,1.000000,0.001134,0.997321,1.000000,0.000845,1.000000,0.000000,0.000628,1.000000,0.000000
"Cassiterite SnO_2 (O-3A)",O-3A,becknic,mineral,mineral.oxide.none.coarse.vswir.o-3a.jpl.beckman.spectrum.txt,0.000651,0.900306,0.883721,0.000581,1.000000,1.000000,0.000450,0.968587,1.000000,0.000213,1.000000,0.000000,0.000266,1.000000,0.000000
"Cassiterite SnO_2 (O-3A)",O-3A,becknic,mineral,mineral.oxide.none.coarse.vswir.o-3a.jpl.perkin.spectrum.txt,0.000174,0.993806,0.883721,0.000535,0.763611,1.000000,0.000433,0.981371,1.000000,0.000220,1.000000,0.000000,0.000250,1.000000,0.000000
"Magnetite Fe^2+Fe_2^3+O_4 (O-4A)",O-4A,becknic,mineral,mineral.oxide.none.coarse.vswir.o-4a.jpl.beckman.spectrum.txt,0.000605,0.943593,0.883721,0.000382,0.977739,1.000000,0.000445,0.999305,1.000000,0.000540,1.000000,0.000000,0.000351,1.000000,0.000000
"Magnetite Fe^2+Fe_2^3+O_4 (O-4A)",O-4A,becknic,mineral,mineral.oxide.none.coarse.vswir.o-4a.jpl.perkin.spectrum.txt,0.000293,0.989158,0.883721,0.000554,0.984198,1.000000,0.000556,0.998959,1.000000,0.000548,1.000000,0.000000,0.000357,1.000000,0.000000
"Pyrolusite MnO_2 (O-6A)",O-6A,becknic,mineral,mineral.oxide.none.coarse.vswir.o-6a.jpl.beckman.spectrum.txt,0.000690,0.971667,0.883721,0.000732,0.801449,1.000000,0.000715,0.992736,1.000000,0.000551,1.000000,0.000000,0.000351,1.000000,0.000000
"Pyrolusite MnO_2 (O-6A)",O-6A,becknic,mineral,mineral.oxide.none.coarse.vswir.o-6a.jpl.perkin.spectrum.txt,0.000303,0.996968,0.883721,0.000604,0.914591,1.000000,0.000779,0.993113,1.000000,0.000545,1.000000,0.000000,0.000343,1.000000,0.000000
"Columbite Fe^2+Nb_2O_6 (O-7A)",O-7A,becknic,mineral,mineral.oxide.none.coarse.vswir.o-7a.jpl.beckman.spectrum.txt,0.000569,0.953107,0.883721,0.000586,1.000000,1.000000,0.000483,0.998293,1.000000,0.000511,1.000000,0.000000,0.000313,1.000000,0.000000
"Columbite Fe^2+Nb_2O_6 (O-7A)",O-7A,becknic,mineral,mineral.oxide.none.coarse.vswir.o-7a.jpl.perkin.spectrum.txt,0.000361,0.988519,0.883721,0.000518,0.766188,1.000000,0.000513,0.997933,1.000000,0.000517,1.000000,0.000000,0.000318,1.000000,0.000000
"Magnesiochromite MgCr_2O_4 (O-8A)",O-8A,becknic,mineral,mineral.oxide.none.coarse.vswir.o-8a.jpl.beckman.spectrum.txt,0.000612,0.872889,0.883721,0.000589,1.000000,1.000000,0.000437,0.995560,1.000000,0.000213,1.000000,0.000000,0.000265,1.000000,0.000000
"Magnesiochromite MgCr_2O_4 (O-8A)",O-8A,becknic,mineral,mineral.oxide.none.coarse.vswir.o-8a.jpl.perkin.spectrum.txt,0.000202,0.994757,0.883721,0.000587,0.814013,1.000000,0.000447,0.991699,1.000000,0.000259,1.000000,0.000000,0.000233,1.000000,0.000000
"Chromite Fe+2Cr2O4 (chromite_1)",chromite_1,becknic,mineral,mineral.oxide.none.fine.tir.chromite_1.jhu.nicolet.spectrum.txt,0.000411,1.000000,0.000000,0.000693,1.000000,0.000000,0.001245,0.994291,0.300357,0.002467,0.999256,1.000000,0.004829,0.999253,1.000000
"Hematite a-Fe2O3 (hematite_1)",hematite_1,becknic,mineral,mineral.oxide.none.fine.tir.hematite_1.jhu.nicolet.spectrum.txt,0.000403,1.000000,0.000000,0.000450,1.000000,0.000000,0.001305,0.997061,0.300357,0.002854,0.999534,1.000000,0.002882,0.997219,1.000000
"Ilmenite Fe+2TiO3 (ilmenite_1)",ilmenite_1,becknic,mineral,mineral.oxide.none.fine.tir.ilmenite_1.jhu.nicolet.spectrum.txt,0.000572,1.000000,0.000000,0.000467,1.000000,0.000000,0.001535,0.994974,0.300357,0.002713,0.999596,1.000000,0.003657,0.999343,1.000000
"Magnetite Fe+2Fe2+3O4 (magnet_1)",magnet_1,becknic,mineral,mineral.oxide.none.fine.tir.magnet_1.jhu.nicolet.spectrum.txt,0.000006,1.000000,0.000000,0.000009,1.000000,0.000000,0.000109,1.000000,0.300357,0.001268,0.991469,1.000000,0.001106,0.999205,1.000000
"Gahnite ZnAl_2O_4 (O-11A)",O-11A,becknic,mineral,mineral.oxide.none.fine.tir.o-11a.jpl.nicolet.spectrum.txt,0.000502,1.000000,0.000000,0.000480,1.000000,0.000000,0.001064,0.992592,0.356929,0.008145,0.998073,1.000000,0.006918,0.997778,1.000000
"Anatase TiO_2 (O-12A)",O-12A,becknic,mineral,mineral.oxide.none.fine.tir.o-12a.jpl.nicolet.spectrum.txt,0.000279,1.000000,0.000000,0.000765,1.000000,0.000000,0.001100,0.995229,0.356929,0.005491,0.998199,1.000000,0.003384,0.996592,1.000000
"Zincite (Zn,Mn)O (O-13A)",O-13A,becknic,mineral,mineral.oxide.none.fine.tir.o-13a.jpl.nicolet.spectrum.txt,0.000376,1.000000,0.000000,0.001070,0.000000,0.000000,0.001249,0.991632,0.356929,0.007220,0.997044,1.000000,0.014118,0.993655,1.000000
"Corundum Al_2O_3 (O-15A)",O-15A,becknic,mineral,mineral.oxide.none.fine.tir.o-15a.jpl.nicolet.spectrum.txt,0.000231,1.000000,0.000000,0.000614,1.000000,0.000000,0.001112,0.989858,0.356929,0.010658,0.995769,1.000000,0.011390,0.931305,1.000000
"Hematite alpha Fe_2O_3 (O-1A)",O-1A,becknic,mineral,mineral.oxide.none.fine.tir.o-1a.jpl.nicolet.spectrum.txt,0.000384,1.000000,0.000000,0.000448,1.000000,0.000000,0.001267,0.978920,0.356929,0.004467,0.988613,1.000000,0.004615,0.995567,1.000000
"Hematite alpha Fe_2O_3 (O-1B)",O-1B,becknic,mineral,mineral.oxide.none.fine.tir.o-1b.jpl.nicolet.spectrum.txt,0.000287,1.000000,0.000000,0.000790,1.000000,0.000000,0.000950,0.994439,0.356929,0.005329,0.998204,1.000000,0.010852,0.994878,1.000000
"Rutile TiO_2 (O-2A)",O-2A,becknic,mineral,mineral.oxide.none.fine.tir.o-2a.jpl.nicolet.spectrum.txt,0.000850,1.000000,0.000000,0.000677,1.000000,0.000000,0.001963,0.930350,0.356929,0.004808,0.992447,1.000000,0.002136,0.999531,1.000000
"Cassiterite SnO_2 (O-3A)",O-3A,becknic,mineral,mineral.oxide.none.fine.tir.o-3a.jpl.nicolet.spectrum.txt,0.000516,1.000000,0.000000,0.000401,1.000000,0.000000,0.001186,0.984962,0.356929,0.000953,0.987791,1.000000,0.000912,0.996989,1.000000
"Magnetite Fe^2+Fe_2^3+O_4 (O-4A)",O-4A,becknic,mineral,mineral.oxide.none.fine.tir.o-4a.jpl.nicolet.spectrum.txt,0.000293,1.000000,0.000000,0.000333,1.000000,0.000000,0.000857,0.760158,0.356929,0.000865,0.967802,1.000000,0.000871,0.981021,1.000000
"Pyrolusite MnO_2 (O-6A)",O-6A,becknic,mineral,mineral.oxide.none.fine.tir.o-6a.jpl.nicolet.spectrum.txt,0.000529,1.000000,0.000000,0.000432,1.000000,0.000000,0.000930,0.971987,0.356929,0.001369,0.988904,1.000000,0.002414,0.997335,1.000000
"Columbite Fe^2+Nb_2O_6 (O-7A)",O-7A,becknic,mineral,mineral.oxide.none.fine.tir.o-7a.jpl.nicolet.spectrum.txt,0.001081,0.000000,0.000000,0.000561,1.000000,0.000000,0.001984,0.997495,0.356929,0.005536,0.994141,1.000000,0.001894,0.999631,1.000000
"Magnesiochromite MgCr_2O_4 (O-8A)",O-8A,becknic,mineral,mineral.oxide.none.fine.tir.o-8a.jpl.nicolet.spectrum.txt,0.000126,1.000000,0.000000,0.000229,1.000000,0.000000,0.000976,0.565479,0.356929,0.007777,0.998308,1.000000,0.006459,0.997941,1.000000
"Rutile TiO2 (rutile_1)",rutile_1,becknic,mineral,mineral.oxide.none.fine.tir.rutile_1.jhu.nicolet.spectrum.txt,0.000430,1.000000,0.000000,0.000451,1.000000,0.000000,0.001400,0.985944,0.300357,0.003122,0.999445,1.000000,0.004931,0.999431,1.000000
"Gahnite ZnAl_2O_4 (O-11A)",O-11A,becknic,mineral,mineral.oxide.none.fine.vswir.o-11a.jpl.beckman.spectrum.txt,0.003712,0.995771,0.883721,0.001647,0.993428,1.000000,0.004492,0.999630,1.000000,0.000656,1.000000,0.000000,0.000465,1.000000,0.000000
"Gahnite ZnAl_2O_4 (O-11A)",O-11A,becknic,mineral,mineral.oxide.none.fine.vswir.o-11a.jpl.perkin.spectrum.txt,0.003948,0.995908,0.883721,0.001895,0.991955,1.000000,0.005057,0.999549,1.000000,0.000501,1.000000,0.000000,0.000355,1.000000,0.000000
"Anatase TiO_2 (O-12A)",O-12A,becknic,mineral,mineral.oxide.none.fine.vswir.o-12a.jpl.beckman.spectrum.txt,0.004133,0.990962,0.883721,0.001443,-0.265258,1.000000,0.001914,0.996388,1.000000,0.000545,1.000000,0.000000,0.000803,1.000000,0.000000
"Anatase TiO_2 (O-12A)",O-12A,becknic,mineral,mineral.oxide.none.fine.vswir.o-12a.jpl.perkin.spectrum.txt,0.005522,0.992560,0.883721,0.001195,0.742898,1.000000,0.002596,0.996553,1.000000,0.000525,1.000000,0.000000,0.000765,1.000000,0.000000
"Zincite (Zn,Mn)O (O-13A)",O-13A,becknic,mineral,mineral.oxide.none.fine.vswir.o-13a.jpl.beckman.spectrum.txt,0.005065,0.995612,0.883721,0.000627,0.932712,1.000000,0.001500,0.995193,1.000000,0.000646,1.000000,0.000000,0.001001,0.000000,0.000000
"Zincite (Zn,Mn)O (O-13A)",O-13A,becknic,mineral,mineral.oxide.none.fine.vswir.o-13a.jpl.perkin.spectrum.txt,0.000489,0.998021,0.883721,0.005121,0.935982,1.000000,0.023059,0.990307,1.000000,0.000717,1.000000,0.000000,0.000577,1.000000,0.000000
"Periclase MgO (O-14A)",O-14A,becknic,mineral,mineral.oxide.none.fine.vswir.o-14a.jpl.beckman.spectrum.txt,0.000986,0.878094,0.883721,0.002700,-0.013844,1.000000,0.005427,0.995991,1.000000,0.000798,1.000000,0.000000,0.000823,1.000000,0.000000
"Corundum Al_2O_3 (O-15A)",O-15A,becknic,mineral,mineral.oxide.none.fine.vswir.o-15a.jpl.beckman.spectrum.txt,0.001196,0.878932,0.883721,0.001190,0.847781,1.000000,0.001686,0.995324,1.000000,0.000568,1.000000,0.000000,0.000694,1.000000,0.000000
"Corundum Al_2O_3 (O-15A)",O-15A,becknic,mineral,mineral.oxide.none.fine.vswir.o-15a.jpl.perkin.spectrum.txt,0.000443,0.997436,0.883721,0.001525,0.438216,1.000000,0.001680,0.997608,1.000000,0.000473,1.000000,0.000000,0.000803,1.000000,0.000000
"Hematite alpha Fe_2O_3 (O-1A)",O-1A,becknic,mineral,mineral.oxide.none.fine.vswir.o-1a.jpl.beckman.spectrum.txt,0.002136,0.999277,0.883721,0.006321,0.971602,1.000000,0.001092,0.991933,1.000000,0.000791,1.000000,0.000000,0.000653,1.000000,0.000000
"Hematite alpha Fe_2O_3 (O-1A)",O-1A,becknic,mineral,mineral.oxide.none.fine.vswir.o-1a.jpl.perkin.spectrum.txt,0.001499,0.999368,0.883721,0.005405,0.975098,1.000000,0.000877,0.992065,1.000000,0.000795,1.000000,0.000000,0.000607,1.000000,0.000000
"Hematite alpha Fe_2O_3 (O-1B)",O-1B,becknic,mineral,mineral.oxide.none.fine.vswir.o-1b.jpl.beckman.spectrum.txt,0.005676,0.998075,0.883721,0.003000,0.999401,1.000000,0.004457,0.987001,1.000000,0.000578,1.000000,0.000000,0.000677,1.000000,0.000000
"Hematite alpha Fe_2O_3 (O-1B)",O-1B,becknic,mineral,mineral.oxide.none.fine.vswir.o-1b.jpl.perkin.spectrum.txt,0.004929,0.998002,0.883721,0.002793,0.999472,1.000000,0.005693,0.989060,1.000000,0.000591,1.000000,0.000000,0.000675,1.000000,0.000000
"Rutile TiO_2 (O-2A)",O-2A,becknic,mineral,mineral.oxide.none.fine.vswir.o-2a.jpl.beckman.spectrum.txt,0.001463,0.999753,0.883721,0.001913,0.985188,1.000000,0.001354,0.994923,1.000000,0.000518,1.000000,0.000000,0.000712,1.000000,0.000000
"Rutile TiO_2 (O-2A)",O-2A,becknic,mineral,mineral.oxide.none.fine.vswir.o-2a.jpl.perkin.spectrum.txt,0.000989,0.999887,0.883721,0.001764,0.987039,1.000000,0.001119,0.995099,1.000000,0.000637,1.000000,0.000000,0.000656,1.000000,0.000000
"Cassiterite SnO_2 (O-3A)",O-3A,becknic,mineral,mineral.oxide.none.fine.vswir.o-3a.jpl.beckman.spectrum.txt,0.001055,0.998672,0.883721,0.001295,0.950896,1.000000,0.000799,0.999155,1.000000,0.000424,1.000000,0.000000,0.000253,1.000000,0.000000
"Cassiterite SnO_2 (O-3A)",O-3A,becknic,mineral,mineral.oxide.none.fine.vswir.o-3a.jpl.perkin.spectrum.txt,0.000392,0.999754,0.883721,0.001447,0.917600,1.000000,0.000751,0.999097,1.000000,0.000299,1.000000,0.000000,0.000279,1.000000,0.000000
"Magnetite Fe^2+Fe_2^3+O_4 (O-4A)",O-4A,becknic,mineral,mineral.oxide.none.fine.vswir.o-4a.jpl.beckman.spectrum.txt,0.000550,0.908586,0.883721,0.000511,0.924199,1.000000,0.000398,0.997807,1.000000,0.000352,1.000000,0.000000,0.000311,1.000000,0.000000
"Magnetite Fe^2+Fe_2^3+O_4 (O-4A)",O-4A,becknic,mineral,mineral.oxide.none.fine.vswir.o-4a.jpl.perkin.spectrum.txt,0.000340,0.979477,0.883721,0.000476,0.965513,1.000000,0.000466,0.996973,1.000000,0.000364,1.000000,0.000000,0.000313,1.000000,0.000000
"Pyrolusite MnO_2 (O-6A)",O-6A,becknic,mineral,mineral.oxide.none.fine.vswir.o-6a.jpl.beckman.spectrum.txt,0.000556,0.966208,0.883721,0.000620,0.916155,1.000000,0.000674,0.999214,1.000000,0.000521,1.000000,0.000000,0.000362,1.000000,0.000000
"Pyrolusite MnO_2 (O-6A)",O-6A,becknic,mineral,mineral.oxide.none.fine.vswir.o-6a.jpl.perkin.spectrum.txt,0.000128,0.998460,0.883721,0.000448,0.884943,1.000000,0.000677,0.998941,1.000000,0.000551,1.000000,0.000000,0.000349,1.000000,0.000000
"Columbite Fe^2+Nb_2O_6 (O-7A)",O-7A,becknic,mineral,mineral.oxide.none.fine.vswir.o-7a.jpl.beckman.spectrum.txt,0.000873,0.976294,0.883721,0.000452,0.998684,1.000000,0.001589,0.999770,1.000000,0.000671,1.000000,0.000000,0.000588,1.000000,0.000000
"Columbite Fe^2+Nb_2O_6 (O-7A)",O-7A,becknic,mineral,mineral.oxide.none.fine.vswir.o-7a.jpl.perkin.spectrum.txt,0.000162,0.998905,0.883721,0.000537,0.997483,1.000000,0.001410,0.999771,1.000000,0.000990,1.000000,0.000000,0.000607,1.000000,0.000000
"Magnesiochromite MgCr_2O_4 (O-8A)",O-8A,becknic,mineral,mineral.oxide.none.fine.vswir.o-8a.jpl.beckman.spectrum.txt,0.001198,0.997844,0.883721,0.002284,0.991061,1.000000,0.002738,0.998970,1.000000,0.000340,1.000000,0.000000,0.000301,1.000000,0.000000
"Magnesiochromite MgCr_2O_4 (O-8A)",O-8A,becknic,mineral,mineral.oxide.none.fine.vswir.o-8a.jpl.perkin.spectrum.txt,0.001043,0.997910,0.883721,0.001759,0.994197,1.000000,0.002977,0.998653,1.000000,0.000248,1.000000,0.000000,0.000268,1.000000,0.000000
"Gahnite ZnAl_2O_4 (O-11A)",O-11A,becknic,mineral,mineral.oxide.none.medium.tir.o-11a.jpl.nicolet.spectrum.txt,0.000133,1.000000,0.000000,0.000187,1.000000,0.000000,0.000869,0.926668,0.356929,0.011771,0.997610,1.000000,0.013864,0.994510,1.000000
"Corundum Al_2O_3 (O-15A)",O-15A,becknic,mineral,mineral.oxide.none.medium.tir.o-15a.jpl.nicolet.spectrum.txt,0.000216,1.000000,0.000000,0.000630,1.000000,0.000000,0.001638,0.994767,0.356929,0.008594,0.996423,1.000000,0.006249,0.972479,1.000000
"Hematite alpha Fe_2O_3 (O-1A)",O-1A,becknic,mineral,mineral.oxide.none.medium.tir.o-1a.jpl.nicolet.spectrum.txt,0.000507,1.000000,0.000000,0.000388,1.000000,0.000000,0.000877,0.913368,0.356929,0.001842,0.991399,1.000000,0.000937,0.999344,1.000000
"Rutile TiO_2 (O-2A)",O-2A,becknic,mineral,mineral.oxide.none.medium.tir.o-2a.jpl.nicolet.spectrum.txt,0.001041,0.000000,0.000000,0.000549,1.000000,0.000000,0.001378,0.982914,0.356929,0.008812,0.987215,1.000000,0.004589,0.998393,1.000000
"Cassiterite SnO_2 (O-3A)",O-3A,becknic,mineral,mineral.oxide.none.medium.tir.o-3a.jpl.nicolet.spectrum.txt,0.000147,1.000000,0.000000,0.000267,1.000000,0.000000,0.000888,1.000000,0.356929,0.001157,0.997733,1.000000,0.001307,0.999181,1.000000
"Magnetite Fe^2+Fe_2^3+O_4 (O-4A)",O-4A,becknic,mineral,mineral.oxide.none.medium.tir.o-4a.jpl.nicolet.spectrum.txt,0.000496,1.000000,0.000000,0.000374,1.000000,0.000000,0.001085,0.942029,0.356929,0.001058,0.980452,1.000000,0.000778,0.991740,1.000000
"Pyrolusite MnO_2 (O-6A)",O-6A,becknic,mineral,mineral.oxide.none.medium.tir.o-6a.jpl.nicolet.spectrum.txt,0.000498,1.000000,0.000000,0.000490,1.000000,0.000000,0.000898,1.000000,0.356929,0.001129,0.919571,1.000000,0.006327,0.981769,1.000000
"Columbite Fe^2+Nb_2O_6 (O-7A)",O-7A,becknic,mineral,mineral.oxide.none.medium.tir.o-7a.jpl.nicolet.spectrum.txt,0.000508,1.000000,0.000000,0.000445,1.000000,0.000000,0.001256,0.997717,0.356929,0.003192,0.996092,1.000000,0.001898,0.998737,1.000000
"Magnesiochromite MgCr_2O_4 (O-8A)",O-8A,becknic,mineral,mineral.oxide.none.medium.tir.o-8a.jpl.nicolet.spectrum.txt,0.000126,1.000000,0.000000,0.000207,1.000000,0.000000,0.001021,0.542183,0.356929,0.006713,0.997000,1.000000,0.013237,0.984006,1.000000
"Gahnite ZnAl_2O_4 (O-11A)",O-11A,becknic,mineral,mineral.oxide.none.medium.vswir.o-11a.jpl.beckman.spectrum.txt,0.008330,0.982462,0.883721,0.004640,0.992243,1.000000,0.011788,0.997312,1.000000,0.000266,1.000000,0.000000,0.000272,1.000000,0.000000
"Gahnite ZnAl_2O_4 (O-11A)",O-11A,becknic,mineral,mineral.oxide.none.medium.vswir.o-11a.jpl.perkin.spectrum.txt,0.008633,0.982298,0.883721,0.005498,0.989268,1.000000,0.013404,0.996787,1.000000,0.000233,1.000000,0.000000,0.000243,1.000000,0.000000
"Corundum Al_2O_3 (O-15A)",O-15A,becknic,mineral,mineral.oxide.none.medium.vswir.o-15a.jpl.beckman.spectrum.txt,0.001064,0.789505,0.883721,0.001506,0.651334,1.000000,0.002530,0.998000,1.000000,0.000415,1.000000,0.000000,0.000714,1.000000,0.000000
"Corundum Al_2O_3 (O-15A)",O-15A,becknic,mineral,mineral.oxide.none.medium.vswir.o-15a.jpl.perkin.spectrum.txt,0.000456,0.995880,0.883721,0.001468,0.856452,1.000000,0.002482,0.998484,1.000000,0.000705,1.000000,0.000000,0.000741,1.000000,0.000000
"Hematite alpha Fe_2O_3 (O-1A)",O-1A,becknic,mineral,mineral.oxide.none.medium.vswir.o-1a.jpl.beckman.spectrum.txt,0.000854,0.998027,0.883721,0.001995,0.944426,1.000000,0.000541,0.990426,1.000000,0.000537,1.000000,0.000000,0.000348,1.000000,0.000000
"Hematite alpha Fe_2O_3 (O-1A)",O-1A,becknic,mineral,mineral.oxide.none.medium.vswir.o-1a.jpl.perkin.spectrum.txt,0.000768,0.998747,0.883721,0.002243,0.934643,1.000000,0.000578,0.988979,1.000000,0.000539,1.000000,0.000000,0.000350,1.000000,0.000000
"Rutile TiO_2 (O-2A)",O-2A,becknic,mineral,mineral.oxide.none.medium.vswir.o-2a.jpl.beckman.spectrum.txt,0.000849,0.999343,0.883721,0.001057,0.997437,1.000000,0.000942,0.998855,1.000000,0.000947,1.000000,0.000000,0.000641,1.000000,0.000000
"Rutile TiO_2 (O-2A)",O-2A,becknic,mineral,mineral.oxide.none.medium.vswir.o-2a.jpl.perkin.spectrum.txt,0.001776,0.997628,0.883721,0.001851,0.990640,1.000000,0.001183,0.997868,1.000000,0.000948,1.000000,0.000000,0.000653,1.000000,0.000000
"Cassiterite SnO_2 (O-3A)",O-3A,becknic,mineral,mineral.oxide.none.medium.vswir.o-3a.jpl.beckman.spectrum.txt,0.000857,0.899198,0.883721,0.000650,0.707597,1.000000,0.000348,0.980248,1.000000,0.000246,1.000000,0.000000,0.000268,1.000000,0.000000
"Cassiterite SnO_2 (O-3A)",O-3A,becknic,mineral,mineral.oxide.none.medium.vswir.o-3a.jpl.perkin.spectrum.txt,0.000158,0.995967,0.883721,0.000815,0.498621,1.000000,0.000558,0.968101,1.000000,0.000309,1.000000,0.000000,0.000284,1.000000,0.000000
"Magnetite Fe^2+Fe_2^3+O_4 (O-4A)",O-4A,becknic,mineral,mineral.oxide.none.medium.vswir.o-4a.jpl.beckman.spectrum.txt,0.000551,0.917015,0.883721,0.000428,0.966505,1.000000,0.000411,0.999348,1.000000,0.000533,1.000000,0.000000,0.000336,1.000000,0.000000
"Magnetite Fe^2+Fe_2^3+O_4 (O-4A)",O-4A,becknic,mineral,mineral.oxide.none.medium.vswir.o-4a.jpl.perkin.spectrum.txt,0.000572,0.960260,0.883721,0.000415,0.985061,1.000000,0.000508,0.999030,1.000000,0.000536,1.000000,0.000000,0.000346,1.000000,0.000000
"Pyrolusite MnO_2 (O-6A)",O-6A,becknic,mineral,mineral.oxide.none.medium.vswir.o-6a.jpl.beckman.spectrum.txt,0.000642,0.981788,0.883721,0.000532,0.888354,1.000000,0.000834,0.996163,1.000000,0.000503,1.000000,0.000000,0.000356,1.000000,0.000000
"Pyrolusite MnO_2 (O-6A)",O-6A,becknic,mineral,mineral.oxide.none.medium.vswir.o-6a.jpl.perkin.spectrum.txt,0.000338,0.995883,0.883721,0.000451,0.894823,1.000000,0.000898,0.995555,1.000000,0.000517,1.000000,0.000000,0.000339,1.000000,0.000000
"Columbite Fe^2+Nb_2O_6 (O-7A)",O-7A,becknic,mineral,mineral.oxide.none.medium.vswir.o-7a.jpl.beckman.spectrum.txt,0.000487,0.962647,0.883721,0.000477,0.858700,1.000000,0.000844,0.999640,1.000000,0.000723,1.000000,0.000000,0.000537,1.000000,0.000000
"Columbite Fe^2+Nb_2O_6 (O-7A)",O-7A,becknic,mineral,mineral.oxide.none.medium.vswir.o-7a.jpl.perkin.spectrum.txt,0.000224,0.994418,0.883721,0.000601,0.673230,1.000000,0.000887,0.999528,1.000000,0.000672,1.000000,0.000000,0.000469,1.000000,0.000000
"Magnesiochromite MgCr_2O_4 (O-8A)",O-8A,becknic,mineral,mineral.oxide.none.medium.vswir.o-8a.jpl.beckman.spectrum.txt,0.000655,0.771243,0.883721,0.000441,0.978059,1.000000,0.000815,0.996815,1.000000,0.000217,1.000000,0.000000,0.000253,1.000000,0.000000
"Magnesiochromite MgCr_2O_4 (O-8A)",O-8A,becknic,mineral,mineral.oxide.none.medium.vswir.o-8a.jpl.perkin.spectrum.txt,0.000228,0.972284,0.883721,0.000637,0.966908,1.000000,0.000787,0.997601,1.000000,0.000213,1.000000,0.000000,0.000267,1.000000,0.000000
"Chromite Fe+2Cr2O4 (chromite_1)",chromite_1,becknic,mineral,mineral.oxide.none.solid.tir.chromite_1.jhu.nicolet.spectrum.txt,0.000456,1.000000,0.000000,0.000349,1.000000,0.000000,0.000713,1.000000,0.300357,0.000854,0.974102,1.000000,0.012195,0.996327,1.000000
"Hematite a-Fe2O3 (hematite_1)",hematite_1,becknic,mineral,mineral.oxide.none.solid.tir.hematite_1.jhu.nicolet.spectrum.txt,0.000185,1.000000,0.000000,0.000290,1.000000,0.000000,0.000372,1.000000,0.300357,0.000576,0.984638,1.000000,0.002362,0.984289,1.000000
"Ilmenite Fe+2TiO3 (ilmenite_1)",ilmenite_1,becknic,mineral,mineral.oxide.none.solid.tir.ilmenite_1.jhu.nicolet.spectrum.txt,0.000492,1.000000,0.000000,0.000503,1.000000,0.000000,0.000751,1.000000,0.300357,0.000748,0.996249,1.000000,0.006122,0.993230,1.000000
"Magnetite Fe+2Fe2+3O4 (magnet_1)",magnet_1,becknic,mineral,mineral.oxide.none.solid.tir.magnet_1.jhu.nicolet.spectrum.txt,0.000531,1.000000,0.000000,0.000464,1.000000,0.000000,0.001267,0.969895,0.300357,0.000768,0.970351,1.000000,0.000784,0.994777,1.000000
"Rutile TiO2 (rutile_1)",rutile_1,becknic,mineral,mineral.oxide.none.solid.tir.rutile_1.jhu.nicolet.spectrum.txt,0.000169,1.000000,0.000000,0.000282,1.000000,0.000000,0.000537,0.805852,0.300357,0.001472,0.988747,1.000000,0.006428,0.996869,1.000000
"Apatite Ca_5(PO_4)_3F (P-1A)",P-1A,becknic,mineral,mineral.phosphate.none.coarse.tir.p-1a.jpl.nicolet.spectrum.txt,0.000331,1.000000,0.000000,0.000243,1.000000,0.000000,0.003644,0.989014,0.356929,0.021963,0.977821,1.000000,0.020531,0.961974,1.000000
"Montebrasite LiAlPO_4(OH) (P-2A)",P-2A,becknic,mineral,mineral.phosphate.none.coarse.tir.p-2a.jpl.nicolet.spectrum.txt,0.000996,1.000000,0.000000,0.000531,1.000000,0.000000,0.015205,0.959478,0.356929,0.005414,0.987684,1.000000,0.011951,0.983292,1.000000
"Amblygonite (Li,Na)Al(PO_4)(F,OH) (P-3A)",P-3A,becknic,mineral,mineral.phosphate.none.coarse.tir.p-3a.jpl.nicolet.spectrum.txt,0.001285,0.000000,0.000000,0.000530,1.000000,0.000000,0.012143,0.974165,0.356929,0.004505,0.988576,1.000000,0.007761,0.992070,1.000000
"Triphylite Li(Mn,Fe)PO_4 (P-4A)",P-4A,becknic,mineral,mineral.phosphate.none.coarse.tir.p-4a.jpl.nicolet.spectrum.txt,0.000447,1.000000,0.000000,0.000683,1.000000,0.000000,0.002472,0.998342,0.356929,0.010283,0.994682,1.000000,0.011126,0.984119,1.000000
"Apatite Ca_5(PO_4)_3F (P-1A)",P-1A,becknic,mineral,mineral.phosphate.none.coarse.vswir.p-1a.jpl.beckman.spectrum.txt,0.005846,0.994766,0.883721,0.001836,0.998958,1.000000,0.005041,0.983319,1.000000,0.000669,1.000000,0.000000,0.000803,1.000000,0.000000
"Apatite Ca_5(PO_4)_3F (P-1A)",P-1A,becknic,mineral,mineral.phosphate.none.coarse.vswir.p-1a.jpl.perkin.spectrum.txt,0.005485,0.994938,0.883721,0.001872,0.998637,1.000000,0.004999,0.984713,1.000000,0.000677,1.000000,0.000000,0.000811,1.000000,0.000000
"Montebrasite LiAlPO_4(OH) (P-2A)",P-2A,becknic,mineral,mineral.phosphate.none.coarse.vswir.p-2a.jpl.beckman.spectrum.txt,0.001150,0.997240,0.883721,0.000902,0.511730,1.000000,0.013076,0.993668,1.000000,0.000716,1.000000,0.000000,0.000574,1.000000,0.000000
"Montebrasite LiAlPO_4(OH) (P-2A)",P-2A,becknic,mineral,mineral.phosphate.none.coarse.vswir.p-2a.jpl.perkin.spectrum.txt,0.000943,0.998604,0.883721,0.000917,0.908300,1.000000,0.015297,0.992081,1.000000,0.000693,1.000000,0.000000,0.000473,1.000000,0.000000
"Amblygonite (Li,Na)Al(PO_4)(F,OH) (P-3A)",P-3A,becknic,mineral,mineral.phosphate.none.coarse.vswir.p-3a.jpl.beckman.spectrum.txt,0.001698,0.998007,0.883721,0.001050,0.962139,1.000000,0.011007,0.996964,1.000000,0.000752,1.000000,0.000000,0.000597,1.000000,0.000000
"Amblygonite (Li,Na)Al(PO_4)(F,OH) (P-3A)",P-3A,becknic,mineral,mineral.phosphate.none.coarse.vswir.p-3a.jpl.perkin.spectrum.txt,0.000676,0.999570,0.883721,0.000669,0.921551,1.000000,0.011644,0.996426,1.000000,0.000717,1.000000,0.000000,0.000579,1.000000,0.000000
"Triphylite Li(Mn,Fe)PO_4 (P-4A)",P-4A,becknic,mineral,mineral.phosphate.none.coarse.vswir.p-4a.jpl.beckman.spectrum.txt,0.014269,0.950534,0.883721,0.013097,0.987603,1.000000,0.013500,0.997425,1.000000,0.000722,1.000000,0.000000,0.000765,1.000000,0.000000
"Triphylite Li(Mn,Fe)PO_4 (P-4A)",P-4A,becknic,mineral,mineral.phosphate.none.coarse.vswir.p-4a.jpl.perkin.spectrum.txt,0.013227,0.957485,0.883721,0.012937,0.987948,1.000000,0.012185,0.997722,1.000000,0.000787,1.000000,0.000000,0.000711,1.000000,0.000000
"Apatite Ca_5(PO_4)_3F (P-1A)",P-1A,becknic,mineral,mineral.phosphate.none.fine.tir.p-1a.jpl.nicolet.spectrum.txt,0.000231,1.000000,0.000000,0.000616,1.000000,0.000000,0.001470,0.965175,0.356929,0.016993,0.988306,1.000000,0.012532,0.940316,1.000000
"Montebrasite LiAlPO_4(OH) (P-2A)",P-2A,becknic,mineral,mineral.phosphate.none.fine.tir.p-2a.jpl.nicolet.spectrum.txt,0.000418,1.000000,0.000000,0.000672,1.000000,0.000000,0.007835,0.932053,0.356929,0.011786,0.987485,1.000000,0.003694,0.989134,1.000000
"Amblygonite (Li,Na)Al(PO_4)(F,OH) (P-3A)",P-3A,becknic,mineral,mineral.phosphate.none.fine.tir.p-3a.jpl.nicolet.spectrum.txt,0.000235,1.000000,0.000000,0.000783,1.000000,0.000000,0.008525,0.965423,0.356929,0.011908,0.988474,1.000000,0.003890,0.989220,1.000000
"Triphylite Li(Mn,Fe)PO_4 (P-4A)",P-4A,becknic,mineral,mineral.phosphate.none.fine.tir.p-4a.jpl.nicolet.spectrum.txt,0.000219,1.000000,0.000000,0.000668,1.000000,0.000000,0.001574,0.985363,0.356929,0.005186,0.999349,1.000000,0.006740,0.976783,1.000000
"Apatite Ca_5(PO_4)_3F (P-1A)",P-1A,becknic,mineral,mineral.phosphate.none.fine.vswir.p-1a.jpl.beckman.spectrum.txt,0.001607,0.998813,0.883721,0.001002,0.995130,1.000000,0.001402,0.986348,1.000000,0.000561,1.000000,0.000000,0.000726,1.000000,0.000000
"Apatite Ca_5(PO_4)_3F (P-1A)",P-1A,becknic,mineral,mineral.phosphate.none.fine.vswir.p-1a.jpl.perkin.spectrum.txt,0.001061,0.999565,0.883721,0.001166,0.987892,1.000000,0.002348,0.979527,1.000000,0.000621,1.000000,0.000000,0.000698,1.000000,0.000000
"Montebrasite LiAlPO_4(OH) (P-2A)",P-2A,becknic,mineral,mineral.phosphate.none.fine.vswir.p-2a.jpl.beckman.spectrum.txt,0.000691,0.975003,0.883721,0.001989,-0.800965,1.000000,0.003420,0.992495,1.000000,0.000612,1.000000,0.000000,0.000754,1.000000,0.000000
"Montebrasite LiAlPO_4(OH) (P-2A)",P-2A,becknic,mineral,mineral.phosphate.none.fine.vswir.p-2a.jpl.perkin.spectrum.txt,0.000601,0.983409,0.883721,0.000872,0.967282,1.000000,0.005328,0.983772,1.000000,0.000474,1.000000,0.000000,0.000635,1.000000,0.000000
"Amblygonite (Li,Na)Al(PO_4)(F,OH) (P-3A)",P-3A,becknic,mineral,mineral.phosphate.none.fine.vswir.p-3a.jpl.beckman.spectrum.txt,0.001022,0.997156,0.883721,0.001328,0.000000,1.000000,0.003607,0.997545,1.000000,0.000678,1.000000,0.000000,0.000785,1.000000,0.000000
"Amblygonite (Li,Na)Al(PO_4)(F,OH) (P-3A)",P-3A,becknic,mineral,mineral.phosphate.none.fine.vswir.p-3a.jpl.perkin.spectrum.txt,0.001156,0.997484,0.883721,0.001671,-0.178096,1.000000,0.005987,0.994698,1.000000,0.000721,1.000000,0.000000,0.000765,1.000000,0.000000
"Triphylite Li(Mn,Fe)PO_4 (P-4A)",P-4A,becknic,mineral,mineral.phosphate.none.fine.vswir.p-4a.jpl.beckman.spectrum.txt,0.004909,0.996954,0.883721,0.003879,0.999453,1.000000,0.004950,0.999391,1.000000,0.000550,1.000000,0.000000,0.000811,1.000000,0.000000
"Triphylite Li(Mn,Fe)PO_4 (P-4A)",P-4A,becknic,mineral,mineral.phosphate.none.fine.vswir.p-4a.jpl.perkin.spectrum.txt,0.004062,0.998480,0.883721,0.003405,0.999577,1.000000,0.004908,0.999375,1.000000,0.000592,1.000000,0.000000,0.000676,1.000000,0.000000
"Apatite Ca_5(PO_4)_3F (P-1A)",P-1A,becknic,mineral,mineral.phosphate.none.medium.tir.p-1a.jpl.nicolet.spectrum.txt,0.000227,1.000000,0.000000,0.000746,1.000000,0.000000,0.002321,0.980522,0.356929,0.017462,0.989669,1.000000,0.019495,0.953912,1.000000
"Montebrasite LiAlPO_4(OH) (P-2A)",P-2A,becknic,mineral,mineral.phosphate.none.medium.tir.p-2a.jpl.nicolet.spectrum.txt,0.000642,1.000000,0.000000,0.000671,1.000000,0.000000,0.015394,0.959913,0.356929,0.009531,0.988480,1.000000,0.011242,0.984464,1.000000
"Amblygonite (Li,Na)Al(PO_4)(F,OH) (P-3A)",P-3A,becknic,mineral,mineral.phosphate.none.medium.tir.p-3a.jpl.nicolet.spectrum.txt,0.000410,1.000000,0.000000,0.000682,1.000000,0.000000,0.013128,0.971688,0.356929,0.008576,0.988784,1.000000,0.006234,0.993049,1.000000
"Triphylite Li(Mn,Fe)PO_4 (P-4A)",P-4A,becknic,mineral,mineral.phosphate.none.medium.tir.p-4a.jpl.nicolet.spectrum.txt,0.000302,1.000000,0.000000,0.000320,1.000000,0.000000,0.001608,0.998454,0.356929,0.006441,0.998809,1.000000,0.010603,0.981108,1.000000
"Apatite Ca_5(PO_4)_3F (P-1A)",P-1A,becknic,mineral,mineral.phosphate.none.medium.vswir.p-1a.jpl.beckman.spectrum.txt,0.004226,0.996376,0.883721,0.002626,0.995081,1.000000,0.002728,0.990213,1.000000,0.000423,1.000000,0.000000,0.000752,1.000000,0.000000
"Apatite Ca_5(PO_4)_3F (P-1A)",P-1A,becknic,mineral,mineral.phosphate.none.medium.vswir.p-1a.jpl.perkin.spectrum.txt,0.004166,0.996752,0.883721,0.001713,0.997746,1.000000,0.003429,0.990106,1.000000,0.000608,1.000000,0.000000,0.000714,1.000000,0.000000
"Montebrasite LiAlPO_4(OH) (P-2A)",P-2A,becknic,mineral,mineral.phosphate.none.medium.vswir.p-2a.jpl.beckman.spectrum.txt,0.001453,0.991551,0.883721,0.000822,0.737256,1.000000,0.006999,0.997294,1.000000,0.000963,1.000000,0.000000,0.000677,1.000000,0.000000
"Montebrasite LiAlPO_4(OH) (P-2A)",P-2A,becknic,mineral,mineral.phosphate.none.medium.vswir.p-2a.jpl.perkin.spectrum.txt,0.001122,0.996527,0.883721,0.001146,0.542392,1.000000,0.009727,0.995387,1.000000,0.000979,1.000000,0.000000,0.000688,1.000000,0.000000
"Amblygonite (Li,Na)Al(PO_4)(F,OH) (P-3A)",P-3A,becknic,mineral,mineral.phosphate.none.medium.vswir.p-3a.jpl.beckman.spectrum.txt,0.001394,0.997644,0.883721,0.000881,0.948742,1.000000,0.006982,0.998080,1.000000,0.000765,1.000000,0.000000,0.000538,1.000000,0.000000
"Amblygonite (Li,Na)Al(PO_4)(F,OH) (P-3A)",P-3A,becknic,mineral,mineral.phosphate.none.medium.vswir.p-3a.jpl.perkin.spectrum.txt,0.000902,0.999220,0.883721,0.000834,0.931167,1.000000,0.008705,0.997293,1.000000,0.000981,1.000000,0.000000,0.000612,1.000000,0.000000
"Triphylite Li(Mn,Fe)PO_4 (P-4A)",P-4A,becknic,mineral,mineral.phosphate.none.medium.vswir.p-4a.jpl.beckman.spectrum.txt,0.010687,0.979640,0.883721,0.004868,0.999186,1.000000,0.004859,0.999696,1.000000,0.000483,1.000000,0.000000,0.000798,1.000000,0.000000
"Triphylite Li(Mn,Fe)PO_4 (P-4A)",P-4A,becknic,mineral,mineral.phosphate.none.medium.vswir.p-4a.jpl.perkin.spectrum.txt,0.011012,0.979179,0.883721,0.005097,0.999142,1.000000,0.005286,0.999639,1.000000,0.000403,1.000000,0.000000,0.000722,1.000000,0.000000
"Beryl Be3Al2Si6O18 (beryl_1)",beryl_1,becknic,mineral,mineral.silicate.cyclosilicate.coarse.tir.beryl_1.jhu.nicolet.spectrum.txt,0.000508,1.000000,0.000000,0.000461,1.000000,0.000000,0.000879,0.953546,0.300357,0.005244,0.987061,1.000000,0.002683,0.983329,1.000000
"Beryl Be3Al2Si6O18 (beryl_2)",beryl_2,becknic,mineral,mineral.silicate.cyclosilicate.coarse.tir.beryl_2.jhu.nicolet.spectrum.txt,0.000126,1.000000,0.000000,0.000227,1.000000,0.000000,0.000523,0.975442,0.300357,0.001354,0.996717,1.000000,0.002173,0.971633,1.000000
"Cordierite Mg2Al4Si5O18 (cordier_2)",cordier_2,becknic,mineral,mineral.silicate.cyclosilicate.coarse.tir.cordier_2.jhu.nicolet.spectrum.txt,0.000349,1.000000,0.000000,0.000341,1.000000,0.000000,0.000804,0.984693,0.300357,0.002426,0.989876,1.000000,0.004742,0.945807,1.000000
"Tourmaline Na(Mg_3,Fe_3^2+)Al_6(BO_3)_3Si_6O_18(OH)_4 (CS-1A)",CS-1A,becknic,mineral,mineral.silicate.cyclosilicate.coarse.tir.cs-1a.jpl.nicolet.spectrum.txt,0.000128,1.000000,0.000000,0.000219,1.000000,0.000000,0.002035,0.975918,0.356929,0.006900,0.967734,1.000000,0.008056,0.954722,1.000000
"Beryl Be_3Al_2Si_6O_18 (CS-2A)",CS-2A,becknic,mineral,mineral.silicate.cyclosilicate.coarse.tir.cs-2a.jpl.nicolet.spectrum.txt,0.000404,1.000000,0.000000,0.000325,1.000000,0.000000,0.005002,0.990587,0.356929,0.023476,0.988193,1.000000,0.022222,0.937049,1.000000
"Cordierite Mg_2Al_3(Si_5Al)O_18 (CS-3A)",CS-3A,becknic,mineral,mineral.silicate.cyclosilicate.coarse.tir.cs-3a.jpl.nicolet.spectrum.txt,0.000368,1.000000,0.000000,0.000217,1.000000,0.000000,0.003754,0.989488,0.356929,0.014323,0.991855,1.000000,0.033193,0.857813,1.000000
"Ferroaxinite Ca_2Fe^2+Al_2BSi_4O_15(OH) (CS-4A)",CS-4A,becknic,mineral,mineral.silicate.cyclosilicate.coarse.tir.cs-4a.jpl.nicolet.spectrum.txt,0.000248,1.000000,0.000000,0.000316,1.000000,0.000000,0.004353,0.980067,0.356929,0.006540,0.995796,1.000000,0.014894,0.959920,1.000000
"Tourmaline (Elbaite) Na(Li,Al)3Al6(BO3)3Si6018(OH)4 (tourmal_1)",tourmal_1,becknic,mineral,mineral.silicate.cyclosilicate.coarse.tir.tourmal_1.jhu.nicolet.spectrum.txt,0.000179,1.000000,0.000000,0.000287,1.000000,0.000000,0.001936,0.948453,0.300357,0.003017,0.969481,1.000000,0.002267,0.956196,1.000000
"Tourmaline (Schorl) NaFe3+2Al6(BO3)3Si6O18(OH)4 (tourmal_2)",tourmal_2,becknic,mineral,mineral.silicate.cyclosilicate.coarse.tir.tourmal_2.jhu.nicolet.spectrum.txt,0.000128,1.000000,0.000000,0.000219,1.000000,0.000000,0.001295,0.744530,0.300357,0.002000,0.982522,1.000000,0.001312,0.963195,1.000000
"Tourmaline Na(Mg_3,Fe_3^2+)Al_6(BO_3)_3Si_6O_18(OH)_4 (CS-1A)",CS-1A,becknic,mineral,mineral.silicate.cyclosilicate.coarse.vswir.cs-1a.jpl.beckman.spectrum.txt,0.000654,0.928212,0.883721,0.000628,0.630576,1.000000,0.001518,0.993171,1.000000,0.000453,1.000000,0.000000,0.000261,1.000000,0.000000
"Tourmaline Na(Mg_3,Fe_3^2+)Al_6(BO_3)_3Si_6O_18(OH)_4 (CS-1A)",CS-1A,becknic,mineral,mineral.silicate.cyclosilicate.coarse.vswir.cs-1a.jpl.perkin.spectrum.txt,0.000107,0.998341,0.883721,0.000570,0.749466,1.000000,0.001947,0.991822,1.000000,0.000474,1.000000,0.000000,0.000278,1.000000,0.000000
"Beryl Be_3Al_2Si_6O_18 (CS-2A)",CS-2A,becknic,mineral,mineral.silicate.cyclosilicate.coarse.vswir.cs-2a.jpl.beckman.spectrum.txt,0.003873,0.996500,0.883721,0.009002,0.987150,1.000000,0.019423,0.959750,1.000000,0.000886,1.000000,0.000000,0.000627,1.000000,0.000000
"Beryl Be_3Al_2Si_6O_18 (CS-2A)",CS-2A,becknic,mineral,mineral.silicate.cyclosilicate.coarse.vswir.cs-2a.jpl.perkin.spectrum.txt,0.004608,0.994094,0.883721,0.010233,0.981962,1.000000,0.023935,0.940661,1.000000,0.000816,1.000000,0.000000,0.000635,1.000000,0.000000
"Cordierite Mg_2Al_3(Si_5Al)O_18 (CS-3A)",CS-3A,becknic,mineral,mineral.silicate.cyclosilicate.coarse.vswir.cs-3a.jpl.beckman.spectrum.txt,0.002718,0.990026,0.883721,0.002563,0.998562,1.000000,0.008837,0.996638,1.000000,0.000824,1.000000,0.000000,0.000555,1.000000,0.000000
"Cordierite Mg_2Al_3(Si_5Al)O_18 (CS-3A)",CS-3A,becknic,mineral,mineral.silicate.cyclosilicate.coarse.vswir.cs-3a.jpl.perkin.spectrum.txt,0.002308,0.993170,0.883721,0.003191,0.997921,1.000000,0.014409,0.991671,1.000000,0.000950,1.000000,0.000000,0.000656,1.000000,0.000000
"Ferroaxinite Ca_2Fe^2+Al_2BSi_4O_15(OH) (CS-4A)",CS-4A,becknic,mineral,mineral.silicate.cyclosilicate.coarse.vswir.cs-4a.jpl.beckman.spectrum.txt,0.004436,0.997147,0.883721,0.011764,0.992388,1.000000,0.008374,0.974988,1.000000,0.000519,1.000000,0.000000,0.000397,1.000000,0.000000
"Ferroaxinite Ca_2Fe^2+Al_2BSi_4O_15(OH) (CS-4A)",CS-4A,becknic,mineral,mineral.silicate.cyclosilicate.coarse.vswir.cs-4a.jpl.perkin.spectrum.txt,0.004530,0.997303,0.883721,0.013219,0.991723,1.000000,0.009314,0.973230,1.000000,0.000512,1.000000,0.000000,0.000386,1.000000,0.000000
"Beryl Be3Al2Si6O18 (beryl_1)",beryl_1,becknic,mineral,mineral.silicate.cyclosilicate.fine.tir.beryl_1.jhu.nicolet.spectrum.txt,0.000482,1.000000,0.000000,0.001129,0.000000,0.000000,0.001222,-0.172729,0.300357,0.002731,0.984571,1.000000,0.008516,0.996748,1.000000
"Beryl Be3Al2Si6O18 (beryl_2)",beryl_2,becknic,mineral,mineral.silicate.cyclosilicate.fine.tir.beryl_2.jhu.nicolet.spectrum.txt,0.000530,1.000000,0.000000,0.001151,0.000000,0.000000,0.000924,1.000000,0.300357,0.003494,0.990115,1.000000,0.015778,0.994227,1.000000
"Cordierite Mg2Al4Si5O18 (cordier_2)",cordier_2,becknic,mineral,mineral.silicate.cyclosilicate.fine.tir.cordier_2.jhu.nicolet.spectrum.txt,0.000530,1.000000,0.000000,0.001151,0.000000,0.000000,0.000924,1.000000,0.300357,0.003996,0.993746,1.000000,0.024347,0.989785,1.000000
"Tourmaline Na(Mg_3,Fe_3^2+)Al_6(BO_3)_3Si_6O_18(OH)_4 (CS-1A)",CS-1A,becknic,mineral,mineral.silicate.cyclosilicate.fine.tir.cs-1a.jpl.nicolet.spectrum.txt,0.000853,1.000000,0.000000,0.000489,1.000000,0.000000,0.002036,0.992138,0.356929,0.012812,0.976564,1.000000,0.005359,0.934500,1.000000
"Beryl Be_3Al_2Si_6O_18 (CS-2A)",CS-2A,becknic,mineral,mineral.silicate.cyclosilicate.fine.tir.cs-2a.jpl.nicolet.spectrum.txt,0.000437,1.000000,0.000000,0.000587,1.000000,0.000000,0.001869,0.929956,0.356929,0.021485,0.986388,1.000000,0.007126,0.954057,1.000000
"Cordierite Mg_2Al_3(Si_5Al)O_18 (CS-3A)",CS-3A,becknic,mineral,mineral.silicate.cyclosilicate.fine.tir.cs-3a.jpl.nicolet.spectrum.txt,0.000229,1.000000,0.000000,0.000814,1.000000,0.000000,0.001180,0.988999,0.356929,0.025203,0.981539,1.000000,0.011487,0.879931,1.000000
"Ferroaxinite Ca_2Fe^2+Al_2BSi_4O_15(OH) (CS-4A)",CS-4A,becknic,mineral,mineral.silicate.cyclosilicate.fine.tir.cs-4a.jpl.nicolet.spectrum.txt,0.001345,0.000000,0.000000,0.000518,1.000000,0.000000,0.004738,0.991225,0.356929,0.014934,0.992182,1.000000,0.006900,0.974404,1.000000
"Tourmaline (Elbaite) Na(Li,Al)3Al6(BO3)3Si6018(OH)4 (tourmal_1)",tourmal_1,becknic,mineral,mineral.silicate.cyclosilicate.fine.tir.tourmal_1.jhu.nicolet.spectrum.txt,0.000298,1.000000,0.000000,0.000825,1.000000,0.000000,0.001001,0.012851,0.300357,0.004257,0.990177,1.000000,0.012818,0.995020,1.000000
"Tourmaline (Schorl) NaFe3+2Al6(BO3)3Si6O18(OH)4 (tourmal_2)",tourmal_2,becknic,mineral,mineral.silicate.cyclosilicate.fine.tir.tourmal_2.jhu.nicolet.spectrum.txt,0.000233,1.000000,0.000000,0.000620,1.000000,0.000000,0.001416,0.994216,0.300357,0.009882,0.977700,1.000000,0.024209,0.984049,1.000000
"Tourmaline Na(Mg_3,Fe_3^2+)Al_6(BO_3)_3Si_6O_18(OH)_4 (CS-1A)",CS-1A,becknic,mineral,mineral.silicate.cyclosilicate.fine.vswir.cs-1a.jpl.beckman.spectrum.txt,0.000895,0.981586,0.883721,0.000934,0.990304,1.000000,0.001947,0.999705,1.000000,0.000878,1.000000,0.000000,0.000566,1.000000,0.000000
"Tourmaline Na(Mg_3,Fe_3^2+)Al_6(BO_3)_3Si_6O_18(OH)_4 (CS-1A)",CS-1A,becknic,mineral,mineral.silicate.cyclosilicate.fine.vswir.cs-1a.jpl.perkin.spectrum.txt,0.000592,0.987814,0.883721,0.000661,0.992939,1.000000,0.002277,0.999555,1.000000,0.000976,1.000000,0.000000,0.000703,1.000000,0.000000
"Beryl Be_3Al_2Si_6O_18 (CS-2A)",CS-2A,becknic,mineral,mineral.silicate.cyclosilicate.fine.vswir.cs-2a.jpl.beckman.spectrum.txt,0.001344,0.940510,0.883721,0.000958,0.979308,1.000000,0.003977,0.894450,1.000000,0.000608,1.000000,0.000000,0.000750,1.000000,0.000000
"Beryl Be_3Al_2Si_6O_18 (CS-2A)",CS-2A,becknic,mineral,mineral.silicate.cyclosilicate.fine.vswir.cs-2a.jpl.perkin.spectrum.txt,0.000601,0.989728,0.883721,0.000990,0.966329,1.000000,0.006957,0.805330,1.000000,0.000478,1.000000,0.000000,0.000623,1.000000,0.000000
"Cordierite Mg_2Al_3(Si_5Al)O_18 (CS-3A)",CS-3A,becknic,mineral,mineral.silicate.cyclosilicate.fine.vswir.cs-3a.jpl.beckman.spectrum.txt,0.002496,0.997602,0.883721,0.003427,0.994257,1.000000,0.004419,0.993262,1.000000,0.000788,1.000000,0.000000,0.000791,1.000000,0.000000
"Cordierite Mg_2Al_3(Si_5Al)O_18 (CS-3A)",CS-3A,becknic,mineral,mineral.silicate.cyclosilicate.fine.vswir.cs-3a.jpl.perkin.spectrum.txt,0.002336,0.998273,0.883721,0.003140,0.995987,1.000000,0.007283,0.983569,1.000000,0.000755,1.000000,0.000000,0.000832,1.000000,0.000000
"Ferroaxinite Ca_2Fe^2+Al_2BSi_4O_15(OH) (CS-4A)",CS-4A,becknic,mineral,mineral.silicate.cyclosilicate.fine.vswir.cs-4a.jpl.beckman.spectrum.txt,0.002674,0.998452,0.883721,0.003487,0.999550,1.000000,0.007689,0.995955,1.000000,0.000800,1.000000,0.000000,0.000706,1.000000,0.000000
"Ferroaxinite Ca_2Fe^2+Al_2BSi_4O_15(OH) (CS-4A)",CS-4A,becknic,mineral,mineral.silicate.cyclosilicate.fine.vswir.cs-4a.jpl.perkin.spectrum.txt,0.002646,0.998631,0.883721,0.004148,0.999379,1.000000,0.007024,0.996317,1.000000,0.000468,1.000000,0.000000,0.000621,1.000000,0.000000
"Tourmaline Na(Mg_3,Fe_3^2+)Al_6(BO_3)_3Si_6O_18(OH)_4 (CS-1A)",CS-1A,becknic,mineral,mineral.silicate.cyclosilicate.medium.tir.cs-1a.jpl.nicolet.spectrum.txt,0.000527,1.000000,0.000000,0.000434,1.000000,0.000000,0.003608,0.986218,0.356929,0.015009,0.963131,1.000000,0.007704,0.954608,1.000000
"Beryl Be_3Al_2Si_6O_18 (CS-2A)",CS-2A,becknic,mineral,mineral.silicate.cyclosilicate.medium.tir.cs-2a.jpl.nicolet.spectrum.txt,0.000291,1.000000,0.000000,0.000359,1.000000,0.000000,0.003152,0.990476,0.356929,0.026326,0.988887,1.000000,0.020415,0.941114,1.000000
"Cordierite Mg_2Al_3(Si_5Al)O_18 (CS-3A)",CS-3A,becknic,mineral,mineral.silicate.cyclosilicate.medium.tir.cs-3a.jpl.nicolet.spectrum.txt,0.000230,1.000000,0.000000,0.000880,1.000000,0.000000,0.002835,0.988726,0.356929,0.021219,0.988697,1.000000,0.027970,0.858256,1.000000
"Ferroaxinite Ca_2Fe^2+Al_2BSi_4O_15(OH) (CS-4A)",CS-4A,becknic,mineral,mineral.silicate.cyclosilicate.medium.tir.cs-4a.jpl.nicolet.spectrum.txt,0.000482,1.000000,0.000000,0.000532,1.000000,0.000000,0.006024,0.984312,0.356929,0.008776,0.996599,1.000000,0.012179,0.961711,1.000000
"Tourmaline Na(Mg_3,Fe_3^2+)Al_6(BO_3)_3Si_6O_18(OH)_4 (CS-1A)",CS-1A,becknic,mineral,mineral.silicate.cyclosilicate.medium.vswir.cs-1a.jpl.beckman.spectrum.txt,0.000697,0.851090,0.883721,0.000582,0.813829,1.000000,0.004076,0.995677,1.000000,0.000725,1.000000,0.000000,0.000526,1.000000,0.000000
"Tourmaline Na(Mg_3,Fe_3^2+)Al_6(BO_3)_3Si_6O_18(OH)_4 (CS-1A)",CS-1A,becknic,mineral,mineral.silicate.cyclosilicate.medium.vswir.cs-1a.jpl.perkin.spectrum.txt,0.000116,0.997008,0.883721,0.000553,0.781429,1.000000,0.004467,0.994953,1.000000,0.000723,1.000000,0.000000,0.000511,1.000000,0.000000
"Beryl Be_3Al_2Si_6O_18 (CS-2A)",CS-2A,becknic,mineral,mineral.silicate.cyclosilicate.medium.vswir.cs-2a.jpl.beckman.spectrum.txt,0.001808,0.996847,0.883721,0.005407,0.986513,1.000000,0.011573,0.960376,1.000000,0.000801,1.000000,0.000000,0.000608,1.000000,0.000000
"Beryl Be_3Al_2Si_6O_18 (CS-2A)",CS-2A,becknic,mineral,mineral.silicate.cyclosilicate.medium.vswir.cs-2a.jpl.perkin.spectrum.txt,0.001781,0.996065,0.883721,0.007712,0.970449,1.000000,0.018660,0.908089,1.000000,0.000805,1.000000,0.000000,0.000610,1.000000,0.000000
"Cordierite Mg_2Al_3(Si_5Al)O_18 (CS-3A)",CS-3A,becknic,mineral,mineral.silicate.cyclosilicate.medium.vswir.cs-3a.jpl.beckman.spectrum.txt,0.003072,0.989425,0.883721,0.002040,0.999258,1.000000,0.007173,0.996853,1.000000,0.000791,1.000000,0.000000,0.000726,1.000000,0.000000
"Cordierite Mg_2Al_3(Si_5Al)O_18 (CS-3A)",CS-3A,becknic,mineral,mineral.silicate.cyclosilicate.medium.vswir.cs-3a.jpl.perkin.spectrum.txt,0.002953,0.990736,0.883721,0.002212,0.999163,1.000000,0.012240,0.990955,1.000000,0.000602,1.000000,0.000000,0.000743,1.000000,0.000000
"Ferroaxinite Ca_2Fe^2+Al_2BSi_4O_15(OH) (CS-4A)",CS-4A,becknic,mineral,mineral.silicate.cyclosilicate.medium.vswir.cs-4a.jpl.beckman.spectrum.txt,0.005186,0.996788,0.883721,0.014854,0.992723,1.000000,0.010654,0.987272,1.000000,0.000919,1.000000,0.000000,0.000685,1.000000,0.000000
"Ferroaxinite Ca_2Fe^2+Al_2BSi_4O_15(OH) (CS-4A)",CS-4A,becknic,mineral,mineral.silicate.cyclosilicate.medium.vswir.cs-4a.jpl.perkin.spectrum.txt,0.004430,0.997744,0.883721,0.017681,0.990696,1.000000,0.012481,0.984005,1.000000,0.000871,1.000000,0.000000,0.000669,1.000000,0.000000
"Beryl Be3Al2Si6O18 (beryl_1)",beryl_1,becknic,mineral,mineral.silicate.cyclosilicate.solid.tir.beryl_1.jhu.nicolet.spectrum.txt,0.000473,1.000000,0.000000,0.000546,1.000000,0.000000,0.000681,0.866850,0.300357,0.001406,0.987880,1.000000,0.021050,0.978803,1.000000
"Beryl Be3Al2Si6O18 (beryl_2)",beryl_2,becknic,mineral,mineral.silicate.cyclosilicate.solid.tir.beryl_2.jhu.nicolet.spectrum.txt,0.000384,1.000000,0.000000,0.000343,1.000000,0.000000,0.000385,1.000000,0.300357,0.001131,0.978927,1.000000,0.008338,0.992163,1.000000
"Cordierite Mg2Al4Si5O18 (cordier_2)",cordier_2,becknic,mineral,mineral.silicate.cyclosilicate.solid.tir.cordier_2.jhu.nicolet.spectrum.txt,0.000128,1.000000,0.000000,0.000214,1.000000,0.000000,0.000342,1.000000,0.300357,0.001567,0.896171,1.000000,0.012597,0.960460,1.000000
"Tourmaline (Elbaite) Na(Li,Al)3Al6(BO3)3Si6018(OH)4 (tourmal_1)",tourmal_1,becknic,mineral,mineral.silicate.cyclosilicate.solid.tir.tourmal_1.jhu.nicolet.spectrum.txt,0.000470,1.000000,0.000000,0.000518,1.000000,0.000000,0.000771,0.994626,0.300357,0.001498,0.989176,1.000000,0.016123,0.933764,1.000000
"Tourmaline (Schorl) NaFe3+2Al6(BO3)3Si6O18(OH)4 (tourmal_2)",tourmal_2,becknic,mineral,mineral.silicate.cyclosilicate.solid.tir.tourmal_2.jhu.nicolet.spectrum.txt,0.000470,1.000000,0.000000,0.000501,1.000000,0.000000,0.000880,0.944624,0.300357,0.000854,0.994253,1.000000,0.015207,0.969337,1.000000
"Acmite NaFe+3Si2O6 (acmite_2)",acmite_2,becknic,mineral,mineral.silicate.inosilicate.coarse.tir.acmite_2.jhu.nicolet.spectrum.txt,0.000091,1.000000,0.000000,0.000126,1.000000,0.000000,0.000242,0.998381,0.300357,0.001146,0.997518,1.000000,0.001211,0.994128,1.000000
"Augite (Ca,Na)(Mg,Fe,Al,Ti)(Si,Al)2O6 (augite_1)",augite_1,becknic,mineral,mineral.silicate.inosilicate.coarse.tir.augite_1.jhu.nicolet.spectrum.txt,0.000089,1.000000,0.000000,0.000123,1.000000,0.000000,0.000280,0.998513,0.300357,0.001530,0.996758,1.000000,0.001138,0.995321,1.000000
"Augite (Ca,Na)(Mg,Fe,Al,Ti)(Si,Al)2O6 (augite_2)",augite_2,becknic,mineral,mineral.silicate.inosilicate.coarse.tir.augite_2.jhu.nicolet.spectrum.txt,0.000126,1.000000,0.000000,0.000238,1.000000,0.000000,0.000402,0.969325,0.300357,0.001389,0.997466,1.000000,0.001412,0.996208,1.000000
"Bustamite (Mn,Ca)3Si3O9 (bustamite_1)",bustamite_1,becknic,mineral,mineral.silicate.inosilicate.coarse.tir.bustamite_1.jhu.nicolet.spectrum.txt,0.000505,1.000000,0.000000,0.000384,1.000000,0.000000,0.000339,1.000000,0.300357,0.001673,0.997851,1.000000,0.001633,0.982858,1.000000
"Diopside CaMgSi2O6 (diopside_1)",diopside_1,becknic,mineral,mineral.silicate.inosilicate.coarse.tir.diopside_1.jhu.nicolet.spectrum.txt,0.000222,1.000000,0.000000,0.000306,1.000000,0.000000,0.000465,0.987868,0.300357,0.002127,0.995886,1.000000,0.003186,0.984999,1.000000
"Diopside CaMgSi2O6 (diopside_2)",diopside_2,becknic,mineral,mineral.silicate.inosilicate.coarse.tir.diopside_2.jhu.nicolet.spectrum.txt,0.000517,1.000000,0.000000,0.000402,1.000000,0.000000,0.000428,1.000000,0.300357,0.002372,0.996504,1.000000,0.002929,0.982249,1.000000
"Enstatite Mg2Si2O6 (enstatite_1)",enstatite_1,becknic,mineral,mineral.silicate.inosilicate.coarse.tir.enstatite_1.jhu.nicolet.spectrum.txt,0.000126,1.000000,0.000000,0.000244,1.000000,0.000000,0.000358,0.997694,0.300357,0.001256,0.996916,1.000000,0.002666,0.978307,1.000000
"Hedenbergite CaFe+2Si2O6 (hedenber_1)",hedenber_1,becknic,mineral,mineral.silicate.inosilicate.coarse.tir.hedenber_1.jhu.nicolet.spectrum.txt,0.000365,1.000000,0.000000,0.000342,1.000000,0.000000,0.000366,0.994300,0.300357,0.002495,0.995953,1.000000,0.002888,0.986752,1.000000
"Hornblende Ca2(Fe+2,Mg)4Al(Si7Al)O22(OH,F)2 (hornblen_1)",hornblen_1,becknic,mineral,mineral.silicate.inosilicate.coarse.tir.hornblen_1.jhu.nicolet.spectrum.txt,0.000253,1.000000,0.000000,0.000318,1.000000,0.000000,0.000506,0.977954,0.300357,0.001203,0.998198,1.000000,0.000608,0.998511,1.000000
"Hornblende Ca2(Fe2+,Mg)4Al(Si7,Al)O22(OH,F)2 (hornblen_2)",hornblen_2,becknic,mineral,mineral.silicate.inosilicate.coarse.tir.hornblen_2.jhu.nicolet.spectrum.txt,0.000174,1.000000,0.000000,0.000285,1.000000,0.000000,0.000595,0.994216,0.300357,0.001583,0.996974,1.000000,0.000911,0.996239,1.000000
"Hornblende Ca2(Fe+2,Mg)4Al(Si7Al)O22(OH,F)2 (hornblen_3)",hornblen_3,becknic,mineral,mineral.silicate.inosilicate.coarse.tir.hornblen_3.jhu.nicolet.spectrum.txt,0.000393,1.000000,0.000000,0.000343,1.000000,0.000000,0.001160,0.978327,0.300357,0.001378,0.998535,1.000000,0.002252,0.987242,1.000000
"Hypersthene (Mg,Fe+2)2Si2O6 (hypersth_1)",hypersth_1,becknic,mineral,mineral.silicate.inosilicate.coarse.tir.hypersth_1.jhu.nicolet.spectrum.txt,0.000077,1.000000,0.000000,0.000107,1.000000,0.000000,0.000208,0.998957,0.300357,0.000461,0.997799,1.000000,0.001528,0.992335,1.000000
"Enstatite Mg_2(SiO_3)_2 (IN-10B)",IN-10B,becknic,mineral,mineral.silicate.inosilicate.coarse.tir.in-10b.jpl.nicolet.spectrum.txt,0.000416,1.000000,0.000000,0.000343,1.000000,0.000000,0.005144,0.995299,0.356929,0.003474,0.997942,1.000000,0.011203,0.969988,1.000000
"Johannsenite Ca(Mn,Fe^2+)(SiO_3)_2 (IN-12A)",IN-12A,becknic,mineral,mineral.silicate.inosilicate.coarse.tir.in-12a.jpl.nicolet.spectrum.txt,0.000473,1.000000,0.000000,0.000490,1.000000,0.000000,0.001347,0.996488,0.356929,0.002068,0.998057,1.000000,0.003765,0.985451,1.000000
"Spodumene LiAlS_2O_6 (IN-13A)",IN-13A,becknic,mineral,mineral.silicate.inosilicate.coarse.tir.in-13a.jpl.nicolet.spectrum.txt,0.000228,1.000000,0.000000,0.000768,1.000000,0.000000,0.001005,0.899736,0.356929,0.009999,0.998672,1.000000,0.015989,0.982602,1.000000
"Rhodonite (Mn,Ca)SiO_3 (IN-1A)",IN-1A,becknic,mineral,mineral.silicate.inosilicate.coarse.tir.in-1a.jpl.nicolet.spectrum.txt,0.001097,0.000000,0.000000,0.000683,1.000000,0.000000,0.001863,0.984184,0.356929,0.009723,0.995933,1.000000,0.007922,0.968504,1.000000
"Wollastonite CaSiO_3 (IN-2A)",IN-2A,becknic,mineral,mineral.silicate.inosilicate.coarse.tir.in-2a.jpl.nicolet.spectrum.txt,0.000263,1.000000,0.000000,0.000475,1.000000,0.000000,0.002594,0.976822,0.356929,0.009835,0.997566,1.000000,0.014780,0.946909,1.000000
"Glaucophane Na_2(Mg,Fe^2+)_3Al_2Si_8O_22(OH)_2 (IN-3A)",IN-3A,becknic,mineral,mineral.silicate.inosilicate.coarse.tir.in-3a.jpl.nicolet.spectrum.txt,0.001162,0.000000,0.000000,0.000668,1.000000,0.000000,0.004009,0.996371,0.356929,0.002818,0.998694,1.000000,0.005522,0.989100,1.000000
"Actinolite Ca_2(Mg,Fe^2+)_5Si_8O_22(OH)_2 (IN-4A)",IN-4A,becknic,mineral,mineral.silicate.inosilicate.coarse.tir.in-4a.jpl.nicolet.spectrum.txt,0.000454,1.000000,0.000000,0.000682,1.000000,0.000000,0.006095,0.996867,0.356929,0.011334,0.995463,1.000000,0.012745,0.977877,1.000000
"Tremolite Ca_2(Mg,Fe^2+)_5Si_8O_22(OH)_2 (IN-5A)",IN-5A,becknic,mineral,mineral.silicate.inosilicate.coarse.tir.in-5a.jpl.nicolet.spectrum.txt,0.000243,1.000000,0.000000,0.000623,1.000000,0.000000,0.013295,0.986930,0.356929,0.015652,0.994912,1.000000,0.011949,0.981167,1.000000
"Cummingtonite (Mg,Fe^2+)_7Si_8O_22(OH)_2 (IN-6A)",IN-6A,becknic,mineral,mineral.silicate.inosilicate.coarse.tir.in-6a.jpl.nicolet.spectrum.txt,0.000153,1.000000,0.000000,0.000272,1.000000,0.000000,0.000816,0.967488,0.356929,0.000722,0.996393,1.000000,0.002862,0.996023,1.000000
"Riebeckite Na_2(Fe^2+,Mg)_3,Fe_2^3+Si_8O_22(OH)_2 (IN-7A)",IN-7A,becknic,mineral,mineral.silicate.inosilicate.coarse.tir.in-7a.jpl.nicolet.spectrum.txt,0.001124,0.000000,0.000000,0.000569,1.000000,0.000000,0.004886,0.935026,0.356929,0.006936,0.997423,1.000000,0.004681,0.992928,1.000000
"Anthophyllite (Mg,Fe^2+)_7Si_8O_22(OH)_2 (IN-8A)",IN-8A,becknic,mineral,mineral.silicate.inosilicate.coarse.tir.in-8a.jpl.nicolet.spectrum.txt,0.000675,1.000000,0.000000,0.000672,1.000000,0.000000,0.004302,0.995203,0.356929,0.005161,0.998273,1.000000,0.006208,0.989028,1.000000
"Diopside CaMg(SiO_3)_2 (IN-9B)",IN-9B,becknic,mineral,mineral.silicate.inosilicate.coarse.tir.in-9b.jpl.nicolet.spectrum.txt,0.001181,0.000000,0.000000,0.000634,1.000000,0.000000,0.002167,0.996875,0.356929,0.006961,0.997128,1.000000,0.005150,0.991163,1.000000
"Jadeite Na(Al,Fe+3)Si2O6 (jadeite_1)",jadeite_1,becknic,mineral,mineral.silicate.inosilicate.coarse.tir.jadeite_1.jhu.nicolet.spectrum.txt,0.000495,1.000000,0.000000,0.000496,1.000000,0.000000,0.000513,1.000000,0.300357,0.002637,0.997326,1.000000,0.002027,0.993234,1.000000
"Pectolite NaCa2Si308(OH) (pectol_2)",pectol_2,becknic,mineral,mineral.silicate.inosilicate.coarse.tir.pectol_2.jhu.nicolet.spectrum.txt,0.000314,1.000000,0.000000,0.000340,1.000000,0.000000,0.000656,0.995133,0.300357,0.000431,0.998399,1.000000,0.003928,0.969512,1.000000
"Rhodonite (Mn+2,Fe+2,Mg,Ca)SiO3 (rhodon_1)",rhodon_1,becknic,mineral,mineral.silicate.inosilicate.coarse.tir.rhodon_1.jhu.nicolet.spectrum.txt,0.000295,1.000000,0.000000,0.000334,1.000000,0.000000,0.000360,0.879949,0.300357,0.001205,0.996970,1.000000,0.001363,0.982633,1.000000
"Richterite Na2Ca(Mg,Fe+2)5Si8O22(OH)2 (richter_1)",richter_1,becknic,mineral,mineral.silicate.inosilicate.coarse.tir.richter_1.jhu.nicolet.spectrum.txt,0.000494,1.000000,0.000000,0.000499,1.000000,0.000000,0.001558,0.936633,0.300357,0.003955,0.994428,1.000000,0.005220,0.989353,1.000000
"Riebeckite Na2(Fe+2,Mg)3Fe2+3Si8O22(OH)2 (riebeck_1)",riebeck_1,becknic,mineral,mineral.silicate.inosilicate.coarse.tir.riebeck_1.jhu.nicolet.spectrum.txt,0.000533,1.000000,0.000000,0.000421,1.000000,0.000000,0.001371,0.858134,0.300357,0.002642,0.994873,1.000000,0.002288,0.993806,1.000000
"Spodumene LiAlSi2O6 (spodum_1)",spodum_1,becknic,mineral,mineral.silicate.inosilicate.coarse.tir.spodum_1.jhu.nicolet.spectrum.txt,0.000508,1.000000,0.000000,0.000444,1.000000,0.000000,0.000432,0.901554,0.300357,0.001787,0.998325,1.000000,0.001513,0.994151,1.000000
"Tremolite Ca2(Mg, Fe+2)5Si8O22(OH)2 (tremol_1)",tremol_1,becknic,mineral,mineral.silicate.inosilicate.coarse.tir.tremol_1.jhu.nicolet.spectrum.txt,0.000479,1.000000,0.000000,0.000359,1.000000,0.000000,0.001354,0.975359,0.300357,0.002095,0.995747,1.000000,0.002554,0.983374,1.000000
"Tremolite Ca2(Mg, Fe+2)5Si8O22(OH)2 (tremol_2)",tremol_2,becknic,mineral,mineral.silicate.inosilicate.coarse.tir.tremol_2.jhu.nicolet.spectrum.txt,0.000527,1.000000,0.000000,0.000414,1.000000,0.000000,0.001556,0.919806,0.300357,0.003631,0.993055,1.000000,0.002365,0.987297,1.000000
"Wollastonite CaSiO3 (wollasto_1)",wollasto_1,becknic,mineral,mineral.silicate.inosilicate.coarse.tir.wollasto_1.jhu.nicolet.spectrum.txt,0.000491,1.000000,0.000000,0.000370,1.000000,0.000000,0.000359,0.908352,0.300357,0.001866,0.994714,1.000000,0.002313,0.976870,1.000000
"Enstatite Mg_2(SiO_3)_2 (IN-10B)",IN-10B,becknic,mineral,mineral.silicate.inosilicate.coarse.vswir.in-10b.jpl.beckman.spectrum.txt,0.005029,0.989436,0.883721,0.022721,0.907864,1.000000,0.016468,0.972043,1.000000,0.000806,1.000000,0.000000,0.000656,1.000000,0.000000
"Enstatite Mg_2(SiO_3)_2 (IN-10B)",IN-10B,becknic,mineral,mineral.silicate.inosilicate.coarse.vswir.in-10b.jpl.perkin.spectrum.txt,0.004508,0.991113,0.883721,0.022430,0.895964,1.000000,0.016463,0.970262,1.000000,0.000886,1.000000,0.000000,0.000626,1.000000,0.000000
"Johannsenite Ca(Mn,Fe^2+)(SiO_3)_2 (IN-12A)",IN-12A,becknic,mineral,mineral.silicate.inosilicate.coarse.vswir.in-12a.jpl.beckman.spectrum.txt,0.000582,0.986100,0.883721,0.000573,0.946639,1.000000,0.001078,0.999720,1.000000,0.000715,1.000000,0.000000,0.000569,1.000000,0.000000
"Johannsenite Ca(Mn,Fe^2+)(SiO_3)_2 (IN-12A)",IN-12A,becknic,mineral,mineral.silicate.inosilicate.coarse.vswir.in-12a.jpl.perkin.spectrum.txt,0.000183,0.998153,0.883721,0.000506,0.922921,1.000000,0.001124,0.999669,1.000000,0.000720,1.000000,0.000000,0.000543,1.000000,0.000000
"Spodumene LiAlS_2O_6 (IN-13A)",IN-13A,becknic,mineral,mineral.silicate.inosilicate.coarse.vswir.in-13a.jpl.beckman.spectrum.txt,0.002015,0.996950,0.883721,0.001258,0.983547,1.000000,0.000951,0.965405,1.000000,0.000533,1.000000,0.000000,0.000756,1.000000,0.000000
"Spodumene LiAlS_2O_6 (IN-13A)",IN-13A,becknic,mineral,mineral.silicate.inosilicate.coarse.vswir.in-13a.jpl.perkin.spectrum.txt,0.001594,0.997431,0.883721,0.001219,0.959702,1.000000,0.001304,0.953666,1.000000,0.000396,1.000000,0.000000,0.000735,1.000000,0.000000
"Rhodonite (Mn,Ca)SiO_3 (IN-1A)",IN-1A,becknic,mineral,mineral.silicate.inosilicate.coarse.vswir.in-1a.jpl.beckman.spectrum.txt,0.005281,0.998059,0.883721,0.003344,0.999328,1.000000,0.004586,0.994327,1.000000,0.001000,1.000000,0.000000,0.000586,1.000000,0.000000
"Rhodonite (Mn,Ca)SiO_3 (IN-1A)",IN-1A,becknic,mineral,mineral.silicate.inosilicate.coarse.vswir.in-1a.jpl.perkin.spectrum.txt,0.005340,0.998011,0.883721,0.005843,0.998141,1.000000,0.004430,0.996040,1.000000,0.000719,1.000000,0.000000,0.000553,1.000000,0.000000
"Wollastonite CaSiO_3 (IN-2A)",IN-2A,becknic,mineral,mineral.silicate.inosilicate.coarse.vswir.in-2a.jpl.beckman.spectrum.txt,0.001360,0.996348,0.883721,0.001050,0.997552,1.000000,0.001816,0.987353,1.000000,0.000729,1.000000,0.000000,0.000827,1.000000,0.000000
"Wollastonite CaSiO_3 (IN-2A)",IN-2A,becknic,mineral,mineral.silicate.inosilicate.coarse.vswir.in-2a.jpl.perkin.spectrum.txt,0.000886,0.998939,0.883721,0.001371,0.996383,1.000000,0.001673,0.994818,1.000000,0.000675,1.000000,0.000000,0.000786,1.000000,0.000000
"Glaucophane Na_2(Mg,Fe^2+)_3Al_2Si_8O_22(OH)_2 (IN-3A)",IN-3A,becknic,mineral,mineral.silicate.inosilicate.coarse.vswir.in-3a.jpl.beckman.spectrum.txt,0.000820,0.988791,0.883721,0.001836,0.979297,1.000000,0.003488,0.997951,1.000000,0.000807,1.000000,0.000000,0.000621,1.000000,0.000000
"Glaucophane Na_2(Mg,Fe^2+)_3Al_2Si_8O_22(OH)_2 (IN-3A)",IN-3A,becknic,mineral,mineral.silicate.inosilicate.coarse.vswir.in-3a.jpl.perkin.spectrum.txt,0.000663,0.988944,0.883721,0.001323,0.984945,1.000000,0.003937,0.997096,1.000000,0.000716,1.000000,0.000000,0.000575,1.000000,0.000000
"Actinolite Ca_2(Mg,Fe^2+)_5Si_8O_22(OH)_2 (IN-4A)",IN-4A,becknic,mineral,mineral.silicate.inosilicate.coarse.vswir.in-4a.jpl.beckman.spectrum.txt,0.002188,0.992840,0.883721,0.006942,0.934365,1.000000,0.009651,0.995509,1.000000,0.000859,1.000000,0.000000,0.000627,1.000000,0.000000
"Actinolite Ca_2(Mg,Fe^2+)_5Si_8O_22(OH)_2 (IN-4A)",IN-4A,becknic,mineral,mineral.silicate.inosilicate.coarse.vswir.in-4a.jpl.perkin.spectrum.txt,0.002131,0.994587,0.883721,0.007520,0.945733,1.000000,0.010023,0.995343,1.000000,0.000784,1.000000,0.000000,0.000647,1.000000,0.000000
"Tremolite Ca_2(Mg,Fe^2+)_5Si_8O_22(OH)_2 (IN-5A)",IN-5A,becknic,mineral,mineral.silicate.inosilicate.coarse.vswir.in-5a.jpl.beckman.spectrum.txt,0.001352,0.999280,0.883721,0.010663,0.945080,1.000000,0.011931,0.991141,1.000000,0.000616,1.000000,0.000000,0.000655,1.000000,0.000000
"Tremolite Ca_2(Mg,Fe^2+)_5Si_8O_22(OH)_2 (IN-5A)",IN-5A,becknic,mineral,mineral.silicate.inosilicate.coarse.vswir.in-5a.jpl.perkin.spectrum.txt,0.000958,0.999614,0.883721,0.010454,0.951043,1.000000,0.014770,0.987504,1.000000,0.000706,1.000000,0.000000,0.000659,1.000000,0.000000
"Cummingtonite (Mg,Fe^2+)_7Si_8O_22(OH)_2 (IN-6A)",IN-6A,becknic,mineral,mineral.silicate.inosilicate.coarse.vswir.in-6a.jpl.beckman.spectrum.txt,0.000733,0.892031,0.883721,0.000754,0.957894,1.000000,0.000449,0.990549,1.000000,0.000228,1.000000,0.000000,0.000268,1.000000,0.000000
"Cummingtonite (Mg,Fe^2+)_7Si_8O_22(OH)_2 (IN-6A)",IN-6A,becknic,mineral,mineral.silicate.inosilicate.coarse.vswir.in-6a.jpl.perkin.spectrum.txt,0.000218,0.992065,0.883721,0.000752,0.979046,1.000000,0.000536,0.987321,1.000000,0.000213,1.000000,0.000000,0.000267,1.000000,0.000000
"Riebeckite Na_2(Fe^2+,Mg)_3,Fe_2^3+Si_8O_22(OH)_2 (IN-7A)",IN-7A,becknic,mineral,mineral.silicate.inosilicate.coarse.vswir.in-7a.jpl.beckman.spectrum.txt,0.000456,0.948735,0.883721,0.000605,0.798601,1.000000,0.008730,0.994748,1.000000,0.000946,1.000000,0.000000,0.000650,1.000000,0.000000
"Riebeckite Na_2(Fe^2+,Mg)_3,Fe_2^3+Si_8O_22(OH)_2 (IN-7A)",IN-7A,becknic,mineral,mineral.silicate.inosilicate.coarse.vswir.in-7a.jpl.perkin.spectrum.txt,0.000184,0.994615,0.883721,0.000681,0.808951,1.000000,0.009426,0.994662,1.000000,0.000980,1.000000,0.000000,0.000613,1.000000,0.000000
"Anthophyllite (Mg,Fe^2+)_7Si_8O_22(OH)_2 (IN-8A)",IN-8A,becknic,mineral,mineral.silicate.inosilicate.coarse.vswir.in-8a.jpl.beckman.spectrum.txt,0.001593,0.997816,0.883721,0.001579,0.997901,1.000000,0.003663,0.997644,1.000000,0.000968,1.000000,0.000000,0.000623,1.000000,0.000000
"Anthophyllite (Mg,Fe^2+)_7Si_8O_22(OH)_2 (IN-8A)",IN-8A,becknic,mineral,mineral.silicate.inosilicate.coarse.vswir.in-8a.jpl.perkin.spectrum.txt,0.001137,0.998963,0.883721,0.001726,0.997927,1.000000,0.003639,0.997763,1.000000,0.000970,1.000000,0.000000,0.000684,1.000000,0.000000
"Diopside CaMg(SiO_3)_2 (IN-9B)",IN-9B,becknic,mineral,mineral.silicate.inosilicate.coarse.vswir.in-9b.jpl.beckman.spectrum.txt,0.001469,0.997920,0.883721,0.004164,0.962442,1.000000,0.002298,0.998367,1.000000,0.000784,1.000000,0.000000,0.000644,1.000000,0.000000
"Diopside CaMg(SiO_3)_2 (IN-9B)",IN-9B,becknic,mineral,mineral.silicate.inosilicate.coarse.vswir.in-9b.jpl.perkin.spectrum.txt,0.001407,0.998384,0.883721,0.003418,0.981421,1.000000,0.002188,0.998610,1.000000,0.000815,1.000000,0.000000,0.000635,1.000000,0.000000
"Acmite NaFe+3 Si2O6 (acmite_1)",acmite_1,becknic,mineral,mineral.silicate.inosilicate.fine.tir.acmite_1.jhu.nicolet.spectrum.txt,0.000226,1.000000,0.000000,0.000736,1.000000,0.000000,0.001619,0.988300,0.300357,0.002569,0.996678,1.000000,0.007620,0.999259,1.000000
"Acmite NaFe+3Si2O6 (acmite_2)",acmite_2,becknic,mineral,mineral.silicate.inosilicate.fine.tir.acmite_2.jhu.nicolet.spectrum.txt,0.000412,1.000000,0.000000,0.001090,0.000000,0.000000,0.001089,0.886853,0.300357,0.003590,0.969144,1.000000,0.003523,0.999772,1.000000
"Augite (Ca,Na)(Mg,Fe,Al,Ti)(Si,Al)2O6 (augite_1)",augite_1,becknic,mineral,mineral.silicate.inosilicate.fine.tir.augite_1.jhu.nicolet.spectrum.txt,0.000389,1.000000,0.000000,0.000251,1.000000,0.000000,0.001127,0.994032,0.300357,0.002808,0.998704,1.000000,0.005927,0.999346,1.000000
"Augite (Ca,Na)(Mg,Fe,Al,Ti)(Si,Al)2O6 (augite_2)",augite_2,becknic,mineral,mineral.silicate.inosilicate.fine.tir.augite_2.jhu.nicolet.spectrum.txt,0.000264,1.000000,0.000000,0.000469,1.000000,0.000000,0.001081,0.995922,0.300357,0.002183,0.998559,1.000000,0.003978,0.999782,1.000000
"Bustamite (Mn,Ca)3Si3O9 (bustamite_1)",bustamite_1,becknic,mineral,mineral.silicate.inosilicate.fine.tir.bustamite_1.jhu.nicolet.spectrum.txt,0.000530,1.000000,0.000000,0.001151,0.000000,0.000000,0.001023,0.501526,0.300357,0.002586,0.990260,1.000000,0.010324,0.998094,1.000000
"Diopside CaMgSi2O6 (diopside_1)",diopside_1,becknic,mineral,mineral.silicate.inosilicate.fine.tir.diopside_1.jhu.nicolet.spectrum.txt,0.000348,1.000000,0.000000,0.001017,0.000000,0.000000,0.001230,0.942901,0.300357,0.002638,0.990812,1.000000,0.009540,0.997749,1.000000
"Diopside CaMgSi2O6 (diopside_2)",diopside_2,becknic,mineral,mineral.silicate.inosilicate.fine.tir.diopside_2.jhu.nicolet.spectrum.txt,0.000232,1.000000,0.000000,0.000617,1.000000,0.000000,0.001667,0.986107,0.300357,0.002853,0.985523,1.000000,0.011743,0.997698,1.000000
"Enstatite Mg2Si2O6 (enstatite_1)",enstatite_1,becknic,mineral,mineral.silicate.inosilicate.fine.tir.enstatite_1.jhu.nicolet.spectrum.txt,0.000410,1.000000,0.000000,0.000693,1.000000,0.000000,0.001139,0.997277,0.300357,0.002671,0.998676,1.000000,0.012504,0.997250,1.000000
"Hedenbergite CaFe+2Si2O6 (hedenber_1)",hedenber_1,becknic,mineral,mineral.silicate.inosilicate.fine.tir.hedenber_1.jhu.nicolet.spectrum.txt,0.000357,1.000000,0.000000,0.000216,1.000000,0.000000,0.001215,0.993998,0.300357,0.002552,0.998187,1.000000,0.007208,0.998784,1.000000
"Hornblende Ca2(Fe+2,Mg)4Al(Si7Al)O22(OH,F)2 (hornblen_1)",hornblen_1,becknic,mineral,mineral.silicate.inosilicate.fine.tir.hornblen_1.jhu.nicolet.spectrum.txt,0.000486,1.000000,0.000000,0.001132,0.000000,0.000000,0.000916,0.679643,0.300357,0.002376,0.997947,1.000000,0.002931,0.999821,1.000000
"Hornblende Ca2(Fe2+,Mg)4Al(Si7,Al)O22(OH,F)2 (hornblen_2)",hornblen_2,becknic,mineral,mineral.silicate.inosilicate.fine.tir.hornblen_2.jhu.nicolet.spectrum.txt,0.000270,1.000000,0.000000,0.000732,1.000000,0.000000,0.001050,0.943968,0.300357,0.003282,0.988770,1.000000,0.005668,0.999384,1.000000
"Hornblende Ca2(Fe+2,Mg)4Al(Si7Al)O22(OH,F)2 (hornblen_3)",hornblen_3,becknic,mineral,mineral.silicate.inosilicate.fine.tir.hornblen_3.jhu.nicolet.spectrum.txt,0.000347,1.000000,0.000000,0.001016,0.000000,0.000000,0.001296,0.591188,0.300357,0.002758,0.989937,1.000000,0.010233,0.996780,1.000000
"Hypersthene (Mg,Fe+2)2Si2O6 (hypersth_1)",hypersth_1,becknic,mineral,mineral.silicate.inosilicate.fine.tir.hypersth_1.jhu.nicolet.spectrum.txt,0.000350,1.000000,0.000000,0.000219,1.000000,0.000000,0.001203,0.994408,0.300357,0.002916,0.997198,1.000000,0.005471,0.998678,1.000000
"Enstatite Mg_2(SiO_3)_2 (IN-10B)",IN-10B,becknic,mineral,mineral.silicate.inosilicate.fine.tir.in-10b.jpl.nicolet.spectrum.txt,0.001198,0.000000,0.000000,0.000608,1.000000,0.000000,0.001641,0.982756,0.356929,0.005474,0.996207,1.000000,0.003464,0.992941,1.000000
"Johannsenite Ca(Mn,Fe^2+)(SiO_3)_2 (IN-12A)",IN-12A,becknic,mineral,mineral.silicate.inosilicate.fine.tir.in-12a.jpl.nicolet.spectrum.txt,0.000414,1.000000,0.000000,0.000691,1.000000,0.000000,0.001299,0.996334,0.356929,0.005832,0.997878,1.000000,0.002560,0.990822,1.000000
"Spodumene LiAlS_2O_6 (IN-13A)",IN-13A,becknic,mineral,mineral.silicate.inosilicate.fine.tir.in-13a.jpl.nicolet.spectrum.txt,0.000225,1.000000,0.000000,0.000607,1.000000,0.000000,0.001637,0.931648,0.356929,0.011009,0.997387,1.000000,0.005610,0.983331,1.000000
"Hypersthene (Mg,Fe^2+)_2Si_2O_6 (IN-14A)",IN-14A,becknic,mineral,mineral.silicate.inosilicate.fine.tir.in-14a.jpl.nicolet.spectrum.txt,0.001230,0.000000,0.000000,0.000570,1.000000,0.000000,0.001847,0.995666,0.356929,0.003217,0.998484,1.000000,0.002364,0.998144,1.000000
"Rhodonite (Mn,Ca)SiO_3 (IN-1A)",IN-1A,becknic,mineral,mineral.silicate.inosilicate.fine.tir.in-1a.jpl.nicolet.spectrum.txt,0.000230,1.000000,0.000000,0.000876,1.000000,0.000000,0.001281,0.975511,0.356929,0.008504,0.997252,1.000000,0.005534,0.983797,1.000000
"Wollastonite CaSiO_3 (IN-2A)",IN-2A,becknic,mineral,mineral.silicate.inosilicate.fine.tir.in-2a.jpl.nicolet.spectrum.txt,0.000241,1.000000,0.000000,0.000639,1.000000,0.000000,0.001072,0.979049,0.356929,0.013327,0.994453,1.000000,0.006016,0.984266,1.000000
"Glaucophane Na_2(Mg,Fe^2+)_3Al_2Si_8O_22(OH)_2 (IN-3A)",IN-3A,becknic,mineral,mineral.silicate.inosilicate.fine.tir.in-3a.jpl.nicolet.spectrum.txt,0.000471,1.000000,0.000000,0.000680,1.000000,0.000000,0.001671,0.992751,0.356929,0.005331,0.997187,1.000000,0.002417,0.996542,1.000000
"Actinolite Ca_2(Mg,Fe^2+)_5Si_8O_22(OH)_2 (IN-4A)",IN-4A,becknic,mineral,mineral.silicate.inosilicate.fine.tir.in-4a.jpl.nicolet.spectrum.txt,0.000216,1.000000,0.000000,0.000634,1.000000,0.000000,0.003939,0.994489,0.356929,0.012840,0.994045,1.000000,0.007193,0.982704,1.000000
"Tremolite Ca_2(Mg,Fe^2+)_5Si_8O_22(OH)_2 (IN-5A)",IN-5A,becknic,mineral,mineral.silicate.inosilicate.fine.tir.in-5a.jpl.nicolet.spectrum.txt,0.000288,1.000000,0.000000,0.000370,1.000000,0.000000,0.004544,0.968656,0.356929,0.015806,0.992059,1.000000,0.008232,0.969659,1.000000
"Cummingtonite (Mg,Fe^2+)_7Si_8O_22(OH)_2 (IN-6A)",IN-6A,becknic,mineral,mineral.silicate.inosilicate.fine.tir.in-6a.jpl.nicolet.spectrum.txt,0.000399,1.000000,0.000000,0.000460,1.000000,0.000000,0.000998,0.992013,0.356929,0.002675,0.994204,1.000000,0.001424,0.995995,1.000000
"Riebeckite Na_2(Fe^2+,Mg)_3,Fe_2^3+Si_8O_22(OH)_2 (IN-7A)",IN-7A,becknic,mineral,mineral.silicate.inosilicate.fine.tir.in-7a.jpl.nicolet.spectrum.txt,0.000253,1.000000,0.000000,0.000539,1.000000,0.000000,0.001931,0.950707,0.356929,0.006723,0.998453,1.000000,0.002401,0.998224,1.000000
"Anthophyllite (Mg,Fe^2+)_7Si_8O_22(OH)_2 (IN-8A)",IN-8A,becknic,mineral,mineral.silicate.inosilicate.fine.tir.in-8a.jpl.nicolet.spectrum.txt,0.000384,1.000000,0.000000,0.000240,1.000000,0.000000,0.003083,0.992274,0.356929,0.006751,0.997284,1.000000,0.003103,0.994316,1.000000
"Diopside CaMg(SiO_3)_2 (IN-9B)",IN-9B,becknic,mineral,mineral.silicate.inosilicate.fine.tir.in-9b.jpl.nicolet.spectrum.txt,0.000642,1.000000,0.000000,0.000671,1.000000,0.000000,0.001109,0.978916,0.356929,0.006525,0.995065,1.000000,0.002306,0.994638,1.000000
"Jadeite Na(Al,Fe+3)Si2O6 (jadeite_1)",jadeite_1,becknic,mineral,mineral.silicate.inosilicate.fine.tir.jadeite_1.jhu.nicolet.spectrum.txt,0.000267,1.000000,0.000000,0.000724,1.000000,0.000000,0.001363,0.971452,0.300357,0.004571,0.990998,1.000000,0.013734,0.997545,1.000000
"Pectolite NaCa2Si308(OH) (pectol_2)",pectol_2,becknic,mineral,mineral.silicate.inosilicate.fine.tir.pectol_2.jhu.nicolet.spectrum.txt,0.000403,1.000000,0.000000,0.001085,0.000000,0.000000,0.000966,0.936992,0.300357,0.002331,0.998637,1.000000,0.017805,0.993286,1.000000
"Rhodonite (Mn+2,Fe+2,Mg,Ca)SiO3 (rhodon_1)",rhodon_1,becknic,mineral,mineral.silicate.inosilicate.fine.tir.rhodon_1.jhu.nicolet.spectrum.txt,0.000216,1.000000,0.000000,0.000645,1.000000,0.000000,0.001694,0.986193,0.300357,0.002185,0.996469,1.000000,0.012383,0.997087,1.000000
"Richterite Na2Ca(Mg,Fe+2)5Si8O22(OH)2 (richter_1)",richter_1,becknic,mineral,mineral.silicate.inosilicate.fine.tir.richter_1.jhu.nicolet.spectrum.txt,0.000298,1.000000,0.000000,0.000825,1.000000,0.000000,0.001237,0.333869,0.300357,0.002616,0.986996,1.000000,0.007686,0.998749,1.000000
"Riebeckite Na2(Fe+2,Mg)3Fe2+3Si8O22(OH)2 (riebeck_1)",riebeck_1,becknic,mineral,mineral.silicate.inosilicate.fine.tir.riebeck_1.jhu.nicolet.spectrum.txt,0.000320,1.000000,0.000000,0.000264,1.000000,0.000000,0.001626,0.988396,0.300357,0.003431,0.996002,1.000000,0.005827,0.999053,1.000000
"Spodumene LiAlSi2O6 (spodum_1)",spodum_1,becknic,mineral,mineral.silicate.inosilicate.fine.tir.spodum_1.jhu.nicolet.spectrum.txt,0.000530,1.000000,0.000000,0.001151,0.000000,0.000000,0.000986,1.000000,0.300357,0.003424,0.995310,1.000000,0.016984,0.995513,1.000000
"Tremolite Ca2(Mg, Fe+2)5Si8O22(OH)2 (tremol_1)",tremol_1,becknic,mineral,mineral.silicate.inosilicate.fine.tir.tremol_1.jhu.nicolet.spectrum.txt,0.000228,1.000000,0.000000,0.000611,1.000000,0.000000,0.001768,0.848370,0.300357,0.004074,0.974030,1.000000,0.019601,0.993744,1.000000
"Tremolite Ca2(Mg, Fe+2)5Si8O22(OH)2 (tremol_2)",tremol_2,becknic,mineral,mineral.silicate.inosilicate.fine.tir.tremol_2.jhu.nicolet.spectrum.txt,0.000235,1.000000,0.000000,0.000625,1.000000,0.000000,0.001004,0.989343,0.300357,0.001802,0.993200,1.000000,0.009372,0.998521,1.000000
"Wollastonite CaSiO3 (wollasto_1)",wollasto_1,becknic,mineral,mineral.silicate.inosilicate.fine.tir.wollasto_1.jhu.nicolet.spectrum.txt,0.000223,1.000000,0.000000,0.000607,1.000000,0.000000,0.001168,0.987935,0.300357,0.002085,0.995195,1.000000,0.021924,0.992950,1.000000
"Enstatite Mg_2(SiO_3)_2 (IN-10B)",IN-10B,becknic,mineral,mineral.silicate.inosilicate.fine.vswir.in-10b.jpl.beckman.spectrum.txt,0.001900,0.994645,0.883721,0.007885,0.988083,1.000000,0.001884,0.997389,1.000000,0.000764,1.000000,0.000000,0.000625,1.000000,0.000000
"Enstatite Mg_2(SiO_3)_2 (IN-10B)",IN-10B,becknic,mineral,mineral.silicate.inosilicate.fine.vswir.in-10b.jpl.perkin.spectrum.txt,0.001517,0.996875,0.883721,0.006080,0.991848,1.000000,0.001838,0.997496,1.000000,0.000952,1.000000,0.000000,0.000634,1.000000,0.000000
"Johannsenite Ca(Mn,Fe^2+)(SiO_3)_2 (IN-12A)",IN-12A,becknic,mineral,mineral.silicate.inosilicate.fine.vswir.in-12a.jpl.beckman.spectrum.txt,0.001346,0.999240,0.883721,0.001100,0.996960,1.000000,0.002189,0.999507,1.000000,0.000756,1.000000,0.000000,0.000740,1.000000,0.000000
"Johannsenite Ca(Mn,Fe^2+)(SiO_3)_2 (IN-12A)",IN-12A,becknic,mineral,mineral.silicate.inosilicate.fine.vswir.in-12a.jpl.perkin.spectrum.txt,0.001027,0.999348,0.883721,0.000908,0.997765,1.000000,0.002047,0.999555,1.000000,0.000470,1.000000,0.000000,0.000621,1.000000,0.000000
"Spodumene LiAlS_2O_6 (IN-13A)",IN-13A,becknic,mineral,mineral.silicate.inosilicate.fine.vswir.in-13a.jpl.beckman.spectrum.txt,0.001025,0.999466,0.883721,0.001362,0.665560,1.000000,0.001416,0.904013,1.000000,0.000573,1.000000,0.000000,0.000683,1.000000,0.000000
"Spodumene LiAlS_2O_6 (IN-13A)",IN-13A,becknic,mineral,mineral.silicate.inosilicate.fine.vswir.in-13a.jpl.perkin.spectrum.txt,0.001426,0.999220,0.883721,0.001322,-0.620452,1.000000,0.001596,0.982886,1.000000,0.000531,1.000000,0.000000,0.000759,1.000000,0.000000
"Hypersthene (Mg,Fe^2+)_2Si_2O_6 (IN-14A)",IN-14A,becknic,mineral,mineral.silicate.inosilicate.fine.vswir.in-14a.jpl.beckman.spectrum.txt,0.001896,0.998406,0.883721,0.005305,0.990155,1.000000,0.001999,0.996947,1.000000,0.000510,1.000000,0.000000,0.000700,1.000000,0.000000
"Hypersthene (Mg,Fe^2+)_2Si_2O_6 (IN-14A)",IN-14A,becknic,mineral,mineral.silicate.inosilicate.fine.vswir.in-14a.jpl.perkin.spectrum.txt,0.001429,0.999115,0.883721,0.005399,0.989923,1.000000,0.001644,0.997665,1.000000,0.000755,1.000000,0.000000,0.000633,1.000000,0.000000
"Augite (Ca,Na)(Mg,Fe,Al,Ti)(Si,Al)_2O_6 (IN-15A)",IN-15A,becknic,mineral,mineral.silicate.inosilicate.fine.vswir.in-15a.jpl.beckman.spectrum.txt,0.001314,0.998342,0.883721,0.001316,0.970921,1.000000,0.001946,0.999708,1.000000,0.000492,1.000000,0.000000,0.000670,1.000000,0.000000
"Rhodonite (Mn,Ca)SiO_3 (IN-1A)",IN-1A,becknic,mineral,mineral.silicate.inosilicate.fine.vswir.in-1a.jpl.beckman.spectrum.txt,0.002612,0.999289,0.883721,0.005354,0.995730,1.000000,0.003301,0.992828,1.000000,0.000548,1.000000,0.000000,0.000697,1.000000,0.000000
"Rhodonite (Mn,Ca)SiO_3 (IN-1A)",IN-1A,becknic,mineral,mineral.silicate.inosilicate.fine.vswir.in-1a.jpl.perkin.spectrum.txt,0.001692,0.999735,0.883721,0.007197,0.990469,1.000000,0.003812,0.992225,1.000000,0.000802,1.000000,0.000000,0.000818,1.000000,0.000000
"Wollastonite CaSiO_3 (IN-2A)",IN-2A,becknic,mineral,mineral.silicate.inosilicate.fine.vswir.in-2a.jpl.beckman.spectrum.txt,0.001162,0.995853,0.883721,0.000752,0.981805,1.000000,0.000963,0.975439,1.000000,0.000528,1.000000,0.000000,0.000767,1.000000,0.000000
"Wollastonite CaSiO_3 (IN-2A)",IN-2A,becknic,mineral,mineral.silicate.inosilicate.fine.vswir.in-2a.jpl.perkin.spectrum.txt,0.000616,0.999176,0.883721,0.000689,0.991423,1.000000,0.001399,0.989859,1.000000,0.000613,1.000000,0.000000,0.000705,1.000000,0.000000
"Glaucophane Na_2(Mg,Fe^2+)_3Al_2Si_8O_22(OH)_2 (IN-3A)",IN-3A,becknic,mineral,mineral.silicate.inosilicate.fine.vswir.in-3a.jpl.beckman.spectrum.txt,0.001763,0.997437,0.883721,0.001149,0.996031,1.000000,0.001718,0.997534,1.000000,0.000472,1.000000,0.000000,0.000630,1.000000,0.000000
"Glaucophane Na_2(Mg,Fe^2+)_3Al_2Si_8O_22(OH)_2 (IN-3A)",IN-3A,becknic,mineral,mineral.silicate.inosilicate.fine.vswir.in-3a.jpl.perkin.spectrum.txt,0.001308,0.998470,0.883721,0.001269,0.994662,1.000000,0.002012,0.996478,1.000000,0.000749,1.000000,0.000000,0.000638,1.000000,0.000000
"Actinolite Ca_2(Mg,Fe^2+)_5Si_8O_22(OH)_2 (IN-4A)",IN-4A,becknic,mineral,mineral.silicate.inosilicate.fine.vswir.in-4a.jpl.beckman.spectrum.txt,0.002125,0.997439,0.883721,0.012900,0.884452,1.000000,0.002987,0.997871,1.000000,0.000796,1.000000,0.000000,0.000811,1.000000,0.000000
"Actinolite Ca_2(Mg,Fe^2+)_5Si_8O_22(OH)_2 (IN-4A)",IN-4A,becknic,mineral,mineral.silicate.inosilicate.fine.vswir.in-4a.jpl.perkin.spectrum.txt,0.001893,0.998133,0.883721,0.012789,0.900046,1.000000,0.005007,0.995399,1.000000,0.000734,1.000000,0.000000,0.000829,1.000000,0.000000
"Tremolite Ca_2(Mg,Fe^2+)_5Si_8O_22(OH)_2 (IN-5A)",IN-5A,becknic,mineral,mineral.silicate.inosilicate.fine.vswir.in-5a.jpl.beckman.spectrum.txt,0.001581,0.993059,0.883721,0.001618,0.840833,1.000000,0.002777,0.985282,1.000000,0.000681,1.000000,0.000000,0.000814,1.000000,0.000000
"Tremolite Ca_2(Mg,Fe^2+)_5Si_8O_22(OH)_2 (IN-5A)",IN-5A,becknic,mineral,mineral.silicate.inosilicate.fine.vswir.in-5a.jpl.perkin.spectrum.txt,0.001040,0.997511,0.883721,0.000939,0.961549,1.000000,0.004094,0.983507,1.000000,0.000745,1.000000,0.000000,0.000764,1.000000,0.000000
"Cummingtonite (Mg,Fe^2+)_7Si_8O_22(OH)_2 (IN-6A)",IN-6A,becknic,mineral,mineral.silicate.inosilicate.fine.vswir.in-6a.jpl.beckman.spectrum.txt,0.001224,0.997384,0.883721,0.004096,0.946852,1.000000,0.000919,0.994429,1.000000,0.000645,1.000000,0.000000,0.000463,1.000000,0.000000
"Cummingtonite (Mg,Fe^2+)_7Si_8O_22(OH)_2 (IN-6A)",IN-6A,becknic,mineral,mineral.silicate.inosilicate.fine.vswir.in-6a.jpl.perkin.spectrum.txt,0.000708,0.999068,0.883721,0.003806,0.960874,1.000000,0.000904,0.994417,1.000000,0.000567,1.000000,0.000000,0.000440,1.000000,0.000000
"Riebeckite Na_2(Fe^2+,Mg)_3,Fe_2^3+Si_8O_22(OH)_2 (IN-7A)",IN-7A,becknic,mineral,mineral.silicate.inosilicate.fine.vswir.in-7a.jpl.beckman.spectrum.txt,0.001113,0.995382,0.883721,0.001483,0.998408,1.000000,0.003137,0.999545,1.000000,0.000466,1.000000,0.000000,0.000798,1.000000,0.000000
"Riebeckite Na_2(Fe^2+,Mg)_3,Fe_2^3+Si_8O_22(OH)_2 (IN-7A)",IN-7A,becknic,mineral,mineral.silicate.inosilicate.fine.vswir.in-7a.jpl.perkin.spectrum.txt,0.000764,0.996758,0.883721,0.001294,0.998457,1.000000,0.003296,0.999463,1.000000,0.000801,1.000000,0.000000,0.000816,1.000000,0.000000
"Anthophyllite (Mg,Fe^2+)_7Si_8O_22(OH)_2 (IN-8A)",IN-8A,becknic,mineral,mineral.silicate.inosilicate.fine.vswir.in-8a.jpl.beckman.spectrum.txt,0.001345,0.996704,0.883721,0.006499,0.957893,1.000000,0.001546,0.998569,1.000000,0.000756,1.000000,0.000000,0.000740,1.000000,0.000000
"Anthophyllite (Mg,Fe^2+)_7Si_8O_22(OH)_2 (IN-8A)",IN-8A,becknic,mineral,mineral.silicate.inosilicate.fine.vswir.in-8a.jpl.perkin.spectrum.txt,0.000974,0.999016,0.883721,0.007008,0.964050,1.000000,0.002465,0.997267,1.000000,0.000518,1.000000,0.000000,0.000642,1.000000,0.000000
"Diopside CaMg(SiO_3)_2 (IN-9B)",IN-9B,becknic,mineral,mineral.silicate.inosilicate.fine.vswir.in-9b.jpl.beckman.spectrum.txt,0.001221,0.999355,0.883721,0.002353,0.686306,1.000000,0.001016,0.994609,1.000000,0.000791,1.000000,0.000000,0.000606,1.000000,0.000000
"Diopside CaMg(SiO_3)_2 (IN-9B)",IN-9B,becknic,mineral,mineral.silicate.inosilicate.fine.vswir.in-9b.jpl.perkin.spectrum.txt,0.001063,0.999543,0.883721,0.002003,0.849989,1.000000,0.001680,0.986056,1.000000,0.000708,1.000000,0.000000,0.000594,1.000000,0.000000
"Enstatite Mg_2(SiO_3)_2 (IN-10B)",IN-10B,becknic,mineral,mineral.silicate.inosilicate.medium.tir.in-10b.jpl.nicolet.spectrum.txt,0.000438,1.000000,0.000000,0.000474,1.000000,0.000000,0.002001,0.999119,0.356929,0.005151,0.997969,1.000000,0.007739,0.981857,1.000000
"Johannsenite Ca(Mn,Fe^2+)(SiO_3)_2 (IN-12A)",IN-12A,becknic,mineral,mineral.silicate.inosilicate.medium.tir.in-12a.jpl.nicolet.spectrum.txt,0.001178,0.000000,0.000000,0.000564,1.000000,0.000000,0.001840,0.995597,0.356929,0.004169,0.997583,1.000000,0.003702,0.984503,1.000000
"Spodumene LiAlS_2O_6 (IN-13A)",IN-13A,becknic,mineral,mineral.silicate.inosilicate.medium.tir.in-13a.jpl.nicolet.spectrum.txt,0.000225,1.000000,0.000000,0.000607,1.000000,0.000000,0.000921,0.965552,0.356929,0.012038,0.998252,1.000000,0.014432,0.982598,1.000000
"Rhodonite (Mn,Ca)SiO_3 (IN-1A)",IN-1A,becknic,mineral,mineral.silicate.inosilicate.medium.tir.in-1a.jpl.nicolet.spectrum.txt,0.000435,1.000000,0.000000,0.000574,1.000000,0.000000,0.001400,0.986801,0.356929,0.008548,0.997958,1.000000,0.007827,0.970132,1.000000
"Wollastonite CaSiO_3 (IN-2A)",IN-2A,becknic,mineral,mineral.silicate.inosilicate.medium.tir.in-2a.jpl.nicolet.spectrum.txt,0.000217,1.000000,0.000000,0.000625,1.000000,0.000000,0.001425,0.983950,0.356929,0.013766,0.996080,1.000000,0.010313,0.963044,1.000000
"Glaucophane Na_2(Mg,Fe^2+)_3Al_2Si_8O_22(OH)_2 (IN-3A)",IN-3A,becknic,mineral,mineral.silicate.inosilicate.medium.tir.in-3a.jpl.nicolet.spectrum.txt,0.000412,1.000000,0.000000,0.000692,1.000000,0.000000,0.003807,0.996114,0.356929,0.005781,0.997257,1.000000,0.005008,0.987536,1.000000
"Actinolite Ca_2(Mg,Fe^2+)_5Si_8O_22(OH)_2 (IN-4A)",IN-4A,becknic,mineral,mineral.silicate.inosilicate.medium.tir.in-4a.jpl.nicolet.spectrum.txt,0.000293,1.000000,0.000000,0.000353,1.000000,0.000000,0.005566,0.996485,0.356929,0.011264,0.996879,1.000000,0.011996,0.975039,1.000000
"Tremolite Ca_2(Mg,Fe^2+)_5Si_8O_22(OH)_2 (IN-5A)",IN-5A,becknic,mineral,mineral.silicate.inosilicate.medium.tir.in-5a.jpl.nicolet.spectrum.txt,0.000228,1.000000,0.000000,0.000781,1.000000,0.000000,0.010295,0.985106,0.356929,0.015712,0.995693,1.000000,0.012054,0.976654,1.000000
"Cummingtonite (Mg,Fe^2+)_7Si_8O_22(OH)_2 (IN-6A)",IN-6A,becknic,mineral,mineral.silicate.inosilicate.medium.tir.in-6a.jpl.nicolet.spectrum.txt,0.000522,1.000000,0.000000,0.000437,1.000000,0.000000,0.000928,0.989753,0.356929,0.001348,0.996699,1.000000,0.003448,0.994876,1.000000
"Riebeckite Na_2(Fe^2+,Mg)_3,Fe_2^3+Si_8O_22(OH)_2 (IN-7A)",IN-7A,becknic,mineral,mineral.silicate.inosilicate.medium.tir.in-7a.jpl.nicolet.spectrum.txt,0.000466,1.000000,0.000000,0.000681,1.000000,0.000000,0.004343,0.930310,0.356929,0.007818,0.998252,1.000000,0.004683,0.991638,1.000000
"Anthophyllite (Mg,Fe^2+)_7Si_8O_22(OH)_2 (IN-8A)",IN-8A,becknic,mineral,mineral.silicate.inosilicate.medium.tir.in-8a.jpl.nicolet.spectrum.txt,0.000423,1.000000,0.000000,0.000462,1.000000,0.000000,0.006104,0.987865,0.356929,0.006692,0.998082,1.000000,0.006504,0.989018,1.000000
"Diopside CaMg(SiO_3)_2 (IN-9B)",IN-9B,becknic,mineral,mineral.silicate.inosilicate.medium.tir.in-9b.jpl.nicolet.spectrum.txt,0.000428,1.000000,0.000000,0.000687,1.000000,0.000000,0.002119,0.995085,0.356929,0.008110,0.997156,1.000000,0.004416,0.989876,1.000000
"Enstatite Mg_2(SiO_3)_2 (IN-10B)",IN-10B,becknic,mineral,mineral.silicate.inosilicate.medium.vswir.in-10b.jpl.beckman.spectrum.txt,0.004808,0.990912,0.883721,0.020166,0.964689,1.000000,0.004260,0.998191,1.000000,0.000767,1.000000,0.000000,0.000538,1.000000,0.000000
"Enstatite Mg_2(SiO_3)_2 (IN-10B)",IN-10B,becknic,mineral,mineral.silicate.inosilicate.medium.vswir.in-10b.jpl.perkin.spectrum.txt,0.006182,0.986735,0.883721,0.024441,0.947050,1.000000,0.004652,0.997896,1.000000,0.001006,0.000000,0.000000,0.000592,1.000000,0.000000
"Johannsenite Ca(Mn,Fe^2+)(SiO_3)_2 (IN-12A)",IN-12A,becknic,mineral,mineral.silicate.inosilicate.medium.vswir.in-12a.jpl.beckman.spectrum.txt,0.000608,0.997057,0.883721,0.000864,0.977319,1.000000,0.001414,0.999766,1.000000,0.000928,1.000000,0.000000,0.000683,1.000000,0.000000
"Johannsenite Ca(Mn,Fe^2+)(SiO_3)_2 (IN-12A)",IN-12A,becknic,mineral,mineral.silicate.inosilicate.medium.vswir.in-12a.jpl.perkin.spectrum.txt,0.000207,0.999591,0.883721,0.000697,0.976339,1.000000,0.001592,0.999676,1.000000,0.000848,1.000000,0.000000,0.000663,1.000000,0.000000
"Spodumene LiAlS_2O_6 (IN-13A)",IN-13A,becknic,mineral,mineral.silicate.inosilicate.medium.vswir.in-13a.jpl.beckman.spectrum.txt,0.001547,0.998481,0.883721,0.001229,0.963854,1.000000,0.000833,0.990946,1.000000,0.000564,1.000000,0.000000,0.000715,1.000000,0.000000
"Spodumene LiAlS_2O_6 (IN-13A)",IN-13A,becknic,mineral,mineral.silicate.inosilicate.medium.vswir.in-13a.jpl.perkin.spectrum.txt,0.001268,0.999013,0.883721,0.000987,0.956115,1.000000,0.001375,0.992589,1.000000,0.000590,1.000000,0.000000,0.000706,1.000000,0.000000
"Rhodonite (Mn,Ca)SiO_3 (IN-1A)",IN-1A,becknic,mineral,mineral.silicate.inosilicate.medium.vswir.in-1a.jpl.beckman.spectrum.txt,0.006433,0.997423,0.883721,0.006169,0.998038,1.000000,0.004197,0.996031,1.000000,0.000726,1.000000,0.000000,0.000755,1.000000,0.000000
"Rhodonite (Mn,Ca)SiO_3 (IN-1A)",IN-1A,becknic,mineral,mineral.silicate.inosilicate.medium.vswir.in-1a.jpl.perkin.spectrum.txt,0.004845,0.998442,0.883721,0.007629,0.996673,1.000000,0.004015,0.996389,1.000000,0.000631,1.000000,0.000000,0.000760,1.000000,0.000000
"Wollastonite CaSiO_3 (IN-2A)",IN-2A,becknic,mineral,mineral.silicate.inosilicate.medium.vswir.in-2a.jpl.beckman.spectrum.txt,0.001370,0.992978,0.883721,0.000858,0.996861,1.000000,0.001837,0.975913,1.000000,0.000536,1.000000,0.000000,0.000751,1.000000,0.000000
"Wollastonite CaSiO_3 (IN-2A)",IN-2A,becknic,mineral,mineral.silicate.inosilicate.medium.vswir.in-2a.jpl.perkin.spectrum.txt,0.000876,0.998346,0.883721,0.001759,0.987857,1.000000,0.001745,0.989289,1.000000,0.000426,1.000000,0.000000,0.000755,1.000000,0.000000
"Glaucophane Na_2(Mg,Fe^2+)_3Al_2Si_8O_22(OH)_2 (IN-3A)",IN-3A,becknic,mineral,mineral.silicate.inosilicate.medium.vswir.in-3a.jpl.beckman.spectrum.txt,0.001415,0.994063,0.883721,0.002469,0.988346,1.000000,0.003956,0.997785,1.000000,0.000672,1.000000,0.000000,0.000571,1.000000,0.000000
"Glaucophane Na_2(Mg,Fe^2+)_3Al_2Si_8O_22(OH)_2 (IN-3A)",IN-3A,becknic,mineral,mineral.silicate.inosilicate.medium.vswir.in-3a.jpl.perkin.spectrum.txt,0.001205,0.995485,0.883721,0.002072,0.990242,1.000000,0.004740,0.996881,1.000000,0.000924,1.000000,0.000000,0.000574,1.000000,0.000000
"Actinolite Ca_2(Mg,Fe^2+)_5Si_8O_22(OH)_2 (IN-4A)",IN-4A,becknic,mineral,mineral.silicate.inosilicate.medium.vswir.in-4a.jpl.beckman.spectrum.txt,0.001957,0.997660,0.883721,0.013715,0.883798,1.000000,0.004890,0.998237,1.000000,0.000726,1.000000,0.000000,0.000657,1.000000,0.000000
"Actinolite Ca_2(Mg,Fe^2+)_5Si_8O_22(OH)_2 (IN-4A)",IN-4A,becknic,mineral,mineral.silicate.inosilicate.medium.vswir.in-4a.jpl.perkin.spectrum.txt,0.001867,0.997893,0.883721,0.012549,0.914818,1.000000,0.007911,0.995812,1.000000,0.000805,1.000000,0.000000,0.000609,1.000000,0.000000
"Tremolite Ca_2(Mg,Fe^2+)_5Si_8O_22(OH)_2 (IN-5A)",IN-5A,becknic,mineral,mineral.silicate.inosilicate.medium.vswir.in-5a.jpl.beckman.spectrum.txt,0.001368,0.998715,0.883721,0.005583,0.947119,1.000000,0.007881,0.991250,1.000000,0.000697,1.000000,0.000000,0.000778,1.000000,0.000000
"Tremolite Ca_2(Mg,Fe^2+)_5Si_8O_22(OH)_2 (IN-5A)",IN-5A,becknic,mineral,mineral.silicate.inosilicate.medium.vswir.in-5a.jpl.perkin.spectrum.txt,0.001027,0.999297,0.883721,0.005937,0.945882,1.000000,0.011487,0.985419,1.000000,0.000756,1.000000,0.000000,0.000737,1.000000,0.000000
"Cummingtonite (Mg,Fe^2+)_7Si_8O_22(OH)_2 (IN-6A)",IN-6A,becknic,mineral,mineral.silicate.inosilicate.medium.vswir.in-6a.jpl.beckman.spectrum.txt,0.001125,0.977716,0.883721,0.001432,0.968747,1.000000,0.000561,0.996912,1.000000,0.000474,1.000000,0.000000,0.000278,1.000000,0.000000
"Cummingtonite (Mg,Fe^2+)_7Si_8O_22(OH)_2 (IN-6A)",IN-6A,becknic,mineral,mineral.silicate.inosilicate.medium.vswir.in-6a.jpl.perkin.spectrum.txt,0.000336,0.997433,0.883721,0.001440,0.978446,1.000000,0.000620,0.995817,1.000000,0.000399,1.000000,0.000000,0.000268,1.000000,0.000000
"Riebeckite Na_2(Fe^2+,Mg)_3,Fe_2^3+Si_8O_22(OH)_2 (IN-7A)",IN-7A,becknic,mineral,mineral.silicate.inosilicate.medium.vswir.in-7a.jpl.beckman.spectrum.txt,0.000463,0.919033,0.883721,0.000830,0.992601,1.000000,0.005893,0.998819,1.000000,0.000787,1.000000,0.000000,0.000729,1.000000,0.000000
"Riebeckite Na_2(Fe^2+,Mg)_3,Fe_2^3+Si_8O_22(OH)_2 (IN-7A)",IN-7A,becknic,mineral,mineral.silicate.inosilicate.medium.vswir.in-7a.jpl.perkin.spectrum.txt,0.000241,0.975398,0.883721,0.000667,0.994710,1.000000,0.006287,0.998601,1.000000,0.000607,1.000000,0.000000,0.000750,1.000000,0.000000
"Anthophyllite (Mg,Fe^2+)_7Si_8O_22(OH)_2 (IN-8A)",IN-8A,becknic,mineral,mineral.silicate.inosilicate.medium.vswir.in-8a.jpl.beckman.spectrum.txt,0.001227,0.998694,0.883721,0.002156,0.995819,1.000000,0.003417,0.996061,1.000000,0.000480,1.000000,0.000000,0.000647,1.000000,0.000000
"Anthophyllite (Mg,Fe^2+)_7Si_8O_22(OH)_2 (IN-8A)",IN-8A,becknic,mineral,mineral.silicate.inosilicate.medium.vswir.in-8a.jpl.perkin.spectrum.txt,0.000994,0.999267,0.883721,0.001860,0.997532,1.000000,0.003993,0.995604,1.000000,0.000733,1.000000,0.000000,0.000652,1.000000,0.000000
"Diopside CaMg(SiO_3)_2 (IN-9B)",IN-9B,becknic,mineral,mineral.silicate.inosilicate.medium.vswir.in-9b.jpl.beckman.spectrum.txt,0.002139,0.998731,0.883721,0.005668,0.935935,1.000000,0.002125,0.998103,1.000000,0.000671,1.000000,0.000000,0.000658,1.000000,0.000000
"Diopside CaMg(SiO_3)_2 (IN-9B)",IN-9B,becknic,mineral,mineral.silicate.inosilicate.medium.vswir.in-9b.jpl.perkin.spectrum.txt,0.002190,0.998746,0.883721,0.005248,0.958167,1.000000,0.002167,0.998016,1.000000,0.000795,1.000000,0.000000,0.000606,1.000000,0.000000
"Acmite NaFe+3 Si2O6 (acmite_1)",acmite_1,becknic,mineral,mineral.silicate.inosilicate.solid.tir.acmite_1.jhu.nicolet.spectrum.txt,0.000126,1.000000,0.000000,0.000208,1.000000,0.000000,0.000338,0.997767,0.300357,0.001024,0.988217,1.000000,0.003396,0.996986,1.000000
"Acmite NaFe+3Si2O6 (acmite_2)",acmite_2,becknic,mineral,mineral.silicate.inosilicate.solid.tir.acmite_2.jhu.nicolet.spectrum.txt,0.000127,1.000000,0.000000,0.000212,1.000000,0.000000,0.000327,0.965453,0.300357,0.000639,0.994675,1.000000,0.003684,0.997502,1.000000
"Augite (Ca,Na)(Mg,Fe,Al,Ti)(Si,Al)2O6 (augite_1)",augite_1,becknic,mineral,mineral.silicate.inosilicate.solid.tir.augite_1.jhu.nicolet.spectrum.txt,0.000082,1.000000,0.000000,0.000114,1.000000,0.000000,0.000197,0.967893,0.300357,0.000647,0.991961,1.000000,0.007378,0.991706,1.000000
"Augite (Ca,Na)(Mg,Fe,Al,Ti)(Si,Al)2O6 (augite_2)",augite_2,becknic,mineral,mineral.silicate.inosilicate.solid.tir.augite_2.jhu.nicolet.spectrum.txt,0.000140,1.000000,0.000000,0.000261,1.000000,0.000000,0.000354,1.000000,0.300357,0.000443,0.998453,1.000000,0.001807,0.998886,1.000000
"Bustamite (Mn,Ca)3Si3O9 (bustamite_1)",bustamite_1,becknic,mineral,mineral.silicate.inosilicate.solid.tir.bustamite_1.jhu.nicolet.spectrum.txt,0.000377,1.000000,0.000000,0.000343,1.000000,0.000000,0.000299,1.000000,0.300357,0.000616,0.994956,1.000000,0.009687,0.987740,1.000000
"Diopside CaMgSi2O6 (diopside_1)",diopside_1,becknic,mineral,mineral.silicate.inosilicate.solid.tir.diopside_1.jhu.nicolet.spectrum.txt,0.000473,1.000000,0.000000,0.000545,1.000000,0.000000,0.000905,0.775889,0.300357,0.000875,0.991177,1.000000,0.022398,0.985522,1.000000
"Enstatite Mg2Si2O6 (enstatite_1)",enstatite_1,becknic,mineral,mineral.silicate.inosilicate.solid.tir.enstatite_1.jhu.nicolet.spectrum.txt,0.000485,1.000000,0.000000,0.000522,1.000000,0.000000,0.000717,0.531841,0.300357,0.001270,0.994777,1.000000,0.008247,0.993425,1.000000
"Hedenbergite CaFe+2Si2O6 (hedenber_1)",hedenber_1,becknic,mineral,mineral.silicate.inosilicate.solid.tir.hedenber_1.jhu.nicolet.spectrum.txt,0.000451,1.000000,0.000000,0.000348,1.000000,0.000000,0.000330,1.000000,0.300357,0.000791,0.975716,1.000000,0.007197,0.995734,1.000000
"Hornblende Ca2(Fe+2,Mg)4Al(Si7Al)O22(OH,F)2 (hornblen_1)",hornblen_1,becknic,mineral,mineral.silicate.inosilicate.solid.tir.hornblen_1.jhu.nicolet.spectrum.txt,0.000487,1.000000,0.000000,0.000516,1.000000,0.000000,0.000495,0.965526,0.300357,0.000649,0.990876,1.000000,0.003701,0.998500,1.000000
"Hornblende Ca2(Fe2+,Mg)4Al(Si7,Al)O22(OH,F)2 (hornblen_2)",hornblen_2,becknic,mineral,mineral.silicate.inosilicate.solid.tir.hornblen_2.jhu.nicolet.spectrum.txt,0.000509,1.000000,0.000000,0.000463,1.000000,0.000000,0.000794,0.978976,0.300357,0.001722,0.994358,1.000000,0.005177,0.996189,1.000000
"Hornblende Ca2(Fe+2,Mg)4Al(Si7Al)O22(OH,F)2 (hornblen_3)",hornblen_3,becknic,mineral,mineral.silicate.inosilicate.solid.tir.hornblen_3.jhu.nicolet.spectrum.txt,0.000243,1.000000,0.000000,0.000314,1.000000,0.000000,0.000415,0.980278,0.300357,0.000716,0.990163,1.000000,0.008053,0.994696,1.000000
"Hypersthene (Mg,Fe+2)2Si2O6 (hypersth_1)",hypersth_1,becknic,mineral,mineral.silicate.inosilicate.solid.tir.hypersth_1.jhu.nicolet.spectrum.txt,0.000507,1.000000,0.000000,0.000387,1.000000,0.000000,0.000778,0.605156,0.300357,0.000939,0.992482,1.000000,0.005125,0.996885,1.000000
"Jadeite Na(Al,Fe+3)Si2O6 (jadeite_1)",jadeite_1,becknic,mineral,mineral.silicate.inosilicate.solid.tir.jadeite_1.jhu.nicolet.spectrum.txt,0.000341,1.000000,0.000000,0.000341,1.000000,0.000000,0.000311,1.000000,0.300357,0.001257,0.997761,1.000000,0.002166,0.994513,1.000000
"Pectolite NaCa2Si308(OH) (pectol_2)",pectol_2,becknic,mineral,mineral.silicate.inosilicate.solid.tir.pectol_2.jhu.nicolet.spectrum.txt,0.000532,1.000000,0.000000,0.000421,1.000000,0.000000,0.000605,0.928733,0.300357,0.000693,0.953014,1.000000,0.010007,0.986463,1.000000
"Rhodonite (Mn+2,Fe+2,Mg,Ca)SiO3 (rhodon_1)",rhodon_1,becknic,mineral,mineral.silicate.inosilicate.solid.tir.rhodon_1.jhu.nicolet.spectrum.txt,0.000241,1.000000,0.000000,0.000314,1.000000,0.000000,0.000604,1.000000,0.300357,0.000852,0.985760,1.000000,0.007107,0.986846,1.000000
"Richterite Na2Ca(Mg,Fe+2)5Si8O22(OH)2 (richter_1)",richter_1,becknic,mineral,mineral.silicate.inosilicate.solid.tir.richter_1.jhu.nicolet.spectrum.txt,0.000514,1.000000,0.000000,0.000441,1.000000,0.000000,0.000566,0.977175,0.300357,0.000978,0.979716,1.000000,0.012190,0.991049,1.000000
"Riebeckite Na2(Fe+2,Mg)3Fe2+3Si8O22(OH)2 (riebeck_1)",riebeck_1,becknic,mineral,mineral.silicate.inosilicate.solid.tir.riebeck_1.jhu.nicolet.spectrum.txt,0.000478,1.000000,0.000000,0.000358,1.000000,0.000000,0.000702,0.884572,0.300357,0.000968,0.996910,1.000000,0.007624,0.989018,1.000000
"Spodumene LiAlSi2O6 (spodum_1)",spodum_1,becknic,mineral,mineral.silicate.inosilicate.solid.tir.spodum_1.jhu.nicolet.spectrum.txt,0.000509,1.000000,0.000000,0.000392,1.000000,0.000000,0.000430,1.000000,0.300357,0.000843,0.954604,1.000000,0.012333,0.989072,1.000000
"Tremolite Ca2(Mg, Fe+2)5Si8O22(OH)2 (tremol_1)",tremol_1,becknic,mineral,mineral.silicate.inosilicate.solid.tir.tremol_1.jhu.nicolet.spectrum.txt,0.000499,1.000000,0.000000,0.000486,1.000000,0.000000,0.000722,1.000000,0.300357,0.001190,0.956058,1.000000,0.008412,0.996273,1.000000
"Tremolite Ca2(Mg, Fe+2)5Si8O22(OH)2 (tremol_2)",tremol_2,becknic,mineral,mineral.silicate.inosilicate.solid.tir.tremol_2.jhu.nicolet.spectrum.txt,0.000294,1.000000,0.000000,0.000333,1.000000,0.000000,0.000672,0.937623,0.300357,0.000682,0.992402,1.000000,0.012705,0.988983,1.000000
"Wollastonite CaSiO3 (wollasto_1)",wollasto_1,becknic,mineral,mineral.silicate.inosilicate.solid.tir.wollasto_1.jhu.nicolet.spectrum.txt,0.000282,1.000000,0.000000,0.000329,1.000000,0.000000,0.000370,0.954953,0.300357,0.000953,0.983448,1.000000,0.008743,0.984583,1.000000
"Almandine Fe3+2Al2(SiO4)3 (almandine_1)",almandine_1,becknic,mineral,mineral.silicate.nesosilicate.coarse.tir.almandine_1.jhu.nicolet.spectrum.txt,0.000117,1.000000,0.000000,0.000162,1.000000,0.000000,0.000251,0.946230,0.300357,0.001114,0.997242,1.000000,0.004847,0.976952,1.000000
"Andalusite Al2SiO5 (andalusite_1)",andalusite_1,becknic,mineral,mineral.silicate.nesosilicate.coarse.tir.andalusite_1.jhu.nicolet.spectrum.txt,0.000534,1.000000,0.000000,0.000424,1.000000,0.000000,0.000763,1.000000,0.300357,0.004206,0.990754,1.000000,0.004391,0.981282,1.000000
"Andradite Ca3Fe2+3 (SiO4)3 (andradite_1)",andradite_1,becknic,mineral,mineral.silicate.nesosilicate.coarse.tir.andradite_1.jhu.nicolet.spectrum.txt,0.000347,1.000000,0.000000,0.000341,1.000000,0.000000,0.000344,0.982068,0.300357,0.002224,0.987347,1.000000,0.004418,0.977984,1.000000
"Datolite CaBSiO4(OH) (datolite_1)",datolite_1,becknic,mineral,mineral.silicate.nesosilicate.coarse.tir.datolite_1.jhu.nicolet.spectrum.txt,0.000388,1.000000,0.000000,0.000343,1.000000,0.000000,0.004122,0.952684,0.300357,0.002225,0.988376,1.000000,0.004643,0.953330,1.000000
"Grossular Ca3Al2(Si04)3 (grossul_2)",grossul_2,becknic,mineral,mineral.silicate.nesosilicate.coarse.tir.grossul_2.jhu.nicolet.spectrum.txt,0.000185,1.000000,0.000000,0.000290,1.000000,0.000000,0.000330,0.987765,0.300357,0.002130,0.988988,1.000000,0.004200,0.976185,1.000000
"Kyanite Al2SiO5 (kyanite_1)",kyanite_1,becknic,mineral,mineral.silicate.nesosilicate.coarse.tir.kyanite_1.jhu.nicolet.spectrum.txt,0.000458,1.000000,0.000000,0.000350,1.000000,0.000000,0.000309,1.000000,0.300357,0.002147,0.994936,1.000000,0.004191,0.987761,1.000000
"Monticellite CaMgSiO4 (monticell_1)",monticell_1,becknic,mineral,mineral.silicate.nesosilicate.coarse.tir.monticell_1.jhu.nicolet.spectrum.txt,0.000509,1.000000,0.000000,0.000467,1.000000,0.000000,0.000658,0.880519,0.300357,0.003429,0.989489,1.000000,0.001809,0.988264,1.000000
"Fayalite Fe_2SiO_4 (NS-1A)",NS-1A,becknic,mineral,mineral.silicate.nesosilicate.coarse.tir.ns-1a.jpl.nicolet.spectrum.txt,0.000482,1.000000,0.000000,0.000362,1.000000,0.000000,0.000910,0.955029,0.356929,0.000958,0.993070,1.000000,0.003632,0.983854,1.000000
"Grossular Garnet Ca_3Al_2(SiO_4)_3 (NS-3B)",NS-3B,becknic,mineral,mineral.silicate.nesosilicate.coarse.tir.ns-3b.jpl.nicolet.spectrum.txt,0.000233,1.000000,0.000000,0.000822,1.000000,0.000000,0.001552,0.998046,0.356929,0.008353,0.997049,1.000000,0.024278,0.969166,1.000000
"Almandine Garnet Fe_3Al_2(SiO_4)_3 (NS-4A)",NS-4A,becknic,mineral,mineral.silicate.nesosilicate.coarse.tir.ns-4a.jpl.nicolet.spectrum.txt,0.000478,1.000000,0.000000,0.000541,1.000000,0.000000,0.001178,0.980395,0.356929,0.006607,0.997244,1.000000,0.023025,0.962641,1.000000
"Topaz Al_2SiO_4(F,OH)_2 (NS-6A)",NS-6A,becknic,mineral,mineral.silicate.nesosilicate.coarse.tir.ns-6a.jpl.nicolet.spectrum.txt,0.000509,1.000000,0.000000,0.000677,1.000000,0.000000,0.028992,0.794706,0.356929,0.023365,0.982465,1.000000,0.013235,0.986506,1.000000
"Titanite (Sphene) CaTiSiO_5 (NS-7A)",NS-7A,becknic,mineral,mineral.silicate.nesosilicate.coarse.tir.ns-7a.jpl.nicolet.spectrum.txt,0.000339,1.000000,0.000000,0.000232,1.000000,0.000000,0.017307,0.947716,0.356929,0.016450,0.995243,1.000000,0.009977,0.994204,1.000000
"Zircon ZrSiO_4 (NS-9A)",NS-9A,becknic,mineral,mineral.silicate.nesosilicate.coarse.tir.ns-9a.jpl.nicolet.spectrum.txt,0.000413,1.000000,0.000000,0.000392,1.000000,0.000000,0.002730,0.921838,0.356929,0.008795,0.996973,1.000000,0.003124,0.998454,1.000000
"Olivine (Fo92) (Fe+2,Mg)2SiO4 (olivine_1)",olivine_1,becknic,mineral,mineral.silicate.nesosilicate.coarse.tir.olivine_1.jhu.nicolet.spectrum.txt,0.000126,1.000000,0.000000,0.000234,1.000000,0.000000,0.000357,1.000000,0.300357,0.000795,0.986498,1.000000,0.001755,0.989776,1.000000
"Olivine (Fo11) (Fe+2,Mg)2SiO4 (olivine_10)",olivine_10,becknic,mineral,mineral.silicate.nesosilicate.coarse.tir.olivine_10.jhu.nicolet.spectrum.txt,0.000485,1.000000,0.000000,0.000364,1.000000,0.000000,0.000357,1.000000,0.300357,0.001929,0.978985,1.000000,0.002281,0.989047,1.000000
"Olivine (Fo92) (Fe+2,Mg)2SiO4 (olivine_11)",olivine_11,becknic,mineral,mineral.silicate.nesosilicate.coarse.tir.olivine_11.jhu.nicolet.spectrum.txt,0.000518,1.000000,0.000000,0.000404,1.000000,0.000000,0.000420,0.963081,0.300357,0.001798,0.997519,1.000000,0.007023,0.981088,1.000000
"Olivine (Fo92) (Fe+2,Mg)2SiO4 (olivine_12)",olivine_12,becknic,mineral,mineral.silicate.nesosilicate.coarse.tir.olivine_12.jhu.nicolet.spectrum.txt,0.000478,1.000000,0.000000,0.000358,1.000000,0.000000,0.000322,1.000000,0.300357,0.001425,0.997587,1.000000,0.003736,0.984165,1.000000
"Olivine (Fo92) (Fe+2,Mg)2SiO4 (olivine_13)",olivine_13,becknic,mineral,mineral.silicate.nesosilicate.coarse.tir.olivine_13.jhu.nicolet.spectrum.txt,0.000099,1.000000,0.000000,0.000137,1.000000,0.000000,0.000270,1.000000,0.300357,0.000266,0.998324,1.000000,0.003852,0.958976,1.000000
"Olivine (Fo18) (Fe+2,Mg)2SiO4 (olivine_2)",olivine_2,becknic,mineral,mineral.silicate.nesosilicate.coarse.tir.olivine_2.jhu.nicolet.spectrum.txt,0.000474,1.000000,0.000000,0.000551,1.000000,0.000000,0.000581,0.959600,0.300357,0.001069,0.999328,1.000000,0.001955,0.987040,1.000000
"Olivine (Fo29) (Fe+2,Mg)2SiO4 (olivine_3)",olivine_3,becknic,mineral,mineral.silicate.nesosilicate.coarse.tir.olivine_3.jhu.nicolet.spectrum.txt,0.000318,1.000000,0.000000,0.000341,1.000000,0.000000,0.000373,1.000000,0.300357,0.000444,0.999030,1.000000,0.002563,0.983750,1.000000
"Olivine (Fo41) (Fe+2,Mg)2SiO4 (olivine_4)",olivine_4,becknic,mineral,mineral.silicate.nesosilicate.coarse.tir.olivine_4.jhu.nicolet.spectrum.txt,0.000126,1.000000,0.000000,0.000232,1.000000,0.000000,0.000354,1.000000,0.300357,0.000356,0.999016,1.000000,0.001821,0.985339,1.000000
"Olivine (Fo51) (Fe+2,Mg)2SiO4 (olivine_5)",olivine_5,becknic,mineral,mineral.silicate.nesosilicate.coarse.tir.olivine_5.jhu.nicolet.spectrum.txt,0.000174,1.000000,0.000000,0.000284,1.000000,0.000000,0.000365,1.000000,0.300357,0.000637,0.994975,1.000000,0.002350,0.980734,1.000000
"Olivine (Fo60) (Fe+2,Mg)2SiO4 (olivine_6)",olivine_6,becknic,mineral,mineral.silicate.nesosilicate.coarse.tir.olivine_6.jhu.nicolet.spectrum.txt,0.000287,1.000000,0.000000,0.000331,1.000000,0.000000,0.000619,1.000000,0.300357,0.000795,0.996844,1.000000,0.001814,0.986379,1.000000
"Olivine (Fo66) (Fe+2,Mg)2SiO4 (olivine_7)",olivine_7,becknic,mineral,mineral.silicate.nesosilicate.coarse.tir.olivine_7.jhu.nicolet.spectrum.txt,0.000294,1.000000,0.000000,0.000333,1.000000,0.000000,0.000383,1.000000,0.300357,0.000849,0.996305,1.000000,0.001589,0.985723,1.000000
"Olivine (Fo88) (Fe+2,Mg)2SiO4 (olivine_8)",olivine_8,becknic,mineral,mineral.silicate.nesosilicate.coarse.tir.olivine_8.jhu.nicolet.spectrum.txt,0.000528,1.000000,0.000000,0.000415,1.000000,0.000000,0.000378,1.000000,0.300357,0.001373,0.991992,1.000000,0.003799,0.992106,1.000000
"Olivine (Fo88) (Fe+2,Mg)2SiO4 (olivine_9)",olivine_9,becknic,mineral,mineral.silicate.nesosilicate.coarse.tir.olivine_9.jhu.nicolet.spectrum.txt,0.000496,1.000000,0.000000,0.000374,1.000000,0.000000,0.000395,1.000000,0.300357,0.001811,0.985419,1.000000,0.001410,0.993753,1.000000
"Pyrope Mg3Al2(SiO4)3 (pyrope_1)",pyrope_1,becknic,mineral,mineral.silicate.nesosilicate.coarse.tir.pyrope_1.jhu.nicolet.spectrum.txt,0.000175,1.000000,0.000000,0.000285,1.000000,0.000000,0.000381,0.947408,0.300357,0.002076,0.994930,1.000000,0.003387,0.984540,1.000000
"Spessartine Mn3Al2 (SiO4)3 (spessart_2)",spessart_2,becknic,mineral,mineral.silicate.nesosilicate.coarse.tir.spessart_2.jhu.nicolet.spectrum.txt,0.000354,1.000000,0.000000,0.000342,1.000000,0.000000,0.000613,0.967961,0.300357,0.002421,0.991971,1.000000,0.006501,0.970475,1.000000
"Staurolite (Fe+2,Mg,Zn)2Al9(Si,Al)4O22(OH)2 (staurol_1)",staurol_1,becknic,mineral,mineral.silicate.nesosilicate.coarse.tir.staurol_1.jhu.nicolet.spectrum.txt,0.000030,1.000000,0.000000,0.000042,1.000000,0.000000,0.000099,1.000000,0.300357,0.000678,0.996536,1.000000,0.003688,0.976815,1.000000
"Topaz Al2SiO4(F,OH)2 (topaz_1)",topaz_1,becknic,mineral,mineral.silicate.nesosilicate.coarse.tir.topaz_1.jhu.nicolet.spectrum.txt,0.000126,1.000000,0.000000,0.000228,1.000000,0.000000,0.006917,0.957366,0.300357,0.006176,0.982522,1.000000,0.003692,0.988392,1.000000
"Topaz Al2SiO4(F,OH)2 (topaz_2)",topaz_2,becknic,mineral,mineral.silicate.nesosilicate.coarse.tir.topaz_2.jhu.nicolet.spectrum.txt,0.000080,1.000000,0.000000,0.000112,1.000000,0.000000,0.004936,0.939565,0.300357,0.004451,0.969870,1.000000,0.002395,0.990250,1.000000
"Topaz Al2SiO4(F,OH)2 (topaz_3)",topaz_3,becknic,mineral,mineral.silicate.nesosilicate.coarse.tir.topaz_3.jhu.nicolet.spectrum.txt,0.000482,1.000000,0.000000,0.000362,1.000000,0.000000,0.000763,1.000000,0.300357,0.003612,0.986508,1.000000,0.003967,0.986320,1.000000
"Topaz Al2SiO4(F,OH)2 (topaz_4)",topaz_4,becknic,mineral,mineral.silicate.nesosilicate.coarse.tir.topaz_4.jhu.nicolet.spectrum.txt,0.000128,1.000000,0.000000,0.000215,1.000000,0.000000,0.003280,0.965504,0.300357,0.003795,0.983763,1.000000,0.002886,0.987705,1.000000
"Fayalite Fe_2SiO_4 (NS-1A)",NS-1A,becknic,mineral,mineral.silicate.nesosilicate.coarse.vswir.ns-1a.jpl.beckman.spectrum.txt,0.000894,0.989055,0.883721,0.000977,0.979692,1.000000,0.000510,0.997939,1.000000,0.000332,1.000000,0.000000,0.000296,1.000000,0.000000
"Fayalite Fe_2SiO_4 (NS-1A)",NS-1A,becknic,mineral,mineral.silicate.nesosilicate.coarse.vswir.ns-1a.jpl.perkin.spectrum.txt,0.000450,0.997147,0.883721,0.000571,0.995906,1.000000,0.000620,0.998238,1.000000,0.000388,1.000000,0.000000,0.000280,1.000000,0.000000
"Grossular Garnet Ca_3Al_2(SiO_4)_3 (NS-3B)",NS-3B,becknic,mineral,mineral.silicate.nesosilicate.coarse.vswir.ns-3b.jpl.beckman.spectrum.txt,0.007703,0.994693,0.883721,0.002786,0.993916,1.000000,0.001342,0.999539,1.000000,0.000773,1.000000,0.000000,0.000833,1.000000,0.000000
"Grossular Garnet Ca_3Al_2(SiO_4)_3 (NS-3B)",NS-3B,becknic,mineral,mineral.silicate.nesosilicate.coarse.vswir.ns-3b.jpl.perkin.spectrum.txt,0.008076,0.994525,0.883721,0.002992,0.992395,1.000000,0.002150,0.999097,1.000000,0.000723,1.000000,0.000000,0.000765,1.000000,0.000000
"Almandine Garnet Fe_3Al_2(SiO_4)_3 (NS-4A)",NS-4A,becknic,mineral,mineral.silicate.nesosilicate.coarse.vswir.ns-4a.jpl.beckman.spectrum.txt,0.006707,0.996109,0.883721,0.013989,0.972272,1.000000,0.005709,0.918977,1.000000,0.000510,1.000000,0.000000,0.000359,1.000000,0.000000
"Almandine Garnet Fe_3Al_2(SiO_4)_3 (NS-4A)",NS-4A,becknic,mineral,mineral.silicate.nesosilicate.coarse.vswir.ns-4a.jpl.perkin.spectrum.txt,0.006993,0.995747,0.883721,0.014689,0.966973,1.000000,0.006337,0.915413,1.000000,0.000517,1.000000,0.000000,0.000393,1.000000,0.000000
"Topaz Al_2SiO_4(F,OH)_2 (NS-6A)",NS-6A,becknic,mineral,mineral.silicate.nesosilicate.coarse.vswir.ns-6a.jpl.beckman.spectrum.txt,0.001151,0.789105,0.883721,0.000726,0.912017,1.000000,0.019908,0.913211,1.000000,0.000715,1.000000,0.000000,0.000569,1.000000,0.000000
"Topaz Al_2SiO_4(F,OH)_2 (NS-6A)",NS-6A,becknic,mineral,mineral.silicate.nesosilicate.coarse.vswir.ns-6a.jpl.perkin.spectrum.txt,0.001000,0.956476,0.883721,0.001786,-1.000000,1.000000,0.028634,0.844052,1.000000,0.000745,1.000000,0.000000,0.000593,1.000000,0.000000
"Titanite (Sphene) CaTiSiO_5 (NS-7A)",NS-7A,becknic,mineral,mineral.silicate.nesosilicate.coarse.vswir.ns-7a.jpl.beckman.spectrum.txt,0.005147,0.999428,0.883721,0.003665,0.987392,1.000000,0.009831,0.977747,1.000000,0.000662,1.000000,0.000000,0.000657,1.000000,0.000000
"Titanite (Sphene) CaTiSiO_5 (NS-7A)",NS-7A,becknic,mineral,mineral.silicate.nesosilicate.coarse.vswir.ns-7a.jpl.perkin.spectrum.txt,0.004726,0.999518,0.883721,0.001365,0.998168,1.000000,0.015982,0.953199,1.000000,0.000725,1.000000,0.000000,0.000657,1.000000,0.000000
"Sillimanite Al_2SiO_5 (NS-8A)",NS-8A,becknic,mineral,mineral.silicate.nesosilicate.coarse.vswir.ns-8a.jpl.beckman.spectrum.txt,0.001977,0.999730,0.883721,0.000669,0.976257,1.000000,0.004305,0.998004,1.000000,0.000476,1.000000,0.000000,0.000639,1.000000,0.000000
"Zircon ZrSiO_4 (NS-9A)",NS-9A,becknic,mineral,mineral.silicate.nesosilicate.coarse.vswir.ns-9a.jpl.beckman.spectrum.txt,0.007869,0.995820,0.883721,0.007132,0.952504,1.000000,0.014028,0.931698,1.000000,0.000804,1.000000,0.000000,0.000705,1.000000,0.000000
"Zircon ZrSiO_4 (NS-9A)",NS-9A,becknic,mineral,mineral.silicate.nesosilicate.coarse.vswir.ns-9a.jpl.perkin.spectrum.txt,0.007370,0.996693,0.883721,0.006610,0.952777,1.000000,0.014397,0.923046,1.000000,0.000778,1.000000,0.000000,0.000716,1.000000,0.000000
"Almandine Fe3+2Al2(SiO4)3 (almandine_1)",almandine_1,becknic,mineral,mineral.silicate.nesosilicate.fine.tir.almandine_1.jhu.nicolet.spectrum.txt,0.000274,1.000000,0.000000,0.000423,1.000000,0.000000,0.001568,0.978358,0.300357,0.003357,0.997058,1.000000,0.012291,0.997100,1.000000
"Andalusite Al2SiO5 (andalusite_1)",andalusite_1,becknic,mineral,mineral.silicate.nesosilicate.fine.tir.andalusite_1.jhu.nicolet.spectrum.txt,0.000530,1.000000,0.000000,0.001151,0.000000,0.000000,0.000924,1.000000,0.300357,0.003139,0.988385,1.000000,0.017055,0.994765,1.000000
"Andradite Ca3Fe2+3 (SiO4)3 (andradite_1)",andradite_1,becknic,mineral,mineral.silicate.nesosilicate.fine.tir.andradite_1.jhu.nicolet.spectrum.txt,0.000220,1.000000,0.000000,0.000672,1.000000,0.000000,0.001175,0.993892,0.300357,0.002071,0.998337,1.000000,0.013868,0.996452,1.000000
"Datolite CaBSiO4(OH) (datolite_1)",datolite_1,becknic,mineral,mineral.silicate.nesosilicate.fine.tir.datolite_1.jhu.nicolet.spectrum.txt,0.000263,1.000000,0.000000,0.000710,1.000000,0.000000,0.001599,0.951637,0.300357,0.020057,0.870684,1.000000,0.037335,0.985257,1.000000
"Grossular Ca3Al2(Si04)3 (grossul_2)",grossul_2,becknic,mineral,mineral.silicate.nesosilicate.fine.tir.grossul_2.jhu.nicolet.spectrum.txt,0.000251,1.000000,0.000000,0.000560,1.000000,0.000000,0.001335,0.991671,0.300357,0.002674,0.997668,1.000000,0.018947,0.995366,1.000000
"Kyanite Al2SiO5 (kyanite_1)",kyanite_1,becknic,mineral,mineral.silicate.nesosilicate.fine.tir.kyanite_1.jhu.nicolet.spectrum.txt,0.000228,1.000000,0.000000,0.000779,1.000000,0.000000,0.001171,0.977522,0.300357,0.002206,0.996658,1.000000,0.010527,0.998165,1.000000
"Monticellite CaMgSiO4 (monticell_1)",monticell_1,becknic,mineral,mineral.silicate.nesosilicate.fine.tir.monticell_1.jhu.nicolet.spectrum.txt,0.000228,1.000000,0.000000,0.000610,1.000000,0.000000,0.001092,0.981028,0.300357,0.005596,0.985990,1.000000,0.013318,0.997326,1.000000
"Fayalite Fe_2SiO_4 (NS-1A)",NS-1A,becknic,mineral,mineral.silicate.nesosilicate.fine.tir.ns-1a.jpl.nicolet.spectrum.txt,0.000412,1.000000,0.000000,0.000465,1.000000,0.000000,0.001094,0.988416,0.356929,0.002680,0.991368,1.000000,0.002521,0.986278,1.000000
"Forsterite Mg_2SiO_4 (NS-2A)",NS-2A,becknic,mineral,mineral.silicate.nesosilicate.fine.tir.ns-2a.jpl.nicolet.spectrum.txt,0.000413,1.000000,0.000000,0.000692,1.000000,0.000000,0.002345,-1.000000,0.356929,0.014274,0.974782,1.000000,0.004627,0.995845,1.000000
"Grossular Garnet Ca_3Al_2(SiO_4)_3 (NS-3B)",NS-3B,becknic,mineral,mineral.silicate.nesosilicate.fine.tir.ns-3b.jpl.nicolet.spectrum.txt,0.000217,1.000000,0.000000,0.000658,1.000000,0.000000,0.000976,0.942834,0.356929,0.009105,0.996412,1.000000,0.009245,0.984620,1.000000
"Almandine Garnet Fe_3Al_2(SiO_4)_3 (NS-4A)",NS-4A,becknic,mineral,mineral.silicate.nesosilicate.fine.tir.ns-4a.jpl.nicolet.spectrum.txt,0.001321,0.000000,0.000000,0.000503,1.000000,0.000000,0.001611,0.337779,0.356929,0.004648,0.993624,1.000000,0.004453,0.989156,1.000000
"Topaz Al_2SiO_4(F,OH)_2 (NS-6A)",NS-6A,becknic,mineral,mineral.silicate.nesosilicate.fine.tir.ns-6a.jpl.nicolet.spectrum.txt,0.000728,1.000000,0.000000,0.000673,1.000000,0.000000,0.004809,0.551876,0.356929,0.013285,0.973944,1.000000,0.004709,0.993721,1.000000
"Titanite (Sphene) CaTiSiO_5 (NS-7A)",NS-7A,becknic,mineral,mineral.silicate.nesosilicate.fine.tir.ns-7a.jpl.nicolet.spectrum.txt,0.000225,1.000000,0.000000,0.000607,1.000000,0.000000,0.004736,0.939962,0.356929,0.011449,0.995328,1.000000,0.003987,0.997562,1.000000
"Zircon ZrSiO_4 (NS-9A)",NS-9A,becknic,mineral,mineral.silicate.nesosilicate.fine.tir.ns-9a.jpl.nicolet.spectrum.txt,0.000236,1.000000,0.000000,0.000758,1.000000,0.000000,0.001251,0.659320,0.356929,0.007258,0.996948,1.000000,0.003536,0.997338,1.000000
"Olivine (Fo92) (Fe+2,Mg)2SiO4 (olivine_1)",olivine_1,becknic,mineral,mineral.silicate.nesosilicate.fine.tir.olivine_1.jhu.nicolet.spectrum.txt,0.000551,1.000000,0.000000,0.000465,1.000000,0.000000,0.000773,0.994280,0.300357,0.003691,0.999384,1.000000,0.006936,0.999436,1.000000
"Olivine (Fo92) (Fe+2,Mg)2SiO4 (olivine_11)",olivine_11,becknic,mineral,mineral.silicate.nesosilicate.fine.tir.olivine_11.jhu.nicolet.spectrum.txt,0.000218,1.000000,0.000000,0.000618,1.000000,0.000000,0.001576,0.992297,0.300357,0.001982,0.996855,1.000000,0.012433,0.998603,1.000000
"Olivine (Fo92) (Fe+2,Mg)2SiO4 (olivine_12)",olivine_12,becknic,mineral,mineral.silicate.nesosilicate.fine.tir.olivine_12.jhu.nicolet.spectrum.txt,0.000236,1.000000,0.000000,0.000628,1.000000,0.000000,0.001158,0.953505,0.300357,0.003177,0.983393,1.000000,0.013842,0.997678,1.000000
"Olivine (Fo92) (Fe+2,Mg)2SiO4 (olivine_13)",olivine_13,becknic,mineral,mineral.silicate.nesosilicate.fine.tir.olivine_13.jhu.nicolet.spectrum.txt,0.000443,1.000000,0.000000,0.000620,1.000000,0.000000,0.001438,0.982137,0.300357,0.003125,0.997363,1.000000,0.009877,0.997309,1.000000
"Olivine (Fo18) (Fe+2,Mg)2SiO4 (olivine_2)",olivine_2,becknic,mineral,mineral.silicate.nesosilicate.fine.tir.olivine_2.jhu.nicolet.spectrum.txt,0.000593,1.000000,0.000000,0.000468,1.000000,0.000000,0.001066,0.997085,0.300357,0.003196,0.999581,1.000000,0.010206,0.998999,1.000000
"Olivine (Fo29) (Fe+2,Mg)2SiO4 (olivine_3)",olivine_3,becknic,mineral,mineral.silicate.nesosilicate.fine.tir.olivine_3.jhu.nicolet.spectrum.txt,0.000581,1.000000,0.000000,0.000674,1.000000,0.000000,0.002320,0.985989,0.300357,0.002072,0.999522,1.000000,0.009906,0.998698,1.000000
"Olivine (Fo41) (Fe+2,Mg)2SiO4 (olivine_4)",olivine_4,becknic,mineral,mineral.silicate.nesosilicate.fine.tir.olivine_4.jhu.nicolet.spectrum.txt,0.000366,1.000000,0.000000,0.000216,1.000000,0.000000,0.000984,0.994900,0.300357,0.003679,0.997095,1.000000,0.011397,0.998116,1.000000
"Olivine (Fo51) (Fe+2,Mg)2SiO4 (olivine_5)",olivine_5,becknic,mineral,mineral.silicate.nesosilicate.fine.tir.olivine_5.jhu.nicolet.spectrum.txt,0.000788,1.000000,0.000000,0.000676,1.000000,0.000000,0.001575,0.996456,0.300357,0.002437,0.999515,1.000000,0.009581,0.999129,1.000000
"Olivine (Fo60) (Fe+2,Mg)2SiO4 (olivine_6)",olivine_6,becknic,mineral,mineral.silicate.nesosilicate.fine.tir.olivine_6.jhu.nicolet.spectrum.txt,0.000256,1.000000,0.000000,0.000518,1.000000,0.000000,0.001907,0.991214,0.300357,0.002470,0.997933,1.000000,0.011435,0.998605,1.000000
"Olivine (Fo66) (Fe+2,Mg)2SiO4 (olivine_7)",olivine_7,becknic,mineral,mineral.silicate.nesosilicate.fine.tir.olivine_7.jhu.nicolet.spectrum.txt,0.000233,1.000000,0.000000,0.000815,1.000000,0.000000,0.001057,0.996535,0.300357,0.002236,0.997828,1.000000,0.010055,0.998733,1.000000
"Olivine (Fo88) (Fe+2,Mg)2SiO4 (olivine_8)",olivine_8,becknic,mineral,mineral.silicate.nesosilicate.fine.tir.olivine_8.jhu.nicolet.spectrum.txt,0.000245,1.000000,0.000000,0.000653,1.000000,0.000000,0.000996,0.994813,0.300357,0.002822,0.986414,1.000000,0.011642,0.997972,1.000000
"Olivine (Fo88) (Fe+2,Mg)2SiO4 (olivine_9)",olivine_9,becknic,mineral,mineral.silicate.nesosilicate.fine.tir.olivine_9.jhu.nicolet.spectrum.txt,0.000330,1.000000,0.000000,0.000245,1.000000,0.000000,0.001225,0.997134,0.300357,0.002493,0.998186,1.000000,0.009310,0.999185,1.000000
"Pyrope Mg3Al2(SiO4)3 (pyrope_1)",pyrope_1,becknic,mineral,mineral.silicate.nesosilicate.fine.tir.pyrope_1.jhu.nicolet.spectrum.txt,0.000284,1.000000,0.000000,0.000386,1.000000,0.000000,0.001162,0.992200,0.300357,0.002260,0.998976,1.000000,0.009511,0.998668,1.000000
"Spessartine Mn3Al2 (SiO4)3 (spessart_2)",spessart_2,becknic,mineral,mineral.silicate.nesosilicate.fine.tir.spessart_2.jhu.nicolet.spectrum.txt,0.000524,1.000000,0.000000,0.001149,0.000000,0.000000,0.001109,0.859329,0.300357,0.002801,0.994362,1.000000,0.016608,0.993832,1.000000
"Staurolite (Fe+2,Mg,Zn)2Al9(Si,Al)4O22(OH)2 (staurol_1)",staurol_1,becknic,mineral,mineral.silicate.nesosilicate.fine.tir.staurol_1.jhu.nicolet.spectrum.txt,0.000327,1.000000,0.000000,0.000251,1.000000,0.000000,0.002088,0.980409,0.300357,0.003562,0.997763,1.000000,0.006739,0.999041,1.000000
"Topaz Al2SiO4(F,OH)2 (topaz_1)",topaz_1,becknic,mineral,mineral.silicate.nesosilicate.fine.tir.topaz_1.jhu.nicolet.spectrum.txt,0.000411,1.000000,0.000000,0.001089,0.000000,0.000000,0.001520,0.865943,0.300357,0.006819,0.966464,1.000000,0.011419,0.998251,1.000000
"Topaz Al2SiO4(F,OH)2 (topaz_2)",topaz_2,becknic,mineral,mineral.silicate.nesosilicate.fine.tir.topaz_2.jhu.nicolet.spectrum.txt,0.000324,1.000000,0.000000,0.000928,1.000000,0.000000,0.001546,0.696708,0.300357,0.012837,0.811399,1.000000,0.018043,0.995426,1.000000
"Topaz Al2SiO4(F,OH)2 (topaz_3)",topaz_3,becknic,mineral,mineral.silicate.nesosilicate.fine.tir.topaz_3.jhu.nicolet.spectrum.txt,0.000394,1.000000,0.000000,0.001080,0.000000,0.000000,0.001327,0.793312,0.300357,0.002602,0.986938,1.000000,0.018789,0.996170,1.000000
"Topaz Al2SiO4(F,OH)2 (topaz_4)",topaz_4,becknic,mineral,mineral.silicate.nesosilicate.fine.tir.topaz_4.jhu.nicolet.spectrum.txt,0.000517,1.000000,0.000000,0.000403,1.000000,0.000000,0.002460,0.965716,0.300357,0.005191,0.958802,1.000000,0.001600,0.993874,1.000000
"Fayalite Fe_2SiO_4 (NS-1A)",NS-1A,becknic,mineral,mineral.silicate.nesosilicate.fine.vswir.ns-1a.jpl.beckman.spectrum.txt,0.001241,0.998580,0.883721,0.003456,0.976371,1.000000,0.001073,0.998536,1.000000,0.000641,1.000000,0.000000,0.000462,1.000000,0.000000
"Fayalite Fe_2SiO_4 (NS-1A)",NS-1A,becknic,mineral,mineral.silicate.nesosilicate.fine.vswir.ns-1a.jpl.perkin.spectrum.txt,0.001183,0.998450,0.883721,0.002635,0.986134,1.000000,0.001204,0.998094,1.000000,0.000520,1.000000,0.000000,0.000399,1.000000,0.000000
"Forsterite Mg_2SiO_4 (NS-2A)",NS-2A,becknic,mineral,mineral.silicate.nesosilicate.fine.vswir.ns-2a.jpl.beckman.spectrum.txt,0.001050,0.960245,0.883721,0.001212,-0.457648,1.000000,0.002049,-0.174028,1.000000,0.000752,1.000000,0.000000,0.000750,1.000000,0.000000
"Forsterite Mg_2SiO_4 (NS-2A)",NS-2A,becknic,mineral,mineral.silicate.nesosilicate.fine.vswir.ns-2a.jpl.perkin.spectrum.txt,0.000843,0.982876,0.883721,0.001723,0.000000,1.000000,0.001076,0.970472,1.000000,0.000582,1.000000,0.000000,0.000742,1.000000,0.000000
"Grossular Garnet Ca_3Al_2(SiO_4)_3 (NS-3B)",NS-3B,becknic,mineral,mineral.silicate.nesosilicate.fine.vswir.ns-3b.jpl.beckman.spectrum.txt,0.001620,0.997857,0.883721,0.000965,0.945108,1.000000,0.001262,0.963570,1.000000,0.000539,1.000000,0.000000,0.000759,1.000000,0.000000
"Grossular Garnet Ca_3Al_2(SiO_4)_3 (NS-3B)",NS-3B,becknic,mineral,mineral.silicate.nesosilicate.fine.vswir.ns-3b.jpl.perkin.spectrum.txt,0.001969,0.997795,0.883721,0.001393,0.872965,1.000000,0.001244,0.994241,1.000000,0.000506,1.000000,0.000000,0.000781,1.000000,0.000000
"Almandine Garnet Fe_3Al_2(SiO_4)_3 (NS-4A)",NS-4A,becknic,mineral,mineral.silicate.nesosilicate.fine.vswir.ns-4a.jpl.beckman.spectrum.txt,0.001420,0.997903,0.883721,0.001451,0.890024,1.000000,0.001484,0.960894,1.000000,0.000770,1.000000,0.000000,0.000542,1.000000,0.000000
"Almandine Garnet Fe_3Al_2(SiO_4)_3 (NS-4A)",NS-4A,becknic,mineral,mineral.silicate.nesosilicate.fine.vswir.ns-4a.jpl.perkin.spectrum.txt,0.000950,0.999119,0.883721,0.001696,0.866775,1.000000,0.001246,0.974291,1.000000,0.000977,1.000000,0.000000,0.000703,1.000000,0.000000
"Topaz Al_2SiO_4(F,OH)_2 (NS-6A)",NS-6A,becknic,mineral,mineral.silicate.nesosilicate.fine.vswir.ns-6a.jpl.beckman.spectrum.txt,0.001171,0.858988,0.883721,0.001666,0.334785,1.000000,0.002482,0.922143,1.000000,0.000762,1.000000,0.000000,0.000627,1.000000,0.000000
"Topaz Al_2SiO_4(F,OH)_2 (NS-6A)",NS-6A,becknic,mineral,mineral.silicate.nesosilicate.fine.vswir.ns-6a.jpl.perkin.spectrum.txt,0.000888,0.585542,0.883721,0.000694,0.925029,1.000000,0.004031,0.910273,1.000000,0.000782,1.000000,0.000000,0.000605,1.000000,0.000000
"Titanite (Sphene) CaTiSiO_5 (NS-7A)",NS-7A,becknic,mineral,mineral.silicate.nesosilicate.fine.vswir.ns-7a.jpl.beckman.spectrum.txt,0.002284,0.999474,0.883721,0.000808,0.922963,1.000000,0.002436,0.983889,1.000000,0.000570,1.000000,0.000000,0.000689,1.000000,0.000000
"Titanite (Sphene) CaTiSiO_5 (NS-7A)",NS-7A,becknic,mineral,mineral.silicate.nesosilicate.fine.vswir.ns-7a.jpl.perkin.spectrum.txt,0.002218,0.999603,0.883721,0.001283,0.844258,1.000000,0.004002,0.979310,1.000000,0.000524,1.000000,0.000000,0.000766,1.000000,0.000000
"Sillimanite Al_2SiO_5 (NS-8A)",NS-8A,becknic,mineral,mineral.silicate.nesosilicate.fine.vswir.ns-8a.jpl.beckman.spectrum.txt,0.001456,0.998454,0.883721,0.000917,1.000000,1.000000,0.001922,0.980725,1.000000,0.000494,1.000000,0.000000,0.000790,1.000000,0.000000
"Zircon ZrSiO_4 (NS-9A)",NS-9A,becknic,mineral,mineral.silicate.nesosilicate.fine.vswir.ns-9a.jpl.beckman.spectrum.txt,0.002423,0.999705,0.883721,0.001770,0.748998,1.000000,0.002934,0.963240,1.000000,0.000402,1.000000,0.000000,0.000737,1.000000,0.000000
"Zircon ZrSiO_4 (NS-9A)",NS-9A,becknic,mineral,mineral.silicate.nesosilicate.fine.vswir.ns-9a.jpl.perkin.spectrum.txt,0.002386,0.999708,0.883721,0.002280,0.707190,1.000000,0.003391,0.959199,1.000000,0.000686,1.000000,0.000000,0.000736,1.000000,0.000000
"Fayalite Fe_2SiO_4 (NS-1A)",NS-1A,becknic,mineral,mineral.silicate.nesosilicate.medium.tir.ns-1a.jpl.nicolet.spectrum.txt,0.000492,1.000000,0.000000,0.000504,1.000000,0.000000,0.001151,0.971721,0.356929,0.001238,0.996308,1.000000,0.003469,0.981056,1.000000
"Grossular Garnet Ca_3Al_2(SiO_4)_3 (NS-3B)",NS-3B,becknic,mineral,mineral.silicate.nesosilicate.medium.tir.ns-3b.jpl.nicolet.spectrum.txt,0.000216,1.000000,0.000000,0.000648,1.000000,0.000000,0.001374,0.995199,0.356929,0.009523,0.997212,1.000000,0.020775,0.968187,1.000000
"Almandine Garnet Fe_3Al_2(SiO_4)_3 (NS-4A)",NS-4A,becknic,mineral,mineral.silicate.nesosilicate.medium.tir.ns-4a.jpl.nicolet.spectrum.txt,0.001089,0.000000,0.000000,0.000563,1.000000,0.000000,0.001768,0.949487,0.356929,0.006630,0.997561,1.000000,0.016692,0.974670,1.000000
"Topaz Al_2SiO_4(F,OH)_2 (NS-6A)",NS-6A,becknic,mineral,mineral.silicate.nesosilicate.medium.tir.ns-6a.jpl.nicolet.spectrum.txt,0.000443,1.000000,0.000000,0.000654,1.000000,0.000000,0.023467,0.701146,0.356929,0.021238,0.985840,1.000000,0.012061,0.986730,1.000000
"Titanite (Sphene) CaTiSiO_5 (NS-7A)",NS-7A,becknic,mineral,mineral.silicate.nesosilicate.medium.tir.ns-7a.jpl.nicolet.spectrum.txt,0.000229,1.000000,0.000000,0.000793,1.000000,0.000000,0.013204,0.944911,0.356929,0.018109,0.995004,1.000000,0.008646,0.994492,1.000000
"Zircon ZrSiO_4 (NS-9A)",NS-9A,becknic,mineral,mineral.silicate.nesosilicate.medium.tir.ns-9a.jpl.nicolet.spectrum.txt,0.000245,1.000000,0.000000,0.000612,1.000000,0.000000,0.001967,0.923432,0.356929,0.007708,0.998213,1.000000,0.003486,0.997812,1.000000
"Fayalite Fe_2SiO_4 (NS-1A)",NS-1A,becknic,mineral,mineral.silicate.nesosilicate.medium.vswir.ns-1a.jpl.beckman.spectrum.txt,0.000855,0.996219,0.883721,0.001278,0.984993,1.000000,0.000572,0.999525,1.000000,0.000551,1.000000,0.000000,0.000352,1.000000,0.000000
"Fayalite Fe_2SiO_4 (NS-1A)",NS-1A,becknic,mineral,mineral.silicate.nesosilicate.medium.vswir.ns-1a.jpl.perkin.spectrum.txt,0.000550,0.998487,0.883721,0.000703,0.996621,1.000000,0.000755,0.999147,1.000000,0.000552,1.000000,0.000000,0.000361,1.000000,0.000000
"Grossular Garnet Ca_3Al_2(SiO_4)_3 (NS-3B)",NS-3B,becknic,mineral,mineral.silicate.nesosilicate.medium.vswir.ns-3b.jpl.beckman.spectrum.txt,0.005285,0.994289,0.883721,0.001281,0.995366,1.000000,0.001216,0.998614,1.000000,0.000491,1.000000,0.000000,0.000792,1.000000,0.000000
"Grossular Garnet Ca_3Al_2(SiO_4)_3 (NS-3B)",NS-3B,becknic,mineral,mineral.silicate.nesosilicate.medium.vswir.ns-3b.jpl.perkin.spectrum.txt,0.005549,0.994609,0.883721,0.002249,0.984138,1.000000,0.001687,0.998388,1.000000,0.000408,1.000000,0.000000,0.000740,1.000000,0.000000
"Almandine Garnet Fe_3Al_2(SiO_4)_3 (NS-4A)",NS-4A,becknic,mineral,mineral.silicate.nesosilicate.medium.vswir.ns-4a.jpl.beckman.spectrum.txt,0.004143,0.997434,0.883721,0.008917,0.941888,1.000000,0.003811,0.984023,1.000000,0.000979,1.000000,0.000000,0.000689,1.000000,0.000000
"Almandine Garnet Fe_3Al_2(SiO_4)_3 (NS-4A)",NS-4A,becknic,mineral,mineral.silicate.nesosilicate.medium.vswir.ns-4a.jpl.perkin.spectrum.txt,0.004615,0.997258,0.883721,0.010517,0.932999,1.000000,0.004476,0.977958,1.000000,0.000902,1.000000,0.000000,0.000679,1.000000,0.000000
"Topaz Al_2SiO_4(F,OH)_2 (NS-6A)",NS-6A,becknic,mineral,mineral.silicate.nesosilicate.medium.vswir.ns-6a.jpl.beckman.spectrum.txt,0.000995,0.756126,0.883721,0.000790,0.883748,1.000000,0.013578,0.866212,1.000000,0.000766,1.000000,0.000000,0.000538,1.000000,0.000000
"Topaz Al_2SiO_4(F,OH)_2 (NS-6A)",NS-6A,becknic,mineral,mineral.silicate.nesosilicate.medium.vswir.ns-6a.jpl.perkin.spectrum.txt,0.000467,0.979081,0.883721,0.000722,1.000000,1.000000,0.021910,0.773526,1.000000,0.000766,1.000000,0.000000,0.000539,1.000000,0.000000
"Titanite (Sphene) CaTiSiO_5 (NS-7A)",NS-7A,becknic,mineral,mineral.silicate.nesosilicate.medium.vswir.ns-7a.jpl.beckman.spectrum.txt,0.005288,0.999272,0.883721,0.000812,0.998690,1.000000,0.006709,0.983103,1.000000,0.000785,1.000000,0.000000,0.000832,1.000000,0.000000
"Titanite (Sphene) CaTiSiO_5 (NS-7A)",NS-7A,becknic,mineral,mineral.silicate.nesosilicate.medium.vswir.ns-7a.jpl.perkin.spectrum.txt,0.004956,0.999363,0.883721,0.002145,0.989449,1.000000,0.011539,0.961006,1.000000,0.000750,1.000000,0.000000,0.000765,1.000000,0.000000
"Sillimanite Al_2SiO_5 (NS-8A)",NS-8A,becknic,mineral,mineral.silicate.nesosilicate.medium.vswir.ns-8a.jpl.beckman.spectrum.txt,0.001815,0.999389,0.883721,0.000870,0.616843,1.000000,0.001962,0.997609,1.000000,0.000801,1.000000,0.000000,0.000817,1.000000,0.000000
"Zircon ZrSiO_4 (NS-9A)",NS-9A,becknic,mineral,mineral.silicate.nesosilicate.medium.vswir.ns-9a.jpl.beckman.spectrum.txt,0.005628,0.998387,0.883721,0.004261,0.951019,1.000000,0.009987,0.929308,1.000000,0.000534,1.000000,0.000000,0.000694,1.000000,0.000000
"Zircon ZrSiO_4 (NS-9A)",NS-9A,becknic,mineral,mineral.silicate.nesosilicate.medium.vswir.ns-9a.jpl.perkin.spectrum.txt,0.006078,0.998293,0.883721,0.004415,0.953839,1.000000,0.011186,0.923151,1.000000,0.000590,1.000000,0.000000,0.000710,1.000000,0.000000
"Almandine Fe3+2Al2(SiO4)3 (almandine_1)",almandine_1,becknic,mineral,mineral.silicate.nesosilicate.solid.tir.almandine_1.jhu.nicolet.spectrum.txt,0.000400,1.000000,0.000000,0.000343,1.000000,0.000000,0.000318,0.959429,0.300357,0.000650,0.978202,1.000000,0.024969,0.980363,1.000000
"Andalusite Al2SiO5 (andalusite_1)",andalusite_1,becknic,mineral,mineral.silicate.nesosilicate.solid.tir.andalusite_1.jhu.nicolet.spectrum.txt,0.000476,1.000000,0.000000,0.000545,1.000000,0.000000,0.000617,1.000000,0.300357,0.001602,0.908194,1.000000,0.017788,0.992688,1.000000
"Andradite Ca3Fe2+3 (SiO4)3 (andradite_1)",andradite_1,becknic,mineral,mineral.silicate.nesosilicate.solid.tir.andradite_1.jhu.nicolet.spectrum.txt,0.000181,1.000000,0.000000,0.000288,1.000000,0.000000,0.000371,1.000000,0.300357,0.000822,0.949852,1.000000,0.017573,0.984772,1.000000
"Datolite CaBSiO4(OH) (datolite_1)",datolite_1,becknic,mineral,mineral.silicate.nesosilicate.solid.tir.datolite_1.jhu.nicolet.spectrum.txt,0.000327,1.000000,0.000000,0.000341,1.000000,0.000000,0.000435,1.000000,0.300357,0.001069,0.987523,1.000000,0.027198,0.963148,1.000000
"Grossular Ca3Al2(Si04)3 (grossul_2)",grossul_2,becknic,mineral,mineral.silicate.nesosilicate.solid.tir.grossul_2.jhu.nicolet.spectrum.txt,0.000502,1.000000,0.000000,0.000380,1.000000,0.000000,0.000412,0.940240,0.300357,0.000867,0.963731,1.000000,0.017291,0.988664,1.000000
"Kyanite Al2SiO5 (kyanite_1)",kyanite_1,becknic,mineral,mineral.silicate.nesosilicate.solid.tir.kyanite_1.jhu.nicolet.spectrum.txt,0.000444,1.000000,0.000000,0.000476,1.000000,0.000000,0.001094,0.925383,0.300357,0.004976,0.898868,1.000000,0.010227,0.989487,1.000000
"Monticellite CaMgSiO4 (monticell_1)",monticell_1,becknic,mineral,mineral.silicate.nesosilicate.solid.tir.monticell_1.jhu.nicolet.spectrum.txt,0.000095,1.000000,0.000000,0.000131,1.000000,0.000000,0.000221,1.000000,0.300357,0.000361,0.986708,1.000000,0.014060,0.977711,1.000000
"Olivine (Fo92) (Fe+2,Mg)2SiO4 (olivine_11)",olivine_11,becknic,mineral,mineral.silicate.nesosilicate.solid.tir.olivine_11.jhu.nicolet.spectrum.txt,0.000131,1.000000,0.000000,0.000253,1.000000,0.000000,0.000378,0.977494,0.300357,0.000495,0.956947,1.000000,0.006434,0.992329,1.000000
"Olivine (Fo92) (Fe+2,Mg)2SiO4 (olivine_12)",olivine_12,becknic,mineral,mineral.silicate.nesosilicate.solid.tir.olivine_12.jhu.nicolet.spectrum.txt,0.000131,1.000000,0.000000,0.000192,1.000000,0.000000,0.000173,1.000000,0.300357,0.000262,0.991955,1.000000,0.011076,0.987641,1.000000
"Olivine (Fo92) (Fe+2,Mg)2SiO4 (olivine_13)",olivine_13,becknic,mineral,mineral.silicate.nesosilicate.solid.tir.olivine_13.jhu.nicolet.spectrum.txt,0.000128,1.000000,0.000000,0.000214,1.000000,0.000000,0.000407,1.000000,0.300357,0.000408,0.987005,1.000000,0.005610,0.977781,1.000000
"Pyrope Mg3Al2(SiO4)3 (pyrope_1)",pyrope_1,becknic,mineral,mineral.silicate.nesosilicate.solid.tir.pyrope_1.jhu.nicolet.spectrum.txt,0.000079,1.000000,0.000000,0.000110,1.000000,0.000000,0.000170,0.981891,0.300357,0.000150,0.998459,1.000000,0.005511,0.980596,1.000000
"Spessartine Mn3Al2 (SiO4)3 (spessart_2)",spessart_2,becknic,mineral,mineral.silicate.nesosilicate.solid.tir.spessart_2.jhu.nicolet.spectrum.txt,0.000502,1.000000,0.000000,0.000480,1.000000,0.000000,0.000479,1.000000,0.300357,0.000914,0.981728,1.000000,0.018843,0.987799,1.000000
"Staurolite (Fe+2,Mg,Zn)2Al9(Si,Al)4O22(OH)2 (staurol_1)",staurol_1,becknic,mineral,mineral.silicate.nesosilicate.solid.tir.staurol_1.jhu.nicolet.spectrum.txt,0.000106,1.000000,0.000000,0.000147,1.000000,0.000000,0.000277,1.000000,0.300357,0.000281,0.993829,1.000000,0.005590,0.993388,1.000000
"Topaz Al2SiO4(F,OH)2 (topaz_1)",topaz_1,becknic,mineral,mineral.silicate.nesosilicate.solid.tir.topaz_1.jhu.nicolet.spectrum.txt,0.000471,1.000000,0.000000,0.000353,1.000000,0.000000,0.003205,0.966138,0.300357,0.002888,0.985919,1.000000,0.016635,0.995081,1.000000
"Topaz Al2SiO4(F,OH)2 (topaz_2)",topaz_2,becknic,mineral,mineral.silicate.nesosilicate.solid.tir.topaz_2.jhu.nicolet.spectrum.txt,0.000127,1.000000,0.000000,0.000224,1.000000,0.000000,0.000328,1.000000,0.300357,0.000592,0.989928,1.000000,0.016122,0.991908,1.000000
"Zoisite (var. tanzanite) Ca2Al3(SiO4)3(OH) (zoisite_1)",zoisite_1,becknic,mineral,mineral.silicate.none.coarse.tir.zoisite_1.jhu.nicolet.spectrum.txt,0.000516,1.000000,0.000000,0.000440,1.000000,0.000000,0.003341,0.939064,0.300357,0.002309,0.981084,1.000000,0.004795,0.962644,1.000000
"Zoisite (var. tanzanite) Ca2Al3(SiO4)3(OH) (zoisite_1)",zoisite_1,becknic,mineral,mineral.silicate.none.fine.tir.zoisite_1.jhu.nicolet.spectrum.txt,0.000227,1.000000,0.000000,0.000760,1.000000,0.000000,0.001550,0.989055,0.300357,0.012478,0.972063,1.000000,0.015011,0.995956,1.000000
"Zoisite (var. tanzanite) Ca2Al3(SiO4)3(OH) (zoisite_1)",zoisite_1,becknic,mineral,mineral.silicate.none.solid.tir.zoisite_1.jhu.nicolet.spectrum.txt,0.000525,1.000000,0.000000,0.000413,1.000000,0.000000,0.000760,0.766571,0.300357,0.000629,0.954926,1.000000,0.019406,0.981466,1.000000
"Antigorite (Mg, Fe+2)3 Si2O5(OH)4 (antigorite_1)",antigorite_1,becknic,mineral,mineral.silicate.phyllosilicate.coarse.tir.antigorite_1.jhu.nicolet.spectrum.txt,0.000325,1.000000,0.000000,0.000341,1.000000,0.000000,0.001415,0.991731,0.300357,0.001210,0.996131,1.000000,0.002036,0.993923,1.000000
"Biotite K(Mg,Fe+2)3(Al,Fe+3)Si3O10(OH,F)2 (biotite_1)",biotite_1,becknic,mineral,mineral.silicate.phyllosilicate.coarse.tir.biotite_1.jhu.nicolet.spectrum.txt,0.000507,1.000000,0.000000,0.000388,1.000000,0.000000,0.000727,0.823853,0.300357,0.001857,0.992578,1.000000,0.000933,0.996585,1.000000
"Biotite K(Mg,Fe+2)3(Al,Fe+3)Si3O10(OH,F)2 (biotite_2)",biotite_2,becknic,mineral,mineral.silicate.phyllosilicate.coarse.tir.biotite_2.jhu.nicolet.spectrum.txt,0.000534,1.000000,0.000000,0.000423,1.000000,0.000000,0.000399,0.989072,0.300357,0.002561,0.991539,1.000000,0.001633,0.996900,1.000000
"Chrysotile Mg3Si2O5(OH)4 (chrysotile_1)",chrysotile_1,becknic,mineral,mineral.silicate.phyllosilicate.coarse.tir.chrysotile_1.jhu.nicolet.spectrum.txt,0.000422,1.000000,0.000000,0.000451,1.000000,0.000000,0.002735,0.988702,0.300357,0.004198,0.991648,1.000000,0.005503,0.971479,1.000000
"Clinochlore (Fe+2,Mg)5Al(Si3Al)O10(OH)8 (clinochl_2)",clinochl_2,becknic,mineral,mineral.silicate.phyllosilicate.coarse.tir.clinochl_2.jhu.nicolet.spectrum.txt,0.000520,1.000000,0.000000,0.000407,1.000000,0.000000,0.000758,0.990209,0.300357,0.001193,0.997588,1.000000,0.001865,0.994332,1.000000
"Clinochlore (Mg,Fe+2)5Al(Si3Al)O10(OH)8 (clinochlore_1)",clinochlore_1,becknic,mineral,mineral.silicate.phyllosilicate.coarse.tir.clinochlore_1.jhu.nicolet.spectrum.txt,0.000475,1.000000,0.000000,0.000549,1.000000,0.000000,0.001053,0.995832,0.300357,0.002397,0.996427,1.000000,0.001797,0.996321,1.000000
"Illite (K,H3O)(Al,Mg,Fe)2(Si,Al)4O10[(OH)2,H2O] (illite_1)",illite_1,becknic,mineral,mineral.silicate.phyllosilicate.coarse.tir.illite_1.jhu.nicolet.spectrum.txt,0.000230,1.000000,0.000000,0.000309,1.000000,0.000000,0.000664,0.956889,0.300357,0.000632,0.998683,1.000000,0.002498,0.986186,1.000000
"Illite/smectite (K,H3O)(Al,Mg,Fe)2(Si,Al)4 O10 [(OH)2,H2O] (illsmec_1)",illsmec_1,becknic,mineral,mineral.silicate.phyllosilicate.coarse.tir.illsmec_1.jhu.nicolet.spectrum.txt,0.000353,1.000000,0.000000,0.000342,1.000000,0.000000,0.000798,0.979102,0.300357,0.000741,0.998275,1.000000,0.002208,0.994499,1.000000
"Kaolinite Al2Si2O5(OH)4 (kaolinite_2)",kaolinite_2,becknic,mineral,mineral.silicate.phyllosilicate.coarse.tir.kaolinite_2.jhu.nicolet.spectrum.txt,0.000506,1.000000,0.000000,0.000453,1.000000,0.000000,0.001481,0.981229,0.300357,0.001518,0.988647,1.000000,0.018539,0.972609,1.000000
"Kaolinite Al2Si2O5(OH)4 (kaolinite_3)",kaolinite_3,becknic,mineral,mineral.silicate.phyllosilicate.coarse.tir.kaolinite_3.jhu.nicolet.spectrum.txt,0.000258,1.000000,0.000000,0.000320,1.000000,0.000000,0.001123,0.979113,0.300357,0.001097,0.995044,1.000000,0.008818,0.946946,1.000000
"Lizardite Mg3Si2O5(OH)4 (lizard_1)",lizard_1,becknic,mineral,mineral.silicate.phyllosilicate.coarse.tir.lizard_1.jhu.nicolet.spectrum.txt,0.000521,1.000000,0.000000,0.000438,1.000000,0.000000,0.001415,0.981539,0.300357,0.002618,0.991502,1.000000,0.002291,0.967275,1.000000
"Montmorillonite (Na,Ca)0.33(Al,Mg)2Si4O10(OH)2.nH2O (montmor_1)",montmor_1,becknic,mineral,mineral.silicate.phyllosilicate.coarse.tir.montmor_1.jhu.nicolet.spectrum.txt,0.000495,1.000000,0.000000,0.000497,1.000000,0.000000,0.001779,0.987413,0.300357,0.000917,0.999027,1.000000,0.002041,0.994986,1.000000
"Montmorillonite (Na,Ca)0.33(Al,Mg)2Si4O10(OH)2.nH2O (montmor_2)",montmor_2,becknic,mineral,mineral.silicate.phyllosilicate.coarse.tir.montmor_2.jhu.nicolet.spectrum.txt,0.000482,1.000000,0.000000,0.000529,1.000000,0.000000,0.001664,0.987104,0.300357,0.001337,0.998424,1.000000,0.002703,0.993511,1.000000
"Montmorillonite (Na,Ca)0.33(Al,Mg)2Si4O10(OH)2.nH2O (montmor_3)",montmor_3,becknic,mineral,mineral.silicate.phyllosilicate.coarse.tir.montmor_3.jhu.nicolet.spectrum.txt,0.000215,1.000000,0.000000,0.000303,1.000000,0.000000,0.000913,0.977730,0.300357,0.000690,0.998665,1.000000,0.002299,0.989770,1.000000
"Muscovite KAl2(Si3Al)O10(OH,F)2 (muscov_1)",muscov_1,becknic,mineral,mineral.silicate.phyllosilicate.coarse.tir.muscov_1.jhu.nicolet.spectrum.txt,0.000473,1.000000,0.000000,0.000547,1.000000,0.000000,0.001621,0.965568,0.300357,0.003919,0.988124,1.000000,0.003419,0.990824,1.000000
"Muscovite KAl2(Si3Al)O10(OH,F)2 (muscov_2)",muscov_2,becknic,mineral,mineral.silicate.phyllosilicate.coarse.tir.muscov_2.jhu.nicolet.spectrum.txt,0.000495,1.000000,0.000000,0.000496,1.000000,0.000000,0.001567,0.978855,0.300357,0.002710,0.991526,1.000000,0.001668,0.990658,1.000000
"Nontronite Na0.33Fe2+3(Si,Al)4O10.3H2O (nontron_1)",nontron_1,becknic,mineral,mineral.silicate.phyllosilicate.coarse.tir.nontron_1.jhu.nicolet.spectrum.txt,0.000500,1.000000,0.000000,0.000486,1.000000,0.000000,0.001389,0.988478,0.300357,0.000859,0.998032,1.000000,0.002224,0.995893,1.000000
"Phlogopite KMg3Si3Al010(F,OH)2 (phlogop_1)",phlogop_1,becknic,mineral,mineral.silicate.phyllosilicate.coarse.tir.phlogop_1.jhu.nicolet.spectrum.txt,0.000470,1.000000,0.000000,0.000512,1.000000,0.000000,0.001068,0.976340,0.300357,0.003536,0.985661,1.000000,0.003086,0.991112,1.000000
"Phlogopite KMg3Si3AlO10(F, OH)2 (phlogop_2)",phlogop_2,becknic,mineral,mineral.silicate.phyllosilicate.coarse.tir.phlogop_2.jhu.nicolet.spectrum.txt,0.000496,1.000000,0.000000,0.000493,1.000000,0.000000,0.000904,0.968957,0.300357,0.002714,0.990625,1.000000,0.001376,0.997198,1.000000
"Prehnite Ca2Al2Si3O10(OH)2 (prehnite_1)",prehnite_1,becknic,mineral,mineral.silicate.phyllosilicate.coarse.tir.prehnite_1.jhu.nicolet.spectrum.txt,0.000166,1.000000,0.000000,0.000280,1.000000,0.000000,0.001102,0.991303,0.300357,0.001031,0.997271,1.000000,0.002771,0.969070,1.000000
"Corrensite (Mg,Fe)_9(Si,Al)_8O_20(OH)_10._xH_2O (PS-10A)",PS-10A,becknic,mineral,mineral.silicate.phyllosilicate.coarse.tir.ps-10a.jpl.nicolet.spectrum.txt,0.001243,0.000000,0.000000,0.000566,1.000000,0.000000,0.001966,0.997923,0.356929,0.001954,0.999287,1.000000,0.001220,0.997910,1.000000
"Clinochlore (Chlorite) (Mg,Al)_6(Si,Al)_4O_10(OH)_8 (PS-12A)",PS-12A,becknic,mineral,mineral.silicate.phyllosilicate.coarse.tir.ps-12a.jpl.nicolet.spectrum.txt,0.001002,0.000000,0.000000,0.000534,1.000000,0.000000,0.004197,0.984610,0.356929,0.002661,0.998732,1.000000,0.006410,0.990163,1.000000
"Chlorite (Mg,Al)_6(Si,Al)_4O_10(OH)_8 (PS-12C)",PS-12C,becknic,mineral,mineral.silicate.phyllosilicate.coarse.tir.ps-12c.jpl.nicolet.spectrum.txt,0.000711,1.000000,0.000000,0.000672,1.000000,0.000000,0.004996,0.995902,0.356929,0.003933,0.998564,1.000000,0.009482,0.987634,1.000000
"Chlorite (PS-12E)",PS-12E,becknic,mineral,mineral.silicate.phyllosilicate.coarse.tir.ps-12e.jpl.nicolet.spectrum.txt,0.000782,1.000000,0.000000,0.000483,1.000000,0.000000,0.003953,0.992196,0.356929,0.002781,0.998359,1.000000,0.005550,0.991572,1.000000
"Chlorite (PS-12F)",PS-12F,becknic,mineral,mineral.silicate.phyllosilicate.coarse.tir.ps-12f.jpl.nicolet.spectrum.txt,0.000915,1.000000,0.000000,0.000502,1.000000,0.000000,0.006458,0.973121,0.356929,0.001877,0.998997,1.000000,0.002036,0.995256,1.000000
"Lepidolite K(Li,Al)3(Si,Al)_4O_10(F,OH)_2 (PS-13A)",PS-13A,becknic,mineral,mineral.silicate.phyllosilicate.coarse.tir.ps-13a.jpl.nicolet.spectrum.txt,0.000229,1.000000,0.000000,0.000824,1.000000,0.000000,0.011690,0.996063,0.356929,0.009861,0.997306,1.000000,0.007010,0.991682,1.000000
"Lepidolite K(Li,Al)3(Si,Al)_4O_10(F,OH)_2 (PS-13B)",PS-13B,becknic,mineral,mineral.silicate.phyllosilicate.coarse.tir.ps-13b.jpl.nicolet.spectrum.txt,0.000227,1.000000,0.000000,0.000757,1.000000,0.000000,0.010189,0.996186,0.356929,0.010310,0.997929,1.000000,0.003343,0.996920,1.000000
"Talc Mg_3Si_4O_10(OH)_2 (PS-14A)",PS-14A,becknic,mineral,mineral.silicate.phyllosilicate.coarse.tir.ps-14a.jpl.nicolet.spectrum.txt,0.000238,1.000000,0.000000,0.000632,1.000000,0.000000,0.014534,0.986700,0.356929,0.022256,0.992604,1.000000,0.022961,0.982733,1.000000
"Muscovite KAl_2(Si_3Al)O_10(OH,F)_2 (PS-16A)",PS-16A,becknic,mineral,mineral.silicate.phyllosilicate.coarse.tir.ps-16a.jpl.nicolet.spectrum.txt,0.000247,1.000000,0.000000,0.000594,1.000000,0.000000,0.007278,0.995585,0.356929,0.006053,0.998693,1.000000,0.008261,0.992343,1.000000
"Vermiculite (Mg,Fe^2+,Al)_3(Al,Si)_4O_10(OH)_2.4H_2O (PS-18A)",PS-18A,becknic,mineral,mineral.silicate.phyllosilicate.coarse.tir.ps-18a.jpl.nicolet.spectrum.txt,0.000479,1.000000,0.000000,0.000680,1.000000,0.000000,0.004302,0.995849,0.356929,0.011636,0.982381,1.000000,0.003978,0.988097,1.000000
"Vermiculite (Mg,Fe^2+,Al)_3(Al,Si)_4O_10(OH)_2.4H_2O (PS-18B)",PS-18B,becknic,mineral,mineral.silicate.phyllosilicate.coarse.tir.ps-18b.jpl.nicolet.spectrum.txt,0.001337,0.000000,0.000000,0.000512,1.000000,0.000000,0.003143,0.994923,0.356929,0.002765,0.998927,1.000000,0.001635,0.997989,1.000000
"Glauconite (K,Na)(Fe^3+,Al,Mg)_2(Si,Al)_4O_10(OH)_2 (PS-19A)",PS-19A,becknic,mineral,mineral.silicate.phyllosilicate.coarse.tir.ps-19a.jpl.nicolet.spectrum.txt,0.000490,1.000000,0.000000,0.000369,1.000000,0.000000,0.002518,0.973692,0.356929,0.002605,0.986363,1.000000,0.001289,0.997580,1.000000
"Serpentine (Mg,Fe^2+,Ni)Si_2O_5(OH)_4 (PS-20A)",PS-20A,becknic,mineral,mineral.silicate.phyllosilicate.coarse.tir.ps-20a.jpl.nicolet.spectrum.txt,0.001324,0.000000,0.000000,0.000504,1.000000,0.000000,0.014783,0.977554,0.356929,0.006292,0.982262,1.000000,0.006630,0.976335,1.000000
"Prehnite Ca_2Al_2Si_3O_10(OH)_2 (PS-21A)",PS-21A,becknic,mineral,mineral.silicate.phyllosilicate.coarse.tir.ps-21a.jpl.nicolet.spectrum.txt,0.000402,1.000000,0.000000,0.000318,1.000000,0.000000,0.013604,0.994163,0.356929,0.008166,0.993255,1.000000,0.023636,0.906740,1.000000
"Hydroxyapophyllite KCa_4Si_8O_20(OH,F).8H_2O (PS-22A)",PS-22A,becknic,mineral,mineral.silicate.phyllosilicate.coarse.tir.ps-22a.jpl.nicolet.spectrum.txt,0.000470,1.000000,0.000000,0.000514,1.000000,0.000000,0.004747,0.985724,0.356929,0.002387,0.983836,1.000000,0.025756,0.954619,1.000000
"Biotite K(Mg,Fe^2+)_3(Al,Fe^3+)Si_3O_10(OH,F)_2 (PS-23A)",PS-23A,becknic,mineral,mineral.silicate.phyllosilicate.coarse.tir.ps-23a.jpl.nicolet.spectrum.txt,0.000599,1.000000,0.000000,0.000673,1.000000,0.000000,0.001454,0.996584,0.356929,0.007778,0.992281,1.000000,0.009937,0.993821,1.000000
"Sepiolite Mg_4Si_6O_15(OH)_2.6H_2O (PS-5A)",PS-5A,becknic,mineral,mineral.silicate.phyllosilicate.coarse.tir.ps-5a.jpl.nicolet.spectrum.txt,0.001239,0.000000,0.000000,0.000567,1.000000,0.000000,0.005205,0.994795,0.356929,0.006217,0.992482,1.000000,0.003163,0.973490,1.000000
"Nontronite Na_0.33Fe_2^3+(Si,Al)_4O_10(OH)_2.H_2O (PS-6B)",PS-6B,becknic,mineral,mineral.silicate.phyllosilicate.coarse.tir.ps-6b.jpl.nicolet.spectrum.txt,0.000444,1.000000,0.000000,0.000684,1.000000,0.000000,0.002969,0.984551,0.356929,0.008560,0.995920,1.000000,0.002691,0.997053,1.000000
"Pyrophyllite Al_2Si_4O_10(OH)_2 (PS-7A)",PS-7A,becknic,mineral,mineral.silicate.phyllosilicate.coarse.tir.ps-7a.jpl.nicolet.spectrum.txt,0.000227,1.000000,0.000000,0.000764,1.000000,0.000000,0.023152,0.980858,0.356929,0.009512,0.997040,1.000000,0.011883,0.988366,1.000000
"Cookeite LiAl_4(Si_3Al)O_10(OH)_8 (PS-9A)",PS-9A,becknic,mineral,mineral.silicate.phyllosilicate.coarse.tir.ps-9a.jpl.nicolet.spectrum.txt,0.000678,1.000000,0.000000,0.000672,1.000000,0.000000,0.009200,0.991109,0.356929,0.003244,0.998704,1.000000,0.004503,0.994752,1.000000
"Pyrophyllite Al2Si4010(OH)2 (pyroph_1)",pyroph_1,becknic,mineral,mineral.silicate.phyllosilicate.coarse.tir.pyroph_1.jhu.nicolet.spectrum.txt,0.000481,1.000000,0.000000,0.000533,1.000000,0.000000,0.002414,0.935697,0.300357,0.003645,0.991855,1.000000,0.004136,0.985869,1.000000
"Saponite (Ca/2,Na)0.33(Mg,Fe+2)3(Si,Al)4O10(OH)2.H2O (saponite_1)",saponite_1,becknic,mineral,mineral.silicate.phyllosilicate.coarse.tir.saponite_1.jhu.nicolet.spectrum.txt,0.000488,1.000000,0.000000,0.000367,1.000000,0.000000,0.000882,0.986936,0.300357,0.001105,0.997155,1.000000,0.003488,0.995849,1.000000
"Sepiolite Mg4Si6O15(OH)2.6H2) (sepiolite_1)",sepiolite_1,becknic,mineral,mineral.silicate.phyllosilicate.coarse.tir.sepiolite_1.jhu.nicolet.spectrum.txt,0.000473,1.000000,0.000000,0.000546,1.000000,0.000000,0.001190,0.994066,0.300357,0.002381,0.997124,1.000000,0.004190,0.976822,1.000000
"Smectite Na0.33Fe2+3(Si,Al)4 O10.3H2O (smectite_1)",smectite_1,becknic,mineral,mineral.silicate.phyllosilicate.coarse.tir.smectite_1.jhu.nicolet.spectrum.txt,0.000471,1.000000,0.000000,0.000537,1.000000,0.000000,0.001573,0.992758,0.300357,0.001218,0.998742,1.000000,0.002144,0.988937,1.000000
"Talc Mg3Si4O10(OH)2 (talc_1)",talc_1,becknic,mineral,mineral.silicate.phyllosilicate.coarse.tir.talc_1.jhu.nicolet.spectrum.txt,0.000477,1.000000,0.000000,0.000357,1.000000,0.000000,0.002426,0.974882,0.300357,0.001977,0.995697,1.000000,0.001963,0.991448,1.000000
"Vermiculite (Mg,Fe+2,Al)3(Al,Si)4O10(OH)2.4H2O (vermicul_1)",vermicul_1,becknic,mineral,mineral.silicate.phyllosilicate.coarse.tir.vermicul_1.jhu.nicolet.spectrum.txt,0.000533,1.000000,0.000000,0.000422,1.000000,0.000000,0.000898,0.989053,0.300357,0.000905,0.996620,1.000000,0.002216,0.998117,1.000000
"Corrensite (Mg,Fe)_9(Si,Al)_8O_20(OH)_10._xH_2O (PS-10A)",PS-10A,becknic,mineral,mineral.silicate.phyllosilicate.coarse.vswir.ps-10a.jpl.beckman.spectrum.txt,0.001522,0.998328,0.883721,0.001546,0.891904,1.000000,0.001990,0.999109,1.000000,0.000726,1.000000,0.000000,0.000584,1.000000,0.000000
"Corrensite (Mg,Fe)_9(Si,Al)_8O_20(OH)_10._xH_2O (PS-10A)",PS-10A,becknic,mineral,mineral.silicate.phyllosilicate.coarse.vswir.ps-10a.jpl.perkin.spectrum.txt,0.001609,0.998648,0.883721,0.001979,0.846637,1.000000,0.002589,0.998615,1.000000,0.000804,1.000000,0.000000,0.000617,1.000000,0.000000
"Clinochlore (Chlorite) (Mg,Al)_6(Si,Al)_4O_10(OH)_8 (PS-12A)",PS-12A,becknic,mineral,mineral.silicate.phyllosilicate.coarse.vswir.ps-12a.jpl.beckman.spectrum.txt,0.000861,0.994721,0.883721,0.001077,0.792755,1.000000,0.002630,0.998783,1.000000,0.000766,1.000000,0.000000,0.000600,1.000000,0.000000
"Clinochlore (Chlorite) (Mg,Al)_6(Si,Al)_4O_10(OH)_8 (PS-12A)",PS-12A,becknic,mineral,mineral.silicate.phyllosilicate.coarse.vswir.ps-12a.jpl.perkin.spectrum.txt,0.000644,0.996535,0.883721,0.001435,0.797729,1.000000,0.003200,0.998176,1.000000,0.000725,1.000000,0.000000,0.000585,1.000000,0.000000
"Chlorite (Mg,Al)_6(Si,Al)_4O_10(OH)_8 (PS-12C)",PS-12C,becknic,mineral,mineral.silicate.phyllosilicate.coarse.vswir.ps-12c.jpl.beckman.spectrum.txt,0.001769,0.992480,0.883721,0.002255,0.872764,1.000000,0.004606,0.998062,1.000000,0.000913,1.000000,0.000000,0.000620,1.000000,0.000000
"Chlorite (Mg,Al)_6(Si,Al)_4O_10(OH)_8 (PS-12C)",PS-12C,becknic,mineral,mineral.silicate.phyllosilicate.coarse.vswir.ps-12c.jpl.perkin.spectrum.txt,0.001824,0.992233,0.883721,0.002883,0.862246,1.000000,0.005341,0.997522,1.000000,0.000882,1.000000,0.000000,0.000627,1.000000,0.000000
"Chlorite (PS-12E)",PS-12E,becknic,mineral,mineral.silicate.phyllosilicate.coarse.vswir.ps-12e.jpl.beckman.spectrum.txt,0.001044,0.994108,0.883721,0.001242,0.844442,1.000000,0.002850,0.998593,1.000000,0.000636,1.000000,0.000000,0.000461,1.000000,0.000000
"Chlorite (PS-12E)",PS-12E,becknic,mineral,mineral.silicate.phyllosilicate.coarse.vswir.ps-12e.jpl.perkin.spectrum.txt,0.000883,0.995350,0.883721,0.001303,0.867895,1.000000,0.003038,0.998242,1.000000,0.000605,1.000000,0.000000,0.000453,1.000000,0.000000
"Chlorite (PS-12F)",PS-12F,becknic,mineral,mineral.silicate.phyllosilicate.coarse.vswir.ps-12f.jpl.beckman.spectrum.txt,0.000843,0.995093,0.883721,0.000945,0.750634,1.000000,0.004269,0.997156,1.000000,0.000719,1.000000,0.000000,0.000585,1.000000,0.000000
"Chlorite (PS-12F)",PS-12F,becknic,mineral,mineral.silicate.phyllosilicate.coarse.vswir.ps-12f.jpl.perkin.spectrum.txt,0.000681,0.996434,0.883721,0.001064,0.848276,1.000000,0.005047,0.995771,1.000000,0.000722,1.000000,0.000000,0.000541,1.000000,0.000000
"Lepidolite K(Li,Al)3(Si,Al)_4O_10(F,OH)_2 (PS-13A)",PS-13A,becknic,mineral,mineral.silicate.phyllosilicate.coarse.vswir.ps-13a.jpl.beckman.spectrum.txt,0.006306,0.998948,0.883721,0.009623,0.859840,1.000000,0.011980,0.996362,1.000000,0.000916,1.000000,0.000000,0.000619,1.000000,0.000000
"Lepidolite K(Li,Al)3(Si,Al)_4O_10(F,OH)_2 (PS-13A)",PS-13A,becknic,mineral,mineral.silicate.phyllosilicate.coarse.vswir.ps-13a.jpl.perkin.spectrum.txt,0.004397,0.999474,0.883721,0.010386,0.848165,1.000000,0.014378,0.994742,1.000000,0.000904,1.000000,0.000000,0.000623,1.000000,0.000000
"Lepidolite K(Li,Al)3(Si,Al)_4O_10(F,OH)_2 (PS-13B)",PS-13B,becknic,mineral,mineral.silicate.phyllosilicate.coarse.vswir.ps-13b.jpl.beckman.spectrum.txt,0.003101,0.995486,0.883721,0.002041,0.997633,1.000000,0.008488,0.997447,1.000000,0.000965,1.000000,0.000000,0.000683,1.000000,0.000000
"Lepidolite K(Li,Al)3(Si,Al)_4O_10(F,OH)_2 (PS-13B)",PS-13B,becknic,mineral,mineral.silicate.phyllosilicate.coarse.vswir.ps-13b.jpl.perkin.spectrum.txt,0.002931,0.995791,0.883721,0.001955,0.997579,1.000000,0.009801,0.996404,1.000000,0.000958,1.000000,0.000000,0.000682,1.000000,0.000000
"Talc Mg_3Si_4O_10(OH)_2 (PS-14A)",PS-14A,becknic,mineral,mineral.silicate.phyllosilicate.coarse.vswir.ps-14a.jpl.beckman.spectrum.txt,0.002182,0.993239,0.883721,0.004327,0.840579,1.000000,0.008413,0.996098,1.000000,0.000754,1.000000,0.000000,0.000741,1.000000,0.000000
"Talc Mg_3Si_4O_10(OH)_2 (PS-14A)",PS-14A,becknic,mineral,mineral.silicate.phyllosilicate.coarse.vswir.ps-14a.jpl.perkin.spectrum.txt,0.001493,0.997004,0.883721,0.005001,0.815591,1.000000,0.012374,0.992583,1.000000,0.000728,1.000000,0.000000,0.000754,1.000000,0.000000
"Muscovite KAl_2(Si_3Al)O_10(OH,F)_2 (PS-16A)",PS-16A,becknic,mineral,mineral.silicate.phyllosilicate.coarse.vswir.ps-16a.jpl.beckman.spectrum.txt,0.002591,0.999394,0.883721,0.002086,0.956906,1.000000,0.008232,0.994887,1.000000,0.000728,1.000000,0.000000,0.000655,1.000000,0.000000
"Muscovite KAl_2(Si_3Al)O_10(OH,F)_2 (PS-16A)",PS-16A,becknic,mineral,mineral.silicate.phyllosilicate.coarse.vswir.ps-16a.jpl.perkin.spectrum.txt,0.001203,0.999870,0.883721,0.002399,0.952311,1.000000,0.006344,0.997054,1.000000,0.000783,1.000000,0.000000,0.000546,1.000000,0.000000
"Vermiculite (Mg,Fe^2+,Al)_3(Al,Si)_4O_10(OH)_2.4H_2O (PS-18A)",PS-18A,becknic,mineral,mineral.silicate.phyllosilicate.coarse.vswir.ps-18a.jpl.beckman.spectrum.txt,0.001447,0.999728,0.883721,0.002058,0.952192,1.000000,0.006072,0.997917,1.000000,0.000901,1.000000,0.000000,0.000624,1.000000,0.000000
"Vermiculite (Mg,Fe^2+,Al)_3(Al,Si)_4O_10(OH)_2.4H_2O (PS-18A)",PS-18A,becknic,mineral,mineral.silicate.phyllosilicate.coarse.vswir.ps-18a.jpl.perkin.spectrum.txt,0.000721,0.999940,0.883721,0.001784,0.967658,1.000000,0.007792,0.996963,1.000000,0.000767,1.000000,0.000000,0.000600,1.000000,0.000000
"Vermiculite (Mg,Fe^2+,Al)_3(Al,Si)_4O_10(OH)_2.4H_2O (PS-18B)",PS-18B,becknic,mineral,mineral.silicate.phyllosilicate.coarse.vswir.ps-18b.jpl.beckman.spectrum.txt,0.002156,0.997913,0.883721,0.002791,0.658061,1.000000,0.002594,0.998453,1.000000,0.000746,1.000000,0.000000,0.000593,1.000000,0.000000
"Vermiculite (Mg,Fe^2+,Al)_3(Al,Si)_4O_10(OH)_2.4H_2O (PS-18B)",PS-18B,becknic,mineral,mineral.silicate.phyllosilicate.coarse.vswir.ps-18b.jpl.perkin.spectrum.txt,0.001914,0.998523,0.883721,0.002398,0.651439,1.000000,0.002910,0.998171,1.000000,0.000773,1.000000,0.000000,0.000599,1.000000,0.000000
"Glauconite (K,Na)(Fe^3+,Al,Mg)_2(Si,Al)_4O_10(OH)_2 (PS-19A)",PS-19A,becknic,mineral,mineral.silicate.phyllosilicate.coarse.vswir.ps-19a.jpl.beckman.spectrum.txt,0.000812,0.996947,0.883721,0.000703,0.969520,1.000000,0.001893,0.997178,1.000000,0.000462,1.000000,0.000000,0.000266,1.000000,0.000000
"Glauconite (K,Na)(Fe^3+,Al,Mg)_2(Si,Al)_4O_10(OH)_2 (PS-19A)",PS-19A,becknic,mineral,mineral.silicate.phyllosilicate.coarse.vswir.ps-19a.jpl.perkin.spectrum.txt,0.000798,0.997546,0.883721,0.000615,0.986455,1.000000,0.002179,0.996193,1.000000,0.000459,1.000000,0.000000,0.000264,1.000000,0.000000
"Serpentine (Mg,Fe^2+,Ni)Si_2O_5(OH)_4 (PS-20A)",PS-20A,becknic,mineral,mineral.silicate.phyllosilicate.coarse.vswir.ps-20a.jpl.beckman.spectrum.txt,0.004858,0.996801,0.883721,0.008072,0.646206,1.000000,0.018525,0.989158,1.000000,0.000456,1.000000,0.000000,0.000262,1.000000,0.000000
"Serpentine (Mg,Fe^2+,Ni)Si_2O_5(OH)_4 (PS-20A)",PS-20A,becknic,mineral,mineral.silicate.phyllosilicate.coarse.vswir.ps-20a.jpl.perkin.spectrum.txt,0.005150,0.996609,0.883721,0.007633,0.689976,1.000000,0.015662,0.992746,1.000000,0.000405,1.000000,0.000000,0.000264,1.000000,0.000000
"Prehnite Ca_2Al_2Si_3O_10(OH)_2 (PS-21A)",PS-21A,becknic,mineral,mineral.silicate.phyllosilicate.coarse.vswir.ps-21a.jpl.beckman.spectrum.txt,0.007333,0.984921,0.883721,0.004183,0.925658,1.000000,0.021287,0.990942,1.000000,0.000528,1.000000,0.000000,0.000340,1.000000,0.000000
"Prehnite Ca_2Al_2Si_3O_10(OH)_2 (PS-21A)",PS-21A,becknic,mineral,mineral.silicate.phyllosilicate.coarse.vswir.ps-21a.jpl.perkin.spectrum.txt,0.005531,0.985204,0.883721,0.003620,0.892162,1.000000,0.019986,0.990794,1.000000,0.000669,1.000000,0.000000,0.000468,1.000000,0.000000
"Hydroxyapophyllite KCa_4Si_8O_20(OH,F).8H_2O (PS-22A)",PS-22A,becknic,mineral,mineral.silicate.phyllosilicate.coarse.vswir.ps-22a.jpl.beckman.spectrum.txt,0.002083,0.979539,0.883721,0.012412,0.817121,1.000000,0.017849,0.994170,1.000000,0.000418,1.000000,0.000000,0.000256,1.000000,0.000000
"Hydroxyapophyllite KCa_4Si_8O_20(OH,F).8H_2O (PS-22A)",PS-22A,becknic,mineral,mineral.silicate.phyllosilicate.coarse.vswir.ps-22a.jpl.perkin.spectrum.txt,0.001718,0.987331,0.883721,0.012056,0.759069,1.000000,0.018609,0.993787,1.000000,0.000446,1.000000,0.000000,0.000256,1.000000,0.000000
"Biotite K(Mg,Fe^2+)_3(Al,Fe^3+)Si_3O_10(OH,F)_2 (PS-23A)",PS-23A,becknic,mineral,mineral.silicate.phyllosilicate.coarse.vswir.ps-23a.jpl.beckman.spectrum.txt,0.000695,0.998722,0.883721,0.001848,0.975970,1.000000,0.001669,0.999826,1.000000,0.000752,1.000000,0.000000,0.000766,1.000000,0.000000
"Biotite K(Mg,Fe^2+)_3(Al,Fe^3+)Si_3O_10(OH,F)_2 (PS-23A)",PS-23A,becknic,mineral,mineral.silicate.phyllosilicate.coarse.vswir.ps-23a.jpl.perkin.spectrum.txt,0.000561,0.998958,0.883721,0.001433,0.984038,1.000000,0.001613,0.999809,1.000000,0.000691,1.000000,0.000000,0.000756,1.000000,0.000000
"Sepiolite Mg_4Si_6O_15(OH)_2.6H_2O (PS-5A)",PS-5A,becknic,mineral,mineral.silicate.phyllosilicate.coarse.vswir.ps-5a.jpl.beckman.spectrum.txt,0.001543,0.999058,0.883721,0.003202,0.720887,1.000000,0.008560,0.997951,1.000000,0.000516,1.000000,0.000000,0.000361,1.000000,0.000000
"Sepiolite Mg_4Si_6O_15(OH)_2.6H_2O (PS-5A)",PS-5A,becknic,mineral,mineral.silicate.phyllosilicate.coarse.vswir.ps-5a.jpl.perkin.spectrum.txt,0.000526,0.999916,0.883721,0.002273,0.841287,1.000000,0.009112,0.997888,1.000000,0.000521,1.000000,0.000000,0.000401,1.000000,0.000000
"Nontronite Na_0.33Fe_2^3+(Si,Al)_4O_10(OH)_2.H_2O (PS-6B)",PS-6B,becknic,mineral,mineral.silicate.phyllosilicate.coarse.vswir.ps-6b.jpl.beckman.spectrum.txt,0.001925,0.999775,0.883721,0.002661,0.989338,1.000000,0.002363,0.996482,1.000000,0.000766,1.000000,0.000000,0.000538,1.000000,0.000000
"Nontronite Na_0.33Fe_2^3+(Si,Al)_4O_10(OH)_2.H_2O (PS-6B)",PS-6B,becknic,mineral,mineral.silicate.phyllosilicate.coarse.vswir.ps-6b.jpl.perkin.spectrum.txt,0.001996,0.999750,0.883721,0.002337,0.990878,1.000000,0.002878,0.994956,1.000000,0.000866,1.000000,0.000000,0.000563,1.000000,0.000000
"Pyrophyllite Al_2Si_4O_10(OH)_2 (PS-7A)",PS-7A,becknic,mineral,mineral.silicate.phyllosilicate.coarse.vswir.ps-7a.jpl.beckman.spectrum.txt,0.002054,0.999769,0.883721,0.005015,0.940352,1.000000,0.020557,0.988170,1.000000,0.000626,1.000000,0.000000,0.000760,1.000000,0.000000
"Cookeite LiAl_4(Si_3Al)O_10(OH)_8 (PS-9A)",PS-9A,becknic,mineral,mineral.silicate.phyllosilicate.coarse.vswir.ps-9a.jpl.beckman.spectrum.txt,0.001657,0.999701,0.883721,0.000959,0.971003,1.000000,0.011769,0.991869,1.000000,0.000757,1.000000,0.000000,0.000601,1.000000,0.000000
"Cookeite LiAl_4(Si_3Al)O_10(OH)_8 (PS-9A)",PS-9A,becknic,mineral,mineral.silicate.phyllosilicate.coarse.vswir.ps-9a.jpl.perkin.spectrum.txt,0.002177,0.999551,0.883721,0.001310,0.948780,1.000000,0.013268,0.990486,1.000000,0.000644,1.000000,0.000000,0.000462,1.000000,0.000000
"Antigorite (Mg, Fe+2)3 Si2O5(OH)4 (antigorite_1)",antigorite_1,becknic,mineral,mineral.silicate.phyllosilicate.fine.tir.antigorite_1.jhu.nicolet.spectrum.txt,0.000363,1.000000,0.000000,0.001062,0.000000,0.000000,0.001109,0.950623,0.300357,0.005090,0.987138,1.000000,0.003811,0.999503,1.000000
"Biotite K(Mg,Fe+2)3(Al,Fe+3)Si3O10(OH,F)2 (biotite_1)",biotite_1,becknic,mineral,mineral.silicate.phyllosilicate.fine.tir.biotite_1.jhu.nicolet.spectrum.txt,0.000429,1.000000,0.000000,0.001100,0.000000,0.000000,0.001158,0.773999,0.300357,0.003968,0.980486,1.000000,0.007905,0.998579,1.000000
"Biotite K(Mg,Fe+2)3(Al,Fe+3)Si3O10(OH,F)2 (biotite_2)",biotite_2,becknic,mineral,mineral.silicate.phyllosilicate.fine.tir.biotite_2.jhu.nicolet.spectrum.txt,0.000428,1.000000,0.000000,0.001099,0.000000,0.000000,0.000849,0.751479,0.300357,0.002004,0.994952,1.000000,0.008823,0.998630,1.000000
"Chrysotile Mg3Si2O5(OH)4 (chrysotile_1)",chrysotile_1,becknic,mineral,mineral.silicate.phyllosilicate.fine.tir.chrysotile_1.jhu.nicolet.spectrum.txt,0.000269,1.000000,0.000000,0.000729,1.000000,0.000000,0.001016,0.743264,0.300357,0.007516,0.957654,1.000000,0.008358,0.997384,1.000000
"Clinochlore (Fe+2,Mg)5Al(Si3Al)O10(OH)8 (clinochl_2)",clinochl_2,becknic,mineral,mineral.silicate.phyllosilicate.fine.tir.clinochl_2.jhu.nicolet.spectrum.txt,0.000530,1.000000,0.000000,0.001151,0.000000,0.000000,0.000924,1.000000,0.300357,0.004737,0.986768,1.000000,0.003968,0.999294,1.000000
"Clinochlore (Mg,Fe+2)5Al(Si3Al)O10(OH)8 (clinochlore_1)",clinochlore_1,becknic,mineral,mineral.silicate.phyllosilicate.fine.tir.clinochlore_1.jhu.nicolet.spectrum.txt,0.000423,1.000000,0.000000,0.001096,0.000000,0.000000,0.001165,0.761159,0.300357,0.005670,0.989509,1.000000,0.004220,0.999496,1.000000
"Illite (K,H3O)(Al,Mg,Fe)2(Si,Al)4O10[(OH)2,H2O] (illite_1)",illite_1,becknic,mineral,mineral.silicate.phyllosilicate.fine.tir.illite_1.jhu.nicolet.spectrum.txt,0.000480,1.000000,0.000000,0.001129,0.000000,0.000000,0.001156,0.875491,0.300357,0.003189,0.982089,1.000000,0.004668,0.999637,1.000000
"Illite/smectite (K,H3O)(Al,Mg,Fe)2(Si,Al)4 O10 [(OH)2,H2O] (illsmec_1)",illsmec_1,becknic,mineral,mineral.silicate.phyllosilicate.fine.tir.illsmec_1.jhu.nicolet.spectrum.txt,0.000530,1.000000,0.000000,0.001151,0.000000,0.000000,0.000924,1.000000,0.300357,0.002950,0.986110,1.000000,0.003956,0.999650,1.000000
"Kaolinite Al2Si2O5(OH)4 (kaolinite_2)",kaolinite_2,becknic,mineral,mineral.silicate.phyllosilicate.fine.tir.kaolinite_2.jhu.nicolet.spectrum.txt,0.000530,1.000000,0.000000,0.001151,0.000000,0.000000,0.000924,1.000000,0.300357,0.015503,0.946705,1.000000,0.016110,0.996038,1.000000
"Kaolinite Al2Si2O5(OH)4 (kaolinite_3)",kaolinite_3,becknic,mineral,mineral.silicate.phyllosilicate.fine.tir.kaolinite_3.jhu.nicolet.spectrum.txt,0.000530,1.000000,0.000000,0.001151,0.000000,0.000000,0.001099,0.000000,0.300357,0.013222,0.949721,1.000000,0.016206,0.995262,1.000000
"Lizardite Mg3Si2O5(OH)4 (lizard_1)",lizard_1,becknic,mineral,mineral.silicate.phyllosilicate.fine.tir.lizard_1.jhu.nicolet.spectrum.txt,0.000349,1.000000,0.000000,0.001022,0.000000,0.000000,0.001739,0.472680,0.300357,0.012546,0.943004,1.000000,0.007398,0.999003,1.000000
"Montmorillonite (Na,Ca)0.33(Al,Mg)2Si4O10(OH)2.nH2O (montmor_1)",montmor_1,becknic,mineral,mineral.silicate.phyllosilicate.fine.tir.montmor_1.jhu.nicolet.spectrum.txt,0.000310,1.000000,0.000000,0.000872,1.000000,0.000000,0.001277,0.775975,0.300357,0.003680,0.992752,1.000000,0.004545,0.999358,1.000000
"Montmorillonite (Na,Ca)0.33(Al,Mg)2Si4O10(OH)2.nH2O (montmor_2)",montmor_2,becknic,mineral,mineral.silicate.phyllosilicate.fine.tir.montmor_2.jhu.nicolet.spectrum.txt,0.000488,1.000000,0.000000,0.001133,0.000000,0.000000,0.001295,0.965880,0.300357,0.004927,0.989895,1.000000,0.004390,0.999543,1.000000
"Montmorillonite (Na,Ca)0.33(Al,Mg)2Si4O10(OH)2.nH2O (montmor_3)",montmor_3,becknic,mineral,mineral.silicate.phyllosilicate.fine.tir.montmor_3.jhu.nicolet.spectrum.txt,0.000530,1.000000,0.000000,0.001151,0.000000,0.000000,0.000962,1.000000,0.300357,0.003649,0.992115,1.000000,0.003543,0.999645,1.000000
"Muscovite KAl2(Si3Al)O10(OH,F)2 (muscov_1)",muscov_1,becknic,mineral,mineral.silicate.phyllosilicate.fine.tir.muscov_1.jhu.nicolet.spectrum.txt,0.000496,1.000000,0.000000,0.001137,0.000000,0.000000,0.001130,0.869458,0.300357,0.010597,0.967365,1.000000,0.010580,0.998057,1.000000
"Muscovite KAl2(Si3Al)O10(OH,F)2 (muscov_2)",muscov_2,becknic,mineral,mineral.silicate.phyllosilicate.fine.tir.muscov_2.jhu.nicolet.spectrum.txt,0.000358,1.000000,0.000000,0.001053,0.000000,0.000000,0.000982,0.921387,0.300357,0.002863,0.996914,1.000000,0.005040,0.999455,1.000000
"Nontronite Na0.33Fe2+3(Si,Al)4O10.3H2O (nontron_1)",nontron_1,becknic,mineral,mineral.silicate.phyllosilicate.fine.tir.nontron_1.jhu.nicolet.spectrum.txt,0.000242,1.000000,0.000000,0.000642,1.000000,0.000000,0.001010,0.918563,0.300357,0.005171,0.987759,1.000000,0.004136,0.999553,1.000000
"Phlogopite KMg3Si3Al010(F,OH)2 (phlogop_1)",phlogop_1,becknic,mineral,mineral.silicate.phyllosilicate.fine.tir.phlogop_1.jhu.nicolet.spectrum.txt,0.000279,1.000000,0.000000,0.000764,1.000000,0.000000,0.001063,0.930319,0.300357,0.004354,0.989535,1.000000,0.006196,0.998449,1.000000
"Phlogopite KMg3Si3AlO10(F, OH)2 (phlogop_2)",phlogop_2,becknic,mineral,mineral.silicate.phyllosilicate.fine.tir.phlogop_2.jhu.nicolet.spectrum.txt,0.000415,1.000000,0.000000,0.001092,0.000000,0.000000,0.000977,0.875383,0.300357,0.002967,0.968827,1.000000,0.007100,0.998816,1.000000
"Prehnite Ca2Al2Si3O10(OH)2 (prehnite_1)",prehnite_1,becknic,mineral,mineral.silicate.phyllosilicate.fine.tir.prehnite_1.jhu.nicolet.spectrum.txt,0.000447,1.000000,0.000000,0.001110,0.000000,0.000000,0.000758,0.846869,0.300357,0.007711,0.973176,1.000000,0.019076,0.992232,1.000000
"Corrensite (Mg,Fe)_9(Si,Al)_8O_20(OH)_10._xH_2O (PS-10A)",PS-10A,becknic,mineral,mineral.silicate.phyllosilicate.fine.tir.ps-10a.jpl.nicolet.spectrum.txt,0.000267,1.000000,0.000000,0.000458,1.000000,0.000000,0.001028,0.997565,0.356929,0.004000,0.999499,1.000000,0.001493,0.996405,1.000000
"Illite (K,H_3O)(Al,Mg,Fe)_2(Si,Al)_4O_10((OH)_2,H_2O) (PS-11A)",PS-11A,becknic,mineral,mineral.silicate.phyllosilicate.fine.tir.ps-11a.jpl.nicolet.spectrum.txt,0.000229,1.000000,0.000000,0.000803,1.000000,0.000000,0.004025,0.986576,0.356929,0.006870,0.998783,1.000000,0.002127,0.994086,1.000000
"Clinochlore (Chlorite) (Mg,Al)_6(Si,Al)_4O_10(OH)_8 (PS-12A)",PS-12A,becknic,mineral,mineral.silicate.phyllosilicate.fine.tir.ps-12a.jpl.nicolet.spectrum.txt,0.000426,1.000000,0.000000,0.000495,1.000000,0.000000,0.003625,0.985029,0.356929,0.004614,0.999082,1.000000,0.002284,0.997871,1.000000
"Chlorite (PS-12C)",PS-12C,becknic,mineral,mineral.silicate.phyllosilicate.fine.tir.ps-12c.jpl.nicolet.spectrum.txt,0.000271,1.000000,0.000000,0.000439,1.000000,0.000000,0.004238,0.995236,0.356929,0.008132,0.997901,1.000000,0.003199,0.995059,1.000000
"Chlorite (PS-12E)",PS-12E,becknic,mineral,mineral.silicate.phyllosilicate.fine.tir.ps-12e.jpl.nicolet.spectrum.txt,0.000831,1.000000,0.000000,0.000677,1.000000,0.000000,0.001868,0.993513,0.356929,0.006418,0.997054,1.000000,0.002202,0.996729,1.000000
"Chlorite (PS-12F)",PS-12F,becknic,mineral,mineral.silicate.phyllosilicate.fine.tir.ps-12f.jpl.nicolet.spectrum.txt,0.000403,1.000000,0.000000,0.000322,1.000000,0.000000,0.005244,0.961626,0.356929,0.005779,0.998462,1.000000,0.001912,0.998452,1.000000
"Lepidolite K(Li,Al)3(Si,Al)_4O_10(F,OH)_2 (PS-13A)",PS-13A,becknic,mineral,mineral.silicate.phyllosilicate.fine.tir.ps-13a.jpl.nicolet.spectrum.txt,0.000216,1.000000,0.000000,0.000649,1.000000,0.000000,0.007408,0.992757,0.356929,0.008632,0.997868,1.000000,0.003746,0.992760,1.000000
"Lepidolite K(Li,Al)3(Si,Al)_4O_10(F,OH)_2 (PS-13B)",PS-13B,becknic,mineral,mineral.silicate.phyllosilicate.fine.tir.ps-13b.jpl.nicolet.spectrum.txt,0.000222,1.000000,0.000000,0.000607,1.000000,0.000000,0.005868,0.990758,0.356929,0.008933,0.998072,1.000000,0.002622,0.996104,1.000000
"Talc Mg_3Si_4O_10(OH)_2 (PS-14A)",PS-14A,becknic,mineral,mineral.silicate.phyllosilicate.fine.tir.ps-14a.jpl.nicolet.spectrum.txt,0.000271,1.000000,0.000000,0.000735,1.000000,0.000000,0.012213,0.969400,0.356929,0.018824,0.994230,1.000000,0.010468,0.978395,1.000000
"Muscovite KAl_2(Si_3Al)O_10(OH,F)_2 (PS-16A)",PS-16A,becknic,mineral,mineral.silicate.phyllosilicate.fine.tir.ps-16a.jpl.nicolet.spectrum.txt,0.000417,1.000000,0.000000,0.000421,1.000000,0.000000,0.001872,0.991793,0.356929,0.008163,0.994710,1.000000,0.001837,0.996776,1.000000
"Vermiculite (Mg,Fe^2+,Al)_3(Al,Si)_4O_10(OH)_2.4H_2O (PS-18A)",PS-18A,becknic,mineral,mineral.silicate.phyllosilicate.fine.tir.ps-18a.jpl.nicolet.spectrum.txt,0.000230,1.000000,0.000000,0.000879,1.000000,0.000000,0.003744,0.991625,0.356929,0.010538,0.995489,1.000000,0.004687,0.985429,1.000000
"Vermiculite (Mg,Fe^2+,Al)_3(Al,Si)_4O_10(OH)_2.4H_2O (PS-18B)",PS-18B,becknic,mineral,mineral.silicate.phyllosilicate.fine.tir.ps-18b.jpl.nicolet.spectrum.txt,0.000408,1.000000,0.000000,0.000355,1.000000,0.000000,0.002158,0.995347,0.356929,0.005666,0.998721,1.000000,0.001200,0.998681,1.000000
"Glauconite (K,Na)(Fe^3+,Al,Mg)_2(Si,Al)_4O_10(OH)_2 (PS-19A)",PS-19A,becknic,mineral,mineral.silicate.phyllosilicate.fine.tir.ps-19a.jpl.nicolet.spectrum.txt,0.000465,1.000000,0.000000,0.000681,1.000000,0.000000,0.003079,0.967185,0.356929,0.004833,0.998851,1.000000,0.001488,0.998023,1.000000
"Kaolinite Al_2Si_2O_5(OH)_4 (PS-1A)",PS-1A,becknic,mineral,mineral.silicate.phyllosilicate.fine.tir.ps-1a.jpl.nicolet.spectrum.txt,0.000235,1.000000,0.000000,0.000624,1.000000,0.000000,0.011273,0.992027,0.356929,0.014062,0.994067,1.000000,0.003167,0.988365,1.000000
"Kaolinite Al_2Si_2O_5(OH)_4 (PS-1B)",PS-1B,becknic,mineral,mineral.silicate.phyllosilicate.fine.tir.ps-1b.jpl.nicolet.spectrum.txt,0.000221,1.000000,0.000000,0.000675,1.000000,0.000000,0.010384,0.993580,0.356929,0.010629,0.994860,1.000000,0.002068,0.986460,1.000000
"Serpentine (Mg,Fe^2+,Ni)Si_2O_5(OH)_4 (PS-20A)",PS-20A,becknic,mineral,mineral.silicate.phyllosilicate.fine.tir.ps-20a.jpl.nicolet.spectrum.txt,0.000381,1.000000,0.000000,0.000233,1.000000,0.000000,0.009760,0.978911,0.356929,0.009380,0.994036,1.000000,0.002115,0.990921,1.000000
"Prehnite Ca_2Al_2Si_3O_10(OH)_2 (PS-21A)",PS-21A,becknic,mineral,mineral.silicate.phyllosilicate.fine.tir.ps-21a.jpl.nicolet.spectrum.txt,0.000219,1.000000,0.000000,0.000668,1.000000,0.000000,0.009974,0.988001,0.356929,0.012302,0.995543,1.000000,0.007339,0.968825,1.000000
"Hydroxyapophyllite KCa_4Si_8O_20(OH,F).8H_2O (PS-22A)",PS-22A,becknic,mineral,mineral.silicate.phyllosilicate.fine.tir.ps-22a.jpl.nicolet.spectrum.txt,0.000428,1.000000,0.000000,0.000665,1.000000,0.000000,0.008318,0.983484,0.356929,0.014967,0.977878,1.000000,0.008030,0.963892,1.000000
"Biotite K(Mg,Fe^2+)_3(Al,Fe^3+)Si_3O_10(OH,F)_2 (PS-23A)",PS-23A,becknic,mineral,mineral.silicate.phyllosilicate.fine.tir.ps-23a.jpl.nicolet.spectrum.txt,0.001106,0.000000,0.000000,0.000683,1.000000,0.000000,0.001734,0.996366,0.356929,0.008097,0.994352,1.000000,0.003385,0.997778,1.000000
"Saponite (Ca/2,Na)_0.33(Mg,Fe^2+)_3(Si,Al)_4O_10(OH)_2.4H_2O (PS-24A)",PS-24A,becknic,mineral,mineral.silicate.phyllosilicate.fine.tir.ps-24a.jpl.nicolet.spectrum.txt,0.000319,1.000000,0.000000,0.000267,1.000000,0.000000,0.005435,0.991313,0.356929,0.012571,0.995833,1.000000,0.003779,0.982484,1.000000
"Montmorillonite (Na,Ca)_0.33(Al,Mg)_2Si_4O_10(OH)_2.H_2O (PS-2B)",PS-2B,becknic,mineral,mineral.silicate.phyllosilicate.fine.tir.ps-2b.jpl.nicolet.spectrum.txt,0.000421,1.000000,0.000000,0.000449,1.000000,0.000000,0.006402,0.987615,0.356929,0.007470,0.997300,1.000000,0.001407,0.983614,1.000000
"Montmorillonite (Na,Ca)_0.33(Al,Mg)_2Si_4O_10(OH)_2.H_2O (PS-2D)",PS-2D,becknic,mineral,mineral.silicate.phyllosilicate.fine.tir.ps-2d.jpl.nicolet.spectrum.txt,0.000254,1.000000,0.000000,0.000530,1.000000,0.000000,0.004207,0.992639,0.356929,0.008277,0.998125,1.000000,0.002239,0.988267,1.000000
"Dickite Al_2Si_2O_5(OH)_4 (PS-3A)",PS-3A,becknic,mineral,mineral.silicate.phyllosilicate.fine.tir.ps-3a.jpl.nicolet.spectrum.txt,0.000256,1.000000,0.000000,0.000687,1.000000,0.000000,0.009858,0.993604,0.356929,0.021744,0.983805,1.000000,0.008914,0.971667,1.000000
"Palygorskite (Mg,Al)_2Si_4O_10(OH).4H_2O (PS-4A)",PS-4A,becknic,mineral,mineral.silicate.phyllosilicate.fine.tir.ps-4a.jpl.nicolet.spectrum.txt,0.000405,1.000000,0.000000,0.000332,1.000000,0.000000,0.004377,0.992699,0.356929,0.006409,0.998330,1.000000,0.001865,0.975603,1.000000
"Sepiolite Mg_4Si_6O_15(OH)_2.6H_2O (PS-5A)",PS-5A,becknic,mineral,mineral.silicate.phyllosilicate.fine.tir.ps-5a.jpl.nicolet.spectrum.txt,0.000487,1.000000,0.000000,0.000679,1.000000,0.000000,0.004122,0.994644,0.356929,0.006905,0.996833,1.000000,0.002504,0.967521,1.000000
"Nontronite Na_0.33Fe_2^3+(Si,Al)_4O_10(OH)_2.H_2O (PS-6A)",PS-6A,becknic,mineral,mineral.silicate.phyllosilicate.fine.tir.ps-6a.jpl.nicolet.spectrum.txt,0.000386,1.000000,0.000000,0.000245,1.000000,0.000000,0.009220,0.965093,0.356929,0.006992,0.996382,1.000000,0.001337,0.997596,1.000000
"Nontronite Na_0.33Fe_2^3+(Si,Al)_4O_10(OH)_2.H_2O (PS-6B)",PS-6B,becknic,mineral,mineral.silicate.phyllosilicate.fine.tir.ps-6b.jpl.nicolet.spectrum.txt,0.000413,1.000000,0.000000,0.000692,1.000000,0.000000,0.006444,0.975975,0.356929,0.003710,0.999051,1.000000,0.001087,0.996849,1.000000
"Pyrophyllite Al_2Si_4O_10(OH)_2 (PS-7A)",PS-7A,becknic,mineral,mineral.silicate.phyllosilicate.fine.tir.ps-7a.jpl.nicolet.spectrum.txt,0.000236,1.000000,0.000000,0.000626,1.000000,0.000000,0.016368,0.947488,0.356929,0.011037,0.996131,1.000000,0.005882,0.977391,1.000000
"Cookeite LiAl_4(Si_3Al)O_10(OH)_8 (PS-9A)",PS-9A,becknic,mineral,mineral.silicate.phyllosilicate.fine.tir.ps-9a.jpl.nicolet.spectrum.txt,0.000575,1.000000,0.000000,0.000674,1.000000,0.000000,0.002393,0.986700,0.356929,0.006797,0.997074,1.000000,0.002035,0.995515,1.000000
"Pyrophyllite Al2Si4010(OH)2 (pyroph_1)",pyroph_1,becknic,mineral,mineral.silicate.phyllosilicate.fine.tir.pyroph_1.jhu.nicolet.spectrum.txt,0.000300,1.000000,0.000000,0.000834,1.000000,0.000000,0.001137,0.085457,0.300357,0.018153,0.825295,1.000000,0.021315,0.993932,1.000000
"Saponite (Ca/2,Na)0.33(Mg,Fe+2)3(Si,Al)4O10(OH)2.H2O (saponite_1)",saponite_1,becknic,mineral,mineral.silicate.phyllosilicate.fine.tir.saponite_1.jhu.nicolet.spectrum.txt,0.000230,1.000000,0.000000,0.000613,1.000000,0.000000,0.001141,0.916051,0.300357,0.002848,0.985285,1.000000,0.002967,0.999578,1.000000
"Sepiolite Mg4Si6O15(OH)2.6H2) (sepiolite_1)",sepiolite_1,becknic,mineral,mineral.silicate.phyllosilicate.fine.tir.sepiolite_1.jhu.nicolet.spectrum.txt,0.000261,1.000000,0.000000,0.000487,1.000000,0.000000,0.001545,0.921309,0.300357,0.010534,0.987181,1.000000,0.010557,0.998057,1.000000
"Smectite Na0.33Fe2+3(Si,Al)4 O10.3H2O (smectite_1)",smectite_1,becknic,mineral,mineral.silicate.phyllosilicate.fine.tir.smectite_1.jhu.nicolet.spectrum.txt,0.000294,1.000000,0.000000,0.000811,1.000000,0.000000,0.001121,0.947779,0.300357,0.003912,0.992517,1.000000,0.004310,0.999374,1.000000
"Talc Mg3Si4O10(OH)2 (talc_1)",talc_1,becknic,mineral,mineral.silicate.phyllosilicate.fine.tir.talc_1.jhu.nicolet.spectrum.txt,0.000302,1.000000,0.000000,0.000840,1.000000,0.000000,0.001719,-0.858432,0.300357,0.009706,0.865882,1.000000,0.013777,0.997136,1.000000
"Vermiculite (Mg,Fe+2,Al)3(Al,Si)4O10(OH)2.4H2O (vermicul_1)",vermicul_1,becknic,mineral,mineral.silicate.phyllosilicate.fine.tir.vermicul_1.jhu.nicolet.spectrum.txt,0.000243,1.000000,0.000000,0.000647,1.000000,0.000000,0.000985,0.948762,0.300357,0.003145,0.998063,1.000000,0.003889,0.999384,1.000000
"Corrensite (Mg,Fe)_9(Si,Al)_8O_20(OH)_10._xH_2O (PS-10A)",PS-10A,becknic,mineral,mineral.silicate.phyllosilicate.fine.vswir.ps-10a.jpl.beckman.spectrum.txt,0.003616,0.998924,0.883721,0.002234,0.974029,1.000000,0.001693,0.998350,1.000000,0.000761,1.000000,0.000000,0.000777,1.000000,0.000000
"Corrensite (Mg,Fe)_9(Si,Al)_8O_20(OH)_10._xH_2O (PS-10A)",PS-10A,becknic,mineral,mineral.silicate.phyllosilicate.fine.vswir.ps-10a.jpl.perkin.spectrum.txt,0.003373,0.999151,0.883721,0.001909,0.974092,1.000000,0.002238,0.997168,1.000000,0.000809,1.000000,0.000000,0.000704,1.000000,0.000000
"Illite (K,H_3O)(Al,Mg,Fe)_2(Si,Al)_4O_10((OH)_2,H_2O) (PS-11A)",PS-11A,becknic,mineral,mineral.silicate.phyllosilicate.fine.vswir.ps-11a.jpl.beckman.spectrum.txt,0.001495,0.999700,0.883721,0.001831,0.997701,1.000000,0.003556,0.993065,1.000000,0.000670,1.000000,0.000000,0.000805,1.000000,0.000000
"Illite (K,H_3O)(Al,Mg,Fe)_2(Si,Al)_4O_10((OH)_2,H_2O) (PS-11A)",PS-11A,becknic,mineral,mineral.silicate.phyllosilicate.fine.vswir.ps-11a.jpl.perkin.spectrum.txt,0.001109,0.999822,0.883721,0.002459,0.996044,1.000000,0.004187,0.992517,1.000000,0.000752,1.000000,0.000000,0.000750,1.000000,0.000000
"Clinochlore (Chlorite) (Mg,Al)_6(Si,Al)_4O_10(OH)_8 (PS-12A)",PS-12A,becknic,mineral,mineral.silicate.phyllosilicate.fine.vswir.ps-12a.jpl.beckman.spectrum.txt,0.001847,0.997585,0.883721,0.002857,0.938835,1.000000,0.002776,0.999425,1.000000,0.000793,1.000000,0.000000,0.000725,1.000000,0.000000
"Clinochlore (Chlorite) (Mg,Al)_6(Si,Al)_4O_10(OH)_8 (PS-12A)",PS-12A,becknic,mineral,mineral.silicate.phyllosilicate.fine.vswir.ps-12a.jpl.perkin.spectrum.txt,0.001771,0.997296,0.883721,0.003281,0.920872,1.000000,0.003505,0.999107,1.000000,0.000501,1.000000,0.000000,0.000685,1.000000,0.000000
"Chlorite (PS-12C)",PS-12C,becknic,mineral,mineral.silicate.phyllosilicate.fine.vswir.ps-12c.jpl.beckman.spectrum.txt,0.001865,0.998012,0.883721,0.002774,0.960587,1.000000,0.004200,0.997753,1.000000,0.000764,1.000000,0.000000,0.000737,1.000000,0.000000
"Chlorite (PS-12C)",PS-12C,becknic,mineral,mineral.silicate.phyllosilicate.fine.vswir.ps-12c.jpl.perkin.spectrum.txt,0.001723,0.998431,0.883721,0.002474,0.974349,1.000000,0.004622,0.997707,1.000000,0.000470,1.000000,0.000000,0.000624,1.000000,0.000000
"Chlorite (PS-12E)",PS-12E,becknic,mineral,mineral.silicate.phyllosilicate.fine.vswir.ps-12e.jpl.beckman.spectrum.txt,0.002024,0.995282,0.883721,0.002335,0.945299,1.000000,0.001462,0.999007,1.000000,0.000752,1.000000,0.000000,0.000539,1.000000,0.000000
"Chlorite (PS-12E)",PS-12E,becknic,mineral,mineral.silicate.phyllosilicate.fine.vswir.ps-12e.jpl.perkin.spectrum.txt,0.001710,0.996254,0.883721,0.002923,0.911748,1.000000,0.001518,0.998994,1.000000,0.000954,1.000000,0.000000,0.000630,1.000000,0.000000
"Chlorite (PS-12F)",PS-12F,becknic,mineral,mineral.silicate.phyllosilicate.fine.vswir.ps-12f.jpl.beckman.spectrum.txt,0.002177,0.998183,0.883721,0.002786,0.948905,1.000000,0.003408,0.999026,1.000000,0.000762,1.000000,0.000000,0.000729,1.000000,0.000000
"Chlorite (PS-12F)",PS-12F,becknic,mineral,mineral.silicate.phyllosilicate.fine.vswir.ps-12f.jpl.perkin.spectrum.txt,0.001814,0.998370,0.883721,0.002355,0.963935,1.000000,0.004762,0.998074,1.000000,0.000507,1.000000,0.000000,0.000695,1.000000,0.000000
"Lepidolite K(Li,Al)3(Si,Al)_4O_10(F,OH)_2 (PS-13A)",PS-13A,becknic,mineral,mineral.silicate.phyllosilicate.fine.vswir.ps-13a.jpl.beckman.spectrum.txt,0.002775,0.999264,0.883721,0.002134,0.865160,1.000000,0.004187,0.997552,1.000000,0.000789,1.000000,0.000000,0.000728,1.000000,0.000000
"Lepidolite K(Li,Al)3(Si,Al)_4O_10(F,OH)_2 (PS-13A)",PS-13A,becknic,mineral,mineral.silicate.phyllosilicate.fine.vswir.ps-13a.jpl.perkin.spectrum.txt,0.002859,0.999313,0.883721,0.002658,0.854742,1.000000,0.005946,0.995886,1.000000,0.000799,1.000000,0.000000,0.000719,1.000000,0.000000
"Lepidolite K(Li,Al)3(Si,Al)_4O_10(F,OH)_2 (PS-13B)",PS-13B,becknic,mineral,mineral.silicate.phyllosilicate.fine.vswir.ps-13b.jpl.beckman.spectrum.txt,0.002188,0.991366,0.883721,0.000896,0.991438,1.000000,0.005020,0.993527,1.000000,0.000796,1.000000,0.000000,0.000826,1.000000,0.000000
"Lepidolite K(Li,Al)3(Si,Al)_4O_10(F,OH)_2 (PS-13B)",PS-13B,becknic,mineral,mineral.silicate.phyllosilicate.fine.vswir.ps-13b.jpl.perkin.spectrum.txt,0.001325,0.997356,0.883721,0.001042,0.986419,1.000000,0.005175,0.994471,1.000000,0.000670,1.000000,0.000000,0.000805,1.000000,0.000000
"Talc Mg_3Si_4O_10(OH)_2 (PS-14A)",PS-14A,becknic,mineral,mineral.silicate.phyllosilicate.fine.vswir.ps-14a.jpl.beckman.spectrum.txt,0.002003,0.980658,0.883721,0.002002,0.836709,1.000000,0.006059,0.993548,1.000000,0.000505,1.000000,0.000000,0.000694,1.000000,0.000000
"Talc Mg_3Si_4O_10(OH)_2 (PS-14A)",PS-14A,becknic,mineral,mineral.silicate.phyllosilicate.fine.vswir.ps-14a.jpl.perkin.spectrum.txt,0.001147,0.998119,0.883721,0.002441,0.827612,1.000000,0.008250,0.991212,1.000000,0.000496,1.000000,0.000000,0.000694,1.000000,0.000000
"Muscovite KAl_2(Si_3Al)O_10(OH,F)_2 (PS-16A)",PS-16A,becknic,mineral,mineral.silicate.phyllosilicate.fine.vswir.ps-16a.jpl.beckman.spectrum.txt,0.001932,0.995563,0.883721,0.000807,0.962010,1.000000,0.001069,0.998546,1.000000,0.000501,1.000000,0.000000,0.000686,1.000000,0.000000
"Muscovite KAl_2(Si_3Al)O_10(OH,F)_2 (PS-16A)",PS-16A,becknic,mineral,mineral.silicate.phyllosilicate.fine.vswir.ps-16a.jpl.perkin.spectrum.txt,0.001103,0.999206,0.883721,0.001567,0.904659,1.000000,0.001556,0.996992,1.000000,0.000594,1.000000,0.000000,0.000654,1.000000,0.000000
"Vermiculite (Mg,Fe^2+,Al)_3(Al,Si)_4O_10(OH)_2.4H_2O (PS-18A)",PS-18A,becknic,mineral,mineral.silicate.phyllosilicate.fine.vswir.ps-18a.jpl.beckman.spectrum.txt,0.001597,0.999439,0.883721,0.001190,0.967702,1.000000,0.003056,0.997755,1.000000,0.000685,1.000000,0.000000,0.000756,1.000000,0.000000
"Vermiculite (Mg,Fe^2+,Al)_3(Al,Si)_4O_10(OH)_2.4H_2O (PS-18A)",PS-18A,becknic,mineral,mineral.silicate.phyllosilicate.fine.vswir.ps-18a.jpl.perkin.spectrum.txt,0.001340,0.999704,0.883721,0.001067,0.956366,1.000000,0.004171,0.996752,1.000000,0.000605,1.000000,0.000000,0.000748,1.000000,0.000000
"Vermiculite (Mg,Fe^2+,Al)_3(Al,Si)_4O_10(OH)_2.4H_2O (PS-18B)",PS-18B,becknic,mineral,mineral.silicate.phyllosilicate.fine.vswir.ps-18b.jpl.beckman.spectrum.txt,0.004427,0.998595,0.883721,0.002268,0.919375,1.000000,0.002161,0.997941,1.000000,0.000648,1.000000,0.000000,0.000657,1.000000,0.000000
"Vermiculite (Mg,Fe^2+,Al)_3(Al,Si)_4O_10(OH)_2.4H_2O (PS-18B)",PS-18B,becknic,mineral,mineral.silicate.phyllosilicate.fine.vswir.ps-18b.jpl.perkin.spectrum.txt,0.004083,0.998891,0.883721,0.001920,0.947125,1.000000,0.002863,0.997110,1.000000,0.000763,1.000000,0.000000,0.000626,1.000000,0.000000
"Glauconite (K,Na)(Fe^3+,Al,Mg)_2(Si,Al)_4O_10(OH)_2 (PS-19A)",PS-19A,becknic,mineral,mineral.silicate.phyllosilicate.fine.vswir.ps-19a.jpl.beckman.spectrum.txt,0.001743,0.998746,0.883721,0.002159,0.844546,1.000000,0.002656,0.999671,1.000000,0.000510,1.000000,0.000000,0.000701,1.000000,0.000000
"Glauconite (K,Na)(Fe^3+,Al,Mg)_2(Si,Al)_4O_10(OH)_2 (PS-19A)",PS-19A,becknic,mineral,mineral.silicate.phyllosilicate.fine.vswir.ps-19a.jpl.perkin.spectrum.txt,0.001322,0.999273,0.883721,0.001555,0.934818,1.000000,0.002836,0.999578,1.000000,0.000555,1.000000,0.000000,0.000651,1.000000,0.000000
"Kaolinite Al_2Si_2O_5(OH)_4 (PS-1A)",PS-1A,becknic,mineral,mineral.silicate.phyllosilicate.fine.vswir.ps-1a.jpl.beckman.spectrum.txt,0.002203,0.998782,0.883721,0.002581,0.620322,1.000000,0.007901,0.996582,1.000000,0.000468,1.000000,0.000000,0.000621,1.000000,0.000000
"Kaolinite Al_2Si_2O_5(OH)_4 (PS-1A)",PS-1A,becknic,mineral,mineral.silicate.phyllosilicate.fine.vswir.ps-1a.jpl.perkin.spectrum.txt,0.000883,0.999920,0.883721,0.004885,0.634779,1.000000,0.013068,0.993874,1.000000,0.000951,1.000000,0.000000,0.000636,1.000000,0.000000
"Kaolinite Al_2Si_2O_5(OH)_4 (PS-1B)",PS-1B,becknic,mineral,mineral.silicate.phyllosilicate.fine.vswir.ps-1b.jpl.beckman.spectrum.txt,0.002310,0.999605,0.883721,0.002340,0.857359,1.000000,0.007537,0.997271,1.000000,0.000797,1.000000,0.000000,0.000614,1.000000,0.000000
"Kaolinite Al_2Si_2O_5(OH)_4 (PS-1B)",PS-1B,becknic,mineral,mineral.silicate.phyllosilicate.fine.vswir.ps-1b.jpl.perkin.spectrum.txt,0.002671,0.999653,0.883721,0.002863,0.919626,1.000000,0.010679,0.995582,1.000000,0.000982,1.000000,0.000000,0.000612,1.000000,0.000000
"Serpentine (Mg,Fe^2+,Ni)Si_2O_5(OH)_4 (PS-20A)",PS-20A,becknic,mineral,mineral.silicate.phyllosilicate.fine.vswir.ps-20a.jpl.beckman.spectrum.txt,0.001288,0.998028,0.883721,0.001219,0.920527,1.000000,0.007062,0.991528,1.000000,0.000555,1.000000,0.000000,0.000651,1.000000,0.000000
"Serpentine (Mg,Fe^2+,Ni)Si_2O_5(OH)_4 (PS-20A)",PS-20A,becknic,mineral,mineral.silicate.phyllosilicate.fine.vswir.ps-20a.jpl.perkin.spectrum.txt,0.001071,0.999042,0.883721,0.001111,0.957108,1.000000,0.007869,0.991279,1.000000,0.000838,1.000000,0.000000,0.000558,1.000000,0.000000
"Prehnite Ca_2Al_2Si_3O_10(OH)_2 (PS-21A)",PS-21A,becknic,mineral,mineral.silicate.phyllosilicate.fine.vswir.ps-21a.jpl.beckman.spectrum.txt,0.001583,0.993466,0.883721,0.001006,0.561611,1.000000,0.004475,0.997588,1.000000,0.000697,1.000000,0.000000,0.000778,1.000000,0.000000
"Prehnite Ca_2Al_2Si_3O_10(OH)_2 (PS-21A)",PS-21A,becknic,mineral,mineral.silicate.phyllosilicate.fine.vswir.ps-21a.jpl.perkin.spectrum.txt,0.001357,0.996688,0.883721,0.000806,0.605787,1.000000,0.007670,0.994135,1.000000,0.000802,1.000000,0.000000,0.000717,1.000000,0.000000
"Hydroxyapophyllite KCa_4Si_8O_20(OH,F).8H_2O (PS-22A)",PS-22A,becknic,mineral,mineral.silicate.phyllosilicate.fine.vswir.ps-22a.jpl.beckman.spectrum.txt,0.001036,0.988349,0.883721,0.001783,0.796616,1.000000,0.009159,0.996133,1.000000,0.000762,1.000000,0.000000,0.000602,1.000000,0.000000
"Hydroxyapophyllite KCa_4Si_8O_20(OH,F).8H_2O (PS-22A)",PS-22A,becknic,mineral,mineral.silicate.phyllosilicate.fine.vswir.ps-22a.jpl.perkin.spectrum.txt,0.000387,0.999209,0.883721,0.001918,0.861186,1.000000,0.012574,0.993520,1.000000,0.000765,1.000000,0.000000,0.000538,1.000000,0.000000
"Biotite K(Mg,Fe^2+)_3(Al,Fe^3+)Si_3O_10(OH,F)_2 (PS-23A)",PS-23A,becknic,mineral,mineral.silicate.phyllosilicate.fine.vswir.ps-23a.jpl.beckman.spectrum.txt,0.000680,0.998167,0.883721,0.000926,0.985243,1.000000,0.001889,0.999758,1.000000,0.000536,1.000000,0.000000,0.000732,1.000000,0.000000
"Biotite K(Mg,Fe^2+)_3(Al,Fe^3+)Si_3O_10(OH,F)_2 (PS-23A)",PS-23A,becknic,mineral,mineral.silicate.phyllosilicate.fine.vswir.ps-23a.jpl.perkin.spectrum.txt,0.000323,0.999410,0.883721,0.001765,0.908872,1.000000,0.001597,0.999832,1.000000,0.000577,1.000000,0.000000,0.000653,1.000000,0.000000
"Saponite (Ca/2,Na)_0.33(Mg,Fe^2+)_3(Si,Al)_4O_10(OH)_2.4H_2O (PS-24A)",PS-24A,becknic,mineral,mineral.silicate.phyllosilicate.fine.vswir.ps-24a.jpl.beckman.spectrum.txt,0.002232,0.999555,0.883721,0.002351,0.924545,1.000000,0.006613,0.997569,1.000000,0.000722,1.000000,0.000000,0.000658,1.000000,0.000000
"Saponite (Ca/2,Na)_0.33(Mg,Fe^2+)_3(Si,Al)_4O_10(OH)_2.4H_2O (PS-24A)",PS-24A,becknic,mineral,mineral.silicate.phyllosilicate.fine.vswir.ps-24a.jpl.perkin.spectrum.txt,0.001660,0.999773,0.883721,0.002862,0.895679,1.000000,0.007265,0.997284,1.000000,0.000786,1.000000,0.000000,0.000605,1.000000,0.000000
"Montmorillonite (Na,Ca)_0.33(Al,Mg)_2Si_4O_10(OH)_2.H_2O (PS-2B)",PS-2B,becknic,mineral,mineral.silicate.phyllosilicate.fine.vswir.ps-2b.jpl.beckman.spectrum.txt,0.001211,0.999578,0.883721,0.003874,0.381818,1.000000,0.004902,0.998943,1.000000,0.000808,1.000000,0.000000,0.000552,1.000000,0.000000
"Montmorillonite (Na,Ca)_0.33(Al,Mg)_2Si_4O_10(OH)_2.H_2O (PS-2B)",PS-2B,becknic,mineral,mineral.silicate.phyllosilicate.fine.vswir.ps-2b.jpl.perkin.spectrum.txt,0.002430,0.998615,0.883721,0.002010,0.888938,1.000000,0.006824,0.998051,1.000000,0.000949,1.000000,0.000000,0.000640,1.000000,0.000000
"Montmorillonite (Na,Ca)_0.33(Al,Mg)_2Si_4O_10(OH)_2.H_2O (PS-2D)",PS-2D,becknic,mineral,mineral.silicate.phyllosilicate.fine.vswir.ps-2d.jpl.beckman.spectrum.txt,0.002187,0.999347,0.883721,0.001054,0.959503,1.000000,0.004850,0.996840,1.000000,0.000560,1.000000,0.000000,0.000739,1.000000,0.000000
"Montmorillonite (Na,Ca)_0.33(Al,Mg)_2Si_4O_10(OH)_2.H_2O (PS-2D)",PS-2D,becknic,mineral,mineral.silicate.phyllosilicate.fine.vswir.ps-2d.jpl.perkin.spectrum.txt,0.002471,0.999243,0.883721,0.001480,0.894054,1.000000,0.004732,0.997517,1.000000,0.000580,1.000000,0.000000,0.000653,1.000000,0.000000
"Dickite Al_2Si_2O_5(OH)_4 (PS-3A)",PS-3A,becknic,mineral,mineral.silicate.phyllosilicate.fine.vswir.ps-3a.jpl.beckman.spectrum.txt,0.001054,0.999878,0.883721,0.002580,0.972616,1.000000,0.015351,0.988451,1.000000,0.000664,1.000000,0.000000,0.000657,1.000000,0.000000
"Dickite Al_2Si_2O_5(OH)_4 (PS-3A)",PS-3A,becknic,mineral,mineral.silicate.phyllosilicate.fine.vswir.ps-3a.jpl.perkin.spectrum.txt,0.000966,0.999906,0.883721,0.004158,0.922163,1.000000,0.017694,0.986129,1.000000,0.000791,1.000000,0.000000,0.000606,1.000000,0.000000
"Palygorskite (Mg,Al)_2Si_4O_10(OH).4H_2O (PS-4A)",PS-4A,becknic,mineral,mineral.silicate.phyllosilicate.fine.vswir.ps-4a.jpl.beckman.spectrum.txt,0.001293,0.999718,0.883721,0.001372,0.316021,1.000000,0.004800,0.997471,1.000000,0.000656,1.000000,0.000000,0.000571,1.000000,0.000000
"Palygorskite (Mg,Al)_2Si_4O_10(OH).4H_2O (PS-4A)",PS-4A,becknic,mineral,mineral.silicate.phyllosilicate.fine.vswir.ps-4a.jpl.perkin.spectrum.txt,0.001386,0.999744,0.883721,0.001273,0.883854,1.000000,0.006968,0.995101,1.000000,0.000869,1.000000,0.000000,0.000564,1.000000,0.000000
"Sepiolite Mg_4Si_6O_15(OH)_2.6H_2O (PS-5A)",PS-5A,becknic,mineral,mineral.silicate.phyllosilicate.fine.vswir.ps-5a.jpl.beckman.spectrum.txt,0.001177,0.995986,0.883721,0.000824,0.927927,1.000000,0.004718,0.998644,1.000000,0.000978,1.000000,0.000000,0.000702,1.000000,0.000000
"Sepiolite Mg_4Si_6O_15(OH)_2.6H_2O (PS-5A)",PS-5A,becknic,mineral,mineral.silicate.phyllosilicate.fine.vswir.ps-5a.jpl.perkin.spectrum.txt,0.000438,0.999916,0.883721,0.002505,0.688981,1.000000,0.009509,0.997003,1.000000,0.000831,1.000000,0.000000,0.000627,1.000000,0.000000
"Nontronite Na_0.33Fe_2^3+(Si,Al)_4O_10(OH)_2.H_2O (PS-6A)",PS-6A,becknic,mineral,mineral.silicate.phyllosilicate.fine.vswir.ps-6a.jpl.beckman.spectrum.txt,0.006811,0.998648,0.883721,0.002891,0.988389,1.000000,0.006842,0.995877,1.000000,0.000746,1.000000,0.000000,0.000599,1.000000,0.000000
"Nontronite Na_0.33Fe_2^3+(Si,Al)_4O_10(OH)_2.H_2O (PS-6A)",PS-6A,becknic,mineral,mineral.silicate.phyllosilicate.fine.vswir.ps-6a.jpl.perkin.spectrum.txt,0.006070,0.998934,0.883721,0.003582,0.985871,1.000000,0.009097,0.994238,1.000000,0.000906,1.000000,0.000000,0.000571,1.000000,0.000000
"Nontronite Na_0.33Fe_2^3+(Si,Al)_4O_10(OH)_2.H_2O (PS-6B)",PS-6B,becknic,mineral,mineral.silicate.phyllosilicate.fine.vswir.ps-6b.jpl.beckman.spectrum.txt,0.003684,0.999558,0.883721,0.003615,0.986641,1.000000,0.005455,0.995119,1.000000,0.000984,1.000000,0.000000,0.000610,1.000000,0.000000
"Nontronite Na_0.33Fe_2^3+(Si,Al)_4O_10(OH)_2.H_2O (PS-6B)",PS-6B,becknic,mineral,mineral.silicate.phyllosilicate.fine.vswir.ps-6b.jpl.perkin.spectrum.txt,0.003497,0.999574,0.883721,0.003450,0.987914,1.000000,0.005922,0.994924,1.000000,0.000946,1.000000,0.000000,0.000681,1.000000,0.000000
"Nontronite Na_0.33Fe_2^3+(Si,Al)_4O_10(OH)_2.H_2O (PS-6D)",PS-6D,becknic,mineral,mineral.silicate.phyllosilicate.fine.vswir.ps-6d.jpl.beckman.spectrum.txt,0.004551,0.999125,0.883721,0.002426,0.990340,1.000000,0.003804,0.998991,1.000000,0.000916,1.000000,0.000000,0.000685,1.000000,0.000000
"Nontronite Na_0.33Fe_2^3+(Si,Al)_4O_10(OH)_2.H_2O (PS-6D)",PS-6D,becknic,mineral,mineral.silicate.phyllosilicate.fine.vswir.ps-6d.jpl.perkin.spectrum.txt,0.004799,0.998935,0.883721,0.001460,0.996980,1.000000,0.004772,0.998546,1.000000,0.000806,1.000000,0.000000,0.000637,1.000000,0.000000
"Pyrophyllite Al_2Si_4O_10(OH)_2 (PS-7A)",PS-7A,becknic,mineral,mineral.silicate.phyllosilicate.fine.vswir.ps-7a.jpl.beckman.spectrum.txt,0.002186,0.999561,0.883721,0.001755,0.710582,1.000000,0.009741,0.984246,1.000000,0.000682,1.000000,0.000000,0.000783,1.000000,0.000000
"Cookeite LiAl_4(Si_3Al)O_10(OH)_8 (PS-9A)",PS-9A,becknic,mineral,mineral.silicate.phyllosilicate.fine.vswir.ps-9a.jpl.beckman.spectrum.txt,0.001876,0.999310,0.883721,0.001839,-0.205156,1.000000,0.001290,0.996034,1.000000,0.000788,1.000000,0.000000,0.000615,1.000000,0.000000
"Cookeite LiAl_4(Si_3Al)O_10(OH)_8 (PS-9A)",PS-9A,becknic,mineral,mineral.silicate.phyllosilicate.fine.vswir.ps-9a.jpl.perkin.spectrum.txt,0.002025,0.999281,0.883721,0.000750,0.909446,1.000000,0.001545,0.995334,1.000000,0.000776,1.000000,0.000000,0.000544,1.000000,0.000000
"Corrensite (Mg,Fe)_9(Si,Al)_8O_20(OH)_10._xH_2O (PS-10A)",PS-10A,becknic,mineral,mineral.silicate.phyllosilicate.medium.tir.ps-10a.jpl.nicolet.spectrum.txt,0.000416,1.000000,0.000000,0.000690,1.000000,0.000000,0.001680,0.998231,0.356929,0.003871,0.999121,1.000000,0.001171,0.997662,1.000000
"Clinochlore (Chlorite) (Mg,Al)_6(Si,Al)_4O_10(OH)_8 (PS-12A)",PS-12A,becknic,mineral,mineral.silicate.phyllosilicate.medium.tir.ps-12a.jpl.nicolet.spectrum.txt,0.000761,1.000000,0.000000,0.000675,1.000000,0.000000,0.004636,0.985243,0.356929,0.003601,0.999062,1.000000,0.004236,0.992119,1.000000
"Chlorite (PS-12C)",PS-12C,becknic,mineral,mineral.silicate.phyllosilicate.medium.tir.ps-12c.jpl.nicolet.spectrum.txt,0.000449,1.000000,0.000000,0.000645,1.000000,0.000000,0.005617,0.995490,0.356929,0.005214,0.998673,1.000000,0.006499,0.986639,1.000000
"Chlorite (PS-12E)",PS-12E,becknic,mineral,mineral.silicate.phyllosilicate.medium.tir.ps-12e.jpl.nicolet.spectrum.txt,0.001242,0.000000,0.000000,0.000566,1.000000,0.000000,0.004028,0.992837,0.356929,0.003979,0.998444,1.000000,0.005564,0.989595,1.000000
"Chlorite (PS-12F)",PS-12F,becknic,mineral,mineral.silicate.phyllosilicate.medium.tir.ps-12f.jpl.nicolet.spectrum.txt,0.000772,1.000000,0.000000,0.000676,1.000000,0.000000,0.007044,0.971527,0.356929,0.003242,0.998986,1.000000,0.002604,0.995089,1.000000
"Lepidolite K(Li,Al)3(Si,Al)_4O_10(F,OH)_2 (PS-13A)",PS-13A,becknic,mineral,mineral.silicate.phyllosilicate.medium.tir.ps-13a.jpl.nicolet.spectrum.txt,0.000216,1.000000,0.000000,0.000650,1.000000,0.000000,0.010535,0.995695,0.356929,0.010667,0.997422,1.000000,0.006351,0.990658,1.000000
"Lepidolite K(Li,Al)3(Si,Al)_4O_10(F,OH)_2 (PS-13B)",PS-13B,becknic,mineral,mineral.silicate.phyllosilicate.medium.tir.ps-13b.jpl.nicolet.spectrum.txt,0.000222,1.000000,0.000000,0.000607,1.000000,0.000000,0.009387,0.994813,0.356929,0.008077,0.998874,1.000000,0.003705,0.995875,1.000000
"Talc Mg_3Si_4O_10(OH)_2 (PS-14A)",PS-14A,becknic,mineral,mineral.silicate.phyllosilicate.medium.tir.ps-14a.jpl.nicolet.spectrum.txt,0.000275,1.000000,0.000000,0.000750,1.000000,0.000000,0.013493,0.981703,0.356929,0.017916,0.995306,1.000000,0.014168,0.984725,1.000000
"Muscovite KAl_2(Si_3Al)O_10(OH,F)_2 (PS-16A)",PS-16A,becknic,mineral,mineral.silicate.phyllosilicate.medium.tir.ps-16a.jpl.nicolet.spectrum.txt,0.000325,1.000000,0.000000,0.000254,1.000000,0.000000,0.004883,0.992881,0.356929,0.005141,0.998791,1.000000,0.004627,0.992560,1.000000
"Vermiculite (Mg,Fe^2+,Al)_3(Al,Si)_4O_10(OH)_2.4H_2O (PS-18A)",PS-18A,becknic,mineral,mineral.silicate.phyllosilicate.medium.tir.ps-18a.jpl.nicolet.spectrum.txt,0.000354,1.000000,0.000000,0.000217,1.000000,0.000000,0.005174,0.993689,0.356929,0.011593,0.991367,1.000000,0.002684,0.991151,1.000000
"Vermiculite (Mg,Fe^2+,Al)_3(Al,Si)_4O_10(OH)_2.4H_2O (PS-18B)",PS-18B,becknic,mineral,mineral.silicate.phyllosilicate.medium.tir.ps-18b.jpl.nicolet.spectrum.txt,0.000610,1.000000,0.000000,0.000672,1.000000,0.000000,0.003090,0.995432,0.356929,0.004436,0.998593,1.000000,0.001320,0.997065,1.000000
"Glauconite (K,Na)(Fe^3+,Al,Mg)_2(Si,Al)_4O_10(OH)_2 (PS-19A)",PS-19A,becknic,mineral,mineral.silicate.phyllosilicate.medium.tir.ps-19a.jpl.nicolet.spectrum.txt,0.000423,1.000000,0.000000,0.000469,1.000000,0.000000,0.003448,0.978955,0.356929,0.004474,0.994638,1.000000,0.001185,0.997175,1.000000
"Serpentine (Mg,Fe^2+,Ni)Si_2O_5(OH)_4 (PS-20A)",PS-20A,becknic,mineral,mineral.silicate.phyllosilicate.medium.tir.ps-20a.jpl.nicolet.spectrum.txt,0.000408,1.000000,0.000000,0.000686,1.000000,0.000000,0.014631,0.978735,0.356929,0.009724,0.991338,1.000000,0.004297,0.982644,1.000000
"Prehnite Ca_2Al_2Si_3O_10(OH)_2 (PS-21A)",PS-21A,becknic,mineral,mineral.silicate.phyllosilicate.medium.tir.ps-21a.jpl.nicolet.spectrum.txt,0.000229,1.000000,0.000000,0.000826,1.000000,0.000000,0.014129,0.992018,0.356929,0.010704,0.996089,1.000000,0.020558,0.911483,1.000000
"Hydroxyapophyllite KCa_4Si_8O_20(OH,F).8H_2O (PS-22A)",PS-22A,becknic,mineral,mineral.silicate.phyllosilicate.medium.tir.ps-22a.jpl.nicolet.spectrum.txt,0.001369,0.000000,0.000000,0.000534,1.000000,0.000000,0.007016,0.987029,0.356929,0.005191,0.987423,1.000000,0.020290,0.955884,1.000000
"Biotite K(Mg,Fe^2+)_3(Al,Fe^3+)Si_3O_10(OH,F)_2 (PS-23A)",PS-23A,becknic,mineral,mineral.silicate.phyllosilicate.medium.tir.ps-23a.jpl.nicolet.spectrum.txt,0.001042,0.000000,0.000000,0.000681,1.000000,0.000000,0.001662,0.997634,0.356929,0.007908,0.994602,1.000000,0.005881,0.996252,1.000000
"Sepiolite Mg_4Si_6O_15(OH)_2.6H_2O (PS-5A)",PS-5A,becknic,mineral,mineral.silicate.phyllosilicate.medium.tir.ps-5a.jpl.nicolet.spectrum.txt,0.000581,1.000000,0.000000,0.000674,1.000000,0.000000,0.005621,0.993642,0.356929,0.007798,0.995169,1.000000,0.002366,0.971792,1.000000
"Nontronite Na_0.33Fe_2^3+(Si,Al)_4O_10(OH)_2.H_2O (PS-6B)",PS-6B,becknic,mineral,mineral.silicate.phyllosilicate.medium.tir.ps-6b.jpl.nicolet.spectrum.txt,0.000856,1.000000,0.000000,0.000677,1.000000,0.000000,0.008217,0.974028,0.356929,0.003533,0.998494,1.000000,0.001455,0.997973,1.000000
"Pyrophyllite Al_2Si_4O_10(OH)_2 (PS-7A)",PS-7A,becknic,mineral,mineral.silicate.phyllosilicate.medium.tir.ps-7a.jpl.nicolet.spectrum.txt,0.000224,1.000000,0.000000,0.000607,1.000000,0.000000,0.020772,0.968241,0.356929,0.009705,0.998042,1.000000,0.011368,0.989662,1.000000
"Cookeite LiAl_4(Si_3Al)O_10(OH)_8 (PS-9A)",PS-9A,becknic,mineral,mineral.silicate.phyllosilicate.medium.tir.ps-9a.jpl.nicolet.spectrum.txt,0.000416,1.000000,0.000000,0.000690,1.000000,0.000000,0.005690,0.993918,0.356929,0.005375,0.997981,1.000000,0.004403,0.996265,1.000000
"Corrensite (Mg,Fe)_9(Si,Al)_8O_20(OH)_10._xH_2O (PS-10A)",PS-10A,becknic,mineral,mineral.silicate.phyllosilicate.medium.vswir.ps-10a.jpl.beckman.spectrum.txt,0.002101,0.998722,0.883721,0.002038,0.967401,1.000000,0.002141,0.999179,1.000000,0.000955,1.000000,0.000000,0.000577,1.000000,0.000000
"Corrensite (Mg,Fe)_9(Si,Al)_8O_20(OH)_10._xH_2O (PS-10A)",PS-10A,becknic,mineral,mineral.silicate.phyllosilicate.medium.vswir.ps-10a.jpl.perkin.spectrum.txt,0.002036,0.998848,0.883721,0.002007,0.963268,1.000000,0.002355,0.999079,1.000000,0.000954,1.000000,0.000000,0.000630,1.000000,0.000000
"Clinochlore (Chlorite) (Mg,Al)_6(Si,Al)_4O_10(OH)_8 (PS-12A)",PS-12A,becknic,mineral,mineral.silicate.phyllosilicate.medium.vswir.ps-12a.jpl.beckman.spectrum.txt,0.000937,0.996722,0.883721,0.001469,0.934752,1.000000,0.003569,0.999062,1.000000,0.000986,1.000000,0.000000,0.000609,1.000000,0.000000
"Clinochlore (Chlorite) (Mg,Al)_6(Si,Al)_4O_10(OH)_8 (PS-12A)",PS-12A,becknic,mineral,mineral.silicate.phyllosilicate.medium.vswir.ps-12a.jpl.perkin.spectrum.txt,0.000870,0.997392,0.883721,0.001822,0.911565,1.000000,0.004265,0.998681,1.000000,0.000966,1.000000,0.000000,0.000625,1.000000,0.000000
"Chlorite (PS-12C)",PS-12C,becknic,mineral,mineral.silicate.phyllosilicate.medium.vswir.ps-12c.jpl.beckman.spectrum.txt,0.002201,0.995304,0.883721,0.002562,0.959088,1.000000,0.005835,0.997649,1.000000,0.000986,1.000000,0.000000,0.000609,1.000000,0.000000
"Chlorite (PS-12C)",PS-12C,becknic,mineral,mineral.silicate.phyllosilicate.medium.vswir.ps-12c.jpl.perkin.spectrum.txt,0.001836,0.996568,0.883721,0.003431,0.931576,1.000000,0.005789,0.997675,1.000000,0.000957,1.000000,0.000000,0.000665,1.000000,0.000000
"Chlorite (PS-12E)",PS-12E,becknic,mineral,mineral.silicate.phyllosilicate.medium.vswir.ps-12e.jpl.beckman.spectrum.txt,0.001585,0.994162,0.883721,0.001467,0.952648,1.000000,0.003120,0.998817,1.000000,0.000793,1.000000,0.000000,0.000640,1.000000,0.000000
"Chlorite (PS-12E)",PS-12E,becknic,mineral,mineral.silicate.phyllosilicate.medium.vswir.ps-12e.jpl.perkin.spectrum.txt,0.001252,0.995809,0.883721,0.001986,0.916345,1.000000,0.003421,0.998519,1.000000,0.000898,1.000000,0.000000,0.000624,1.000000,0.000000
"Chlorite (PS-12F)",PS-12F,becknic,mineral,mineral.silicate.phyllosilicate.medium.vswir.ps-12f.jpl.beckman.spectrum.txt,0.001063,0.996673,0.883721,0.001526,0.902153,1.000000,0.005743,0.997468,1.000000,0.000951,1.000000,0.000000,0.000658,1.000000,0.000000
"Chlorite (PS-12F)",PS-12F,becknic,mineral,mineral.silicate.phyllosilicate.medium.vswir.ps-12f.jpl.perkin.spectrum.txt,0.000722,0.998356,0.883721,0.001559,0.893819,1.000000,0.006569,0.996597,1.000000,0.000948,1.000000,0.000000,0.000681,1.000000,0.000000
"Lepidolite K(Li,Al)3(Si,Al)_4O_10(F,OH)_2 (PS-13A)",PS-13A,becknic,mineral,mineral.silicate.phyllosilicate.medium.vswir.ps-13a.jpl.beckman.spectrum.txt,0.006062,0.998815,0.883721,0.006921,0.873183,1.000000,0.009695,0.996726,1.000000,0.000967,1.000000,0.000000,0.000578,1.000000,0.000000
"Lepidolite K(Li,Al)3(Si,Al)_4O_10(F,OH)_2 (PS-13A)",PS-13A,becknic,mineral,mineral.silicate.phyllosilicate.medium.vswir.ps-13a.jpl.perkin.spectrum.txt,0.005519,0.999079,0.883721,0.007464,0.871584,1.000000,0.011490,0.995662,1.000000,0.000920,1.000000,0.000000,0.000574,1.000000,0.000000
"Lepidolite K(Li,Al)3(Si,Al)_4O_10(F,OH)_2 (PS-13B)",PS-13B,becknic,mineral,mineral.silicate.phyllosilicate.medium.vswir.ps-13b.jpl.beckman.spectrum.txt,0.003388,0.993058,0.883721,0.002675,0.993192,1.000000,0.008549,0.995866,1.000000,0.000705,1.000000,0.000000,0.000659,1.000000,0.000000
"Lepidolite K(Li,Al)3(Si,Al)_4O_10(F,OH)_2 (PS-13B)",PS-13B,becknic,mineral,mineral.silicate.phyllosilicate.medium.vswir.ps-13b.jpl.perkin.spectrum.txt,0.003255,0.993801,0.883721,0.001565,0.997518,1.000000,0.008505,0.996150,1.000000,0.000805,1.000000,0.000000,0.000610,1.000000,0.000000
"Talc Mg_3Si_4O_10(OH)_2 (PS-14A)",PS-14A,becknic,mineral,mineral.silicate.phyllosilicate.medium.vswir.ps-14a.jpl.beckman.spectrum.txt,0.002007,0.987869,0.883721,0.003295,0.821645,1.000000,0.007180,0.995327,1.000000,0.000794,1.000000,0.000000,0.000830,1.000000,0.000000
"Talc Mg_3Si_4O_10(OH)_2 (PS-14A)",PS-14A,becknic,mineral,mineral.silicate.phyllosilicate.medium.vswir.ps-14a.jpl.perkin.spectrum.txt,0.001318,0.995927,0.883721,0.003226,0.853607,1.000000,0.010111,0.991700,1.000000,0.000723,1.000000,0.000000,0.000827,1.000000,0.000000
"Muscovite KAl_2(Si_3Al)O_10(OH,F)_2 (PS-16A)",PS-16A,becknic,mineral,mineral.silicate.phyllosilicate.medium.vswir.ps-16a.jpl.beckman.spectrum.txt,0.001456,0.999698,0.883721,0.002299,0.528443,1.000000,0.002591,0.997872,1.000000,0.000565,1.000000,0.000000,0.000651,1.000000,0.000000
"Muscovite KAl_2(Si_3Al)O_10(OH,F)_2 (PS-16A)",PS-16A,becknic,mineral,mineral.silicate.phyllosilicate.medium.vswir.ps-16a.jpl.perkin.spectrum.txt,0.001181,0.999818,0.883721,0.001536,0.880771,1.000000,0.003319,0.997126,1.000000,0.000677,1.000000,0.000000,0.000658,1.000000,0.000000
"Vermiculite (Mg,Fe^2+,Al)_3(Al,Si)_4O_10(OH)_2.4H_2O (PS-18A)",PS-18A,becknic,mineral,mineral.silicate.phyllosilicate.medium.vswir.ps-18a.jpl.beckman.spectrum.txt,0.001484,0.999738,0.883721,0.001305,0.927175,1.000000,0.006387,0.996437,1.000000,0.000722,1.000000,0.000000,0.000596,1.000000,0.000000
"Vermiculite (Mg,Fe^2+,Al)_3(Al,Si)_4O_10(OH)_2.4H_2O (PS-18A)",PS-18A,becknic,mineral,mineral.silicate.phyllosilicate.medium.vswir.ps-18a.jpl.perkin.spectrum.txt,0.000741,0.999943,0.883721,0.001523,0.762500,1.000000,0.006521,0.996732,1.000000,0.000992,1.000000,0.000000,0.000606,1.000000,0.000000
"Vermiculite (Mg,Fe^2+,Al)_3(Al,Si)_4O_10(OH)_2.4H_2O (PS-18B)",PS-18B,becknic,mineral,mineral.silicate.phyllosilicate.medium.vswir.ps-18b.jpl.beckman.spectrum.txt,0.003224,0.998513,0.883721,0.003231,0.815847,1.000000,0.002688,0.998467,1.000000,0.000955,1.000000,0.000000,0.000663,1.000000,0.000000
"Vermiculite (Mg,Fe^2+,Al)_3(Al,Si)_4O_10(OH)_2.4H_2O (PS-18B)",PS-18B,becknic,mineral,mineral.silicate.phyllosilicate.medium.vswir.ps-18b.jpl.perkin.spectrum.txt,0.003097,0.998641,0.883721,0.002288,0.849875,1.000000,0.003368,0.997750,1.000000,0.000971,1.000000,0.000000,0.000684,1.000000,0.000000
"Glauconite (K,Na)(Fe^3+,Al,Mg)_2(Si,Al)_4O_10(OH)_2 (PS-19A)",PS-19A,becknic,mineral,mineral.silicate.phyllosilicate.medium.vswir.ps-19a.jpl.beckman.spectrum.txt,0.000945,0.996160,0.883721,0.000860,0.941761,1.000000,0.003435,0.998375,1.000000,0.000716,1.000000,0.000000,0.000561,1.000000,0.000000
"Glauconite (K,Na)(Fe^3+,Al,Mg)_2(Si,Al)_4O_10(OH)_2 (PS-19A)",PS-19A,becknic,mineral,mineral.silicate.phyllosilicate.medium.vswir.ps-19a.jpl.perkin.spectrum.txt,0.000941,0.996574,0.883721,0.000626,0.977509,1.000000,0.003702,0.998042,1.000000,0.000725,1.000000,0.000000,0.000524,1.000000,0.000000
"Serpentine (Mg,Fe^2+,Ni)Si_2O_5(OH)_4 (PS-20A)",PS-20A,becknic,mineral,mineral.silicate.phyllosilicate.medium.vswir.ps-20a.jpl.beckman.spectrum.txt,0.003123,0.998081,0.883721,0.003971,0.796964,1.000000,0.011532,0.994108,1.000000,0.000821,1.000000,0.000000,0.000626,1.000000,0.000000
"Serpentine (Mg,Fe^2+,Ni)Si_2O_5(OH)_4 (PS-20A)",PS-20A,becknic,mineral,mineral.silicate.phyllosilicate.medium.vswir.ps-20a.jpl.perkin.spectrum.txt,0.003390,0.997935,0.883721,0.004443,0.735056,1.000000,0.013548,0.992568,1.000000,0.000747,1.000000,0.000000,0.000594,1.000000,0.000000
"Prehnite Ca_2Al_2Si_3O_10(OH)_2 (PS-21A)",PS-21A,becknic,mineral,mineral.silicate.phyllosilicate.medium.vswir.ps-21a.jpl.beckman.spectrum.txt,0.003325,0.989741,0.883721,0.001348,0.949948,1.000000,0.013645,0.994264,1.000000,0.000967,1.000000,0.000000,0.000624,1.000000,0.000000
"Prehnite Ca_2Al_2Si_3O_10(OH)_2 (PS-21A)",PS-21A,becknic,mineral,mineral.silicate.phyllosilicate.medium.vswir.ps-21a.jpl.perkin.spectrum.txt,0.003143,0.990875,0.883721,0.001917,0.926500,1.000000,0.014780,0.993139,1.000000,0.000967,1.000000,0.000000,0.000624,1.000000,0.000000
"Hydroxyapophyllite KCa_4Si_8O_20(OH,F).8H_2O (PS-22A)",PS-22A,becknic,mineral,mineral.silicate.phyllosilicate.medium.vswir.ps-22a.jpl.beckman.spectrum.txt,0.001480,0.981915,0.883721,0.005522,0.864728,1.000000,0.014618,0.995381,1.000000,0.000725,1.000000,0.000000,0.000532,1.000000,0.000000
"Hydroxyapophyllite KCa_4Si_8O_20(OH,F).8H_2O (PS-22A)",PS-22A,becknic,mineral,mineral.silicate.phyllosilicate.medium.vswir.ps-22a.jpl.perkin.spectrum.txt,0.001328,0.994462,0.883721,0.006438,0.827988,1.000000,0.015522,0.994959,1.000000,0.000654,1.000000,0.000000,0.000465,1.000000,0.000000
"Biotite K(Mg,Fe^2+)_3(Al,Fe^3+)Si_3O_10(OH,F)_2 (PS-23A)",PS-23A,becknic,mineral,mineral.silicate.phyllosilicate.medium.vswir.ps-23a.jpl.beckman.spectrum.txt,0.000694,0.998766,0.883721,0.001446,0.980237,1.000000,0.001873,0.999787,1.000000,0.000766,1.000000,0.000000,0.000781,1.000000,0.000000
"Biotite K(Mg,Fe^2+)_3(Al,Fe^3+)Si_3O_10(OH,F)_2 (PS-23A)",PS-23A,becknic,mineral,mineral.silicate.phyllosilicate.medium.vswir.ps-23a.jpl.perkin.spectrum.txt,0.000434,0.999342,0.883721,0.002495,0.772534,1.000000,0.002162,0.999668,1.000000,0.000594,1.000000,0.000000,0.000743,1.000000,0.000000
"Sepiolite Mg_4Si_6O_15(OH)_2.6H_2O (PS-5A)",PS-5A,becknic,mineral,mineral.silicate.phyllosilicate.medium.vswir.ps-5a.jpl.beckman.spectrum.txt,0.001284,0.998864,0.883721,0.002278,0.707967,1.000000,0.008391,0.997650,1.000000,0.000905,1.000000,0.000000,0.000623,1.000000,0.000000
"Sepiolite Mg_4Si_6O_15(OH)_2.6H_2O (PS-5A)",PS-5A,becknic,mineral,mineral.silicate.phyllosilicate.medium.vswir.ps-5a.jpl.perkin.spectrum.txt,0.001266,0.997601,0.883721,0.001903,0.795524,1.000000,0.006062,0.997823,1.000000,0.000929,1.000000,0.000000,0.000683,1.000000,0.000000
"Nontronite Na_0.33Fe_2^3+(Si,Al)_4O_10(OH)_2.H_2O (PS-6B)",PS-6B,becknic,mineral,mineral.silicate.phyllosilicate.medium.vswir.ps-6b.jpl.beckman.spectrum.txt,0.002483,0.999631,0.883721,0.004587,0.981350,1.000000,0.005186,0.996674,1.000000,0.000915,1.000000,0.000000,0.000619,1.000000,0.000000
"Nontronite Na_0.33Fe_2^3+(Si,Al)_4O_10(OH)_2.H_2O (PS-6B)",PS-6B,becknic,mineral,mineral.silicate.phyllosilicate.medium.vswir.ps-6b.jpl.perkin.spectrum.txt,0.003323,0.999383,0.883721,0.005041,0.980444,1.000000,0.007190,0.995418,1.000000,0.000778,1.000000,0.000000,0.000600,1.000000,0.000000
"Pyrophyllite Al_2Si_4O_10(OH)_2 (PS-7A)",PS-7A,becknic,mineral,mineral.silicate.phyllosilicate.medium.vswir.ps-7a.jpl.beckman.spectrum.txt,0.002690,0.999587,0.883721,0.003477,0.907360,1.000000,0.016822,0.985492,1.000000,0.000791,1.000000,0.000000,0.000606,1.000000,0.000000
"Cookeite LiAl_4(Si_3Al)O_10(OH)_8 (PS-9A)",PS-9A,becknic,mineral,mineral.silicate.phyllosilicate.medium.vswir.ps-9a.jpl.beckman.spectrum.txt,0.001878,0.999450,0.883721,0.001910,0.339927,1.000000,0.007419,0.994203,1.000000,0.000919,1.000000,0.000000,0.000685,1.000000,0.000000
"Cookeite LiAl_4(Si_3Al)O_10(OH)_8 (PS-9A)",PS-9A,becknic,mineral,mineral.silicate.phyllosilicate.medium.vswir.ps-9a.jpl.perkin.spectrum.txt,0.001598,0.999671,0.883721,0.001010,0.904512,1.000000,0.007681,0.993984,1.000000,0.000784,1.000000,0.000000,0.000647,1.000000,0.000000
"Antigorite (Mg, Fe+2)3 Si2O5(OH)4 (antigorite_1)",antigorite_1,becknic,mineral,mineral.silicate.phyllosilicate.solid.tir.antigorite_1.jhu.nicolet.spectrum.txt,0.000211,1.000000,0.000000,0.000301,1.000000,0.000000,0.000679,0.989532,0.300357,0.000663,0.980147,1.000000,0.009724,0.994591,1.000000
"Biotite K(Mg,Fe+2)3(Al,Fe+3)Si3O10(OH,F)2 (biotite_1)",biotite_1,becknic,mineral,mineral.silicate.phyllosilicate.solid.tir.biotite_1.jhu.nicolet.spectrum.txt,0.000497,1.000000,0.000000,0.000492,1.000000,0.000000,0.000842,0.982996,0.300357,0.001288,0.981735,1.000000,0.006585,0.997438,1.000000
"Clinochlore (Fe+2,Mg)5Al(Si3Al)O10(OH)8 (clinochl_2)",clinochl_2,becknic,mineral,mineral.silicate.phyllosilicate.solid.tir.clinochl_2.jhu.nicolet.spectrum.txt,0.000534,1.000000,0.000000,0.000423,1.000000,0.000000,0.000712,0.991448,0.300357,0.000774,0.995566,1.000000,0.004399,0.996227,1.000000
"Clinochlore (Mg,Fe+2)5Al(Si3Al)O10(OH)8 (clinochlore_1)",clinochlore_1,becknic,mineral,mineral.silicate.phyllosilicate.solid.tir.clinochlore_1.jhu.nicolet.spectrum.txt,0.000395,1.000000,0.000000,0.000343,1.000000,0.000000,0.000768,0.996927,0.300357,0.001223,0.995807,1.000000,0.004561,0.994870,1.000000
"Muscovite KAl2(Si3Al)O10(OH,F)2 (muscov_1)",muscov_1,becknic,mineral,mineral.silicate.phyllosilicate.solid.tir.muscov_1.jhu.nicolet.spectrum.txt,0.001343,0.000000,0.000000,0.000517,1.000000,0.000000,0.003222,0.992994,0.300357,0.005008,0.997303,1.000000,0.008749,0.994935,1.000000
"Muscovite KAl2(Si3Al)O10(OH,F)2 (muscov_2)",muscov_2,becknic,mineral,mineral.silicate.phyllosilicate.solid.tir.muscov_2.jhu.nicolet.spectrum.txt,0.000948,1.000000,0.000000,0.000513,1.000000,0.000000,0.004415,0.974785,0.300357,0.004701,0.997400,1.000000,0.011738,0.992504,1.000000
"Phlogopite KMg3Si3Al010(F,OH)2 (phlogop_1)",phlogop_1,becknic,mineral,mineral.silicate.phyllosilicate.solid.tir.phlogop_1.jhu.nicolet.spectrum.txt,0.000831,1.000000,0.000000,0.000487,1.000000,0.000000,0.002738,0.958159,0.300357,0.004249,0.992765,1.000000,0.007458,0.997002,1.000000
"Phlogopite KMg3Si3AlO10(F, OH)2 (phlogop_2)",phlogop_2,becknic,mineral,mineral.silicate.phyllosilicate.solid.tir.phlogop_2.jhu.nicolet.spectrum.txt,0.001065,0.000000,0.000000,0.000557,1.000000,0.000000,0.003485,0.960684,0.300357,0.007274,0.994404,1.000000,0.008741,0.995938,1.000000
"Prehnite Ca2Al2Si3O10(OH)2 (prehnite_1)",prehnite_1,becknic,mineral,mineral.silicate.phyllosilicate.solid.tir.prehnite_1.jhu.nicolet.spectrum.txt,0.000088,1.000000,0.000000,0.000122,1.000000,0.000000,0.000246,0.978765,0.300357,0.000363,0.993852,1.000000,0.006197,0.965768,1.000000
"Pyrophyllite Al2Si4010(OH)2 (pyroph_1)",pyroph_1,becknic,mineral,mineral.silicate.phyllosilicate.solid.tir.pyroph_1.jhu.nicolet.spectrum.txt,0.000392,1.000000,0.000000,0.000457,1.000000,0.000000,0.004465,0.913127,0.300357,0.003763,0.995317,1.000000,0.011432,0.983411,1.000000
"Talc Mg3Si4O10(OH)2 (talc_1)",talc_1,becknic,mineral,mineral.silicate.phyllosilicate.solid.tir.talc_1.jhu.nicolet.spectrum.txt,0.000079,1.000000,0.000000,0.000110,1.000000,0.000000,0.000260,0.968238,0.300357,0.000409,0.989637,1.000000,0.004664,0.987927,1.000000
"Clinozoisite Ca2Al3(SiO4)3(OH) (clinozo_1)",clinozo_1,becknic,mineral,mineral.silicate.sorosilicate.coarse.tir.clinozo_1.jhu.nicolet.spectrum.txt,0.000493,1.000000,0.000000,0.000502,1.000000,0.000000,0.001768,0.990552,0.300357,0.002236,0.996152,1.000000,0.002287,0.983675,1.000000
"Epidote Ca2(Al,Fe+3)3(SiO4)3(OH) (epidote_1)",epidote_1,becknic,mineral,mineral.silicate.sorosilicate.coarse.tir.epidote_1.jhu.nicolet.spectrum.txt,0.000505,1.000000,0.000000,0.000475,1.000000,0.000000,0.001360,0.993516,0.300357,0.001944,0.997325,1.000000,0.003102,0.981638,1.000000
"Hemimorphite Zn4Si2O7(OH)2.H2O (hemimor_1)",hemimor_1,becknic,mineral,mineral.silicate.sorosilicate.coarse.tir.hemimor_1.jhu.nicolet.spectrum.txt,0.000425,1.000000,0.000000,0.000344,1.000000,0.000000,0.000991,0.995331,0.300357,0.001879,0.995512,1.000000,0.002464,0.968114,1.000000
"Epidote Ca_2(Al,Fe^3+)_3O.SiO_4.Si_2O_7.OH (SS-1A)",SS-1A,becknic,mineral,mineral.silicate.sorosilicate.coarse.tir.ss-1a.jpl.nicolet.spectrum.txt,0.000408,1.000000,0.000000,0.000691,1.000000,0.000000,0.007793,0.993421,0.356929,0.006800,0.997469,1.000000,0.010366,0.972650,1.000000
"Epidote Ca_2(Al,Fe^3+)_3O.SiO_4.Si_2O_7.OH (SS-1C)",SS-1C,becknic,mineral,mineral.silicate.sorosilicate.coarse.tir.ss-1c.jpl.nicolet.spectrum.txt,0.000397,1.000000,0.000000,0.000286,1.000000,0.000000,0.006976,0.995060,0.356929,0.007839,0.997080,1.000000,0.005385,0.983120,1.000000
"Hemimorphite Zn_4Si_2O_7(OH)_2.H_2O (SS-2A)",SS-2A,becknic,mineral,mineral.silicate.sorosilicate.coarse.tir.ss-2a.jpl.nicolet.spectrum.txt,0.001366,0.000000,0.000000,0.000533,1.000000,0.000000,0.003452,0.997876,0.356929,0.006459,0.995142,1.000000,0.019064,0.913510,1.000000
"Vesuvianite Ca_10(Mg,Fe^2+)_2Al_4(Si_2O_7)_2(SiO_4)_5(OH,F)_4 (SS-3A)",SS-3A,becknic,mineral,mineral.silicate.sorosilicate.coarse.tir.ss-3a.jpl.nicolet.spectrum.txt,0.000447,1.000000,0.000000,0.000636,1.000000,0.000000,0.004428,0.998813,0.356929,0.004995,0.993056,1.000000,0.010562,0.936766,1.000000
"Vesuvianite Ca10Mg2Al4(SiO4)5(Si2O7)2(OH)4 (vesuvian_1)",vesuvian_1,becknic,mineral,mineral.silicate.sorosilicate.coarse.tir.vesuvian_1.jhu.nicolet.spectrum.txt,0.000126,1.000000,0.000000,0.000244,1.000000,0.000000,0.000618,0.997369,0.300357,0.000619,0.993120,1.000000,0.002001,0.959449,1.000000
"Epidote Ca_2(Al,Fe^3+)_3O.SiO_4.Si_2O_7.OH (SS-1A)",SS-1A,becknic,mineral,mineral.silicate.sorosilicate.coarse.vswir.ss-1a.jpl.beckman.spectrum.txt,0.003254,0.994295,0.883721,0.003630,0.956385,1.000000,0.007333,0.993647,1.000000,0.000749,1.000000,0.000000,0.000540,1.000000,0.000000
"Epidote Ca_2(Al,Fe^3+)_3O.SiO_4.Si_2O_7.OH (SS-1A)",SS-1A,becknic,mineral,mineral.silicate.sorosilicate.coarse.vswir.ss-1a.jpl.perkin.spectrum.txt,0.003581,0.994731,0.883721,0.004665,0.923250,1.000000,0.007588,0.993217,1.000000,0.000714,1.000000,0.000000,0.000555,1.000000,0.000000
"Epidote Ca_2(Al,Fe^3+)_3O.SiO_4.Si_2O_7.OH (SS-1C)",SS-1C,becknic,mineral,mineral.silicate.sorosilicate.coarse.vswir.ss-1c.jpl.beckman.spectrum.txt,0.005506,0.994351,0.883721,0.003866,0.869882,1.000000,0.006224,0.995320,1.000000,0.000773,1.000000,0.000000,0.000620,1.000000,0.000000
"Epidote Ca_2(Al,Fe^3+)_3O.SiO_4.Si_2O_7.OH (SS-1C)",SS-1C,becknic,mineral,mineral.silicate.sorosilicate.coarse.vswir.ss-1c.jpl.perkin.spectrum.txt,0.004925,0.995261,0.883721,0.003864,0.848204,1.000000,0.007197,0.994170,1.000000,0.000780,1.000000,0.000000,0.000605,1.000000,0.000000
"Hemimorphite Zn_4Si_2O_7(OH)_2.H_2O (SS-2A)",SS-2A,becknic,mineral,mineral.silicate.sorosilicate.coarse.vswir.ss-2a.jpl.beckman.spectrum.txt,0.001136,0.994518,0.883721,0.007887,0.913010,1.000000,0.013399,0.996263,1.000000,0.000479,1.000000,0.000000,0.000284,1.000000,0.000000
"Hemimorphite Zn_4Si_2O_7(OH)_2.H_2O (SS-2A)",SS-2A,becknic,mineral,mineral.silicate.sorosilicate.coarse.vswir.ss-2a.jpl.perkin.spectrum.txt,0.000769,0.997445,0.883721,0.005663,0.944669,1.000000,0.014048,0.995964,1.000000,0.000471,1.000000,0.000000,0.000274,1.000000,0.000000
"Vesuvianite Ca_10(Mg,Fe^2+)_2Al_4(Si_2O_7)_2(SiO_4)_5(OH,F)_4 (SS-3A)",SS-3A,becknic,mineral,mineral.silicate.sorosilicate.coarse.vswir.ss-3a.jpl.beckman.spectrum.txt,0.004672,0.999088,0.883721,0.017351,0.816703,1.000000,0.005485,0.999049,1.000000,0.000720,1.000000,0.000000,0.000586,1.000000,0.000000
"Vesuvianite Ca_10(Mg,Fe^2+)_2Al_4(Si_2O_7)_2(SiO_4)_5(OH,F)_4 (SS-3A)",SS-3A,becknic,mineral,mineral.silicate.sorosilicate.coarse.vswir.ss-3a.jpl.perkin.spectrum.txt,0.004903,0.999043,0.883721,0.018269,0.806907,1.000000,0.007231,0.998440,1.000000,0.000725,1.000000,0.000000,0.000531,1.000000,0.000000
"Clinozoisite Ca_2Al_3(SiO_4)_3(OH) (SS-4A)",SS-4A,becknic,mineral,mineral.silicate.sorosilicate.coarse.vswir.ss-4a.jpl.beckman.spectrum.txt,0.004618,0.998338,0.883721,0.003275,0.974153,1.000000,0.010878,0.992327,1.000000,0.000675,1.000000,0.000000,0.000572,1.000000,0.000000
"Clinozoisite Ca2Al3(SiO4)3(OH) (clinozo_1)",clinozo_1,becknic,mineral,mineral.silicate.sorosilicate.fine.tir.clinozo_1.jhu.nicolet.spectrum.txt,0.000233,1.000000,0.000000,0.000820,1.000000,0.000000,0.002165,0.989782,0.300357,0.015124,0.969251,1.000000,0.022002,0.994778,1.000000
"Epidote Ca2(Al,Fe+3)3(SiO4)3(OH) (epidote_1)",epidote_1,becknic,mineral,mineral.silicate.sorosilicate.fine.tir.epidote_1.jhu.nicolet.spectrum.txt,0.000489,1.000000,0.000000,0.000511,1.000000,0.000000,0.001172,0.992221,0.300357,0.002839,0.992456,1.000000,0.000690,0.997320,1.000000
"Hemimorphite Zn4Si2O7(OH)2.H2O (hemimor_1)",hemimor_1,becknic,mineral,mineral.silicate.sorosilicate.fine.tir.hemimor_1.jhu.nicolet.spectrum.txt,0.000530,1.000000,0.000000,0.001151,0.000000,0.000000,0.000924,1.000000,0.300357,0.007596,0.961219,1.000000,0.014615,0.994655,1.000000
"Epidote Ca_2(Al,Fe^3+)_3O.SiO_4.Si_2O_7.OH (SS-1A)",SS-1A,becknic,mineral,mineral.silicate.sorosilicate.fine.tir.ss-1a.jpl.nicolet.spectrum.txt,0.000408,1.000000,0.000000,0.000685,1.000000,0.000000,0.001956,0.991322,0.356929,0.011760,0.991511,1.000000,0.004122,0.995549,1.000000
"Epidote Ca_2(Al,Fe^3+)_3O.SiO_4.Si_2O_7.OH (SS-1C)",SS-1C,becknic,mineral,mineral.silicate.sorosilicate.fine.tir.ss-1c.jpl.nicolet.spectrum.txt,0.000383,1.000000,0.000000,0.000239,1.000000,0.000000,0.001867,0.989031,0.356929,0.008459,0.996442,1.000000,0.003575,0.987938,1.000000
"Hemimorphite Zn_4Si_2O_7(OH)_2.H_2O (SS-2A)",SS-2A,becknic,mineral,mineral.silicate.sorosilicate.fine.tir.ss-2a.jpl.nicolet.spectrum.txt,0.000227,1.000000,0.000000,0.000763,1.000000,0.000000,0.002550,0.997885,0.356929,0.020480,0.990215,1.000000,0.004913,0.993810,1.000000
"Vesuvianite Ca_10(Mg,Fe^2+)_2Al_4(Si_2O_7)_2(SiO_4)_5(OH,F)_4 (SS-3A)",SS-3A,becknic,mineral,mineral.silicate.sorosilicate.fine.tir.ss-3a.jpl.nicolet.spectrum.txt,0.000216,1.000000,0.000000,0.000648,1.000000,0.000000,0.002057,0.998620,0.356929,0.016699,0.987860,1.000000,0.004631,0.987560,1.000000
"Vesuvianite Ca10Mg2Al4(SiO4)5(Si2O7)2(OH)4 (vesuvian_1)",vesuvian_1,becknic,mineral,mineral.silicate.sorosilicate.fine.tir.vesuvian_1.jhu.nicolet.spectrum.txt,0.000303,1.000000,0.000000,0.000843,1.000000,0.000000,0.001045,0.929252,0.300357,0.003546,0.988764,1.000000,0.012951,0.997114,1.000000
"Epidote Ca_2(Al,Fe^3+)_3O.SiO_4.Si_2O_7.OH (SS-1A)",SS-1A,becknic,mineral,mineral.silicate.sorosilicate.fine.vswir.ss-1a.jpl.beckman.spectrum.txt,0.006865,0.994657,0.883721,0.001258,0.968025,1.000000,0.002287,0.984389,1.000000,0.000689,1.000000,0.000000,0.000756,1.000000,0.000000
"Epidote Ca_2(Al,Fe^3+)_3O.SiO_4.Si_2O_7.OH (SS-1A)",SS-1A,becknic,mineral,mineral.silicate.sorosilicate.fine.vswir.ss-1a.jpl.perkin.spectrum.txt,0.007007,0.994279,0.883721,0.000982,0.967712,1.000000,0.001754,0.991938,1.000000,0.000474,1.000000,0.000000,0.000634,1.000000,0.000000
"Epidote Ca_2(Al,Fe^3+)_3O.SiO_4.Si_2O_7.OH (SS-1C)",SS-1C,becknic,mineral,mineral.silicate.sorosilicate.fine.vswir.ss-1c.jpl.beckman.spectrum.txt,0.003172,0.999061,0.883721,0.002372,0.919769,1.000000,0.001944,0.987388,1.000000,0.000767,1.000000,0.000000,0.000782,1.000000,0.000000
"Epidote Ca_2(Al,Fe^3+)_3O.SiO_4.Si_2O_7.OH (SS-1C)",SS-1C,becknic,mineral,mineral.silicate.sorosilicate.fine.vswir.ss-1c.jpl.perkin.spectrum.txt,0.003356,0.998955,0.883721,0.001222,0.975622,1.000000,0.001349,0.996059,1.000000,0.000734,1.000000,0.000000,0.000750,1.000000,0.000000
"Hemimorphite Zn_4Si_2O_7(OH)_2.H_2O (SS-2A)",SS-2A,becknic,mineral,mineral.silicate.sorosilicate.fine.vswir.ss-2a.jpl.beckman.spectrum.txt,0.000925,0.998508,0.883721,0.001851,0.835118,1.000000,0.005333,0.997453,1.000000,0.000634,1.000000,0.000000,0.000760,1.000000,0.000000
"Hemimorphite Zn_4Si_2O_7(OH)_2.H_2O (SS-2A)",SS-2A,becknic,mineral,mineral.silicate.sorosilicate.fine.vswir.ss-2a.jpl.perkin.spectrum.txt,0.000546,0.999689,0.883721,0.002941,0.705120,1.000000,0.007759,0.995447,1.000000,0.000476,1.000000,0.000000,0.000623,1.000000,0.000000
"Vesuvianite Ca_10(Mg,Fe^2+)_2Al_4(Si_2O_7)_2(SiO_4)_5(OH,F)_4 (SS-3A)",SS-3A,becknic,mineral,mineral.silicate.sorosilicate.fine.vswir.ss-3a.jpl.beckman.spectrum.txt,0.001907,0.999364,0.883721,0.003985,0.706567,1.000000,0.001859,0.999146,1.000000,0.000679,1.000000,0.000000,0.000813,1.000000,0.000000
"Vesuvianite Ca_10(Mg,Fe^2+)_2Al_4(Si_2O_7)_2(SiO_4)_5(OH,F)_4 (SS-3A)",SS-3A,becknic,mineral,mineral.silicate.sorosilicate.fine.vswir.ss-3a.jpl.perkin.spectrum.txt,0.001594,0.999583,0.883721,0.004187,0.717145,1.000000,0.002159,0.999089,1.000000,0.000759,1.000000,0.000000,0.000775,1.000000,0.000000
"Clinozoisite Ca_2Al_3(SiO_4)_3(OH) (SS-4A)",SS-4A,becknic,mineral,mineral.silicate.sorosilicate.fine.vswir.ss-4a.jpl.beckman.spectrum.txt,0.002873,0.999427,0.883721,0.001526,0.988644,1.000000,0.002981,0.996045,1.000000,0.000783,1.000000,0.000000,0.000773,1.000000,0.000000
"Epidote Ca_2(Al,Fe^3+)_3O.SiO_4.Si_2O_7.OH (SS-1A)",SS-1A,becknic,mineral,mineral.silicate.sorosilicate.medium.tir.ss-1a.jpl.nicolet.spectrum.txt,0.000401,1.000000,0.000000,0.000307,1.000000,0.000000,0.005463,0.994242,0.356929,0.009135,0.997127,1.000000,0.009198,0.974036,1.000000
"Epidote Ca_2(Al,Fe^3+)_3O.SiO_4.Si_2O_7.OH (SS-1C)",SS-1C,becknic,mineral,mineral.silicate.sorosilicate.medium.tir.ss-1c.jpl.nicolet.spectrum.txt,0.000254,1.000000,0.000000,0.000534,1.000000,0.000000,0.005102,0.995390,0.356929,0.008500,0.997760,1.000000,0.003858,0.988902,1.000000
"Hemimorphite Zn_4Si_2O_7(OH)_2.H_2O (SS-2A)",SS-2A,becknic,mineral,mineral.silicate.sorosilicate.medium.tir.ss-2a.jpl.nicolet.spectrum.txt,0.000425,1.000000,0.000000,0.000688,1.000000,0.000000,0.003592,0.998058,0.356929,0.012667,0.993235,1.000000,0.018194,0.907945,1.000000
"Vesuvianite Ca_10(Mg,Fe^2+)_2Al_4(Si_2O_7)_2(SiO_4)_5(OH,F)_4 (SS-3A)",SS-3A,becknic,mineral,mineral.silicate.sorosilicate.medium.tir.ss-3a.jpl.nicolet.spectrum.txt,0.000245,1.000000,0.000000,0.000612,1.000000,0.000000,0.004117,0.998631,0.356929,0.008219,0.994035,1.000000,0.009842,0.937652,1.000000
"Epidote Ca_2(Al,Fe^3+)_3O.SiO_4.Si_2O_7.OH (SS-1A)",SS-1A,becknic,mineral,mineral.silicate.sorosilicate.medium.vswir.ss-1a.jpl.beckman.spectrum.txt,0.008676,0.991547,0.883721,0.004372,0.951857,1.000000,0.005420,0.993215,1.000000,0.000701,1.000000,0.000000,0.000757,1.000000,0.000000
"Epidote Ca_2(Al,Fe^3+)_3O.SiO_4.Si_2O_7.OH (SS-1A)",SS-1A,becknic,mineral,mineral.silicate.sorosilicate.medium.vswir.ss-1a.jpl.perkin.spectrum.txt,0.008414,0.992133,0.883721,0.005304,0.921911,1.000000,0.004948,0.995002,1.000000,0.000601,1.000000,0.000000,0.000744,1.000000,0.000000
"Epidote Ca_2(Al,Fe^3+)_3O.SiO_4.Si_2O_7.OH (SS-1C)",SS-1C,becknic,mineral,mineral.silicate.sorosilicate.medium.vswir.ss-1c.jpl.beckman.spectrum.txt,0.007633,0.994254,0.883721,0.003114,0.903248,1.000000,0.004380,0.996791,1.000000,0.000765,1.000000,0.000000,0.000780,1.000000,0.000000
"Epidote Ca_2(Al,Fe^3+)_3O.SiO_4.Si_2O_7.OH (SS-1C)",SS-1C,becknic,mineral,mineral.silicate.sorosilicate.medium.vswir.ss-1c.jpl.perkin.spectrum.txt,0.008037,0.994100,0.883721,0.002670,0.900406,1.000000,0.005233,0.995712,1.000000,0.000813,1.000000,0.000000,0.000702,1.000000,0.000000
"Hemimorphite Zn_4Si_2O_7(OH)_2.H_2O (SS-2A)",SS-2A,becknic,mineral,mineral.silicate.sorosilicate.medium.vswir.ss-2a.jpl.beckman.spectrum.txt,0.000895,0.996011,0.883721,0.005805,0.836463,1.000000,0.009783,0.997222,1.000000,0.000723,1.000000,0.000000,0.000588,1.000000,0.000000
"Hemimorphite Zn_4Si_2O_7(OH)_2.H_2O (SS-2A)",SS-2A,becknic,mineral,mineral.silicate.sorosilicate.medium.vswir.ss-2a.jpl.perkin.spectrum.txt,0.000620,0.998835,0.883721,0.004545,0.915537,1.000000,0.012512,0.995599,1.000000,0.000738,1.000000,0.000000,0.000588,1.000000,0.000000
"Vesuvianite Ca_10(Mg,Fe^2+)_2Al_4(Si_2O_7)_2(SiO_4)_5(OH,F)_4 (SS-3A)",SS-3A,becknic,mineral,mineral.silicate.sorosilicate.medium.vswir.ss-3a.jpl.beckman.spectrum.txt,0.003938,0.999244,0.883721,0.011275,0.827781,1.000000,0.004515,0.999052,1.000000,0.000774,1.000000,0.000000,0.000544,1.000000,0.000000
"Vesuvianite Ca_10(Mg,Fe^2+)_2Al_4(Si_2O_7)_2(SiO_4)_5(OH,F)_4 (SS-3A)",SS-3A,becknic,mineral,mineral.silicate.sorosilicate.medium.vswir.ss-3a.jpl.perkin.spectrum.txt,0.003830,0.999320,0.883721,0.011889,0.811842,1.000000,0.005844,0.998547,1.000000,0.000971,1.000000,0.000000,0.000621,1.000000,0.000000
"Clinozoisite Ca_2Al_3(SiO_4)_3(OH) (SS-4A)",SS-4A,becknic,mineral,mineral.silicate.sorosilicate.medium.vswir.ss-4a.jpl.beckman.spectrum.txt,0.006211,0.997870,0.883721,0.002931,0.977632,1.000000,0.007444,0.994889,1.000000,0.000743,1.000000,0.000000,0.000746,1.000000,0.000000
"Clinozoisite Ca2Al3(SiO4)3(OH) (clinozo_1)",clinozo_1,becknic,mineral,mineral.silicate.sorosilicate.solid.tir.clinozo_1.jhu.nicolet.spectrum.txt,0.000509,1.000000,0.000000,0.000468,1.000000,0.000000,0.000672,0.989575,0.300357,0.001072,0.979431,1.000000,0.016443,0.981720,1.000000
"Epidote Ca2(Al,Fe+3)3(SiO4)3(OH) (epidote_1)",epidote_1,becknic,mineral,mineral.silicate.sorosilicate.solid.tir.epidote_1.jhu.nicolet.spectrum.txt,0.000475,1.000000,0.000000,0.000549,1.000000,0.000000,0.000847,0.301171,0.300357,0.003209,0.926716,1.000000,0.016062,0.988024,1.000000
"Hemimorphite Zn4Si2O7(OH)2.H2O (hemimor_1)",hemimor_1,becknic,mineral,mineral.silicate.sorosilicate.solid.tir.hemimor_1.jhu.nicolet.spectrum.txt,0.000482,1.000000,0.000000,0.000530,1.000000,0.000000,0.000694,0.961142,0.300357,0.001595,0.904473,1.000000,0.014210,0.983663,1.000000
"Vesuvianite Ca10Mg2Al4(SiO4)5(Si2O7)2(OH)4 (vesuvian_1)",vesuvian_1,becknic,mineral,mineral.silicate.sorosilicate.solid.tir.vesuvian_1.jhu.nicolet.spectrum.txt,0.000128,1.000000,0.000000,0.000220,1.000000,0.000000,0.000417,0.985806,0.300357,0.000311,0.988690,1.000000,0.009050,0.981255,1.000000
"Quartz SiO_2 (TS-1E)",TS-1E,becknic,mineral,mineral.silicate.tectosilicate.coarse.all.ts-1e.jpl.nicolet.spectrum.txt,0.000263,1.000000,0.000000,0.000478,1.000000,0.000000,0.004529,0.993372,0.356929,0.010876,0.993572,1.000000,0.004625,0.998248,1.000000
"Albite NaAlSi3O8 (albite_1)",albite_1,becknic,mineral,mineral.silicate.tectosilicate.coarse.tir.albite_1.jhu.nicolet.spectrum.txt,0.000509,1.000000,0.000000,0.000392,1.000000,0.000000,0.000407,1.000000,0.300357,0.001737,0.998282,1.000000,0.003674,0.977314,1.000000
"Analcime NaAlSi2O6.H2O (analcime_1)",analcime_1,becknic,mineral,mineral.silicate.tectosilicate.coarse.tir.analcime_1.jhu.nicolet.spectrum.txt,0.000488,1.000000,0.000000,0.000515,1.000000,0.000000,0.001421,0.992243,0.300357,0.002123,0.997032,1.000000,0.002403,0.990246,1.000000
"Anorthite CaAl2Si2O8 (anorthite_1)",anorthite_1,becknic,mineral,mineral.silicate.tectosilicate.coarse.tir.anorthite_1.jhu.nicolet.spectrum.txt,0.000392,1.000000,0.000000,0.000343,1.000000,0.000000,0.000301,1.000000,0.300357,0.001146,0.998952,1.000000,0.000960,0.988164,1.000000
"Chabazite CaAl2Si4O12.6H2O (chabazite_1)",chabazite_1,becknic,mineral,mineral.silicate.tectosilicate.coarse.tir.chabazite_1.jhu.nicolet.spectrum.txt,0.000297,1.000000,0.000000,0.000334,1.000000,0.000000,0.000823,0.992022,0.300357,0.000576,0.998577,1.000000,0.000967,0.992288,1.000000
"Clinoptilolite (Na,K,Ca)2-3Al3(Al,Si)2Si13O36.12H2O (clinopt_1)",clinopt_1,becknic,mineral,mineral.silicate.tectosilicate.coarse.tir.clinopt_1.jhu.nicolet.spectrum.txt,0.000505,1.000000,0.000000,0.000447,1.000000,0.000000,0.000953,0.989853,0.300357,0.001262,0.998569,1.000000,0.000905,0.980648,1.000000
"Erionite (K2,Ca,Na2)2Al4Si14O36.15H2O (erionite_1)",erionite_1,becknic,mineral,mineral.silicate.tectosilicate.coarse.tir.erionite_1.jhu.nicolet.spectrum.txt,0.000476,1.000000,0.000000,0.000545,1.000000,0.000000,0.000738,0.992397,0.300357,0.001348,0.998929,1.000000,0.000925,0.995718,1.000000
"Heulandite (Na,Ca)2-3Al3(Al,Si)2Si13O36.12H2O (heulan_1)",heulan_1,becknic,mineral,mineral.silicate.tectosilicate.coarse.tir.heulan_1.jhu.nicolet.spectrum.txt,0.000374,1.000000,0.000000,0.000342,1.000000,0.000000,0.000824,0.991499,0.300357,0.000673,0.998966,1.000000,0.001597,0.989359,1.000000
"Heulandite (Na,Ca)2-3Al3(Al,Si)2Si13O36.12H2O (heulan_2)",heulan_2,becknic,mineral,mineral.silicate.tectosilicate.coarse.tir.heulan_2.jhu.nicolet.spectrum.txt,0.000478,1.000000,0.000000,0.000358,1.000000,0.000000,0.001069,0.994941,0.300357,0.000965,0.997077,1.000000,0.000935,0.996943,1.000000
"Labradorite (Na,Ca)Al(Al,Si)Si2O8 (labrador_1)",labrador_1,becknic,mineral,mineral.silicate.tectosilicate.coarse.tir.labrador_1.jhu.nicolet.spectrum.txt,0.000506,1.000000,0.000000,0.000473,1.000000,0.000000,0.000456,0.939625,0.300357,0.001417,0.999270,1.000000,0.001618,0.995148,1.000000
"Leucite KAlSi2O6 (leucite_1)",leucite_1,becknic,mineral,mineral.silicate.tectosilicate.coarse.tir.leucite_1.jhu.nicolet.spectrum.txt,0.000521,1.000000,0.000000,0.000438,1.000000,0.000000,0.000452,1.000000,0.300357,0.001818,0.998396,1.000000,0.001037,0.996286,1.000000
"Microcline KAlSi3O8 (micro_1)",micro_1,becknic,mineral,mineral.silicate.tectosilicate.coarse.tir.micro_1.jhu.nicolet.spectrum.txt,0.000505,1.000000,0.000000,0.000449,1.000000,0.000000,0.000426,1.000000,0.300357,0.001801,0.998548,1.000000,0.001639,0.992607,1.000000
"Mordenite (Ca,Na2,K2)Al2Si10O24.7H2O (morden_1)",morden_1,becknic,mineral,mineral.silicate.tectosilicate.coarse.tir.morden_1.jhu.nicolet.spectrum.txt,0.000505,1.000000,0.000000,0.000476,1.000000,0.000000,0.001125,0.995397,0.300357,0.001023,0.998830,1.000000,0.000743,0.985987,1.000000
"Natrolite Na2Al2Si3O10.2H2O (natrol_1)",natrol_1,becknic,mineral,mineral.silicate.tectosilicate.coarse.tir.natrol_1.jhu.nicolet.spectrum.txt,0.000144,1.000000,0.000000,0.000265,1.000000,0.000000,0.001415,0.961771,0.300357,0.001975,0.990010,1.000000,0.002861,0.956763,1.000000
"Nepheline (Na,K)AlSiO4 (nephel_2)",nephel_2,becknic,mineral,mineral.silicate.tectosilicate.coarse.tir.nephel_2.jhu.nicolet.spectrum.txt,0.000127,1.000000,0.000000,0.000209,1.000000,0.000000,0.000414,0.877489,0.300357,0.000986,0.997321,1.000000,0.001014,0.994023,1.000000
"Orthoclase KAlSi3O8 (orthocl_3)",orthocl_3,becknic,mineral,mineral.silicate.tectosilicate.coarse.tir.orthocl_3.jhu.nicolet.spectrum.txt,0.000505,1.000000,0.000000,0.000385,1.000000,0.000000,0.000407,0.912175,0.300357,0.001612,0.998499,1.000000,0.001528,0.995438,1.000000
"Quartz SiO2 (quartz_1)",quartz_1,becknic,mineral,mineral.silicate.tectosilicate.coarse.tir.quartz_1.jhu.nicolet.spectrum.txt,0.000132,1.000000,0.000000,0.000253,1.000000,0.000000,0.000215,0.961947,0.300357,0.000905,0.999041,1.000000,0.001938,0.996731,1.000000
"Quartz SiO2 (quartz_2)",quartz_2,becknic,mineral,mineral.silicate.tectosilicate.coarse.tir.quartz_2.jhu.nicolet.spectrum.txt,0.000512,1.000000,0.000000,0.000442,1.000000,0.000000,0.000639,0.825771,0.300357,0.001527,0.999085,1.000000,0.002462,0.996582,1.000000
"Sanidine (K,Na)Al3O8 (sanidine_1)",sanidine_1,becknic,mineral,mineral.silicate.tectosilicate.coarse.tir.sanidine_1.jhu.nicolet.spectrum.txt,0.000508,1.000000,0.000000,0.000390,1.000000,0.000000,0.000395,0.879398,0.300357,0.001635,0.998478,1.000000,0.001243,0.994120,1.000000
"Sanidine (K,Na)Al3O8 (sanidine_3)",sanidine_3,becknic,mineral,mineral.silicate.tectosilicate.coarse.tir.sanidine_3.jhu.nicolet.spectrum.txt,0.000334,1.000000,0.000000,0.000341,1.000000,0.000000,0.000280,0.946228,0.300357,0.001283,0.998816,1.000000,0.001780,0.992567,1.000000
"Sodalite Na8Al6Si6O24Cl2 (sodalite_1)",sodalite_1,becknic,mineral,mineral.silicate.tectosilicate.coarse.tir.sodalite_1.jhu.nicolet.spectrum.txt,0.000131,1.000000,0.000000,0.000252,1.000000,0.000000,0.000447,1.000000,0.300357,0.001924,0.991139,1.000000,0.002472,0.986199,1.000000
"Sodalite Na_8Al_6Si_6O_24Cl_2 (TS-10A)",TS-10A,becknic,mineral,mineral.silicate.tectosilicate.coarse.tir.ts-10a.jpl.nicolet.spectrum.txt,0.000286,1.000000,0.000000,0.000380,1.000000,0.000000,0.001337,0.996942,0.356929,0.013954,0.993138,1.000000,0.013355,0.985563,1.000000
"Orthoclase (Feldspar) (K,Na)AlSi_3O_8 (TS-12A)",TS-12A,becknic,mineral,mineral.silicate.tectosilicate.coarse.tir.ts-12a.jpl.nicolet.spectrum.txt,0.000216,1.000000,0.000000,0.000642,1.000000,0.000000,0.000925,0.942012,0.356929,0.008182,0.999074,1.000000,0.003395,0.996467,1.000000
"Microcline (Feldspar) (K,Na)AlSi_3O_8 (TS-17A)",TS-17A,becknic,mineral,mineral.silicate.tectosilicate.coarse.tir.ts-17a.jpl.nicolet.spectrum.txt,0.000229,1.000000,0.000000,0.000822,1.000000,0.000000,0.003648,0.990971,0.356929,0.006012,0.999208,1.000000,0.006011,0.992444,1.000000
"Quartz SiO_2 (TS-1A)",TS-1A,becknic,mineral,mineral.silicate.tectosilicate.coarse.tir.ts-1a.jpl.nicolet.spectrum.txt,0.000227,1.000000,0.000000,0.000609,1.000000,0.000000,0.000971,0.611139,0.356929,0.009239,0.999071,1.000000,0.005747,0.999025,1.000000
"Quartz SiO_2 (TS-1B)",TS-1B,becknic,mineral,mineral.silicate.tectosilicate.coarse.tir.ts-1b.jpl.nicolet.spectrum.txt,0.000216,1.000000,0.000000,0.000648,1.000000,0.000000,0.001025,0.615785,0.356929,0.006630,0.999555,1.000000,0.006066,0.999000,1.000000
"Quartz SiO_2 (TS-1C)",TS-1C,becknic,mineral,mineral.silicate.tectosilicate.coarse.tir.ts-1c.jpl.nicolet.spectrum.txt,0.000219,1.000000,0.000000,0.000666,1.000000,0.000000,0.001686,0.761861,0.356929,0.006653,0.999406,1.000000,0.005472,0.999064,1.000000
"Quartz SiO_2 (TS-1D)",TS-1D,becknic,mineral,mineral.silicate.tectosilicate.coarse.tir.ts-1d.jpl.nicolet.spectrum.txt,0.000226,1.000000,0.000000,0.000608,1.000000,0.000000,0.000927,0.836257,0.356929,0.006603,0.999469,1.000000,0.005546,0.999052,1.000000
"Labradorite (Feldspar) (NaSi,CaAl)AlSi_2O_8 (TS-2A)",TS-2A,becknic,mineral,mineral.silicate.tectosilicate.coarse.tir.ts-2a.jpl.nicolet.spectrum.txt,0.000258,1.000000,0.000000,0.000501,1.000000,0.000000,0.001284,0.751459,0.356929,0.008963,0.998686,1.000000,0.002667,0.995883,1.000000
"Labradorite (Feldspar) (NaSi,CaAl)AlSi_2O_8 (TS-2B)",TS-2B,becknic,mineral,mineral.silicate.tectosilicate.coarse.tir.ts-2b.jpl.nicolet.spectrum.txt,0.000474,1.000000,0.000000,0.000489,1.000000,0.000000,0.001000,0.984762,0.356929,0.003313,0.999014,1.000000,0.002879,0.995019,1.000000
"Oligoclase (Feldspar) (NaSi,CaAl)AlSi_2O_8 (TS-3A)",TS-3A,becknic,mineral,mineral.silicate.tectosilicate.coarse.tir.ts-3a.jpl.nicolet.spectrum.txt,0.000343,1.000000,0.000000,0.000227,1.000000,0.000000,0.002234,0.987149,0.356929,0.006258,0.999055,1.000000,0.004138,0.992348,1.000000
"Andesine (Feldspar) (NaSi,CaAl)AlSi_2O_8 (TS-4A)",TS-4A,becknic,mineral,mineral.silicate.tectosilicate.coarse.tir.ts-4a.jpl.nicolet.spectrum.txt,0.000229,1.000000,0.000000,0.000844,1.000000,0.000000,0.002235,0.970700,0.356929,0.007269,0.999142,1.000000,0.003837,0.994139,1.000000
"Anorthite (Feldspar) (NaSi,CaAl)AlSi_2O_8 (TS-5A)",TS-5A,becknic,mineral,mineral.silicate.tectosilicate.coarse.tir.ts-5a.jpl.nicolet.spectrum.txt,0.000486,1.000000,0.000000,0.000679,1.000000,0.000000,0.003099,0.995671,0.356929,0.004353,0.998737,1.000000,0.005456,0.981487,1.000000
"Albite (Feldspar) (K,Na)AlSi_3O_8 (TS-6A)",TS-6A,becknic,mineral,mineral.silicate.tectosilicate.coarse.tir.ts-6a.jpl.nicolet.spectrum.txt,0.000259,1.000000,0.000000,0.000497,1.000000,0.000000,0.002607,0.988088,0.356929,0.005847,0.999247,1.000000,0.003654,0.993699,1.000000
"Natrolite Na_2Al_2Si_3O_10.2H_2O (TS-8A)",TS-8A,becknic,mineral,mineral.silicate.tectosilicate.coarse.tir.ts-8a.jpl.nicolet.spectrum.txt,0.000504,1.000000,0.000000,0.000448,1.000000,0.000000,0.016316,0.973408,0.356929,0.010836,0.970123,1.000000,0.020512,0.925963,1.000000
"Stilbite NaCa_2Al_5Si_3O_36.14H_2O (TS-9A)",TS-9A,becknic,mineral,mineral.silicate.tectosilicate.coarse.tir.ts-9a.jpl.nicolet.spectrum.txt,0.000509,1.000000,0.000000,0.000464,1.000000,0.000000,0.004249,0.995207,0.356929,0.004824,0.966001,1.000000,0.003439,0.996179,1.000000
"Sodalite Na_8Al_6Si_6O_24Cl_2 (TS-10A)",TS-10A,becknic,mineral,mineral.silicate.tectosilicate.coarse.vswir.ts-10a.jpl.beckman.spectrum.txt,0.008006,0.992233,0.883721,0.001814,0.947696,1.000000,0.001954,0.995815,1.000000,0.000798,1.000000,0.000000,0.000707,1.000000,0.000000
"Sodalite Na_8Al_6Si_6O_24Cl_2 (TS-10A)",TS-10A,becknic,mineral,mineral.silicate.tectosilicate.coarse.vswir.ts-10a.jpl.perkin.spectrum.txt,0.008223,0.991602,0.883721,0.002207,0.918429,1.000000,0.001578,0.997674,1.000000,0.000624,1.000000,0.000000,0.000760,1.000000,0.000000
"Buddingtonite (Feldspar) (NH_4)AlSi_3O_8.0.5H_2O (TS-11A)",TS-11A,becknic,mineral,mineral.silicate.tectosilicate.coarse.vswir.ts-11a.jpl.beckman.spectrum.txt,0.001363,0.999785,0.883721,0.002644,0.974649,1.000000,0.008591,0.991449,1.000000,0.000794,1.000000,0.000000,0.000606,1.000000,0.000000
"Orthoclase (Feldspar) (K,Na)AlSi_3O_8 (TS-12A)",TS-12A,becknic,mineral,mineral.silicate.tectosilicate.coarse.vswir.ts-12a.jpl.beckman.spectrum.txt,0.001716,0.998688,0.883721,0.000815,0.949553,1.000000,0.001444,0.981170,1.000000,0.000608,1.000000,0.000000,0.000687,1.000000,0.000000
"Orthoclase (Feldspar) (K,Na)AlSi_3O_8 (TS-12A)",TS-12A,becknic,mineral,mineral.silicate.tectosilicate.coarse.vswir.ts-12a.jpl.perkin.spectrum.txt,0.001410,0.998803,0.883721,0.001148,0.635503,1.000000,0.001392,0.980768,1.000000,0.000406,1.000000,0.000000,0.000739,1.000000,0.000000
"Nepheline (Na,K)AlSiO_4 (TS-16A)",TS-16A,becknic,mineral,mineral.silicate.tectosilicate.coarse.vswir.ts-16a.jpl.beckman.spectrum.txt,0.001280,0.998303,0.883721,0.002380,0.849521,1.000000,0.004599,0.996692,1.000000,0.000633,1.000000,0.000000,0.000656,1.000000,0.000000
"Microcline (Feldspar) (K,Na)AlSi_3O_8 (TS-17A)",TS-17A,becknic,mineral,mineral.silicate.tectosilicate.coarse.vswir.ts-17a.jpl.beckman.spectrum.txt,0.002594,0.999659,0.883721,0.001956,0.976332,1.000000,0.003850,0.995065,1.000000,0.000710,1.000000,0.000000,0.000769,1.000000,0.000000
"Microcline (Feldspar) (K,Na)AlSi_3O_8 (TS-17A)",TS-17A,becknic,mineral,mineral.silicate.tectosilicate.coarse.vswir.ts-17a.jpl.perkin.spectrum.txt,0.001839,0.999838,0.883721,0.001939,0.969926,1.000000,0.002998,0.997554,1.000000,0.000762,1.000000,0.000000,0.000778,1.000000,0.000000
"Quartz SiO_2 (TS-1A)",TS-1A,becknic,mineral,mineral.silicate.tectosilicate.coarse.vswir.ts-1a.jpl.beckman.spectrum.txt,0.001206,0.983845,0.883721,0.001739,0.801038,1.000000,0.001239,0.924274,1.000000,0.000543,1.000000,0.000000,0.000800,1.000000,0.000000
"Quartz SiO_2 (TS-1A)",TS-1A,becknic,mineral,mineral.silicate.tectosilicate.coarse.vswir.ts-1a.jpl.perkin.spectrum.txt,0.000261,0.999100,0.883721,0.001296,0.893668,1.000000,0.001418,0.971294,1.000000,0.000561,1.000000,0.000000,0.000724,1.000000,0.000000
"Quartz SiO_2 (TS-1B)",TS-1B,becknic,mineral,mineral.silicate.tectosilicate.coarse.vswir.ts-1b.jpl.beckman.spectrum.txt,0.001893,0.998430,0.883721,0.001799,0.998439,1.000000,0.001078,0.992132,1.000000,0.000522,1.000000,0.000000,0.000766,1.000000,0.000000
"Quartz SiO_2 (TS-1B)",TS-1B,becknic,mineral,mineral.silicate.tectosilicate.coarse.vswir.ts-1b.jpl.perkin.spectrum.txt,0.001512,0.998774,0.883721,0.000988,0.999191,1.000000,0.001376,0.962697,1.000000,0.000552,1.000000,0.000000,0.000732,1.000000,0.000000
"Quartz SiO_2 (TS-1C)",TS-1C,becknic,mineral,mineral.silicate.tectosilicate.coarse.vswir.ts-1c.jpl.beckman.spectrum.txt,0.001268,0.997403,0.883721,0.000681,0.951607,1.000000,0.001527,0.934560,1.000000,0.000579,1.000000,0.000000,0.000677,1.000000,0.000000
"Quartz SiO_2 (TS-1C)",TS-1C,becknic,mineral,mineral.silicate.tectosilicate.coarse.vswir.ts-1c.jpl.perkin.spectrum.txt,0.000867,0.998768,0.883721,0.000851,0.855804,1.000000,0.001498,0.976346,1.000000,0.000558,1.000000,0.000000,0.000727,1.000000,0.000000
"Quartz SiO_2 (TS-1D)",TS-1D,becknic,mineral,mineral.silicate.tectosilicate.coarse.vswir.ts-1d.jpl.beckman.spectrum.txt,0.001225,0.986794,0.883721,0.000832,0.712601,1.000000,0.001409,0.929422,1.000000,0.000561,1.000000,0.000000,0.000829,1.000000,0.000000
"Quartz SiO_2 (TS-1D)",TS-1D,becknic,mineral,mineral.silicate.tectosilicate.coarse.vswir.ts-1d.jpl.perkin.spectrum.txt,0.000948,0.988785,0.883721,0.000965,0.898069,1.000000,0.001154,0.981016,1.000000,0.000581,1.000000,0.000000,0.000675,1.000000,0.000000
"Quartz SiO_2 (TS-1E)",TS-1E,becknic,mineral,mineral.silicate.tectosilicate.coarse.vswir.ts-1e.jpl.beckman.spectrum.txt,0.005908,0.995283,0.883721,0.003565,0.996551,1.000000,0.004970,0.996209,1.000000,0.000740,1.000000,0.000000,0.000598,1.000000,0.000000
"Quartz SiO_2 (TS-1E)",TS-1E,becknic,mineral,mineral.silicate.tectosilicate.coarse.vswir.ts-1e.jpl.perkin.spectrum.txt,0.005719,0.995821,0.883721,0.003102,0.996737,1.000000,0.005129,0.996029,1.000000,0.000801,1.000000,0.000000,0.000613,1.000000,0.000000
"Labradorite (Feldspar) (NaSi,CaAl)AlSi_2O_8 (TS-2A)",TS-2A,becknic,mineral,mineral.silicate.tectosilicate.coarse.vswir.ts-2a.jpl.beckman.spectrum.txt,0.002906,0.998210,0.883721,0.002881,0.997957,1.000000,0.001822,0.998725,1.000000,0.000646,1.000000,0.000000,0.000726,1.000000,0.000000
"Labradorite (Feldspar) (NaSi,CaAl)AlSi_2O_8 (TS-2A)",TS-2A,becknic,mineral,mineral.silicate.tectosilicate.coarse.vswir.ts-2a.jpl.perkin.spectrum.txt,0.001729,0.999162,0.883721,0.004155,0.993892,1.000000,0.002735,0.995867,1.000000,0.000795,1.000000,0.000000,0.000809,1.000000,0.000000
"Labradorite (Feldspar) (NaSi,CaAl)AlSi_2O_8 (TS-2B)",TS-2B,becknic,mineral,mineral.silicate.tectosilicate.coarse.vswir.ts-2b.jpl.beckman.spectrum.txt,0.000866,0.997658,0.883721,0.001845,0.925057,1.000000,0.000668,0.997766,1.000000,0.000725,1.000000,0.000000,0.000532,1.000000,0.000000
"Labradorite (Feldspar) (NaSi,CaAl)AlSi_2O_8 (TS-2B)",TS-2B,becknic,mineral,mineral.silicate.tectosilicate.coarse.vswir.ts-2b.jpl.perkin.spectrum.txt,0.000549,0.998940,0.883721,0.001457,0.939159,1.000000,0.000662,0.995276,1.000000,0.000609,1.000000,0.000000,0.000454,1.000000,0.000000
"Oligoclase (Feldspar) (NaSi,CaAl)AlSi_2O_8 (TS-3A)",TS-3A,becknic,mineral,mineral.silicate.tectosilicate.coarse.vswir.ts-3a.jpl.beckman.spectrum.txt,0.001642,0.993790,0.883721,0.000642,0.976372,1.000000,0.002599,0.991546,1.000000,0.000757,1.000000,0.000000,0.000771,1.000000,0.000000
"Oligoclase (Feldspar) (NaSi,CaAl)AlSi_2O_8 (TS-3A)",TS-3A,becknic,mineral,mineral.silicate.tectosilicate.coarse.vswir.ts-3a.jpl.perkin.spectrum.txt,0.001051,0.998047,0.883721,0.001247,0.952693,1.000000,0.002987,0.992214,1.000000,0.000751,1.000000,0.000000,0.000753,1.000000,0.000000
"Andesine (Feldspar) (NaSi,CaAl)AlSi_2O_8 (TS-4A)",TS-4A,becknic,mineral,mineral.silicate.tectosilicate.coarse.vswir.ts-4a.jpl.beckman.spectrum.txt,0.001233,0.999604,0.883721,0.003228,0.979181,1.000000,0.002347,0.996843,1.000000,0.000782,1.000000,0.000000,0.000770,1.000000,0.000000
"Andesine (Feldspar) (NaSi,CaAl)AlSi_2O_8 (TS-4A)",TS-4A,becknic,mineral,mineral.silicate.tectosilicate.coarse.vswir.ts-4a.jpl.perkin.spectrum.txt,0.000551,0.999924,0.883721,0.002741,0.980862,1.000000,0.002545,0.995308,1.000000,0.000797,1.000000,0.000000,0.000812,1.000000,0.000000
"Anorthite (Feldspar) (NaSi,CaAl)AlSi_2O_8 (TS-5A)",TS-5A,becknic,mineral,mineral.silicate.tectosilicate.coarse.vswir.ts-5a.jpl.beckman.spectrum.txt,0.001624,0.999049,0.883721,0.001167,0.989335,1.000000,0.002527,0.996759,1.000000,0.000996,1.000000,0.000000,0.000604,1.000000,0.000000
"Anorthite (Feldspar) (NaSi,CaAl)AlSi_2O_8 (TS-5A)",TS-5A,becknic,mineral,mineral.silicate.tectosilicate.coarse.vswir.ts-5a.jpl.perkin.spectrum.txt,0.001071,0.999669,0.883721,0.002412,0.960836,1.000000,0.003018,0.996604,1.000000,0.000994,1.000000,0.000000,0.000584,1.000000,0.000000
"Albite (Feldspar) (K,Na)AlSi_3O_8 (TS-6A)",TS-6A,becknic,mineral,mineral.silicate.tectosilicate.coarse.vswir.ts-6a.jpl.beckman.spectrum.txt,0.000867,0.999704,0.883721,0.002463,0.983705,1.000000,0.002172,0.996657,1.000000,0.000765,1.000000,0.000000,0.000783,1.000000,0.000000
"Albite (Feldspar) (K,Na)AlSi_3O_8 (TS-6A)",TS-6A,becknic,mineral,mineral.silicate.tectosilicate.coarse.vswir.ts-6a.jpl.perkin.spectrum.txt,0.000632,0.999891,0.883721,0.003761,0.962239,1.000000,0.003016,0.994400,1.000000,0.000752,1.000000,0.000000,0.000747,1.000000,0.000000
"Natrolite Na_2Al_2Si_3O_10.2H_2O (TS-8A)",TS-8A,becknic,mineral,mineral.silicate.tectosilicate.coarse.vswir.ts-8a.jpl.beckman.spectrum.txt,0.001280,0.999056,0.883721,0.002259,0.957976,1.000000,0.018326,0.993064,1.000000,0.000716,1.000000,0.000000,0.000575,1.000000,0.000000
"Natrolite Na_2Al_2Si_3O_10.2H_2O (TS-8A)",TS-8A,becknic,mineral,mineral.silicate.tectosilicate.coarse.vswir.ts-8a.jpl.perkin.spectrum.txt,0.000680,0.999614,0.883721,0.001340,0.969457,1.000000,0.019396,0.991767,1.000000,0.000762,1.000000,0.000000,0.000601,1.000000,0.000000
"Stilbite NaCa_2Al_5Si_3O_36.14H_2O (TS-9A)",TS-9A,becknic,mineral,mineral.silicate.tectosilicate.coarse.vswir.ts-9a.jpl.beckman.spectrum.txt,0.001097,0.999457,0.883721,0.009597,0.917667,1.000000,0.013631,0.996012,1.000000,0.000162,1.000000,0.000000,0.000160,1.000000,0.000000
"Stilbite NaCa_2Al_5Si_3O_36.14H_2O (TS-9A)",TS-9A,becknic,mineral,mineral.silicate.tectosilicate.coarse.vswir.ts-9a.jpl.perkin.spectrum.txt,0.000671,0.999684,0.883721,0.005997,0.939826,1.000000,0.011895,0.996891,1.000000,0.000211,1.000000,0.000000,0.000197,1.000000,0.000000
"Albite NaAlSi3O8 (albite_1)",albite_1,becknic,mineral,mineral.silicate.tectosilicate.fine.tir.albite_1.jhu.nicolet.spectrum.txt,0.000530,1.000000,0.000000,0.001151,0.000000,0.000000,0.000924,1.000000,0.300357,0.001825,0.994252,1.000000,0.019079,0.994210,1.000000
"Analcime NaAlSi2O6.H2O (analcime_1)",analcime_1,becknic,mineral,mineral.silicate.tectosilicate.fine.tir.analcime_1.jhu.nicolet.spectrum.txt,0.000305,1.000000,0.000000,0.000854,1.000000,0.000000,0.001622,0.825032,0.300357,0.012929,0.953632,1.000000,0.011365,0.998254,1.000000
"Anorthite CaAl2Si2O8 (anorthite_1)",anorthite_1,becknic,mineral,mineral.silicate.tectosilicate.fine.tir.anorthite_1.jhu.nicolet.spectrum.txt,0.000530,1.000000,0.000000,0.001151,0.000000,0.000000,0.000924,1.000000,0.300357,0.001723,0.993313,1.000000,0.008478,0.998292,1.000000
"Chabazite CaAl2Si4O12.6H2O (chabazite_1)",chabazite_1,becknic,mineral,mineral.silicate.tectosilicate.fine.tir.chabazite_1.jhu.nicolet.spectrum.txt,0.000228,1.000000,0.000000,0.000788,1.000000,0.000000,0.001072,0.951619,0.300357,0.004400,0.998550,1.000000,0.004052,0.999698,1.000000
"Clinoptilolite (Na,K,Ca)2-3Al3(Al,Si)2Si13O36.12H2O (clinopt_1)",clinopt_1,becknic,mineral,mineral.silicate.tectosilicate.fine.tir.clinopt_1.jhu.nicolet.spectrum.txt,0.000226,1.000000,0.000000,0.000698,1.000000,0.000000,0.001137,0.805139,0.300357,0.003349,0.997466,1.000000,0.007395,0.998984,1.000000
"Erionite (K2,Ca,Na2)2Al4Si14O36.15H2O (erionite_1)",erionite_1,becknic,mineral,mineral.silicate.tectosilicate.fine.tir.erionite_1.jhu.nicolet.spectrum.txt,0.000246,1.000000,0.000000,0.000653,1.000000,0.000000,0.001168,0.951715,0.300357,0.003253,0.998536,1.000000,0.005909,0.999444,1.000000
"Heulandite (Na,Ca)2-3Al3(Al,Si)2Si13O36.12H2O (heulan_1)",heulan_1,becknic,mineral,mineral.silicate.tectosilicate.fine.tir.heulan_1.jhu.nicolet.spectrum.txt,0.000221,1.000000,0.000000,0.000676,1.000000,0.000000,0.001789,0.887848,0.300357,0.005288,0.998355,1.000000,0.006012,0.999404,1.000000
"Heulandite (Na,Ca)2-3Al3(Al,Si)2Si13O36.12H2O (heulan_2)",heulan_2,becknic,mineral,mineral.silicate.tectosilicate.fine.tir.heulan_2.jhu.nicolet.spectrum.txt,0.000225,1.000000,0.000000,0.000607,1.000000,0.000000,0.000765,0.690680,0.300357,0.007130,0.996161,1.000000,0.010029,0.998512,1.000000
"Labradorite (Na,Ca)Al(Al,Si)Si2O8 (labrador_1)",labrador_1,becknic,mineral,mineral.silicate.tectosilicate.fine.tir.labrador_1.jhu.nicolet.spectrum.txt,0.000530,1.000000,0.000000,0.001151,0.000000,0.000000,0.001107,0.421307,0.300357,0.002555,0.995203,1.000000,0.004114,0.999606,1.000000
"Leucite KAlSi2O6 (leucite_1)",leucite_1,becknic,mineral,mineral.silicate.tectosilicate.fine.tir.leucite_1.jhu.nicolet.spectrum.txt,0.000318,1.000000,0.000000,0.000905,1.000000,0.000000,0.001055,0.794823,0.300357,0.002819,0.991356,1.000000,0.005697,0.999261,1.000000
"Microcline KAlSi3O8 (micro_1)",micro_1,becknic,mineral,mineral.silicate.tectosilicate.fine.tir.micro_1.jhu.nicolet.spectrum.txt,0.000226,1.000000,0.000000,0.000739,1.000000,0.000000,0.001638,0.931582,0.300357,0.003061,0.983668,1.000000,0.018459,0.994648,1.000000
"Mordenite (Ca,Na2,K2)Al2Si10O24.7H2O (morden_1)",morden_1,becknic,mineral,mineral.silicate.tectosilicate.fine.tir.morden_1.jhu.nicolet.spectrum.txt,0.000230,1.000000,0.000000,0.000868,1.000000,0.000000,0.001996,0.810492,0.300357,0.003743,0.997721,1.000000,0.010008,0.998342,1.000000
"Natrolite Na2Al2Si3O10.2H2O (natrol_1)",natrol_1,becknic,mineral,mineral.silicate.tectosilicate.fine.tir.natrol_1.jhu.nicolet.spectrum.txt,0.000237,1.000000,0.000000,0.000629,1.000000,0.000000,0.001138,0.134559,0.300357,0.011485,0.980269,1.000000,0.014148,0.996904,1.000000
"Nepheline (Na,K)AlSiO4 (nephel_2)",nephel_2,becknic,mineral,mineral.silicate.tectosilicate.fine.tir.nephel_2.jhu.nicolet.spectrum.txt,0.000485,1.000000,0.000000,0.001131,0.000000,0.000000,0.000847,0.871086,0.300357,0.001899,0.981267,1.000000,0.005606,0.999440,1.000000
"Orthoclase KAlSi3O8 (orthocl_3)",orthocl_3,becknic,mineral,mineral.silicate.tectosilicate.fine.tir.orthocl_3.jhu.nicolet.spectrum.txt,0.000223,1.000000,0.000000,0.000607,1.000000,0.000000,0.000925,0.935560,0.300357,0.002091,0.994423,1.000000,0.005228,0.999467,1.000000
"Quartz SiO2 (quartz_1)",quartz_1,becknic,mineral,mineral.silicate.tectosilicate.fine.tir.quartz_1.jhu.nicolet.spectrum.txt,0.000362,1.000000,0.000000,0.001062,0.000000,0.000000,0.000865,0.762155,0.300357,0.003057,0.994764,1.000000,0.018324,0.994778,1.000000
"Quartz SiO2 (quartz_2)",quartz_2,becknic,mineral,mineral.silicate.tectosilicate.fine.tir.quartz_2.jhu.nicolet.spectrum.txt,0.000530,1.000000,0.000000,0.001151,0.000000,0.000000,0.000924,1.000000,0.300357,0.002137,0.992312,1.000000,0.014477,0.996302,1.000000
"Sanidine (K,Na)Al3O8 (sanidine_1)",sanidine_1,becknic,mineral,mineral.silicate.tectosilicate.fine.tir.sanidine_1.jhu.nicolet.spectrum.txt,0.000237,1.000000,0.000000,0.000630,1.000000,0.000000,0.000980,0.971034,0.300357,0.002451,0.990951,1.000000,0.004247,0.999394,1.000000
"Sanidine (K,Na)Al3O8 (sanidine_3)",sanidine_3,becknic,mineral,mineral.silicate.tectosilicate.fine.tir.sanidine_3.jhu.nicolet.spectrum.txt,0.000216,1.000000,0.000000,0.000632,1.000000,0.000000,0.001811,0.918538,0.300357,0.002715,0.989181,1.000000,0.004793,0.999572,1.000000
"Sodalite Na8Al6Si6O24Cl2 (sodalite_1)",sodalite_1,becknic,mineral,mineral.silicate.tectosilicate.fine.tir.sodalite_1.jhu.nicolet.spectrum.txt,0.000262,1.000000,0.000000,0.000705,1.000000,0.000000,0.000719,0.691812,0.300357,0.002903,0.986426,1.000000,0.030648,0.987479,1.000000
"Sodalite Na_8Al_6Si_6O_24Cl_2 (TS-10A)",TS-10A,becknic,mineral,mineral.silicate.tectosilicate.fine.tir.ts-10a.jpl.nicolet.spectrum.txt,0.000218,1.000000,0.000000,0.000617,1.000000,0.000000,0.001005,0.988805,0.356929,0.018361,0.992057,1.000000,0.008798,0.954545,1.000000
"Orthoclase (Feldspar) (K,Na)AlSi_3O_8 (TS-12A)",TS-12A,becknic,mineral,mineral.silicate.tectosilicate.fine.tir.ts-12a.jpl.nicolet.spectrum.txt,0.000222,1.000000,0.000000,0.000607,1.000000,0.000000,0.000972,0.880230,0.356929,0.006043,0.999382,1.000000,0.010219,0.950440,1.000000
"Bytownite (Feldspar) (NaSi,CaAl)AlSi_2O_8 (TS-13A)",TS-13A,becknic,mineral,mineral.silicate.tectosilicate.fine.tir.ts-13a.jpl.nicolet.spectrum.txt,0.000236,1.000000,0.000000,0.000745,1.000000,0.000000,0.001357,0.980628,0.356929,0.006380,0.998781,1.000000,0.005638,0.975892,1.000000
"Sanidine (Feldspar) (K,Na)AlSi_3O_8 (TS-14A)",TS-14A,becknic,mineral,mineral.silicate.tectosilicate.fine.tir.ts-14a.jpl.nicolet.spectrum.txt,0.000226,1.000000,0.000000,0.000690,1.000000,0.000000,0.001614,0.984899,0.356929,0.005234,0.999448,1.000000,0.003594,0.980375,1.000000
"Chabazite CaAl_2Si_4O_12.6H_2O (TS-15A)",TS-15A,becknic,mineral,mineral.silicate.tectosilicate.fine.tir.ts-15a.jpl.nicolet.spectrum.txt,0.000692,1.000000,0.000000,0.000672,1.000000,0.000000,0.002559,0.998646,0.356929,0.005130,0.997744,1.000000,0.002245,0.985017,1.000000
"Microcline (Feldspar) (K,Na)AlSi_3O_8 (TS-17A)",TS-17A,becknic,mineral,mineral.silicate.tectosilicate.fine.tir.ts-17a.jpl.nicolet.spectrum.txt,0.000223,1.000000,0.000000,0.000682,1.000000,0.000000,0.001961,0.971342,0.356929,0.006432,0.999091,1.000000,0.006403,0.962564,1.000000
"Analcime NaAlSi_2O_6.H_2O (TS-18A)",TS-18A,becknic,mineral,mineral.silicate.tectosilicate.fine.tir.ts-18a.jpl.nicolet.spectrum.txt,0.000244,1.000000,0.000000,0.000618,1.000000,0.000000,0.006262,0.995692,0.356929,0.012731,0.996846,1.000000,0.003811,0.981645,1.000000
"Quartz SiO_2 (TS-1A)",TS-1A,becknic,mineral,mineral.silicate.tectosilicate.fine.tir.ts-1a.jpl.nicolet.spectrum.txt,0.000220,1.000000,0.000000,0.000611,1.000000,0.000000,0.000994,0.726689,0.356929,0.007075,0.999422,1.000000,0.007178,0.988018,1.000000
"Quartz SiO_2 (TS-1B)",TS-1B,becknic,mineral,mineral.silicate.tectosilicate.fine.tir.ts-1b.jpl.nicolet.spectrum.txt,0.000223,1.000000,0.000000,0.000682,1.000000,0.000000,0.000960,0.233266,0.356929,0.007193,0.999400,1.000000,0.007354,0.987961,1.000000
"Quartz SiO_2 (TS-1C)",TS-1C,becknic,mineral,mineral.silicate.tectosilicate.fine.tir.ts-1c.jpl.nicolet.spectrum.txt,0.000226,1.000000,0.000000,0.000709,1.000000,0.000000,0.000991,0.520425,0.356929,0.007062,0.999375,1.000000,0.006539,0.989093,1.000000
"Quartz SiO_2 (TS-1D)",TS-1D,becknic,mineral,mineral.silicate.tectosilicate.fine.tir.ts-1d.jpl.nicolet.spectrum.txt,0.000216,1.000000,0.000000,0.000648,1.000000,0.000000,0.000995,0.039366,0.356929,0.007531,0.999346,1.000000,0.007599,0.986846,1.000000
"Quartz SiO_2 (TS-1E)",TS-1E,becknic,mineral,mineral.silicate.tectosilicate.fine.tir.ts-1e.jpl.nicolet.spectrum.txt,0.000229,1.000000,0.000000,0.000846,1.000000,0.000000,0.001773,0.956388,0.356929,0.007133,0.999020,1.000000,0.006528,0.979447,1.000000
"Labradorite (Feldspar) (NaSi,CaAl)AlSi_2O_8 (TS-2A)",TS-2A,becknic,mineral,mineral.silicate.tectosilicate.fine.tir.ts-2a.jpl.nicolet.spectrum.txt,0.000233,1.000000,0.000000,0.000619,1.000000,0.000000,0.000917,0.954388,0.356929,0.006036,0.999279,1.000000,0.006445,0.968323,1.000000
"Labradorite (Feldspar) (NaSi,CaAl)AlSi_2O_8 (TS-2B)",TS-2B,becknic,mineral,mineral.silicate.tectosilicate.fine.tir.ts-2b.jpl.nicolet.spectrum.txt,0.000450,1.000000,0.000000,0.000683,1.000000,0.000000,0.001500,0.000000,0.356929,0.004054,0.999181,1.000000,0.003926,0.984073,1.000000
"Oligoclase (Feldspar) (NaSi,CaAl)AlSi_2O_8 (TS-3A)",TS-3A,becknic,mineral,mineral.silicate.tectosilicate.fine.tir.ts-3a.jpl.nicolet.spectrum.txt,0.000252,1.000000,0.000000,0.000674,1.000000,0.000000,0.001641,0.929947,0.356929,0.006003,0.999390,1.000000,0.005730,0.967077,1.000000
"Andesine (Feldspar) (NaSi,CaAl)AlSi_2O_8 (TS-4A)",TS-4A,becknic,mineral,mineral.silicate.tectosilicate.fine.tir.ts-4a.jpl.nicolet.spectrum.txt,0.000249,1.000000,0.000000,0.000665,1.000000,0.000000,0.002309,0.880827,0.356929,0.005913,0.999398,1.000000,0.005844,0.968638,1.000000
"Anorthite (Feldspar) (NaSi,CaAl)AlSi_2O_8 (TS-5A)",TS-5A,becknic,mineral,mineral.silicate.tectosilicate.fine.tir.ts-5a.jpl.nicolet.spectrum.txt,0.000229,1.000000,0.000000,0.000838,1.000000,0.000000,0.001404,0.985739,0.356929,0.006544,0.998616,1.000000,0.004801,0.984845,1.000000
"Albite (Feldspar) (K,Na)AlSi_3O_8 (TS-6A)",TS-6A,becknic,mineral,mineral.silicate.tectosilicate.fine.tir.ts-6a.jpl.nicolet.spectrum.txt,0.000216,1.000000,0.000000,0.000647,1.000000,0.000000,0.001743,0.892833,0.356929,0.005419,0.999449,1.000000,0.005422,0.971083,1.000000
"Cristobalite SiO_2 (TS-7A)",TS-7A,becknic,mineral,mineral.silicate.tectosilicate.fine.tir.ts-7a.jpl.nicolet.spectrum.txt,0.000529,1.000000,0.000000,0.000676,1.000000,0.000000,0.002143,0.508643,0.356929,0.004076,0.999301,1.000000,0.003536,0.976605,1.000000
"Natrolite Na_2Al_2Si_3O_10.2H_2O (TS-8A)",TS-8A,becknic,mineral,mineral.silicate.tectosilicate.fine.tir.ts-8a.jpl.nicolet.spectrum.txt,0.000501,1.000000,0.000000,0.000678,1.000000,0.000000,0.009689,0.982561,0.356929,0.021903,0.986622,1.000000,0.007591,0.970605,1.000000
"Stilbite NaCa_2Al_5Si_3O_36.14H_2O (TS-9A)",TS-9A,becknic,mineral,mineral.silicate.tectosilicate.fine.tir.ts-9a.jpl.nicolet.spectrum.txt,0.000407,1.000000,0.000000,0.000690,1.000000,0.000000,0.003008,0.998351,0.356929,0.006653,0.997936,1.000000,0.003073,0.990050,1.000000
"Sodalite Na_8Al_6Si_6O_24Cl_2 (TS-10A)",TS-10A,becknic,mineral,mineral.silicate.tectosilicate.fine.vswir.ts-10a.jpl.beckman.spectrum.txt,0.002048,0.997997,0.883721,0.001218,0.690824,1.000000,0.002064,0.970900,1.000000,0.000528,1.000000,0.000000,0.000763,1.000000,0.000000
"Sodalite Na_8Al_6Si_6O_24Cl_2 (TS-10A)",TS-10A,becknic,mineral,mineral.silicate.tectosilicate.fine.vswir.ts-10a.jpl.perkin.spectrum.txt,0.001675,0.998845,0.883721,0.000619,0.886906,1.000000,0.001702,0.987700,1.000000,0.000400,1.000000,0.000000,0.000724,1.000000,0.000000
"Buddingtonite (Feldspar) (NH_4)AlSi_3O_8.0.5H_2O (TS-11A)",TS-11A,becknic,mineral,mineral.silicate.tectosilicate.fine.vswir.ts-11a.jpl.beckman.spectrum.txt,0.001722,0.999775,0.883721,0.000727,0.993907,1.000000,0.006775,0.988602,1.000000,0.000668,1.000000,0.000000,0.000794,1.000000,0.000000
"Orthoclase (Feldspar) (K,Na)AlSi_3O_8 (TS-12A)",TS-12A,becknic,mineral,mineral.silicate.tectosilicate.fine.vswir.ts-12a.jpl.beckman.spectrum.txt,0.001029,0.996320,0.883721,0.000607,0.817062,1.000000,0.001384,0.606720,1.000000,0.000520,1.000000,0.000000,0.000767,1.000000,0.000000
"Orthoclase (Feldspar) (K,Na)AlSi_3O_8 (TS-12A)",TS-12A,becknic,mineral,mineral.silicate.tectosilicate.fine.vswir.ts-12a.jpl.perkin.spectrum.txt,0.001093,0.997222,0.883721,0.000535,1.000000,1.000000,0.001241,0.979767,1.000000,0.000580,1.000000,0.000000,0.000675,1.000000,0.000000
"Bytownite (Feldspar) (NaSi,CaAl)AlSi_2O_8 (TS-13A)",TS-13A,becknic,mineral,mineral.silicate.tectosilicate.fine.vswir.ts-13a.jpl.beckman.spectrum.txt,0.001066,0.999469,0.883721,0.001243,0.886429,1.000000,0.001395,0.990692,1.000000,0.000791,1.000000,0.000000,0.000799,1.000000,0.000000
"Bytownite (Feldspar) (NaSi,CaAl)AlSi_2O_8 (TS-13A)",TS-13A,becknic,mineral,mineral.silicate.tectosilicate.fine.vswir.ts-13a.jpl.perkin.spectrum.txt,0.000807,0.999788,0.883721,0.001612,0.703773,1.000000,0.001787,0.992005,1.000000,0.000800,1.000000,0.000000,0.000814,1.000000,0.000000
"Sanidine (Feldspar) (K,Na)AlSi_3O_8 (TS-14A)",TS-14A,becknic,mineral,mineral.silicate.tectosilicate.fine.vswir.ts-14a.jpl.beckman.spectrum.txt,0.001015,0.999863,0.883721,0.001138,0.932691,1.000000,0.002021,0.971564,1.000000,0.000520,1.000000,0.000000,0.000692,1.000000,0.000000
"Sanidine (Feldspar) (K,Na)AlSi_3O_8 (TS-14A)",TS-14A,becknic,mineral,mineral.silicate.tectosilicate.fine.vswir.ts-14a.jpl.perkin.spectrum.txt,0.000705,0.999950,0.883721,0.001371,0.910481,1.000000,0.001326,0.994001,1.000000,0.000721,1.000000,0.000000,0.000745,1.000000,0.000000
"Chabazite CaAl_2Si_4O_12.6H_2O (TS-15A)",TS-15A,becknic,mineral,mineral.silicate.tectosilicate.fine.vswir.ts-15a.jpl.beckman.spectrum.txt,0.001776,0.997690,0.883721,0.002097,0.878286,1.000000,0.002967,0.999640,1.000000,0.000878,1.000000,0.000000,0.000670,1.000000,0.000000
"Chabazite CaAl_2Si_4O_12.6H_2O (TS-15A)",TS-15A,becknic,mineral,mineral.silicate.tectosilicate.fine.vswir.ts-15a.jpl.perkin.spectrum.txt,0.001253,0.999045,0.883721,0.001915,0.852796,1.000000,0.003893,0.999421,1.000000,0.000813,1.000000,0.000000,0.000636,1.000000,0.000000
"Nepheline (Na,K)AlSiO_4 (TS-16A)",TS-16A,becknic,mineral,mineral.silicate.tectosilicate.fine.vswir.ts-16a.jpl.beckman.spectrum.txt,0.001008,0.998612,0.883721,0.001078,0.856081,1.000000,0.002820,0.985122,1.000000,0.000513,1.000000,0.000000,0.000775,1.000000,0.000000
"Microcline (Feldspar) (K,Na)AlSi_3O_8 (TS-17A)",TS-17A,becknic,mineral,mineral.silicate.tectosilicate.fine.vswir.ts-17a.jpl.beckman.spectrum.txt,0.001142,0.999706,0.883721,0.001074,0.962762,1.000000,0.001587,0.980809,1.000000,0.000572,1.000000,0.000000,0.000714,1.000000,0.000000
"Microcline (Feldspar) (K,Na)AlSi_3O_8 (TS-17A)",TS-17A,becknic,mineral,mineral.silicate.tectosilicate.fine.vswir.ts-17a.jpl.perkin.spectrum.txt,0.001044,0.999777,0.883721,0.002080,0.850106,1.000000,0.001413,0.994038,1.000000,0.000408,1.000000,0.000000,0.000740,1.000000,0.000000
"Analcime NaAlSi_2O_6.H_2O (TS-18A)",TS-18A,becknic,mineral,mineral.silicate.tectosilicate.fine.vswir.ts-18a.jpl.beckman.spectrum.txt,0.001038,0.999527,0.883721,0.003735,0.774802,1.000000,0.015038,0.988762,1.000000,0.000877,1.000000,0.000000,0.000627,1.000000,0.000000
"Quartz SiO_2 (TS-1A)",TS-1A,becknic,mineral,mineral.silicate.tectosilicate.fine.vswir.ts-1a.jpl.beckman.spectrum.txt,0.001035,0.968007,0.883721,0.000785,1.000000,1.000000,0.001229,0.862374,1.000000,0.000537,1.000000,0.000000,0.000763,1.000000,0.000000
"Quartz SiO_2 (TS-1A)",TS-1A,becknic,mineral,mineral.silicate.tectosilicate.fine.vswir.ts-1a.jpl.perkin.spectrum.txt,0.000579,0.997954,0.883721,0.000805,1.000000,1.000000,0.001153,0.980754,1.000000,0.000596,1.000000,0.000000,0.000705,1.000000,0.000000
"Quartz SiO_2 (TS-1B)",TS-1B,becknic,mineral,mineral.silicate.tectosilicate.fine.vswir.ts-1b.jpl.beckman.spectrum.txt,0.001041,0.992489,0.883721,0.001133,0.934920,1.000000,0.001204,0.902939,1.000000,0.000576,1.000000,0.000000,0.000679,1.000000,0.000000
"Quartz SiO_2 (TS-1B)",TS-1B,becknic,mineral,mineral.silicate.tectosilicate.fine.vswir.ts-1b.jpl.perkin.spectrum.txt,0.000616,0.998778,0.883721,0.001035,0.955024,1.000000,0.001155,0.976971,1.000000,0.000462,1.000000,0.000000,0.000794,1.000000,0.000000
"Quartz SiO_2 (TS-1C)",TS-1C,becknic,mineral,mineral.silicate.tectosilicate.fine.vswir.ts-1c.jpl.beckman.spectrum.txt,0.001163,0.982590,0.883721,0.000660,1.000000,1.000000,0.001212,0.703626,1.000000,0.000583,1.000000,0.000000,0.000674,1.000000,0.000000
"Quartz SiO_2 (TS-1C)",TS-1C,becknic,mineral,mineral.silicate.tectosilicate.fine.vswir.ts-1c.jpl.perkin.spectrum.txt,0.000697,0.996183,0.883721,0.001195,0.242361,1.000000,0.001681,0.962046,1.000000,0.000498,1.000000,0.000000,0.000787,1.000000,0.000000
"Quartz SiO_2 (TS-1D)",TS-1D,becknic,mineral,mineral.silicate.tectosilicate.fine.vswir.ts-1d.jpl.beckman.spectrum.txt,0.001032,0.981046,0.883721,0.001126,0.000000,1.000000,0.001383,0.828066,1.000000,0.000564,1.000000,0.000000,0.000712,1.000000,0.000000
"Quartz SiO_2 (TS-1D)",TS-1D,becknic,mineral,mineral.silicate.tectosilicate.fine.vswir.ts-1d.jpl.perkin.spectrum.txt,0.000593,0.997897,0.883721,0.001325,0.231755,1.000000,0.001188,0.966024,1.000000,0.000616,1.000000,0.000000,0.000703,1.000000,0.000000
"Quartz SiO_2 (TS-1E)",TS-1E,becknic,mineral,mineral.silicate.tectosilicate.fine.vswir.ts-1e.jpl.beckman.spectrum.txt,0.001265,0.995391,0.883721,0.000904,0.789088,1.000000,0.001128,0.973992,1.000000,0.000501,1.000000,0.000000,0.000694,1.000000,0.000000
"Quartz SiO_2 (TS-1E)",TS-1E,becknic,mineral,mineral.silicate.tectosilicate.fine.vswir.ts-1e.jpl.perkin.spectrum.txt,0.001384,0.996493,0.883721,0.000593,0.937130,1.000000,0.001318,0.990580,1.000000,0.000801,1.000000,0.000000,0.000819,1.000000,0.000000
"Labradorite (Feldspar) (NaSi,CaAl)AlSi_2O_8 (TS-2A)",TS-2A,becknic,mineral,mineral.silicate.tectosilicate.fine.vswir.ts-2a.jpl.beckman.spectrum.txt,0.001152,0.996028,0.883721,0.002866,0.797300,1.000000,0.000879,0.978511,1.000000,0.000561,1.000000,0.000000,0.000729,1.000000,0.000000
"Labradorite (Feldspar) (NaSi,CaAl)AlSi_2O_8 (TS-2A)",TS-2A,becknic,mineral,mineral.silicate.tectosilicate.fine.vswir.ts-2a.jpl.perkin.spectrum.txt,0.000691,0.997369,0.883721,0.000966,0.882784,1.000000,0.001108,0.986219,1.000000,0.000812,1.000000,0.000000,0.001113,0.000000,0.000000
"Labradorite (Feldspar) (NaSi,CaAl)AlSi_2O_8 (TS-2B)",TS-2B,becknic,mineral,mineral.silicate.tectosilicate.fine.vswir.ts-2b.jpl.beckman.spectrum.txt,0.001338,0.993757,0.883721,0.001057,0.875391,1.000000,0.001905,0.854912,1.000000,0.000585,1.000000,0.000000,0.000742,1.000000,0.000000
"Labradorite (Feldspar) (NaSi,CaAl)AlSi_2O_8 (TS-2B)",TS-2B,becknic,mineral,mineral.silicate.tectosilicate.fine.vswir.ts-2b.jpl.perkin.spectrum.txt,0.000574,0.999103,0.883721,0.001477,0.709952,1.000000,0.001839,0.628388,1.000000,0.000507,1.000000,0.000000,0.000638,1.000000,0.000000
"Oligoclase (Feldspar) (NaSi,CaAl)AlSi_2O_8 (TS-3A)",TS-3A,becknic,mineral,mineral.silicate.tectosilicate.fine.vswir.ts-3a.jpl.beckman.spectrum.txt,0.001086,0.997573,0.883721,0.001062,-0.096425,1.000000,0.001730,0.931049,1.000000,0.000520,1.000000,0.000000,0.000766,1.000000,0.000000
"Oligoclase (Feldspar) (NaSi,CaAl)AlSi_2O_8 (TS-3A)",TS-3A,becknic,mineral,mineral.silicate.tectosilicate.fine.vswir.ts-3a.jpl.perkin.spectrum.txt,0.000489,0.999645,0.883721,0.001476,0.000000,1.000000,0.001484,0.990378,1.000000,0.000576,1.000000,0.000000,0.000680,1.000000,0.000000
"Andesine (Feldspar) (NaSi,CaAl)AlSi_2O_8 (TS-4A)",TS-4A,becknic,mineral,mineral.silicate.tectosilicate.fine.vswir.ts-4a.jpl.beckman.spectrum.txt,0.001085,0.999744,0.883721,0.000920,0.229159,1.000000,0.001265,0.966499,1.000000,0.000540,1.000000,0.000000,0.000757,1.000000,0.000000
"Andesine (Feldspar) (NaSi,CaAl)AlSi_2O_8 (TS-4A)",TS-4A,becknic,mineral,mineral.silicate.tectosilicate.fine.vswir.ts-4a.jpl.perkin.spectrum.txt,0.000841,0.999871,0.883721,0.000841,0.595502,1.000000,0.001294,0.990646,1.000000,0.000606,1.000000,0.000000,0.000705,1.000000,0.000000
"Anorthite (Feldspar) (NaSi,CaAl)AlSi_2O_8 (TS-5A)",TS-5A,becknic,mineral,mineral.silicate.tectosilicate.fine.vswir.ts-5a.jpl.beckman.spectrum.txt,0.000900,0.999490,0.883721,0.001187,0.000000,1.000000,0.000973,0.991122,1.000000,0.000782,1.000000,0.000000,0.000766,1.000000,0.000000
"Anorthite (Feldspar) (NaSi,CaAl)AlSi_2O_8 (TS-5A)",TS-5A,becknic,mineral,mineral.silicate.tectosilicate.fine.vswir.ts-5a.jpl.perkin.spectrum.txt,0.000709,0.999792,0.883721,0.001174,0.071494,1.000000,0.001331,0.993790,1.000000,0.000797,1.000000,0.000000,0.000823,1.000000,0.000000
"Albite (Feldspar) (K,Na)AlSi_3O_8 (TS-6A)",TS-6A,becknic,mineral,mineral.silicate.tectosilicate.fine.vswir.ts-6a.jpl.beckman.spectrum.txt,0.001209,0.997862,0.883721,0.000717,0.633509,1.000000,0.001193,0.966258,1.000000,0.000589,1.000000,0.000000,0.000706,1.000000,0.000000
"Albite (Feldspar) (K,Na)AlSi_3O_8 (TS-6A)",TS-6A,becknic,mineral,mineral.silicate.tectosilicate.fine.vswir.ts-6a.jpl.perkin.spectrum.txt,0.001240,0.998462,0.883721,0.000474,0.818212,1.000000,0.001249,0.988505,1.000000,0.000406,1.000000,0.000000,0.000739,1.000000,0.000000
"Cristobalite SiO_2 (TS-7A)",TS-7A,becknic,mineral,mineral.silicate.tectosilicate.fine.vswir.ts-7a.jpl.beckman.spectrum.txt,0.002143,0.994484,0.883721,0.001646,0.925783,1.000000,0.002167,0.985572,1.000000,0.000703,1.000000,0.000000,0.000758,1.000000,0.000000
"Natrolite Na_2Al_2Si_3O_10.2H_2O (TS-8A)",TS-8A,becknic,mineral,mineral.silicate.tectosilicate.fine.vswir.ts-8a.jpl.beckman.spectrum.txt,0.001151,0.998081,0.883721,0.001220,0.168658,1.000000,0.012981,0.985485,1.000000,0.000669,1.000000,0.000000,0.000796,1.000000,0.000000
"Natrolite Na_2Al_2Si_3O_10.2H_2O (TS-8A)",TS-8A,becknic,mineral,mineral.silicate.tectosilicate.fine.vswir.ts-8a.jpl.perkin.spectrum.txt,0.000845,0.999172,0.883721,0.001146,0.469728,1.000000,0.017985,0.975925,1.000000,0.000756,1.000000,0.000000,0.000770,1.000000,0.000000
"Stilbite NaCa_2Al_5Si_3O_36.14H_2O (TS-9A)",TS-9A,becknic,mineral,mineral.silicate.tectosilicate.fine.vswir.ts-9a.jpl.beckman.spectrum.txt,0.001067,0.995628,0.883721,0.002165,0.777518,1.000000,0.005359,0.998679,1.000000,0.000979,1.000000,0.000000,0.000700,1.000000,0.000000
"Stilbite NaCa_2Al_5Si_3O_36.14H_2O (TS-9A)",TS-9A,becknic,mineral,mineral.silicate.tectosilicate.fine.vswir.ts-9a.jpl.perkin.spectrum.txt,0.000503,0.999347,0.883721,0.001799,0.842956,1.000000,0.005974,0.998438,1.000000,0.000883,1.000000,0.000000,0.000672,1.000000,0.000000
"Sodalite Na_8Al_6Si_6O_24Cl_2 (TS-10A)",TS-10A,becknic,mineral,mineral.silicate.tectosilicate.medium.tir.ts-10a.jpl.nicolet.spectrum.txt,0.000229,1.000000,0.000000,0.000812,1.000000,0.000000,0.001540,0.987659,0.356929,0.015553,0.993918,1.000000,0.012799,0.983925,1.000000
"Orthoclase (Feldspar) (K,Na)AlSi_3O_8 (TS-12A)",TS-12A,becknic,mineral,mineral.silicate.tectosilicate.medium.tir.ts-12a.jpl.nicolet.spectrum.txt,0.000266,1.000000,0.000000,0.000721,1.000000,0.000000,0.000808,0.935513,0.356929,0.008790,0.999148,1.000000,0.003122,0.996478,1.000000
"Microcline (Feldspar) (K,Na)AlSi_3O_8 (TS-17A)",TS-17A,becknic,mineral,mineral.silicate.tectosilicate.medium.tir.ts-17a.jpl.nicolet.spectrum.txt,0.000222,1.000000,0.000000,0.000677,1.000000,0.000000,0.002928,0.989743,0.356929,0.005953,0.999340,1.000000,0.004892,0.992282,1.000000
"Quartz SiO_2 (TS-1A)",TS-1A,becknic,mineral,mineral.silicate.tectosilicate.medium.tir.ts-1a.jpl.nicolet.spectrum.txt,0.000263,1.000000,0.000000,0.000709,1.000000,0.000000,0.000841,0.683683,0.356929,0.006273,0.999636,1.000000,0.004652,0.999135,1.000000
"Quartz SiO_2 (TS-1B)",TS-1B,becknic,mineral,mineral.silicate.tectosilicate.medium.tir.ts-1b.jpl.nicolet.spectrum.txt,0.000218,1.000000,0.000000,0.000618,1.000000,0.000000,0.000923,0.845611,0.356929,0.006885,0.999579,1.000000,0.004772,0.999095,1.000000
"Quartz SiO_2 (TS-1C)",TS-1C,becknic,mineral,mineral.silicate.tectosilicate.medium.tir.ts-1c.jpl.nicolet.spectrum.txt,0.000221,1.000000,0.000000,0.000609,1.000000,0.000000,0.001002,0.335069,0.356929,0.005868,0.999659,1.000000,0.004413,0.999199,1.000000
"Quartz SiO_2 (TS-1D)",TS-1D,becknic,mineral,mineral.silicate.tectosilicate.medium.tir.ts-1d.jpl.nicolet.spectrum.txt,0.000226,1.000000,0.000000,0.000608,1.000000,0.000000,0.000934,0.281357,0.356929,0.006577,0.999587,1.000000,0.004550,0.999204,1.000000
"Quartz SiO_2 (TS-1E)",TS-1E,becknic,mineral,mineral.silicate.tectosilicate.medium.tir.ts-1e.jpl.nicolet.spectrum.txt,0.000226,1.000000,0.000000,0.000719,1.000000,0.000000,0.002508,0.992142,0.356929,0.011234,0.997247,1.000000,0.004699,0.997850,1.000000
"Labradorite (Feldspar) (NaSi,CaAl)AlSi_2O_8 (TS-2A)",TS-2A,becknic,mineral,mineral.silicate.tectosilicate.medium.tir.ts-2a.jpl.nicolet.spectrum.txt,0.000220,1.000000,0.000000,0.000672,1.000000,0.000000,0.001003,0.090185,0.356929,0.005598,0.999591,1.000000,0.002564,0.994109,1.000000
"Labradorite (Feldspar) (NaSi,CaAl)AlSi_2O_8 (TS-2B)",TS-2B,becknic,mineral,mineral.silicate.tectosilicate.medium.tir.ts-2b.jpl.nicolet.spectrum.txt,0.001284,0.000000,0.000000,0.000531,1.000000,0.000000,0.001822,0.946007,0.356929,0.002280,0.999800,1.000000,0.002306,0.995390,1.000000
"Oligoclase (Feldspar) (NaSi,CaAl)AlSi_2O_8 (TS-3A)",TS-3A,becknic,mineral,mineral.silicate.tectosilicate.medium.tir.ts-3a.jpl.nicolet.spectrum.txt,0.000222,1.000000,0.000000,0.000679,1.000000,0.000000,0.002031,0.972396,0.356929,0.004597,0.999676,1.000000,0.003680,0.992239,1.000000
"Andesine (Feldspar) (NaSi,CaAl)AlSi_2O_8 (TS-4A)",TS-4A,becknic,mineral,mineral.silicate.tectosilicate.medium.tir.ts-4a.jpl.nicolet.spectrum.txt,0.000217,1.000000,0.000000,0.000622,1.000000,0.000000,0.001685,0.929826,0.356929,0.004896,0.999699,1.000000,0.003271,0.993088,1.000000
"Anorthite (Feldspar) (NaSi,CaAl)AlSi_2O_8 (TS-5A)",TS-5A,becknic,mineral,mineral.silicate.tectosilicate.medium.tir.ts-5a.jpl.nicolet.spectrum.txt,0.000242,1.000000,0.000000,0.000640,1.000000,0.000000,0.003663,0.990617,0.356929,0.005196,0.999202,1.000000,0.004660,0.978092,1.000000
"Albite (Feldspar) (K,Na)AlSi_3O_8 (TS-6A)",TS-6A,becknic,mineral,mineral.silicate.tectosilicate.medium.tir.ts-6a.jpl.nicolet.spectrum.txt,0.000222,1.000000,0.000000,0.000678,1.000000,0.000000,0.002306,0.967269,0.356929,0.005113,0.999628,1.000000,0.003244,0.994123,1.000000
"Natrolite Na_2Al_2Si_3O_10.2H_2O (TS-8A)",TS-8A,becknic,mineral,mineral.silicate.tectosilicate.medium.tir.ts-8a.jpl.nicolet.spectrum.txt,0.000566,1.000000,0.000000,0.000466,1.000000,0.000000,0.013003,0.984966,0.356929,0.015946,0.984216,1.000000,0.017543,0.926090,1.000000
"Stilbite NaCa_2Al_5Si_3O_36.14H_2O (TS-9A)",TS-9A,becknic,mineral,mineral.silicate.tectosilicate.medium.tir.ts-9a.jpl.nicolet.spectrum.txt,0.000629,1.000000,0.000000,0.000471,1.000000,0.000000,0.003897,0.997901,0.356929,0.010663,0.975292,1.000000,0.002922,0.996130,1.000000
"Sodalite Na_8Al_6Si_6O_24Cl_2 (TS-10A)",TS-10A,becknic,mineral,mineral.silicate.tectosilicate.medium.vswir.ts-10a.jpl.beckman.spectrum.txt,0.006527,0.992896,0.883721,0.001726,0.913626,1.000000,0.002355,0.991432,1.000000,0.000785,1.000000,0.000000,0.000784,1.000000,0.000000
"Sodalite Na_8Al_6Si_6O_24Cl_2 (TS-10A)",TS-10A,becknic,mineral,mineral.silicate.tectosilicate.medium.vswir.ts-10a.jpl.perkin.spectrum.txt,0.005981,0.993980,0.883721,0.000632,0.987322,1.000000,0.001574,0.996333,1.000000,0.000801,1.000000,0.000000,0.000815,1.000000,0.000000
"Buddingtonite (Feldspar) (NH_4)AlSi_3O_8.0.5H_2O (TS-11A)",TS-11A,becknic,mineral,mineral.silicate.tectosilicate.medium.vswir.ts-11a.jpl.beckman.spectrum.txt,0.001802,0.999709,0.883721,0.001605,0.992333,1.000000,0.008790,0.990262,1.000000,0.000473,1.000000,0.000000,0.000622,1.000000,0.000000
"Orthoclase (Feldspar) (K,Na)AlSi_3O_8 (TS-12A)",TS-12A,becknic,mineral,mineral.silicate.tectosilicate.medium.vswir.ts-12a.jpl.beckman.spectrum.txt,0.001375,0.998819,0.883721,0.000911,0.943923,1.000000,0.001124,0.968155,1.000000,0.000618,1.000000,0.000000,0.000911,1.000000,0.000000
"Orthoclase (Feldspar) (K,Na)AlSi_3O_8 (TS-12A)",TS-12A,becknic,mineral,mineral.silicate.tectosilicate.medium.vswir.ts-12a.jpl.perkin.spectrum.txt,0.001109,0.999103,0.883721,0.000923,0.736963,1.000000,0.001740,0.938294,1.000000,0.000556,1.000000,0.000000,0.000736,1.000000,0.000000
"Nepheline (Na,K)AlSiO_4 (TS-16A)",TS-16A,becknic,mineral,mineral.silicate.tectosilicate.medium.vswir.ts-16a.jpl.beckman.spectrum.txt,0.001089,0.998366,0.883721,0.001767,0.688172,1.000000,0.003582,0.995645,1.000000,0.000675,1.000000,0.000000,0.000809,1.000000,0.000000
"Microcline (Feldspar) (K,Na)AlSi_3O_8 (TS-17A)",TS-17A,becknic,mineral,mineral.silicate.tectosilicate.medium.vswir.ts-17a.jpl.beckman.spectrum.txt,0.001949,0.999743,0.883721,0.001510,0.977244,1.000000,0.002582,0.995163,1.000000,0.000493,1.000000,0.000000,0.000695,1.000000,0.000000
"Microcline (Feldspar) (K,Na)AlSi_3O_8 (TS-17A)",TS-17A,becknic,mineral,mineral.silicate.tectosilicate.medium.vswir.ts-17a.jpl.perkin.spectrum.txt,0.001850,0.999787,0.883721,0.000999,0.987827,1.000000,0.002401,0.996769,1.000000,0.000751,1.000000,0.000000,0.000753,1.000000,0.000000
"Quartz SiO_2 (TS-1A)",TS-1A,becknic,mineral,mineral.silicate.tectosilicate.medium.vswir.ts-1a.jpl.beckman.spectrum.txt,0.000942,0.972664,0.883721,0.001138,0.722755,1.000000,0.001499,0.919337,1.000000,0.000592,1.000000,0.000000,0.000875,1.000000,0.000000
"Quartz SiO_2 (TS-1A)",TS-1A,becknic,mineral,mineral.silicate.tectosilicate.medium.vswir.ts-1a.jpl.perkin.spectrum.txt,0.000271,0.999556,0.883721,0.000565,1.000000,1.000000,0.001380,0.966231,1.000000,0.000523,1.000000,0.000000,0.000772,1.000000,0.000000
"Quartz SiO_2 (TS-1B)",TS-1B,becknic,mineral,mineral.silicate.tectosilicate.medium.vswir.ts-1b.jpl.beckman.spectrum.txt,0.001147,0.998725,0.883721,0.001626,0.995595,1.000000,0.001020,0.985755,1.000000,0.000536,1.000000,0.000000,0.000790,1.000000,0.000000
"Quartz SiO_2 (TS-1B)",TS-1B,becknic,mineral,mineral.silicate.tectosilicate.medium.vswir.ts-1b.jpl.perkin.spectrum.txt,0.000865,0.999392,0.883721,0.000677,0.999196,1.000000,0.001356,0.947037,1.000000,0.000521,1.000000,0.000000,0.000769,1.000000,0.000000
"Quartz SiO_2 (TS-1C)",TS-1C,becknic,mineral,mineral.silicate.tectosilicate.medium.vswir.ts-1c.jpl.beckman.spectrum.txt,0.001216,0.994118,0.883721,0.001215,0.546706,1.000000,0.001802,0.766511,1.000000,0.000596,1.000000,0.000000,0.000881,1.000000,0.000000
"Quartz SiO_2 (TS-1C)",TS-1C,becknic,mineral,mineral.silicate.tectosilicate.medium.vswir.ts-1c.jpl.perkin.spectrum.txt,0.001892,0.988896,0.883721,0.001118,0.000000,1.000000,0.001176,0.978044,1.000000,0.000568,1.000000,0.000000,0.000695,1.000000,0.000000
"Quartz SiO_2 (TS-1D)",TS-1D,becknic,mineral,mineral.silicate.tectosilicate.medium.vswir.ts-1d.jpl.beckman.spectrum.txt,0.001247,0.982241,0.883721,0.001150,-0.067754,1.000000,0.001711,0.825537,1.000000,0.000642,1.000000,0.000000,0.001003,0.000000,0.000000
"Quartz SiO_2 (TS-1D)",TS-1D,becknic,mineral,mineral.silicate.tectosilicate.medium.vswir.ts-1d.jpl.perkin.spectrum.txt,0.000536,0.998096,0.883721,0.000518,1.000000,1.000000,0.001206,0.975599,1.000000,0.000522,1.000000,0.000000,0.000766,1.000000,0.000000
"Quartz SiO_2 (TS-1E)",TS-1E,becknic,mineral,mineral.silicate.tectosilicate.medium.vswir.ts-1e.jpl.beckman.spectrum.txt,0.003009,0.996781,0.883721,0.001485,0.996872,1.000000,0.002850,0.995666,1.000000,0.000668,1.000000,0.000000,0.000799,1.000000,0.000000
"Quartz SiO_2 (TS-1E)",TS-1E,becknic,mineral,mineral.silicate.tectosilicate.medium.vswir.ts-1e.jpl.perkin.spectrum.txt,0.002725,0.997892,0.883721,0.001829,0.995479,1.000000,0.003180,0.996122,1.000000,0.000711,1.000000,0.000000,0.000768,1.000000,0.000000
"Labradorite (Feldspar) (NaSi,CaAl)AlSi_2O_8 (TS-2A)",TS-2A,becknic,mineral,mineral.silicate.tectosilicate.medium.vswir.ts-2a.jpl.beckman.spectrum.txt,0.001760,0.998054,0.883721,0.002669,0.993504,1.000000,0.001433,0.997955,1.000000,0.000621,1.000000,0.000000,0.000699,1.000000,0.000000
"Labradorite (Feldspar) (NaSi,CaAl)AlSi_2O_8 (TS-2A)",TS-2A,becknic,mineral,mineral.silicate.tectosilicate.medium.vswir.ts-2a.jpl.perkin.spectrum.txt,0.001265,0.999148,0.883721,0.001993,0.996153,1.000000,0.002122,0.993474,1.000000,0.000484,1.000000,0.000000,0.000797,1.000000,0.000000
"Labradorite (Feldspar) (NaSi,CaAl)AlSi_2O_8 (TS-2B)",TS-2B,becknic,mineral,mineral.silicate.tectosilicate.medium.vswir.ts-2b.jpl.beckman.spectrum.txt,0.001744,0.995966,0.883721,0.001821,0.941346,1.000000,0.001376,0.994025,1.000000,0.000974,1.000000,0.000000,0.000579,1.000000,0.000000
"Labradorite (Feldspar) (NaSi,CaAl)AlSi_2O_8 (TS-2B)",TS-2B,becknic,mineral,mineral.silicate.tectosilicate.medium.vswir.ts-2b.jpl.perkin.spectrum.txt,0.001614,0.996848,0.883721,0.000946,0.978466,1.000000,0.001225,0.992364,1.000000,0.000994,1.000000,0.000000,0.000604,1.000000,0.000000
"Oligoclase (Feldspar) (NaSi,CaAl)AlSi_2O_8 (TS-3A)",TS-3A,becknic,mineral,mineral.silicate.tectosilicate.medium.vswir.ts-3a.jpl.beckman.spectrum.txt,0.001789,0.994866,0.883721,0.000714,0.920336,1.000000,0.002315,0.986603,1.000000,0.000467,1.000000,0.000000,0.000799,1.000000,0.000000
"Oligoclase (Feldspar) (NaSi,CaAl)AlSi_2O_8 (TS-3A)",TS-3A,becknic,mineral,mineral.silicate.tectosilicate.medium.vswir.ts-3a.jpl.perkin.spectrum.txt,0.000878,0.999286,0.883721,0.001316,0.798145,1.000000,0.002474,0.991771,1.000000,0.000418,1.000000,0.000000,0.000713,1.000000,0.000000
"Andesine (Feldspar) (NaSi,CaAl)AlSi_2O_8 (TS-4A)",TS-4A,becknic,mineral,mineral.silicate.tectosilicate.medium.vswir.ts-4a.jpl.beckman.spectrum.txt,0.000949,0.999730,0.883721,0.001921,0.980530,1.000000,0.001596,0.996799,1.000000,0.000507,1.000000,0.000000,0.000780,1.000000,0.000000
"Andesine (Feldspar) (NaSi,CaAl)AlSi_2O_8 (TS-4A)",TS-4A,becknic,mineral,mineral.silicate.tectosilicate.medium.vswir.ts-4a.jpl.perkin.spectrum.txt,0.000877,0.999786,0.883721,0.002430,0.961823,1.000000,0.001755,0.994491,1.000000,0.000495,1.000000,0.000000,0.000789,1.000000,0.000000
"Anorthite (Feldspar) (NaSi,CaAl)AlSi_2O_8 (TS-5A)",TS-5A,becknic,mineral,mineral.silicate.tectosilicate.medium.vswir.ts-5a.jpl.beckman.spectrum.txt,0.001303,0.999376,0.883721,0.000752,0.986778,1.000000,0.001906,0.997796,1.000000,0.000756,1.000000,0.000000,0.000772,1.000000,0.000000
"Anorthite (Feldspar) (NaSi,CaAl)AlSi_2O_8 (TS-5A)",TS-5A,becknic,mineral,mineral.silicate.tectosilicate.medium.vswir.ts-5a.jpl.perkin.spectrum.txt,0.001468,0.999381,0.883721,0.001126,0.965485,1.000000,0.003462,0.994327,1.000000,0.000739,1.000000,0.000000,0.000748,1.000000,0.000000
"Albite (Feldspar) (K,Na)AlSi_3O_8 (TS-6A)",TS-6A,becknic,mineral,mineral.silicate.tectosilicate.medium.vswir.ts-6a.jpl.beckman.spectrum.txt,0.002135,0.997089,0.883721,0.003656,0.791276,1.000000,0.001433,0.997254,1.000000,0.000570,1.000000,0.000000,0.000704,1.000000,0.000000
"Albite (Feldspar) (K,Na)AlSi_3O_8 (TS-6A)",TS-6A,becknic,mineral,mineral.silicate.tectosilicate.medium.vswir.ts-6a.jpl.perkin.spectrum.txt,0.001378,0.999168,0.883721,0.001880,0.932922,1.000000,0.001923,0.994653,1.000000,0.000667,1.000000,0.000000,0.000731,1.000000,0.000000
"Natrolite Na_2Al_2Si_3O_10.2H_2O (TS-8A)",TS-8A,becknic,mineral,mineral.silicate.tectosilicate.medium.vswir.ts-8a.jpl.beckman.spectrum.txt,0.001476,0.998290,0.883721,0.001076,0.965604,1.000000,0.016112,0.992455,1.000000,0.000767,1.000000,0.000000,0.000538,1.000000,0.000000
"Natrolite Na_2Al_2Si_3O_10.2H_2O (TS-8A)",TS-8A,becknic,mineral,mineral.silicate.tectosilicate.medium.vswir.ts-8a.jpl.perkin.spectrum.txt,0.000752,0.999578,0.883721,0.001181,0.954765,1.000000,0.019774,0.989003,1.000000,0.000766,1.000000,0.000000,0.000540,1.000000,0.000000
"Stilbite NaCa_2Al_5Si_3O_36.14H_2O (TS-9A)",TS-9A,becknic,mineral,mineral.silicate.tectosilicate.medium.vswir.ts-9a.jpl.beckman.spectrum.txt,0.001098,0.998725,0.883721,0.007066,0.861152,1.000000,0.009799,0.997865,1.000000,0.000516,1.000000,0.000000,0.000317,1.000000,0.000000
"Stilbite NaCa_2Al_5Si_3O_36.14H_2O (TS-9A)",TS-9A,becknic,mineral,mineral.silicate.tectosilicate.medium.vswir.ts-9a.jpl.perkin.spectrum.txt,0.000613,0.999685,0.883721,0.004567,0.927531,1.000000,0.008083,0.998582,1.000000,0.000492,1.000000,0.000000,0.000296,1.000000,0.000000
"Chabazite CaAl2Si4O12.6H2O (chabazite_1)",chabazite_1,becknic,mineral,mineral.silicate.tectosilicate.solid.tir.chabazite_1.jhu.nicolet.spectrum.txt,0.000073,1.000000,0.000000,0.000101,1.000000,0.000000,0.000199,1.000000,0.300357,0.000383,0.984584,1.000000,0.001652,0.997685,1.000000
"Clinoptilolite (Na,K,Ca)2-3Al3(Al,Si)2Si13O36.12H2O (clinopt_1)",clinopt_1,becknic,mineral,mineral.silicate.tectosilicate.solid.tir.clinopt_1.jhu.nicolet.spectrum.txt,0.000532,1.000000,0.000000,0.000429,1.000000,0.000000,0.000992,0.990880,0.300357,0.001144,0.998531,1.000000,0.000424,0.991621,1.000000
"Erionite (K2,Ca,Na2)2Al4Si14O36.15H2O (erionite_1)",erionite_1,becknic,mineral,mineral.silicate.tectosilicate.solid.tir.erionite_1.jhu.nicolet.spectrum.txt,0.000505,1.000000,0.000000,0.000452,1.000000,0.000000,0.000911,0.988676,0.300357,0.000934,0.999092,1.000000,0.000490,0.996144,1.000000
"Heulandite (Na,Ca)2-3Al3(Al,Si)2Si13O36.12H2O (heulan_2)",heulan_2,becknic,mineral,mineral.silicate.tectosilicate.solid.tir.heulan_2.jhu.nicolet.spectrum.txt,0.000470,1.000000,0.000000,0.000498,1.000000,0.000000,0.000958,0.994998,0.300357,0.001702,0.997756,1.000000,0.004586,0.997565,1.000000
"Labradorite (Na,Ca)Al(Al,Si)Si2O8 (labrador_1)",labrador_1,becknic,mineral,mineral.silicate.tectosilicate.solid.tir.labrador_1.jhu.nicolet.spectrum.txt,0.000059,1.000000,0.000000,0.000081,1.000000,0.000000,0.000156,0.996388,0.300357,0.000494,0.993549,1.000000,0.003643,0.994215,1.000000
"Leucite KAlSi2O6 (leucite_1)",leucite_1,becknic,mineral,mineral.silicate.tectosilicate.solid.tir.leucite_1.jhu.nicolet.spectrum.txt,0.000104,1.000000,0.000000,0.000145,1.000000,0.000000,0.000228,1.000000,0.300357,0.000407,0.991876,1.000000,0.003562,0.996462,1.000000
"Microcline KAlSi3O8 (micro_1)",micro_1,becknic,mineral,mineral.silicate.tectosilicate.solid.tir.micro_1.jhu.nicolet.spectrum.txt,0.000503,1.000000,0.000000,0.000381,1.000000,0.000000,0.000373,1.000000,0.300357,0.000895,0.998429,1.000000,0.007673,0.992843,1.000000
"Mordenite (Ca,Na2,K2)Al2Si10O24.7H2O (morden_1)",morden_1,becknic,mineral,mineral.silicate.tectosilicate.solid.tir.morden_1.jhu.nicolet.spectrum.txt,0.000130,1.000000,0.000000,0.000251,1.000000,0.000000,0.000605,0.994857,0.300357,0.000326,0.999035,1.000000,0.002754,0.975585,1.000000
"Natrolite Na2Al2Si3O10.2H2O (natrol_1)",natrol_1,becknic,mineral,mineral.silicate.tectosilicate.solid.tir.natrol_1.jhu.nicolet.spectrum.txt,0.000507,1.000000,0.000000,0.000388,1.000000,0.000000,0.000955,0.951487,0.300357,0.002096,0.960075,1.000000,0.024784,0.968580,1.000000
"Nepheline (Na,K)AlSiO4 (nephel_2)",nephel_2,becknic,mineral,mineral.silicate.tectosilicate.solid.tir.nephel_2.jhu.nicolet.spectrum.txt,0.000089,1.000000,0.000000,0.000123,1.000000,0.000000,0.000134,1.000000,0.300357,0.000311,0.993331,1.000000,0.005006,0.997135,1.000000
"Orthoclase KAlSi3O8 (orthocl_3)",orthocl_3,becknic,mineral,mineral.silicate.tectosilicate.solid.tir.orthocl_3.jhu.nicolet.spectrum.txt,0.000128,1.000000,0.000000,0.000248,1.000000,0.000000,0.000303,0.924523,0.300357,0.000327,0.993970,1.000000,0.004750,0.997288,1.000000
"Quartz SiO2 (quartz_1)",quartz_1,becknic,mineral,mineral.silicate.tectosilicate.solid.tir.quartz_1.jhu.nicolet.spectrum.txt,0.000533,1.000000,0.000000,0.000427,1.000000,0.000000,0.000447,1.000000,0.300357,0.001158,0.992104,1.000000,0.019390,0.992999,1.000000
"Sanidine (K,Na)Al3O8 (sanidine_1)",sanidine_1,becknic,mineral,mineral.silicate.tectosilicate.solid.tir.sanidine_1.jhu.nicolet.spectrum.txt,0.000229,1.000000,0.000000,0.000309,1.000000,0.000000,0.000293,0.951107,0.300357,0.000505,0.989511,1.000000,0.010296,0.994082,1.000000
"Sanidine (K,Na)Al3O8 (sanidine_3)",sanidine_3,becknic,mineral,mineral.silicate.tectosilicate.solid.tir.sanidine_3.jhu.nicolet.spectrum.txt,0.000092,1.000000,0.000000,0.000128,1.000000,0.000000,0.000213,0.987961,0.300357,0.000606,0.992282,1.000000,0.011455,0.987109,1.000000
"Sodalite Na8Al6Si6O24Cl2 (sodalite_1)",sodalite_1,becknic,mineral,mineral.silicate.tectosilicate.solid.tir.sodalite_1.jhu.nicolet.spectrum.txt,0.000057,1.000000,0.000000,0.000080,1.000000,0.000000,0.000132,1.000000,0.300357,0.000339,0.995297,1.000000,0.009410,0.982253,1.000000
"Epsomite MgSO4�7H2O (Epsomite)",Epsomite,becknic,mineral,mineral.sulfate.none.coarse.all.epsomite.usgs.perknic.spectrum.txt,0.001488,0.999361,0.883721,0.004755,0.980789,1.000000,0.005985,0.999126,1.000000,0.002045,0.973035,1.000000,0.002713,0.968805,0.888353
"Eugsterite Na4Ca(SO4)3 * 2H2O (Eugstec)",Eugstec,becknic,mineral,mineral.sulfate.none.coarse.all.eugstec.usgs.perknic.spectrum.txt,0.001014,0.998480,0.883721,0.001356,0.945972,1.000000,0.004104,0.994924,1.000000,0.014947,0.987869,1.000000,0.004690,0.977860,0.870588
"Bloedite Na2Mg(So4)2 * 3H2O (GDS147)",GDS147,becknic,mineral,mineral.sulfate.none.coarse.all.gds147.usgs.perknic.spectrum.txt,0.000984,0.998764,0.883721,0.001812,0.827229,1.000000,0.004646,0.998128,1.000000,0.001234,0.992736,1.000000,0.006058,0.958142,0.870588
"Gypsum CaSO4 * 2H2O (gypsumc)",gypsumc,becknic,mineral,mineral.sulfate.none.coarse.all.gypsumc.usgs.perknic.spectrum.txt,0.001028,0.999718,0.883721,0.002735,0.799511,1.000000,0.007623,0.996207,1.000000,0.002882,0.991724,1.000000,0.003927,0.991554,0.870588
"Hexahydrite MgSO4�6H2O (Hexahydr)",Hexahydr,becknic,mineral,mineral.sulfate.none.coarse.all.hexahydr.usgs.perknic.spectrum.txt,0.000945,0.999433,0.883721,0.001002,0.987956,1.000000,0.006406,0.998946,1.000000,0.002682,0.992217,1.000000,0.000618,0.994381,0.888353
"Mirabilite Na2SO4�10H2O (Mirabili)",Mirabili,becknic,mineral,mineral.sulfate.none.coarse.all.mirabili.usgs.perknic.spectrum.txt,0.001042,0.994176,0.883721,0.008197,0.935544,1.000000,0.007194,0.998449,1.000000,0.002588,0.992232,1.000000,0.002822,0.980263,0.888353
"Polyhalite K2Ca2Mg(SO4)4 * 2H2O (NMNH92669-4)",NMNH92669-4,becknic,mineral,mineral.sulfate.none.coarse.all.nmnh92669-4.usgs.perknic.spectrum.txt,0.002495,0.999599,0.883721,0.001635,0.994322,1.000000,0.009920,0.994069,1.000000,0.006584,0.982574,1.000000,0.006720,0.890769,0.870588
"Thenardite Na2SO4 (None)",None,becknic,mineral,mineral.sulfate.none.coarse.all.none.usgs.perknic.spectrum.txt,0.001091,0.999708,0.883721,0.001297,0.969756,1.000000,0.002797,0.993760,1.000000,0.015026,0.988846,1.000000,0.008799,0.971239,0.870588
"Alunite (potassium alunite) KAl3(SO4)2(OH)6 (alunite_2)",alunite_2,becknic,mineral,mineral.sulfate.none.coarse.tir.alunite_2.jhu.nicolet.spectrum.txt,0.000238,1.000000,0.000000,0.000312,1.000000,0.000000,0.002857,0.957736,0.300357,0.001918,0.962948,1.000000,0.004415,0.969431,1.000000
"Alunite (potassium alunite) KAl3(SO4)2(OH)6 (alunite_3)",alunite_3,becknic,mineral,mineral.sulfate.none.coarse.tir.alunite_3.jhu.nicolet.spectrum.txt,0.000494,1.000000,0.000000,0.000498,1.000000,0.000000,0.002415,0.950714,0.300357,0.002338,0.987391,1.000000,0.007619,0.945055,1.000000
"Alunite (sodium alunite) NaAl3(SO4)2(OH)6 (alunite_4)",alunite_4,becknic,mineral,mineral.sulfate.none.coarse.tir.alunite_4.jhu.nicolet.spectrum.txt,0.000473,1.000000,0.000000,0.000546,1.000000,0.000000,0.002817,0.969312,0.300357,0.003556,0.971113,1.000000,0.009535,0.969326,1.000000
"Anhydrite CaSO4 (anhydrite_1)",anhydrite_1,becknic,mineral,mineral.sulfate.none.coarse.tir.anhydrite_1.jhu.nicolet.spectrum.txt,0.000126,1.000000,0.000000,0.000241,1.000000,0.000000,0.000428,0.876232,0.300357,0.002257,0.984760,1.000000,0.001577,0.950363,1.000000
"Barite, BaSO4 (barite_1)",barite_1,becknic,mineral,mineral.sulfate.none.coarse.tir.barite_1.jhu.nicolet.spectrum.txt,0.000508,1.000000,0.000000,0.000390,1.000000,0.000000,0.000560,0.848297,0.300357,0.002707,0.992799,1.000000,0.002458,0.973978,1.000000
"Gypsum (alabaster) CaSO4.2H20 (gypsum_1)",gypsum_1,becknic,mineral,mineral.sulfate.none.coarse.tir.gypsum_1.jhu.nicolet.spectrum.txt,0.000507,1.000000,0.000000,0.000387,1.000000,0.000000,0.000753,0.996154,0.300357,0.001488,0.996559,1.000000,0.001660,0.974244,1.000000
"Gypsum (selenite) CaSO4.2H2O (gypsum_2)",gypsum_2,becknic,mineral,mineral.sulfate.none.coarse.tir.gypsum_2.jhu.nicolet.spectrum.txt,0.000281,1.000000,0.000000,0.000329,1.000000,0.000000,0.000616,0.997826,0.300357,0.000926,0.997343,1.000000,0.001624,0.954123,1.000000
"Anhydrite CaSO_4 (SO-1A)",SO-1A,becknic,mineral,mineral.sulfate.none.coarse.tir.so-1a.jpl.nicolet.spectrum.txt,0.000437,1.000000,0.000000,0.000589,1.000000,0.000000,0.002797,0.993533,0.356929,0.018831,0.986925,1.000000,0.021819,0.949362,1.000000
"Gypsum CaSO_4.2H_2O (SO-2B)",SO-2B,becknic,mineral,mineral.sulfate.none.coarse.tir.so-2b.jpl.nicolet.spectrum.txt,0.000426,1.000000,0.000000,0.000451,1.000000,0.000000,0.006989,0.987784,0.356929,0.006957,0.989975,1.000000,0.005455,0.993250,1.000000
"Barite BaSO_4 (SO-3A)",SO-3A,becknic,mineral,mineral.sulfate.none.coarse.tir.so-3a.jpl.nicolet.spectrum.txt,0.000251,1.000000,0.000000,0.000669,1.000000,0.000000,0.001375,0.972721,0.356929,0.019383,0.993819,1.000000,0.020920,0.926931,1.000000
"Celestite SrSO_4 (SO-5A)",SO-5A,becknic,mineral,mineral.sulfate.none.coarse.tir.so-5a.jpl.nicolet.spectrum.txt,0.000254,1.000000,0.000000,0.000679,1.000000,0.000000,0.000878,0.933371,0.356929,0.022547,0.993271,1.000000,0.018542,0.947912,1.000000
"Tschermigite (NH_4)Al(SO_4)_2.12H_2O (SO-6A)",SO-6A,becknic,mineral,mineral.sulfate.none.coarse.tir.so-6a.jpl.nicolet.spectrum.txt,0.000088,1.000000,0.000000,0.000122,1.000000,0.000000,0.000877,0.931097,0.356929,0.001107,0.939858,1.000000,0.008158,0.944916,1.000000
"Jarosite KFe_3^3+(SO_4)_2(OH)_6 (SO-7A)",SO-7A,becknic,mineral,mineral.sulfate.none.coarse.tir.so-7a.jpl.nicolet.spectrum.txt,0.000334,1.000000,0.000000,0.000239,1.000000,0.000000,0.002107,0.998715,0.356929,0.007734,0.992183,1.000000,0.001305,0.997011,1.000000
"Anglesite PbSO_4 (SO-10A)",SO-10A,becknic,mineral,mineral.sulfate.none.coarse.vswir.so-10a.jpl.beckman.spectrum.txt,0.000910,0.998985,0.883721,0.001150,0.992566,1.000000,0.001111,0.993075,1.000000,0.000964,1.000000,0.000000,0.000679,1.000000,0.000000
"Anglesite PbSO_4 (SO-10A)",SO-10A,becknic,mineral,mineral.sulfate.none.coarse.vswir.so-10a.jpl.perkin.spectrum.txt,0.000969,0.998954,0.883721,0.000699,0.998091,1.000000,0.001186,0.982096,1.000000,0.000979,1.000000,0.000000,0.000700,1.000000,0.000000
"Antlerite Cu_3(SO_4)(OH)_4 (SO-11A)",SO-11A,becknic,mineral,mineral.sulfate.none.coarse.vswir.so-11a.jpl.beckman.spectrum.txt,0.002725,0.997387,0.883721,0.000853,0.941106,1.000000,0.005244,0.995851,1.000000,0.000518,1.000000,0.000000,0.000368,1.000000,0.000000
"Antlerite Cu_3(SO_4)(OH)_4 (SO-11A)",SO-11A,becknic,mineral,mineral.sulfate.none.coarse.vswir.so-11a.jpl.perkin.spectrum.txt,0.002626,0.997663,0.883721,0.000659,0.958368,1.000000,0.007746,0.991277,1.000000,0.000516,1.000000,0.000000,0.000392,1.000000,0.000000
"Anhydrite CaSO_4 (SO-1A)",SO-1A,becknic,mineral,mineral.sulfate.none.coarse.vswir.so-1a.jpl.beckman.spectrum.txt,0.001505,0.999137,0.883721,0.001603,0.972345,1.000000,0.004462,0.996297,1.000000,0.000741,1.000000,0.000000,0.000645,1.000000,0.000000
"Anhydrite CaSO_4 (SO-1A)",SO-1A,becknic,mineral,mineral.sulfate.none.coarse.vswir.so-1a.jpl.perkin.spectrum.txt,0.001300,0.999366,0.883721,0.001440,0.965306,1.000000,0.005193,0.995064,1.000000,0.000720,1.000000,0.000000,0.000659,1.000000,0.000000
"Gypsum CaSO_4.2H_2O (SO-2B)",SO-2B,becknic,mineral,mineral.sulfate.none.coarse.vswir.so-2b.jpl.beckman.spectrum.txt,0.001416,0.978547,0.883721,0.004871,0.956476,1.000000,0.013219,0.996783,1.000000,0.000480,1.000000,0.000000,0.000285,1.000000,0.000000
"Gypsum CaSO_4.2H_2O (SO-2B)",SO-2B,becknic,mineral,mineral.sulfate.none.coarse.vswir.so-2b.jpl.perkin.spectrum.txt,0.001049,0.991781,0.883721,0.005631,0.924594,1.000000,0.012835,0.996987,1.000000,0.000481,1.000000,0.000000,0.000286,1.000000,0.000000
"Barite BaSO_4 (SO-3A)",SO-3A,becknic,mineral,mineral.sulfate.none.coarse.vswir.so-3a.jpl.beckman.spectrum.txt,0.001432,0.996726,0.883721,0.001237,0.000000,1.000000,0.002257,0.990084,1.000000,0.000549,1.000000,0.000000,0.000808,1.000000,0.000000
"Barite BaSO_4 (SO-3A)",SO-3A,becknic,mineral,mineral.sulfate.none.coarse.vswir.so-3a.jpl.perkin.spectrum.txt,0.001617,0.994384,0.883721,0.001521,0.625500,1.000000,0.001657,0.995267,1.000000,0.000564,1.000000,0.000000,0.000713,1.000000,0.000000
"Alunite KAl_3(SO_4)_2(OH)_6 (SO-4A)",SO-4A,becknic,mineral,mineral.sulfate.none.coarse.vswir.so-4a.jpl.beckman.spectrum.txt,0.002643,0.999715,0.883721,0.006301,0.771130,1.000000,0.017659,0.994265,1.000000,0.000278,1.000000,0.000000,0.000273,1.000000,0.000000
"Alunite KAl_3(SO_4)_2(OH)_6 (SO-4A)",SO-4A,becknic,mineral,mineral.sulfate.none.coarse.vswir.so-4a.jpl.perkin.spectrum.txt,0.001461,0.999894,0.883721,0.006023,0.745061,1.000000,0.020284,0.992238,1.000000,0.000234,1.000000,0.000000,0.000267,1.000000,0.000000
"Celestite SrSO_4 (SO-5A)",SO-5A,becknic,mineral,mineral.sulfate.none.coarse.vswir.so-5a.jpl.beckman.spectrum.txt,0.002534,0.981736,0.883721,0.002339,0.882987,1.000000,0.001341,0.875540,1.000000,0.000533,1.000000,0.000000,0.000786,1.000000,0.000000
"Celestite SrSO_4 (SO-5A)",SO-5A,becknic,mineral,mineral.sulfate.none.coarse.vswir.so-5a.jpl.perkin.spectrum.txt,0.001769,0.989387,0.883721,0.000598,0.973888,1.000000,0.001302,0.979008,1.000000,0.000524,1.000000,0.000000,0.000766,1.000000,0.000000
"Tschermigite (NH_4)Al(SO_4)_2.12H_2O (SO-6A)",SO-6A,becknic,mineral,mineral.sulfate.none.coarse.vswir.so-6a.jpl.beckman.spectrum.txt,0.001333,0.995538,0.883721,0.004711,0.983045,1.000000,0.006752,0.999198,1.000000,0.000131,1.000000,0.000000,0.000129,1.000000,0.000000
"Tschermigite (NH_4)Al(SO_4)_2.12H_2O (SO-6A)",SO-6A,becknic,mineral,mineral.sulfate.none.coarse.vswir.so-6a.jpl.perkin.spectrum.txt,0.000991,0.994700,0.883721,0.004440,0.979597,1.000000,0.008407,0.998657,1.000000,0.000121,1.000000,0.000000,0.000120,1.000000,0.000000
"Jarosite KFe_3^3+(SO_4)_2(OH)_6 (SO-7A)",SO-7A,becknic,mineral,mineral.sulfate.none.coarse.vswir.so-7a.jpl.beckman.spectrum.txt,0.002875,0.999578,0.883721,0.002763,0.992731,1.000000,0.003904,0.998314,1.000000,0.000671,1.000000,0.000000,0.000588,1.000000,0.000000
"Jarosite KFe_3^3+(SO_4)_2(OH)_6 (SO-7A)",SO-7A,becknic,mineral,mineral.sulfate.none.coarse.vswir.so-7a.jpl.perkin.spectrum.txt,0.002609,0.999672,0.883721,0.002629,0.993469,1.000000,0.003789,0.998341,1.000000,0.000698,1.000000,0.000000,0.000593,1.000000,0.000000
"Plumbojarosite PbFe_3^3+(SO_4)_4(OH)_12 (SO-7B)",SO-7B,becknic,mineral,mineral.sulfate.none.coarse.vswir.so-7b.jpl.beckman.spectrum.txt,0.002018,0.999836,0.883721,0.002844,0.987045,1.000000,0.003094,0.998283,1.000000,0.000649,1.000000,0.000000,0.000573,1.000000,0.000000
"Plumbojarosite PbFe_3^3+(SO_4)_4(OH)_12 (SO-7B)",SO-7B,becknic,mineral,mineral.sulfate.none.coarse.vswir.so-7b.jpl.perkin.spectrum.txt,0.002272,0.999813,0.883721,0.002903,0.988263,1.000000,0.003668,0.997948,1.000000,0.000704,1.000000,0.000000,0.000594,1.000000,0.000000
"Natrojarosite NaFe_3^3+(SO_4)_2(OH)_6 (SO-7C)",SO-7C,becknic,mineral,mineral.sulfate.none.coarse.vswir.so-7c.jpl.beckman.spectrum.txt,0.003258,0.999620,0.883721,0.003797,0.988977,1.000000,0.008021,0.993234,1.000000,0.000893,1.000000,0.000000,0.000569,1.000000,0.000000
"Natrojarosite NaFe_3^3+(SO_4)_2(OH)_6 (SO-7C)",SO-7C,becknic,mineral,mineral.sulfate.none.coarse.vswir.so-7c.jpl.perkin.spectrum.txt,0.003223,0.999674,0.883721,0.004078,0.988599,1.000000,0.008967,0.992613,1.000000,0.000692,1.000000,0.000000,0.000565,1.000000,0.000000
"Glauberite Na_2Ca(SO_4)_2 (SO-8A)",SO-8A,becknic,mineral,mineral.sulfate.none.coarse.vswir.so-8a.jpl.beckman.spectrum.txt,0.001173,0.999385,0.883721,0.001131,0.966931,1.000000,0.001416,0.991997,1.000000,0.000399,1.000000,0.000000,0.000726,1.000000,0.000000
"Glauberite Na_2Ca(SO_4)_2 (SO-8A)",SO-8A,becknic,mineral,mineral.sulfate.none.coarse.vswir.so-8a.jpl.perkin.spectrum.txt,0.001002,0.999537,0.883721,0.001044,0.957289,1.000000,0.001750,0.992022,1.000000,0.000524,1.000000,0.000000,0.000693,1.000000,0.000000
"Aphthitalite (K,Na)_3Na(SO_4)_2 (SO-9A)",SO-9A,becknic,mineral,mineral.sulfate.none.coarse.vswir.so-9a.jpl.beckman.spectrum.txt,0.001361,0.999216,0.883721,0.000502,0.970947,1.000000,0.001714,0.998255,1.000000,0.000550,1.000000,0.000000,0.000735,1.000000,0.000000
"Aphthitalite (K,Na)_3Na(SO_4)_2 (SO-9A)",SO-9A,becknic,mineral,mineral.sulfate.none.coarse.vswir.so-9a.jpl.perkin.spectrum.txt,0.001275,0.999014,0.883721,0.001465,-0.114522,1.000000,0.001641,0.997641,1.000000,0.000453,1.000000,0.000000,0.000784,1.000000,0.000000
"Alunite (ammonioalunite) NH4Al3(SO4)2(OH)6 (alunite_1)",alunite_1,becknic,mineral,mineral.sulfate.none.fine.tir.alunite_1.jhu.nicolet.spectrum.txt,0.000322,1.000000,0.000000,0.000919,1.000000,0.000000,0.002148,0.733220,0.300357,0.023587,0.971810,1.000000,0.025922,0.989100,1.000000
"Alunite (potassium alunite) KAl3(SO4)2(OH)6 (alunite_2)",alunite_2,becknic,mineral,mineral.sulfate.none.fine.tir.alunite_2.jhu.nicolet.spectrum.txt,0.000335,1.000000,0.000000,0.000971,1.000000,0.000000,0.001135,0.886435,0.300357,0.007483,0.992687,1.000000,0.008301,0.998074,1.000000
"Alunite (potassium alunite) KAl3(SO4)2(OH)6 (alunite_3)",alunite_3,becknic,mineral,mineral.sulfate.none.fine.tir.alunite_3.jhu.nicolet.spectrum.txt,0.000410,1.000000,0.000000,0.001089,0.000000,0.000000,0.001182,0.954629,0.300357,0.016329,0.961981,1.000000,0.015785,0.995437,1.000000
"Alunite (sodium alunite) NaAl3(SO4)2(OH)6 (alunite_4)",alunite_4,becknic,mineral,mineral.sulfate.none.fine.tir.alunite_4.jhu.nicolet.spectrum.txt,0.000530,1.000000,0.000000,0.001151,0.000000,0.000000,0.000984,1.000000,0.300357,0.020085,0.965330,1.000000,0.018979,0.994219,1.000000
"Anhydrite CaSO4 (anhydrite_1)",anhydrite_1,becknic,mineral,mineral.sulfate.none.fine.tir.anhydrite_1.jhu.nicolet.spectrum.txt,0.000483,1.000000,0.000000,0.001130,0.000000,0.000000,0.000871,1.000000,0.300357,0.003167,0.986846,1.000000,0.021507,0.992545,1.000000
"Barite, BaSO4 (barite_1)",barite_1,becknic,mineral,mineral.sulfate.none.fine.tir.barite_1.jhu.nicolet.spectrum.txt,0.000229,1.000000,0.000000,0.000837,1.000000,0.000000,0.001429,0.982855,0.300357,0.003216,0.993940,1.000000,0.015221,0.997612,1.000000
"Gypsum (alabaster) CaSO4.2H20 (gypsum_1)",gypsum_1,becknic,mineral,mineral.sulfate.none.fine.tir.gypsum_1.jhu.nicolet.spectrum.txt,0.000530,1.000000,0.000000,0.001151,0.000000,0.000000,0.000924,1.000000,0.300357,0.011426,0.892704,1.000000,0.018789,0.993302,1.000000
"Gypsum (selenite) CaSO4.2H2O (gypsum_2)",gypsum_2,becknic,mineral,mineral.sulfate.none.fine.tir.gypsum_2.jhu.nicolet.spectrum.txt,0.000434,1.000000,0.000000,0.001102,0.000000,0.000000,0.001159,0.939775,0.300357,0.011745,0.956286,1.000000,0.006816,0.998538,1.000000
"Anglesite PbSO_4 (SO-10A)",SO-10A,becknic,mineral,mineral.sulfate.none.fine.tir.so-10a.jpl.nicolet.spectrum.txt,0.000242,1.000000,0.000000,0.000633,1.000000,0.000000,0.000962,0.781771,0.356929,0.015546,0.986960,1.000000,0.010642,0.990673,1.000000
"Antlerite Cu_3(SO_4)(OH)_4 (SO-11A)",SO-11A,becknic,mineral,mineral.sulfate.none.fine.tir.so-11a.jpl.nicolet.spectrum.txt,0.000352,1.000000,0.000000,0.000218,1.000000,0.000000,0.015588,0.975764,0.356929,0.020003,0.979050,1.000000,0.005790,0.990623,1.000000
"Anhydrite CaSO_4 (SO-1A)",SO-1A,becknic,mineral,mineral.sulfate.none.fine.tir.so-1a.jpl.nicolet.spectrum.txt,0.000238,1.000000,0.000000,0.000632,1.000000,0.000000,0.001673,0.992429,0.356929,0.018740,0.990963,1.000000,0.011061,0.983655,1.000000
"Gypsum CaSO_4.2H_2O (SO-2B)",SO-2B,becknic,mineral,mineral.sulfate.none.fine.tir.so-2b.jpl.nicolet.spectrum.txt,0.000408,1.000000,0.000000,0.000689,1.000000,0.000000,0.005742,0.993152,0.356929,0.014669,0.993362,1.000000,0.005225,0.973123,1.000000
"Barite BaSO_4 (SO-3A)",SO-3A,becknic,mineral,mineral.sulfate.none.fine.tir.so-3a.jpl.nicolet.spectrum.txt,0.000408,1.000000,0.000000,0.001088,0.000000,0.000000,0.001072,0.894903,0.356929,0.017948,0.991878,1.000000,0.023448,0.978964,1.000000
"Alunite KAl_3(SO_4)_2(OH)_6 (SO-4A)",SO-4A,becknic,mineral,mineral.sulfate.none.fine.tir.so-4a.jpl.nicolet.spectrum.txt,0.000231,1.000000,0.000000,0.000862,1.000000,0.000000,0.010755,0.975221,0.356929,0.015379,0.985086,1.000000,0.007757,0.954314,1.000000
"Celestite SrSO_4 (SO-5A)",SO-5A,becknic,mineral,mineral.sulfate.none.fine.tir.so-5a.jpl.nicolet.spectrum.txt,0.000237,1.000000,0.000000,0.000630,1.000000,0.000000,0.000930,1.000000,0.356929,0.019393,0.990049,1.000000,0.018350,0.983809,1.000000
"Tschermigite (NH_4)Al(SO_4)_2.12H_2O (SO-6A)",SO-6A,becknic,mineral,mineral.sulfate.none.fine.tir.so-6a.jpl.nicolet.spectrum.txt,0.000405,1.000000,0.000000,0.000463,1.000000,0.000000,0.002076,0.991225,0.356929,0.004088,0.986165,1.000000,0.001581,0.963045,1.000000
"Jarosite KFe_3^3+(SO_4)_2(OH)_6 (SO-7A)",SO-7A,becknic,mineral,mineral.sulfate.none.fine.tir.so-7a.jpl.nicolet.spectrum.txt,0.000219,1.000000,0.000000,0.000612,1.000000,0.000000,0.001972,0.998022,0.356929,0.018704,0.981662,1.000000,0.005059,0.995869,1.000000
"Plumbojarosite PbFe_3^3+(SO_4)_4(OH)_12 (SO-7B)",SO-7B,becknic,mineral,mineral.sulfate.none.fine.tir.so-7b.jpl.nicolet.spectrum.txt,0.000217,1.000000,0.000000,0.000620,1.000000,0.000000,0.003374,0.995111,0.356929,0.010394,0.994228,1.000000,0.004080,0.989797,1.000000
"Natrojarosite NaFe_3^3+(SO_4)_2(OH)_6 (SO-7C)",SO-7C,becknic,mineral,mineral.sulfate.none.fine.tir.so-7c.jpl.nicolet.spectrum.txt,0.000259,1.000000,0.000000,0.000695,1.000000,0.000000,0.004498,0.992858,0.356929,0.016997,0.987434,1.000000,0.008783,0.987637,1.000000
"Glauberite Na_2Ca(SO_4)_2 (SO-8A)",SO-8A,becknic,mineral,mineral.sulfate.none.fine.tir.so-8a.jpl.nicolet.spectrum.txt,0.000274,1.000000,0.000000,0.000746,1.000000,0.000000,0.001005,0.946850,0.356929,0.018449,0.990967,1.000000,0.011531,0.989342,1.000000
"Aphthitalite (K,Na)_3Na(SO_4)_2 (SO-9A)",SO-9A,becknic,mineral,mineral.sulfate.none.fine.tir.so-9a.jpl.nicolet.spectrum.txt,0.000236,1.000000,0.000000,0.000628,1.000000,0.000000,0.001150,0.962383,0.356929,0.016256,0.986720,1.000000,0.011985,0.987180,1.000000
"Anglesite PbSO_4 (SO-10A)",SO-10A,becknic,mineral,mineral.sulfate.none.fine.vswir.so-10a.jpl.beckman.spectrum.txt,0.001635,0.999448,0.883721,0.001706,0.992084,1.000000,0.001452,0.982324,1.000000,0.000470,1.000000,0.000000,0.000801,1.000000,0.000000
"Anglesite PbSO_4 (SO-10A)",SO-10A,becknic,mineral,mineral.sulfate.none.fine.vswir.so-10a.jpl.perkin.spectrum.txt,0.001346,0.999677,0.883721,0.000601,0.999093,1.000000,0.002054,0.965635,1.000000,0.000540,1.000000,0.000000,0.000695,1.000000,0.000000
"Antlerite Cu_3(SO_4)(OH)_4 (SO-11A)",SO-11A,becknic,mineral,mineral.sulfate.none.fine.vswir.so-11a.jpl.beckman.spectrum.txt,0.005241,0.998839,0.883721,0.002982,0.989954,1.000000,0.011068,0.991985,1.000000,0.000568,1.000000,0.000000,0.000652,1.000000,0.000000
"Antlerite Cu_3(SO_4)(OH)_4 (SO-11A)",SO-11A,becknic,mineral,mineral.sulfate.none.fine.vswir.so-11a.jpl.perkin.spectrum.txt,0.004908,0.998867,0.883721,0.002312,0.993038,1.000000,0.015698,0.984800,1.000000,0.000778,1.000000,0.000000,0.000605,1.000000,0.000000
"Anhydrite CaSO_4 (SO-1A)",SO-1A,becknic,mineral,mineral.sulfate.none.fine.vswir.so-1a.jpl.beckman.spectrum.txt,0.001481,0.996233,0.883721,0.001981,0.602429,1.000000,0.004103,0.987315,1.000000,0.000601,1.000000,0.000000,0.000681,1.000000,0.000000
"Anhydrite CaSO_4 (SO-1A)",SO-1A,becknic,mineral,mineral.sulfate.none.fine.vswir.so-1a.jpl.perkin.spectrum.txt,0.001346,0.997800,0.883721,0.000626,0.897695,1.000000,0.005010,0.989001,1.000000,0.000397,1.000000,0.000000,0.000737,1.000000,0.000000
"Gypsum CaSO_4.2H_2O (SO-2B)",SO-2B,becknic,mineral,mineral.sulfate.none.fine.vswir.so-2b.jpl.beckman.spectrum.txt,0.001140,0.990906,0.883721,0.001529,0.926514,1.000000,0.011777,0.994836,1.000000,0.000915,1.000000,0.000000,0.000573,1.000000,0.000000
"Gypsum CaSO_4.2H_2O (SO-2B)",SO-2B,becknic,mineral,mineral.sulfate.none.fine.vswir.so-2b.jpl.perkin.spectrum.txt,0.000441,0.999404,0.883721,0.001551,0.942266,1.000000,0.013981,0.993536,1.000000,0.000946,1.000000,0.000000,0.000681,1.000000,0.000000
"Barite BaSO_4 (SO-3A)",SO-3A,becknic,mineral,mineral.sulfate.none.fine.vswir.so-3a.jpl.beckman.spectrum.txt,0.001352,0.990481,0.883721,0.001564,0.043878,1.000000,0.002009,0.757973,1.000000,0.000976,1.000000,0.000000,0.001315,0.000000,0.000000
"Barite BaSO_4 (SO-3A)",SO-3A,becknic,mineral,mineral.sulfate.none.fine.vswir.so-3a.jpl.perkin.spectrum.txt,0.001503,0.993038,0.883721,0.001251,0.000000,1.000000,0.001671,0.979454,1.000000,0.000678,1.000000,0.000000,0.001002,0.000000,0.000000
"Alunite KAl_3(SO_4)_2(OH)_6 (SO-4A)",SO-4A,becknic,mineral,mineral.sulfate.none.fine.vswir.so-4a.jpl.beckman.spectrum.txt,0.002297,0.999107,0.883721,0.001586,0.918360,1.000000,0.008726,0.993988,1.000000,0.000732,1.000000,0.000000,0.000653,1.000000,0.000000
"Alunite KAl_3(SO_4)_2(OH)_6 (SO-4A)",SO-4A,becknic,mineral,mineral.sulfate.none.fine.vswir.so-4a.jpl.perkin.spectrum.txt,0.000718,0.999922,0.883721,0.001653,0.884387,1.000000,0.011220,0.991762,1.000000,0.000668,1.000000,0.000000,0.000571,1.000000,0.000000
"Celestite SrSO_4 (SO-5A)",SO-5A,becknic,mineral,mineral.sulfate.none.fine.vswir.so-5a.jpl.beckman.spectrum.txt,0.002784,0.986229,0.883721,0.001335,0.469653,1.000000,0.001596,0.821648,1.000000,0.000631,1.000000,0.000000,0.000985,1.000000,0.000000
"Celestite SrSO_4 (SO-5A)",SO-5A,becknic,mineral,mineral.sulfate.none.fine.vswir.so-5a.jpl.perkin.spectrum.txt,0.001177,0.996454,0.883721,0.001556,0.000000,1.000000,0.001238,0.973135,1.000000,0.000521,1.000000,0.000000,0.000766,1.000000,0.000000
"Tschermigite (NH_4)Al(SO_4)_2.12H_2O (SO-6A)",SO-6A,becknic,mineral,mineral.sulfate.none.fine.vswir.so-6a.jpl.beckman.spectrum.txt,0.001541,0.996088,0.883721,0.001112,0.977079,1.000000,0.004080,0.999654,1.000000,0.000716,1.000000,0.000000,0.000576,1.000000,0.000000
"Tschermigite (NH_4)Al(SO_4)_2.12H_2O (SO-6A)",SO-6A,becknic,mineral,mineral.sulfate.none.fine.vswir.so-6a.jpl.perkin.spectrum.txt,0.001254,0.997789,0.883721,0.001864,0.928668,1.000000,0.005105,0.999490,1.000000,0.000620,1.000000,0.000000,0.000457,1.000000,0.000000
"Jarosite KFe_3^3+(SO_4)_2(OH)_6 (SO-7A)",SO-7A,becknic,mineral,mineral.sulfate.none.fine.vswir.so-7a.jpl.beckman.spectrum.txt,0.004827,0.999588,0.883721,0.002350,0.996144,1.000000,0.003343,0.996836,1.000000,0.000567,1.000000,0.000000,0.000703,1.000000,0.000000
"Jarosite KFe_3^3+(SO_4)_2(OH)_6 (SO-7A)",SO-7A,becknic,mineral,mineral.sulfate.none.fine.vswir.so-7a.jpl.perkin.spectrum.txt,0.006178,0.999220,0.883721,0.002505,0.996205,1.000000,0.003628,0.997490,1.000000,0.000669,1.000000,0.000000,0.000796,1.000000,0.000000
"Plumbojarosite PbFe_3^3+(SO_4)_4(OH)_12 (SO-7B)",SO-7B,becknic,mineral,mineral.sulfate.none.fine.vswir.so-7b.jpl.beckman.spectrum.txt,0.003681,0.999776,0.883721,0.002761,0.991318,1.000000,0.003257,0.995867,1.000000,0.000451,1.000000,0.000000,0.000691,1.000000,0.000000
"Plumbojarosite PbFe_3^3+(SO_4)_4(OH)_12 (SO-7B)",SO-7B,becknic,mineral,mineral.sulfate.none.fine.vswir.so-7b.jpl.perkin.spectrum.txt,0.002939,0.999836,0.883721,0.003308,0.989470,1.000000,0.003910,0.996057,1.000000,0.000795,1.000000,0.000000,0.000827,1.000000,0.000000
"Natrojarosite NaFe_3^3+(SO_4)_2(OH)_6 (SO-7C)",SO-7C,becknic,mineral,mineral.sulfate.none.fine.vswir.so-7c.jpl.beckman.spectrum.txt,0.005048,0.999614,0.883721,0.002754,0.996335,1.000000,0.005064,0.993523,1.000000,0.000781,1.000000,0.000000,0.000764,1.000000,0.000000
"Natrojarosite NaFe_3^3+(SO_4)_2(OH)_6 (SO-7C)",SO-7C,becknic,mineral,mineral.sulfate.none.fine.vswir.so-7c.jpl.perkin.spectrum.txt,0.004448,0.999678,0.883721,0.003447,0.995215,1.000000,0.006397,0.992793,1.000000,0.000669,1.000000,0.000000,0.000796,1.000000,0.000000
"Glauberite Na_2Ca(SO_4)_2 (SO-8A)",SO-8A,becknic,mineral,mineral.sulfate.none.fine.vswir.so-8a.jpl.beckman.spectrum.txt,0.001039,0.999475,0.883721,0.002301,0.641576,1.000000,0.001387,0.961693,1.000000,0.000624,1.000000,0.000000,0.000958,1.000000,0.000000
"Glauberite Na_2Ca(SO_4)_2 (SO-8A)",SO-8A,becknic,mineral,mineral.sulfate.none.fine.vswir.so-8a.jpl.perkin.spectrum.txt,0.001395,0.997963,0.883721,0.001124,0.776264,1.000000,0.001451,0.971456,1.000000,0.001031,0.000000,0.000000,0.001386,0.000000,0.000000
"Aphthitalite (K,Na)_3Na(SO_4)_2 (SO-9A)",SO-9A,becknic,mineral,mineral.sulfate.none.fine.vswir.so-9a.jpl.beckman.spectrum.txt,0.000913,0.999272,0.883721,0.001152,0.504832,1.000000,0.002113,0.994455,1.000000,0.000568,1.000000,0.000000,0.000840,1.000000,0.000000
"Aphthitalite (K,Na)_3Na(SO_4)_2 (SO-9A)",SO-9A,becknic,mineral,mineral.sulfate.none.fine.vswir.so-9a.jpl.perkin.spectrum.txt,0.001056,0.998967,0.883721,0.000651,0.743278,1.000000,0.001897,0.996803,1.000000,0.000588,1.000000,0.000000,0.000674,1.000000,0.000000
"Anglesite PbSO_4 (SO-10A)",SO-10A,becknic,mineral,mineral.sulfate.none.medium.tir.so-10a.jpl.nicolet.spectrum.txt,0.000735,1.000000,0.000000,0.000673,1.000000,0.000000,0.001991,0.761267,0.356929,0.017317,0.983219,1.000000,0.011792,0.924180,1.000000
"Antlerite Cu_3(SO_4)(OH)_4 (SO-11A)",SO-11A,becknic,mineral,mineral.sulfate.none.medium.tir.so-11a.jpl.nicolet.spectrum.txt,0.001040,0.000000,0.000000,0.000681,1.000000,0.000000,0.011973,0.985236,0.356929,0.013107,0.981613,1.000000,0.005759,0.969823,1.000000
"Anhydrite CaSO_4 (SO-1A)",SO-1A,becknic,mineral,mineral.sulfate.none.medium.tir.so-1a.jpl.nicolet.spectrum.txt,0.000240,1.000000,0.000000,0.000663,1.000000,0.000000,0.003039,0.988397,0.356929,0.019939,0.989981,1.000000,0.020511,0.945433,1.000000
"Gypsum CaSO_4.2H_2O (SO-2B)",SO-2B,becknic,mineral,mineral.sulfate.none.medium.tir.so-2b.jpl.nicolet.spectrum.txt,0.001358,0.000000,0.000000,0.000528,1.000000,0.000000,0.007258,0.990662,0.356929,0.008888,0.993711,1.000000,0.004413,0.992312,1.000000
"Barite BaSO_4 (SO-3A)",SO-3A,becknic,mineral,mineral.sulfate.none.medium.tir.so-3a.jpl.nicolet.spectrum.txt,0.000293,1.000000,0.000000,0.000809,1.000000,0.000000,0.000841,0.921706,0.356929,0.018961,0.994388,1.000000,0.021557,0.953025,1.000000
"Alunite KAl_3(SO_4)_2(OH)_6 (SO-4A)",SO-4A,becknic,mineral,mineral.sulfate.none.medium.tir.so-4a.jpl.nicolet.spectrum.txt,0.000740,1.000000,0.000000,0.000674,1.000000,0.000000,0.016219,0.969874,0.356929,0.011342,0.959082,1.000000,0.018894,0.946592,1.000000
"Celestite SrSO_4 (SO-5A)",SO-5A,becknic,mineral,mineral.sulfate.none.medium.tir.so-5a.jpl.nicolet.spectrum.txt,0.000299,1.000000,0.000000,0.000826,1.000000,0.000000,0.000837,0.880983,0.356929,0.020311,0.994248,1.000000,0.020662,0.941819,1.000000
"Tschermigite (NH_4)Al(SO_4)_2.12H_2O (SO-6A)",SO-6A,becknic,mineral,mineral.sulfate.none.medium.tir.so-6a.jpl.nicolet.spectrum.txt,0.000237,1.000000,0.000000,0.000312,1.000000,0.000000,0.001459,0.990554,0.356929,0.001268,0.979862,1.000000,0.004685,0.946823,1.000000
"Jarosite KFe_3^3+(SO_4)_2(OH)_6 (SO-7A)",SO-7A,becknic,mineral,mineral.sulfate.none.medium.tir.so-7a.jpl.nicolet.spectrum.txt,0.000240,1.000000,0.000000,0.000675,1.000000,0.000000,0.002274,0.998484,0.356929,0.008978,0.991707,1.000000,0.001710,0.997570,1.000000
"Plumbojarosite PbFe_3^3+(SO_4)_4(OH)_12 (SO-7B)",SO-7B,becknic,mineral,mineral.sulfate.none.medium.tir.so-7b.jpl.nicolet.spectrum.txt,0.000280,1.000000,0.000000,0.000399,1.000000,0.000000,0.003507,0.996529,0.356929,0.008167,0.992776,1.000000,0.002258,0.978986,1.000000
"Natrojarosite NaFe_3^3+(SO_4)_2(OH)_6 (SO-7C)",SO-7C,becknic,mineral,mineral.sulfate.none.medium.tir.so-7c.jpl.nicolet.spectrum.txt,0.000230,1.000000,0.000000,0.000871,1.000000,0.000000,0.006035,0.993970,0.356929,0.010812,0.987255,1.000000,0.005441,0.962302,1.000000
"Glauberite Na_2Ca(SO_4)_2 (SO-8A)",SO-8A,becknic,mineral,mineral.sulfate.none.medium.tir.so-8a.jpl.nicolet.spectrum.txt,0.000219,1.000000,0.000000,0.000612,1.000000,0.000000,0.000973,0.964633,0.356929,0.019225,0.993327,1.000000,0.012039,0.981568,1.000000
"Aphthitalite (K,Na)_3Na(SO_4)_2 (SO-9A)",SO-9A,becknic,mineral,mineral.sulfate.none.medium.tir.so-9a.jpl.nicolet.spectrum.txt,0.000250,1.000000,0.000000,0.000668,1.000000,0.000000,0.001056,0.969317,0.356929,0.015907,0.990553,1.000000,0.016512,0.970228,1.000000
"Anglesite PbSO_4 (SO-10A)",SO-10A,becknic,mineral,mineral.sulfate.none.medium.vswir.so-10a.jpl.beckman.spectrum.txt,0.000826,0.999708,0.883721,0.001526,0.993987,1.000000,0.001474,0.992899,1.000000,0.000475,1.000000,0.000000,0.000638,1.000000,0.000000
"Anglesite PbSO_4 (SO-10A)",SO-10A,becknic,mineral,mineral.sulfate.none.medium.vswir.so-10a.jpl.perkin.spectrum.txt,0.000829,0.999675,0.883721,0.000920,0.997266,1.000000,0.001362,0.991209,1.000000,0.000757,1.000000,0.000000,0.000630,1.000000,0.000000
"Antlerite Cu_3(SO_4)(OH)_4 (SO-11A)",SO-11A,becknic,mineral,mineral.sulfate.none.medium.vswir.so-11a.jpl.beckman.spectrum.txt,0.006005,0.994306,0.883721,0.001471,0.953867,1.000000,0.007870,0.994943,1.000000,0.000742,1.000000,0.000000,0.000591,1.000000,0.000000
"Antlerite Cu_3(SO_4)(OH)_4 (SO-11A)",SO-11A,becknic,mineral,mineral.sulfate.none.medium.vswir.so-11a.jpl.perkin.spectrum.txt,0.005930,0.994387,0.883721,0.000965,0.974534,1.000000,0.011639,0.989195,1.000000,0.000716,1.000000,0.000000,0.000575,1.000000,0.000000
"Anhydrite CaSO_4 (SO-1A)",SO-1A,becknic,mineral,mineral.sulfate.none.medium.vswir.so-1a.jpl.beckman.spectrum.txt,0.001525,0.998835,0.883721,0.000762,0.991492,1.000000,0.004464,0.994286,1.000000,0.000687,1.000000,0.000000,0.000819,1.000000,0.000000
"Anhydrite CaSO_4 (SO-1A)",SO-1A,becknic,mineral,mineral.sulfate.none.medium.vswir.so-1a.jpl.perkin.spectrum.txt,0.001386,0.999017,0.883721,0.001380,0.960056,1.000000,0.005180,0.993206,1.000000,0.000727,1.000000,0.000000,0.000764,1.000000,0.000000
"Gypsum CaSO_4.2H_2O (SO-2B)",SO-2B,becknic,mineral,mineral.sulfate.none.medium.vswir.so-2b.jpl.beckman.spectrum.txt,0.001189,0.966462,0.883721,0.002537,0.950151,1.000000,0.011539,0.997023,1.000000,0.000530,1.000000,0.000000,0.000421,1.000000,0.000000
"Gypsum CaSO_4.2H_2O (SO-2B)",SO-2B,becknic,mineral,mineral.sulfate.none.medium.vswir.so-2b.jpl.perkin.spectrum.txt,0.000408,0.998479,0.883721,0.003000,0.885287,1.000000,0.012841,0.996357,1.000000,0.000493,1.000000,0.000000,0.000352,1.000000,0.000000
"Barite BaSO_4 (SO-3A)",SO-3A,becknic,mineral,mineral.sulfate.none.medium.vswir.so-3a.jpl.beckman.spectrum.txt,0.001683,0.992187,0.883721,0.001289,-0.102610,1.000000,0.001776,0.968086,1.000000,0.000742,1.000000,0.000000,0.001044,0.000000,0.000000
"Barite BaSO_4 (SO-3A)",SO-3A,becknic,mineral,mineral.sulfate.none.medium.vswir.so-3a.jpl.perkin.spectrum.txt,0.002098,0.992573,0.883721,0.000599,0.708280,1.000000,0.002210,0.983788,1.000000,0.000623,1.000000,0.000000,0.000953,1.000000,0.000000
"Alunite KAl_3(SO_4)_2(OH)_6 (SO-4A)",SO-4A,becknic,mineral,mineral.sulfate.none.medium.vswir.so-4a.jpl.beckman.spectrum.txt,0.002442,0.999598,0.883721,0.004075,0.841474,1.000000,0.015025,0.994827,1.000000,0.000511,1.000000,0.000000,0.000381,1.000000,0.000000
"Alunite KAl_3(SO_4)_2(OH)_6 (SO-4A)",SO-4A,becknic,mineral,mineral.sulfate.none.medium.vswir.so-4a.jpl.perkin.spectrum.txt,0.000973,0.999929,0.883721,0.003864,0.825594,1.000000,0.018595,0.992694,1.000000,0.000508,1.000000,0.000000,0.000340,1.000000,0.000000
"Celestite SrSO_4 (SO-5A)",SO-5A,becknic,mineral,mineral.sulfate.none.medium.vswir.so-5a.jpl.beckman.spectrum.txt,0.003155,0.980297,0.883721,0.001474,0.786502,1.000000,0.001020,0.899670,1.000000,0.000873,1.000000,0.000000,0.001180,0.000000,0.000000
"Celestite SrSO_4 (SO-5A)",SO-5A,becknic,mineral,mineral.sulfate.none.medium.vswir.so-5a.jpl.perkin.spectrum.txt,0.001496,0.993789,0.883721,0.001090,0.660598,1.000000,0.001523,0.972813,1.000000,0.000557,1.000000,0.000000,0.000822,1.000000,0.000000
"Tschermigite (NH_4)Al(SO_4)_2.12H_2O (SO-6A)",SO-6A,becknic,mineral,mineral.sulfate.none.medium.vswir.so-6a.jpl.beckman.spectrum.txt,0.001328,0.988409,0.883721,0.001698,0.990018,1.000000,0.003936,0.999757,1.000000,0.000335,1.000000,0.000000,0.000298,1.000000,0.000000
"Tschermigite (NH_4)Al(SO_4)_2.12H_2O (SO-6A)",SO-6A,becknic,mineral,mineral.sulfate.none.medium.vswir.so-6a.jpl.perkin.spectrum.txt,0.000391,0.999245,0.883721,0.002500,0.980756,1.000000,0.005632,0.999518,1.000000,0.000302,1.000000,0.000000,0.000280,1.000000,0.000000
"Jarosite KFe_3^3+(SO_4)_2(OH)_6 (SO-7A)",SO-7A,becknic,mineral,mineral.sulfate.none.medium.vswir.so-7a.jpl.beckman.spectrum.txt,0.002466,0.999657,0.883721,0.003092,0.993476,1.000000,0.003491,0.998377,1.000000,0.000595,1.000000,0.000000,0.000654,1.000000,0.000000
"Jarosite KFe_3^3+(SO_4)_2(OH)_6 (SO-7A)",SO-7A,becknic,mineral,mineral.sulfate.none.medium.vswir.so-7a.jpl.perkin.spectrum.txt,0.002336,0.999706,0.883721,0.003195,0.992983,1.000000,0.003772,0.998325,1.000000,0.000724,1.000000,0.000000,0.000658,1.000000,0.000000
"Plumbojarosite PbFe_3^3+(SO_4)_4(OH)_12 (SO-7B)",SO-7B,becknic,mineral,mineral.sulfate.none.medium.vswir.so-7b.jpl.beckman.spectrum.txt,0.002165,0.999835,0.883721,0.004137,0.981220,1.000000,0.003393,0.998019,1.000000,0.000479,1.000000,0.000000,0.000645,1.000000,0.000000
"Plumbojarosite PbFe_3^3+(SO_4)_4(OH)_12 (SO-7B)",SO-7B,becknic,mineral,mineral.sulfate.none.medium.vswir.so-7b.jpl.perkin.spectrum.txt,0.002243,0.999818,0.883721,0.003824,0.984973,1.000000,0.003490,0.998028,1.000000,0.000493,1.000000,0.000000,0.000632,1.000000,0.000000
"Natrojarosite NaFe_3^3+(SO_4)_2(OH)_6 (SO-7C)",SO-7C,becknic,mineral,mineral.sulfate.none.medium.vswir.so-7c.jpl.beckman.spectrum.txt,0.003633,0.999573,0.883721,0.004613,0.987795,1.000000,0.007522,0.994661,1.000000,0.000800,1.000000,0.000000,0.000607,1.000000,0.000000
"Natrojarosite NaFe_3^3+(SO_4)_2(OH)_6 (SO-7C)",SO-7C,becknic,mineral,mineral.sulfate.none.medium.vswir.so-7c.jpl.perkin.spectrum.txt,0.002861,0.999705,0.883721,0.004769,0.986164,1.000000,0.007835,0.994100,1.000000,0.000648,1.000000,0.000000,0.000573,1.000000,0.000000
"Glauberite Na_2Ca(SO_4)_2 (SO-8A)",SO-8A,becknic,mineral,mineral.sulfate.none.medium.vswir.so-8a.jpl.beckman.spectrum.txt,0.002081,0.997361,0.883721,0.001080,0.950377,1.000000,0.001970,0.969240,1.000000,0.000564,1.000000,0.000000,0.000714,1.000000,0.000000
"Glauberite Na_2Ca(SO_4)_2 (SO-8A)",SO-8A,becknic,mineral,mineral.sulfate.none.medium.vswir.so-8a.jpl.perkin.spectrum.txt,0.000904,0.999619,0.883721,0.000894,0.983218,1.000000,0.002043,0.988475,1.000000,0.000542,1.000000,0.000000,0.000743,1.000000,0.000000
"Aphthitalite (K,Na)_3Na(SO_4)_2 (SO-9A)",SO-9A,becknic,mineral,mineral.sulfate.none.medium.vswir.so-9a.jpl.beckman.spectrum.txt,0.001147,0.998852,0.883721,0.001512,0.296620,1.000000,0.001503,0.995119,1.000000,0.000577,1.000000,0.000000,0.000853,1.000000,0.000000
"Aphthitalite (K,Na)_3Na(SO_4)_2 (SO-9A)",SO-9A,becknic,mineral,mineral.sulfate.none.medium.vswir.so-9a.jpl.perkin.spectrum.txt,0.001342,0.997947,0.883721,0.000929,0.612498,1.000000,0.001432,0.996462,1.000000,0.000565,1.000000,0.000000,0.000706,1.000000,0.000000
"Anhydrite CaSO4 (anhydrite_1)",anhydrite_1,becknic,mineral,mineral.sulfate.none.solid.tir.anhydrite_1.jhu.nicolet.spectrum.txt,0.000082,1.000000,0.000000,0.000113,1.000000,0.000000,0.000213,0.977368,0.300357,0.000210,0.997236,1.000000,0.005966,0.964249,1.000000
"Barite, BaSO4 (barite_1)",barite_1,becknic,mineral,mineral.sulfate.none.solid.tir.barite_1.jhu.nicolet.spectrum.txt,0.000161,1.000000,0.000000,0.000277,1.000000,0.000000,0.000368,0.975378,0.300357,0.000798,0.997121,1.000000,0.006301,0.983909,1.000000
"Gypsum (alabaster) CaSO4.2H20 (gypsum_1)",gypsum_1,becknic,mineral,mineral.sulfate.none.solid.tir.gypsum_1.jhu.nicolet.spectrum.txt,0.000497,1.000000,0.000000,0.000375,1.000000,0.000000,0.000751,1.000000,0.300357,0.003832,0.905138,1.000000,0.007650,0.996076,1.000000
"Gypsum (selenite) CaSO4.2H2O (gypsum_2)",gypsum_2,becknic,mineral,mineral.sulfate.none.solid.tir.gypsum_2.jhu.nicolet.spectrum.txt,0.000476,1.000000,0.000000,0.000356,1.000000,0.000000,0.000408,0.991102,0.300357,0.008087,0.730750,1.000000,0.010146,0.995339,1.000000
"Pyrite FeS2 (pyrite_1)",pyrite_1,becknic,mineral,mineral.sulfide.none.coarse.tir.pyrite_1.jhu.nicolet.spectrum.txt,0.000124,1.000000,0.000000,0.000172,1.000000,0.000000,0.000253,0.955807,0.300357,0.000553,0.993873,1.000000,0.000431,0.993022,1.000000
"Pyrrhotite Fe(1-x)S (pyroph_1)",pyroph_1,becknic,mineral,mineral.sulfide.none.coarse.tir.pyroph_1.jhu.nicolet.spectrum.txt,0.000128,1.000000,0.000000,0.000177,1.000000,0.000000,0.000263,1.000000,0.300357,0.000391,0.993462,1.000000,0.000256,0.993318,1.000000
"Marcasite FeS_2 (S-10A)",S-10A,becknic,mineral,mineral.sulfide.none.coarse.tir.s-10a.jpl.nicolet.spectrum.txt,0.000495,1.000000,0.000000,0.000496,1.000000,0.000000,0.001194,0.930208,0.356929,0.002824,0.988322,1.000000,0.002741,0.992314,1.000000
"Molybdenite MoS_2 (S-11A)",S-11A,becknic,mineral,mineral.sulfide.none.coarse.tir.s-11a.jpl.nicolet.spectrum.txt,0.000424,1.000000,0.000000,0.000688,1.000000,0.000000,0.002313,0.501345,0.356929,0.003752,0.992412,1.000000,0.005246,0.991099,1.000000
"Sphalerite (Zn,Fe)S (S-1A)",S-1A,becknic,mineral,mineral.sulfide.none.coarse.tir.s-1a.jpl.nicolet.spectrum.txt,0.000380,1.000000,0.000000,0.000449,1.000000,0.000000,0.002394,0.998814,0.356929,0.012125,0.994033,1.000000,0.003406,0.997279,1.000000
"Pyrite FeS_2 (S-2A)",S-2A,becknic,mineral,mineral.sulfide.none.coarse.tir.s-2a.jpl.nicolet.spectrum.txt,0.000532,1.000000,0.000000,0.000428,1.000000,0.000000,0.000980,0.818601,0.356929,0.001475,0.991803,1.000000,0.001808,0.990748,1.000000
"Realgar AsS (S-3A)",S-3A,becknic,mineral,mineral.sulfide.none.coarse.tir.s-3a.jpl.nicolet.spectrum.txt,0.000226,1.000000,0.000000,0.000703,1.000000,0.000000,0.001640,0.986748,0.356929,0.004758,0.999049,1.000000,0.003385,0.999373,1.000000
"Chalcopyrite CuFeS_2 (S-4A)",S-4A,becknic,mineral,mineral.sulfide.none.coarse.tir.s-4a.jpl.nicolet.spectrum.txt,0.000230,1.000000,0.000000,0.000878,1.000000,0.000000,0.001955,0.983549,0.356929,0.007747,0.995273,1.000000,0.001799,0.999309,1.000000
"Arsenopyrite FeAsS (S-5A)",S-5A,becknic,mineral,mineral.sulfide.none.coarse.tir.s-5a.jpl.nicolet.spectrum.txt,0.000485,1.000000,0.000000,0.000365,1.000000,0.000000,0.000835,0.901305,0.356929,0.000933,0.990499,1.000000,0.001205,0.999375,1.000000
"Galena PbS (S-7A)",S-7A,becknic,mineral,mineral.sulfide.none.coarse.tir.s-7a.jpl.nicolet.spectrum.txt,0.000497,1.000000,0.000000,0.000492,1.000000,0.000000,0.000852,0.689135,0.356929,0.001993,0.969054,1.000000,0.000943,0.994202,1.000000
"Chalcocite Cu_2S (S-8A)",S-8A,becknic,mineral,mineral.sulfide.none.coarse.tir.s-8a.jpl.nicolet.spectrum.txt,0.000154,1.000000,0.000000,0.000272,1.000000,0.000000,0.000857,0.920898,0.356929,0.000815,0.991495,1.000000,0.000930,0.934997,1.000000
"Bornite Cu_5FeS_4 (S-9A)",S-9A,becknic,mineral,mineral.sulfide.none.coarse.tir.s-9a.jpl.nicolet.spectrum.txt,0.000478,1.000000,0.000000,0.000542,1.000000,0.000000,0.000907,0.603042,0.356929,0.001266,0.511433,1.000000,0.000980,0.970595,1.000000
"Marcasite FeS_2 (S-10A)",S-10A,becknic,mineral,mineral.sulfide.none.coarse.vswir.s-10a.jpl.beckman.spectrum.txt,0.000708,0.997913,0.883721,0.000519,0.997866,1.000000,0.000934,0.998569,1.000000,0.000726,1.000000,0.000000,0.000584,1.000000,0.000000
"Marcasite FeS_2 (S-10A)",S-10A,becknic,mineral,mineral.sulfide.none.coarse.vswir.s-10a.jpl.perkin.spectrum.txt,0.000421,0.998935,0.883721,0.000414,0.973826,1.000000,0.000564,0.998221,1.000000,0.000538,1.000000,0.000000,0.000343,1.000000,0.000000
"Molybdenite MoS_2 (S-11A)",S-11A,becknic,mineral,mineral.sulfide.none.coarse.vswir.s-11a.jpl.beckman.spectrum.txt,0.003232,0.967143,0.883721,0.004380,0.992493,1.000000,0.001193,0.998751,1.000000,0.000491,1.000000,0.000000,0.000667,1.000000,0.000000
"Molybdenite MoS_2 (S-11A)",S-11A,becknic,mineral,mineral.sulfide.none.coarse.vswir.s-11a.jpl.perkin.spectrum.txt,0.003206,0.968392,0.883721,0.004688,0.992546,1.000000,0.001148,0.998720,1.000000,0.000502,1.000000,0.000000,0.000636,1.000000,0.000000
"Sphalerite (Zn,Fe)S (S-1A)",S-1A,becknic,mineral,mineral.sulfide.none.coarse.vswir.s-1a.jpl.beckman.spectrum.txt,0.001168,0.999403,0.883721,0.001300,0.996114,1.000000,0.004190,0.998299,1.000000,0.000380,1.000000,0.000000,0.000290,1.000000,0.000000
"Sphalerite (Zn,Fe)S (S-1A)",S-1A,becknic,mineral,mineral.sulfide.none.coarse.vswir.s-1a.jpl.perkin.spectrum.txt,0.000929,0.999631,0.883721,0.001984,0.992353,1.000000,0.005134,0.997762,1.000000,0.000289,1.000000,0.000000,0.000275,1.000000,0.000000
"Pyrite FeS_2 (S-2A)",S-2A,becknic,mineral,mineral.sulfide.none.coarse.vswir.s-2a.jpl.beckman.spectrum.txt,0.001249,0.998216,0.883721,0.000492,0.996406,1.000000,0.000413,0.970706,1.000000,0.000521,1.000000,0.000000,0.000340,1.000000,0.000000
"Pyrite FeS_2 (S-2A)",S-2A,becknic,mineral,mineral.sulfide.none.coarse.vswir.s-2a.jpl.perkin.spectrum.txt,0.000568,0.999317,0.883721,0.000786,0.990740,1.000000,0.000856,0.992626,1.000000,0.000485,1.000000,0.000000,0.000290,1.000000,0.000000
"Realgar AsS (S-3A)",S-3A,becknic,mineral,mineral.sulfide.none.coarse.vswir.s-3a.jpl.beckman.spectrum.txt,0.009012,0.998655,0.883721,0.001014,0.992993,1.000000,0.001358,0.999042,1.000000,0.000509,1.000000,0.000000,0.000778,1.000000,0.000000
"Realgar AsS (S-3A)",S-3A,becknic,mineral,mineral.sulfide.none.coarse.vswir.s-3a.jpl.perkin.spectrum.txt,0.009729,0.998598,0.883721,0.001587,0.872702,1.000000,0.001711,0.997124,1.000000,0.000396,1.000000,0.000000,0.000732,1.000000,0.000000
"Chalcopyrite CuFeS_2 (S-4A)",S-4A,becknic,mineral,mineral.sulfide.none.coarse.vswir.s-4a.jpl.beckman.spectrum.txt,0.000670,0.999304,0.883721,0.000574,0.959470,1.000000,0.000712,0.991128,1.000000,0.000502,1.000000,0.000000,0.000341,1.000000,0.000000
"Chalcopyrite CuFeS_2 (S-4A)",S-4A,becknic,mineral,mineral.sulfide.none.coarse.vswir.s-4a.jpl.perkin.spectrum.txt,0.003763,0.974436,0.883721,0.013140,0.976453,1.000000,0.001882,0.988087,1.000000,0.000616,1.000000,0.000000,0.000907,1.000000,0.000000
"Arsenopyrite FeAsS (S-5A)",S-5A,becknic,mineral,mineral.sulfide.none.coarse.vswir.s-5a.jpl.beckman.spectrum.txt,0.000627,0.989955,0.883721,0.000372,1.000000,1.000000,0.000468,0.965797,1.000000,0.000551,1.000000,0.000000,0.000351,1.000000,0.000000
"Arsenopyrite FeAsS (S-5A)",S-5A,becknic,mineral,mineral.sulfide.none.coarse.vswir.s-5a.jpl.perkin.spectrum.txt,0.000218,0.996949,0.883721,0.000667,0.957367,1.000000,0.000548,0.861498,1.000000,0.000424,1.000000,0.000000,0.000253,1.000000,0.000000
"Stibnite Sb_2S_3 (S-6A)",S-6A,becknic,mineral,mineral.sulfide.none.coarse.vswir.s-6a.jpl.beckman.spectrum.txt,0.003561,0.958489,0.883721,0.012585,0.987154,1.000000,0.001858,0.994756,1.000000,0.000801,1.000000,0.000000,0.000819,1.000000,0.000000
"Galena PbS (S-7A)",S-7A,becknic,mineral,mineral.sulfide.none.coarse.vswir.s-7a.jpl.beckman.spectrum.txt,0.000751,0.997911,0.883721,0.000640,0.943114,1.000000,0.000854,0.623684,1.000000,0.000543,1.000000,0.000000,0.000343,1.000000,0.000000
"Galena PbS (S-7A)",S-7A,becknic,mineral,mineral.sulfide.none.coarse.vswir.s-7a.jpl.perkin.spectrum.txt,0.000640,0.995125,0.883721,0.000858,0.789931,1.000000,0.000583,0.875401,1.000000,0.000514,1.000000,0.000000,0.000339,1.000000,0.000000
"Chalcocite Cu_2S (S-8A)",S-8A,becknic,mineral,mineral.sulfide.none.coarse.vswir.s-8a.jpl.beckman.spectrum.txt,0.000517,0.979583,0.883721,0.000568,0.788797,1.000000,0.000480,0.970217,1.000000,0.000385,1.000000,0.000000,0.000284,1.000000,0.000000
"Chalcocite Cu_2S (S-8A)",S-8A,becknic,mineral,mineral.sulfide.none.coarse.vswir.s-8a.jpl.perkin.spectrum.txt,0.000152,0.996710,0.883721,0.000537,0.920356,1.000000,0.000573,0.940235,1.000000,0.000350,1.000000,0.000000,0.000309,1.000000,0.000000
"Bornite Cu_5FeS_4 (S-9A)",S-9A,becknic,mineral,mineral.sulfide.none.coarse.vswir.s-9a.jpl.beckman.spectrum.txt,0.001127,0.991763,0.883721,0.000550,0.996595,1.000000,0.000833,0.985581,1.000000,0.000490,1.000000,0.000000,0.000346,1.000000,0.000000
"Bornite Cu_5FeS_4 (S-9A)",S-9A,becknic,mineral,mineral.sulfide.none.coarse.vswir.s-9a.jpl.perkin.spectrum.txt,0.001069,0.993014,0.883721,0.000697,0.994837,1.000000,0.000633,0.991190,1.000000,0.000510,1.000000,0.000000,0.000384,1.000000,0.000000
"Pyrite FeS2 (pyrite_1)",pyrite_1,becknic,mineral,mineral.sulfide.none.fine.tir.pyrite_1.jhu.nicolet.spectrum.txt,0.000126,1.000000,0.000000,0.000208,1.000000,0.000000,0.000353,0.987702,0.300357,0.001172,0.998904,1.000000,0.001823,0.999377,1.000000
"Pyrrhotite Fe(1-x)S (pyroph_1)",pyroph_1,becknic,mineral,mineral.sulfide.none.fine.tir.pyroph_1.jhu.nicolet.spectrum.txt,0.000059,1.000000,0.000000,0.000081,1.000000,0.000000,0.000126,1.000000,0.300357,0.000157,0.990574,1.000000,0.000233,0.978717,1.000000
"Pyrrhotite, Fe(1-x)S (pyrrhot_1)",pyrrhot_1,becknic,mineral,mineral.sulfide.none.fine.tir.pyrrhot_1.jhu.nicolet.spectrum.txt,0.000117,1.000000,0.000000,0.000162,1.000000,0.000000,0.000272,0.980308,0.300357,0.000850,0.999133,1.000000,0.002291,0.998877,1.000000
"Marcasite FeS_2 (S-10A)",S-10A,becknic,mineral,mineral.sulfide.none.fine.tir.s-10a.jpl.nicolet.spectrum.txt,0.000473,1.000000,0.000000,0.000549,1.000000,0.000000,0.001278,0.922726,0.356929,0.002908,0.995042,1.000000,0.005011,0.937902,1.000000
"Molybdenite MoS_2 (S-11A)",S-11A,becknic,mineral,mineral.sulfide.none.fine.tir.s-11a.jpl.nicolet.spectrum.txt,0.000422,1.000000,0.000000,0.000688,1.000000,0.000000,0.002406,0.930912,0.356929,0.005109,0.995493,1.000000,0.005234,0.995133,1.000000
"Sphalerite (Zn,Fe)S (S-1A)",S-1A,becknic,mineral,mineral.sulfide.none.fine.tir.s-1a.jpl.nicolet.spectrum.txt,0.000423,1.000000,0.000000,0.000688,1.000000,0.000000,0.004060,0.999000,0.356929,0.005304,0.999303,1.000000,0.002969,0.995918,1.000000
"Pyrite FeS_2 (S-2A)",S-2A,becknic,mineral,mineral.sulfide.none.fine.tir.s-2a.jpl.nicolet.spectrum.txt,0.000494,1.000000,0.000000,0.000372,1.000000,0.000000,0.000794,0.916426,0.356929,0.001081,0.994630,1.000000,0.001356,0.982386,1.000000
"Realgar AsS (S-3A)",S-3A,becknic,mineral,mineral.sulfide.none.fine.tir.s-3a.jpl.nicolet.spectrum.txt,0.000333,1.000000,0.000000,0.000963,1.000000,0.000000,0.000916,0.807095,0.356929,0.003319,0.998325,1.000000,0.006722,0.997476,1.000000
"Chalcopyrite CuFeS_2 (S-4A)",S-4A,becknic,mineral,mineral.sulfide.none.fine.tir.s-4a.jpl.nicolet.spectrum.txt,0.000261,1.000000,0.000000,0.000703,1.000000,0.000000,0.000814,0.646070,0.356929,0.005052,0.993632,1.000000,0.005415,0.998349,1.000000
"Arsenopyrite FeAsS (S-5A)",S-5A,becknic,mineral,mineral.sulfide.none.fine.tir.s-5a.jpl.nicolet.spectrum.txt,0.000467,1.000000,0.000000,0.000352,1.000000,0.000000,0.000814,0.814424,0.356929,0.001003,0.982893,1.000000,0.001316,0.992474,1.000000
"Galena PbS (S-7A)",S-7A,becknic,mineral,mineral.sulfide.none.fine.tir.s-7a.jpl.nicolet.spectrum.txt,0.000484,1.000000,0.000000,0.000364,1.000000,0.000000,0.000870,0.823707,0.356929,0.003321,0.998396,1.000000,0.001472,0.998565,1.000000
"Chalcocite Cu_2S (S-8A)",S-8A,becknic,mineral,mineral.sulfide.none.fine.tir.s-8a.jpl.nicolet.spectrum.txt,0.000130,1.000000,0.000000,0.000181,1.000000,0.000000,0.000799,0.977231,0.356929,0.001014,0.995343,1.000000,0.000912,0.893094,1.000000
"Bornite Cu_5FeS_4 (S-9A)",S-9A,becknic,mineral,mineral.sulfide.none.fine.tir.s-9a.jpl.nicolet.spectrum.txt,0.000492,1.000000,0.000000,0.000371,1.000000,0.000000,0.000845,0.309576,0.356929,0.000908,0.451467,1.000000,0.000826,0.939920,1.000000
"Marcasite FeS_2 (S-10A)",S-10A,becknic,mineral,mineral.sulfide.none.fine.vswir.s-10a.jpl.beckman.spectrum.txt,0.000514,0.993984,0.883721,0.000398,0.969175,1.000000,0.000934,0.998642,1.000000,0.000584,1.000000,0.000000,0.000446,1.000000,0.000000
"Marcasite FeS_2 (S-10A)",S-10A,becknic,mineral,mineral.sulfide.none.fine.vswir.s-10a.jpl.perkin.spectrum.txt,0.000499,0.997926,0.883721,0.001075,0.965017,1.000000,0.001655,0.983332,1.000000,0.000516,1.000000,0.000000,0.000370,1.000000,0.000000
"Molybdenite MoS_2 (S-11A)",S-11A,becknic,mineral,mineral.sulfide.none.fine.vswir.s-11a.jpl.beckman.spectrum.txt,0.002242,0.980321,0.883721,0.003936,0.994944,1.000000,0.001115,0.999630,1.000000,0.000508,1.000000,0.000000,0.000697,1.000000,0.000000
"Molybdenite MoS_2 (S-11A)",S-11A,becknic,mineral,mineral.sulfide.none.fine.vswir.s-11a.jpl.perkin.spectrum.txt,0.002238,0.980995,0.883721,0.004392,0.995072,1.000000,0.001255,0.999506,1.000000,0.000602,1.000000,0.000000,0.000744,1.000000,0.000000
"Pyrrhotite Fe_1-xS (S-12A)",S-12A,becknic,mineral,mineral.sulfide.none.fine.vswir.s-12a.jpl.beckman.spectrum.txt,0.000442,0.998590,0.883721,0.000682,0.973131,1.000000,0.000689,0.994713,1.000000,0.000536,1.000000,0.000000,0.000342,1.000000,0.000000
"Sphalerite (Zn,Fe)S (S-1A)",S-1A,becknic,mineral,mineral.sulfide.none.fine.vswir.s-1a.jpl.beckman.spectrum.txt,0.002365,0.999612,0.883721,0.000656,0.995848,1.000000,0.003670,0.999210,1.000000,0.000716,1.000000,0.000000,0.000571,1.000000,0.000000
"Sphalerite (Zn,Fe)S (S-1A)",S-1A,becknic,mineral,mineral.sulfide.none.fine.vswir.s-1a.jpl.perkin.spectrum.txt,0.002452,0.999526,0.883721,0.000528,0.998065,1.000000,0.003619,0.999209,1.000000,0.000517,1.000000,0.000000,0.000361,1.000000,0.000000
"Pyrite FeS_2 (S-2A)",S-2A,becknic,mineral,mineral.sulfide.none.fine.vswir.s-2a.jpl.beckman.spectrum.txt,0.000585,0.997702,0.883721,0.000483,0.975596,1.000000,0.000703,0.997370,1.000000,0.000548,1.000000,0.000000,0.000357,1.000000,0.000000
"Pyrite FeS_2 (S-2A)",S-2A,becknic,mineral,mineral.sulfide.none.fine.vswir.s-2a.jpl.perkin.spectrum.txt,0.000570,0.998449,0.883721,0.000602,0.988574,1.000000,0.000807,0.994719,1.000000,0.000367,1.000000,0.000000,0.000311,1.000000,0.000000
"Realgar AsS (S-3A)",S-3A,becknic,mineral,mineral.sulfide.none.fine.vswir.s-3a.jpl.beckman.spectrum.txt,0.015902,0.998126,0.883721,0.001054,0.979145,1.000000,0.000963,0.990593,1.000000,0.000863,1.000000,0.000000,0.001168,0.000000,0.000000
"Realgar AsS (S-3A)",S-3A,becknic,mineral,mineral.sulfide.none.fine.vswir.s-3a.jpl.perkin.spectrum.txt,0.012130,0.998725,0.883721,0.000673,0.990991,1.000000,0.001342,0.988737,1.000000,0.000521,1.000000,0.000000,0.000769,1.000000,0.000000
"Chalcopyrite CuFeS_2 (S-4A)",S-4A,becknic,mineral,mineral.sulfide.none.fine.vswir.s-4a.jpl.beckman.spectrum.txt,0.000741,0.998570,0.883721,0.000496,0.975493,1.000000,0.000493,0.862146,1.000000,0.000498,1.000000,0.000000,0.000301,1.000000,0.000000
"Chalcopyrite CuFeS_2 (S-4A)",S-4A,becknic,mineral,mineral.sulfide.none.fine.vswir.s-4a.jpl.perkin.spectrum.txt,0.000443,0.999561,0.883721,0.001304,0.650370,1.000000,0.001302,0.872222,1.000000,0.000722,1.000000,0.000000,0.000507,1.000000,0.000000
"Arsenopyrite FeAsS (S-5A)",S-5A,becknic,mineral,mineral.sulfide.none.fine.vswir.s-5a.jpl.beckman.spectrum.txt,0.000581,0.978500,0.883721,0.000599,0.760699,1.000000,0.000582,1.000000,1.000000,0.000540,1.000000,0.000000,0.000343,1.000000,0.000000
"Arsenopyrite FeAsS (S-5A)",S-5A,becknic,mineral,mineral.sulfide.none.fine.vswir.s-5a.jpl.perkin.spectrum.txt,0.000186,0.978437,0.883721,0.000496,0.939418,1.000000,0.000505,0.986377,1.000000,0.000332,1.000000,0.000000,0.000296,1.000000,0.000000
"Stibnite Sb_2S_3 (S-6A)",S-6A,becknic,mineral,mineral.sulfide.none.fine.vswir.s-6a.jpl.beckman.spectrum.txt,0.016815,0.913914,0.883721,0.015897,0.961780,1.000000,0.001134,0.984838,1.000000,0.000595,1.000000,0.000000,0.000878,1.000000,0.000000
"Galena PbS (S-7A)",S-7A,becknic,mineral,mineral.sulfide.none.fine.vswir.s-7a.jpl.beckman.spectrum.txt,0.000782,0.997663,0.883721,0.000934,0.934556,1.000000,0.000406,0.947609,1.000000,0.000540,1.000000,0.000000,0.000351,1.000000,0.000000
"Galena PbS (S-7A)",S-7A,becknic,mineral,mineral.sulfide.none.fine.vswir.s-7a.jpl.perkin.spectrum.txt,0.000484,0.998325,0.883721,0.000533,0.961072,1.000000,0.000498,0.965928,1.000000,0.000426,1.000000,0.000000,0.000253,1.000000,0.000000
"Chalcocite Cu_2S (S-8A)",S-8A,becknic,mineral,mineral.sulfide.none.fine.vswir.s-8a.jpl.beckman.spectrum.txt,0.000459,0.976245,0.883721,0.000526,0.937958,1.000000,0.000364,0.998614,1.000000,0.000263,1.000000,0.000000,0.000271,1.000000,0.000000
"Chalcocite Cu_2S (S-8A)",S-8A,becknic,mineral,mineral.sulfide.none.fine.vswir.s-8a.jpl.perkin.spectrum.txt,0.000129,0.998734,0.883721,0.000504,0.965783,1.000000,0.000459,0.997414,1.000000,0.000213,1.000000,0.000000,0.000259,1.000000,0.000000
"Bornite Cu_5FeS_4 (S-9A)",S-9A,becknic,mineral,mineral.sulfide.none.fine.vswir.s-9a.jpl.beckman.spectrum.txt,0.000897,0.988622,0.883721,0.000544,0.991445,1.000000,0.000677,0.955720,1.000000,0.000544,1.000000,0.000000,0.000354,1.000000,0.000000
"Bornite Cu_5FeS_4 (S-9A)",S-9A,becknic,mineral,mineral.sulfide.none.fine.vswir.s-9a.jpl.perkin.spectrum.txt,0.000373,0.996275,0.883721,0.000499,0.984730,1.000000,0.000469,0.952423,1.000000,0.000446,1.000000,0.000000,0.000256,1.000000,0.000000
"Marcasite FeS_2 (S-10A)",S-10A,becknic,mineral,mineral.sulfide.none.medium.tir.s-10a.jpl.nicolet.spectrum.txt,0.000414,1.000000,0.000000,0.000343,1.000000,0.000000,0.000964,0.219192,0.356929,0.001902,0.995155,1.000000,0.001934,0.988709,1.000000
"Molybdenite MoS_2 (S-11A)",S-11A,becknic,mineral,mineral.sulfide.none.medium.tir.s-11a.jpl.nicolet.spectrum.txt,0.000424,1.000000,0.000000,0.000688,1.000000,0.000000,0.001696,0.897571,0.356929,0.004978,0.992128,1.000000,0.005625,0.991121,1.000000
"Sphalerite (Zn,Fe)S (S-1A)",S-1A,becknic,mineral,mineral.sulfide.none.medium.tir.s-1a.jpl.nicolet.spectrum.txt,0.001381,0.000000,0.000000,0.000547,1.000000,0.000000,0.004088,0.998660,0.356929,0.008230,0.998397,1.000000,0.004285,0.994879,1.000000
"Pyrite FeS_2 (S-2A)",S-2A,becknic,mineral,mineral.sulfide.none.medium.tir.s-2a.jpl.nicolet.spectrum.txt,0.000511,1.000000,0.000000,0.000395,1.000000,0.000000,0.000862,0.758699,0.356929,0.001395,0.989276,1.000000,0.001782,0.987388,1.000000
"Realgar AsS (S-3A)",S-3A,becknic,mineral,mineral.sulfide.none.medium.tir.s-3a.jpl.nicolet.spectrum.txt,0.000243,1.000000,0.000000,0.000645,1.000000,0.000000,0.001325,0.947934,0.356929,0.003882,0.999168,1.000000,0.005383,0.998884,1.000000
"Chalcopyrite CuFeS_2 (S-4A)",S-4A,becknic,mineral,mineral.sulfide.none.medium.tir.s-4a.jpl.nicolet.spectrum.txt,0.000225,1.000000,0.000000,0.000607,1.000000,0.000000,0.001339,0.900490,0.356929,0.006857,0.995814,1.000000,0.003217,0.998982,1.000000
"Arsenopyrite FeAsS (S-5A)",S-5A,becknic,mineral,mineral.sulfide.none.medium.tir.s-5a.jpl.nicolet.spectrum.txt,0.000534,1.000000,0.000000,0.000423,1.000000,0.000000,0.001141,0.926159,0.356929,0.001253,0.993086,1.000000,0.001294,0.998964,1.000000
"Galena PbS (S-7A)",S-7A,becknic,mineral,mineral.sulfide.none.medium.tir.s-7a.jpl.nicolet.spectrum.txt,0.000502,1.000000,0.000000,0.000482,1.000000,0.000000,0.000853,1.000000,0.356929,0.002355,0.992996,1.000000,0.001159,0.996551,1.000000
"Chalcocite Cu_2S (S-8A)",S-8A,becknic,mineral,mineral.sulfide.none.medium.tir.s-8a.jpl.nicolet.spectrum.txt,0.000212,1.000000,0.000000,0.000302,1.000000,0.000000,0.000956,0.387211,0.356929,0.000689,0.960183,1.000000,0.000922,0.951219,1.000000
"Bornite Cu_5FeS_4 (S-9A)",S-9A,becknic,mineral,mineral.sulfide.none.medium.tir.s-9a.jpl.nicolet.spectrum.txt,0.000484,1.000000,0.000000,0.000525,1.000000,0.000000,0.001125,0.374183,0.356929,0.001130,0.543817,1.000000,0.000948,0.976443,1.000000
"Marcasite FeS_2 (S-10A)",S-10A,becknic,mineral,mineral.sulfide.none.medium.vswir.s-10a.jpl.beckman.spectrum.txt,0.000655,0.998330,0.883721,0.000557,0.997443,1.000000,0.000927,0.998412,1.000000,0.000721,1.000000,0.000000,0.000499,1.000000,0.000000
"Marcasite FeS_2 (S-10A)",S-10A,becknic,mineral,mineral.sulfide.none.medium.vswir.s-10a.jpl.perkin.spectrum.txt,0.000344,0.998820,0.883721,0.000432,0.949853,1.000000,0.000628,0.995322,1.000000,0.000485,1.000000,0.000000,0.000290,1.000000,0.000000
"Molybdenite MoS_2 (S-11A)",S-11A,becknic,mineral,mineral.sulfide.none.medium.vswir.s-11a.jpl.beckman.spectrum.txt,0.002592,0.963198,0.883721,0.004336,0.992962,1.000000,0.001343,0.999111,1.000000,0.000483,1.000000,0.000000,0.000626,1.000000,0.000000
"Molybdenite MoS_2 (S-11A)",S-11A,becknic,mineral,mineral.sulfide.none.medium.vswir.s-11a.jpl.perkin.spectrum.txt,0.003003,0.962603,0.883721,0.004114,0.994309,1.000000,0.001147,0.999418,1.000000,0.000603,1.000000,0.000000,0.000745,1.000000,0.000000
"Sphalerite (Zn,Fe)S (S-1A)",S-1A,becknic,mineral,mineral.sulfide.none.medium.vswir.s-1a.jpl.beckman.spectrum.txt,0.002148,0.999430,0.883721,0.000953,0.997276,1.000000,0.005020,0.998660,1.000000,0.000461,1.000000,0.000000,0.000265,1.000000,0.000000
"Sphalerite (Zn,Fe)S (S-1A)",S-1A,becknic,mineral,mineral.sulfide.none.medium.vswir.s-1a.jpl.perkin.spectrum.txt,0.001865,0.999520,0.883721,0.001511,0.993502,1.000000,0.005168,0.998578,1.000000,0.000366,1.000000,0.000000,0.000312,1.000000,0.000000
"Pyrite FeS_2 (S-2A)",S-2A,becknic,mineral,mineral.sulfide.none.medium.vswir.s-2a.jpl.beckman.spectrum.txt,0.000927,0.998798,0.883721,0.000553,0.995648,1.000000,0.000906,0.930436,1.000000,0.000538,1.000000,0.000000,0.000343,1.000000,0.000000
"Pyrite FeS_2 (S-2A)",S-2A,becknic,mineral,mineral.sulfide.none.medium.vswir.s-2a.jpl.perkin.spectrum.txt,0.000515,0.999039,0.883721,0.000547,0.991841,1.000000,0.000806,0.978702,1.000000,0.000424,1.000000,0.000000,0.000253,1.000000,0.000000
"Realgar AsS (S-3A)",S-3A,becknic,mineral,mineral.sulfide.none.medium.vswir.s-3a.jpl.beckman.spectrum.txt,0.008846,0.999186,0.883721,0.001074,0.988420,1.000000,0.001223,0.996449,1.000000,0.000521,1.000000,0.000000,0.000768,1.000000,0.000000
"Realgar AsS (S-3A)",S-3A,becknic,mineral,mineral.sulfide.none.medium.vswir.s-3a.jpl.perkin.spectrum.txt,0.007799,0.999291,0.883721,0.000816,0.989697,1.000000,0.001476,0.991216,1.000000,0.000506,1.000000,0.000000,0.000780,1.000000,0.000000
"Chalcopyrite CuFeS_2 (S-4A)",S-4A,becknic,mineral,mineral.sulfide.none.medium.vswir.s-4a.jpl.beckman.spectrum.txt,0.000907,0.999438,0.883721,0.000476,0.991663,1.000000,0.000595,0.936955,1.000000,0.000522,1.000000,0.000000,0.000405,1.000000,0.000000
"Chalcopyrite CuFeS_2 (S-4A)",S-4A,becknic,mineral,mineral.sulfide.none.medium.vswir.s-4a.jpl.perkin.spectrum.txt,0.006071,0.952712,0.883721,0.014766,0.961680,1.000000,0.001511,0.967214,1.000000,0.000695,1.000000,0.000000,0.001010,0.000000,0.000000
"Arsenopyrite FeAsS (S-5A)",S-5A,becknic,mineral,mineral.sulfide.none.medium.vswir.s-5a.jpl.beckman.spectrum.txt,0.000807,0.982647,0.883721,0.000493,1.000000,1.000000,0.001011,0.858773,1.000000,0.000519,1.000000,0.000000,0.000368,1.000000,0.000000
"Arsenopyrite FeAsS (S-5A)",S-5A,becknic,mineral,mineral.sulfide.none.medium.vswir.s-5a.jpl.perkin.spectrum.txt,0.000249,0.998177,0.883721,0.000627,0.977122,1.000000,0.000685,0.909303,1.000000,0.000503,1.000000,0.000000,0.000306,1.000000,0.000000
"Stibnite Sb_2S_3 (S-6A)",S-6A,becknic,mineral,mineral.sulfide.none.medium.vswir.s-6a.jpl.beckman.spectrum.txt,0.006559,0.918504,0.883721,0.016149,0.979388,1.000000,0.001548,0.985193,1.000000,0.000621,1.000000,0.000000,0.000698,1.000000,0.000000
"Galena PbS (S-7A)",S-7A,becknic,mineral,mineral.sulfide.none.medium.vswir.s-7a.jpl.beckman.spectrum.txt,0.000846,0.997141,0.883721,0.000454,0.967080,1.000000,0.000757,0.681033,1.000000,0.000551,1.000000,0.000000,0.000351,1.000000,0.000000
"Galena PbS (S-7A)",S-7A,becknic,mineral,mineral.sulfide.none.medium.vswir.s-7a.jpl.perkin.spectrum.txt,0.000685,0.997316,0.883721,0.000760,0.960490,1.000000,0.000598,0.767646,1.000000,0.000545,1.000000,0.000000,0.000343,1.000000,0.000000
"Chalcocite Cu_2S (S-8A)",S-8A,becknic,mineral,mineral.sulfide.none.medium.vswir.s-8a.jpl.beckman.spectrum.txt,0.000599,0.985475,0.883721,0.000629,0.841782,1.000000,0.000467,0.969557,1.000000,0.000313,1.000000,0.000000,0.000286,1.000000,0.000000
"Chalcocite Cu_2S (S-8A)",S-8A,becknic,mineral,mineral.sulfide.none.medium.vswir.s-8a.jpl.perkin.spectrum.txt,0.000477,0.990878,0.883721,0.000513,0.934603,1.000000,0.000620,0.952703,1.000000,0.000378,1.000000,0.000000,0.000293,1.000000,0.000000
"Bornite Cu_5FeS_4 (S-9A)",S-9A,becknic,mineral,mineral.sulfide.none.medium.vswir.s-9a.jpl.beckman.spectrum.txt,0.000825,0.994110,0.883721,0.000639,0.994571,1.000000,0.000862,0.982403,1.000000,0.000499,1.000000,0.000000,0.000342,1.000000,0.000000
"Bornite Cu_5FeS_4 (S-9A)",S-9A,becknic,mineral,mineral.sulfide.none.medium.vswir.s-9a.jpl.perkin.spectrum.txt,0.000535,0.996841,0.883721,0.000668,0.991514,1.000000,0.000816,0.979436,1.000000,0.000504,1.000000,0.000000,0.000340,1.000000,0.000000
"Scheelite CaWO_4 (T-1A)",T-1A,becknic,mineral,mineral.tungstate.none.coarse.tir.t-1a.jpl.nicolet.spectrum.txt,0.000282,1.000000,0.000000,0.000390,1.000000,0.000000,0.001383,0.990115,0.356929,0.013162,0.995039,1.000000,0.010210,0.992767,1.000000
"Scheelite CaWO_4 (T-1A)",T-1A,becknic,mineral,mineral.tungstate.none.coarse.vswir.t-1a.jpl.beckman.spectrum.txt,0.000955,0.999902,0.883721,0.001846,0.956061,1.000000,0.001921,0.996145,1.000000,0.000763,1.000000,0.000000,0.000779,1.000000,0.000000
"Scheelite CaWO_4 (T-1A)",T-1A,becknic,mineral,mineral.tungstate.none.coarse.vswir.t-1a.jpl.perkin.spectrum.txt,0.000894,0.999923,0.883721,0.002428,0.888225,1.000000,0.001626,0.997902,1.000000,0.000703,1.000000,0.000000,0.000772,1.000000,0.000000
"Scheelite CaWO_4 (T-1A)",T-1A,becknic,mineral,mineral.tungstate.none.fine.tir.t-1a.jpl.nicolet.spectrum.txt,0.000216,1.000000,0.000000,0.000643,1.000000,0.000000,0.000867,0.977936,0.356929,0.013191,0.993610,1.000000,0.008775,0.993200,1.000000
"Scheelite CaWO_4 (T-1A)",T-1A,becknic,mineral,mineral.tungstate.none.fine.vswir.t-1a.jpl.beckman.spectrum.txt,0.001070,0.999850,0.883721,0.001409,0.961935,1.000000,0.001495,0.953641,1.000000,0.000580,1.000000,0.000000,0.000675,1.000000,0.000000
"Scheelite CaWO_4 (T-1A)",T-1A,becknic,mineral,mineral.tungstate.none.fine.vswir.t-1a.jpl.perkin.spectrum.txt,0.001019,0.999885,0.883721,0.002395,0.867192,1.000000,0.001298,0.990063,1.000000,0.000465,1.000000,0.000000,0.000797,1.000000,0.000000
"Scheelite CaWO_4 (T-1A)",T-1A,becknic,mineral,mineral.tungstate.none.medium.tir.t-1a.jpl.nicolet.spectrum.txt,0.000227,1.000000,0.000000,0.000759,1.000000,0.000000,0.001539,0.970436,0.356929,0.012093,0.996587,1.000000,0.009603,0.993098,1.000000
"Scheelite CaWO_4 (T-1A)",T-1A,becknic,mineral,mineral.tungstate.none.medium.vswir.t-1a.jpl.beckman.spectrum.txt,0.000992,0.999902,0.883721,0.002977,0.833424,1.000000,0.001632,0.996558,1.000000,0.000544,1.000000,0.000000,0.000696,1.000000,0.000000
"Scheelite CaWO_4 (T-1A)",T-1A,becknic,mineral,mineral.tungstate.none.medium.vswir.t-1a.jpl.perkin.spectrum.txt,0.000832,0.999929,0.883721,0.001743,0.945913,1.000000,0.002163,0.995638,1.000000,0.000794,1.000000,0.000000,0.000830,1.000000,0.000000
"Abies concolor bark (VH311)",VH311,becknic,nonphotosyntheticvegetation,nonphotosyntheticvegetation.bark.abies.concolor.tir.vh311.ucsb.nicolet.spectrum.txt,0.000721,1.000000,0.000000,0.000478,1.000000,0.000000,0.001382,0.000000,0.000000,0.003451,0.998204,0.999750,0.001121,0.979853,1.000000
"Abies concolor bark (VH315)",VH315,becknic,nonphotosyntheticvegetation,nonphotosyntheticvegetation.bark.abies.concolor.tir.vh315.ucsb.nicolet.spectrum.txt,0.000376,1.000000,0.000000,0.000445,1.000000,0.000000,0.001099,0.000000,0.000000,0.001805,0.999072,0.999750,0.000814,0.973963,1.000000
"Abies concolor bark (VH311)",VH311,becknic,nonphotosyntheticvegetation,nonphotosyntheticvegetation.bark.abies.concolor.vswir.vh311.ucsb.asd.spectrum.txt,0.001062,0.999587,1.000000,0.001978,0.998901,1.000000,0.003019,0.997927,1.000000,0.000979,1.000000,0.000000,0.000690,1.000000,0.000000
"Abies concolor bark (VH315)",VH315,becknic,nonphotosyntheticvegetation,nonphotosyntheticvegetation.bark.abies.concolor.vswir.vh315.ucsb.asd.spectrum.txt,0.001257,0.998214,1.000000,0.002364,0.996923,1.000000,0.002890,0.996945,1.000000,0.000788,1.000000,0.000000,0.000652,1.000000,0.000000
"Acer rubrum (ACRU-1-81)",ACRU-1-81,becknic,nonphotosyntheticvegetation,nonphotosyntheticvegetation.bark.acer.rubrum.tir.acru-1-81.ucsb.nicolet.spectrum.txt,0.000377,1.000000,0.000000,0.000445,1.000000,0.000000,0.001107,0.000000,0.000000,0.003786,0.996425,0.999750,0.001989,0.859167,1.000000
"Acer rubrum (ACRU-2-82)",ACRU-2-82,becknic,nonphotosyntheticvegetation,nonphotosyntheticvegetation.bark.acer.rubrum.tir.acru-2-82.ucsb.nicolet.spectrum.txt,0.000914,1.000000,0.000000,0.000501,1.000000,0.000000,0.001423,0.000000,0.000000,0.004076,0.997483,0.999750,0.002408,0.946491,1.000000
"Acer rubrum (ACRU-1-81)",ACRU-1-81,becknic,nonphotosyntheticvegetation,nonphotosyntheticvegetation.bark.acer.rubrum.vswir.acru-1-81.ucsb.asd.spectrum.txt,0.003085,0.997267,1.000000,0.001222,0.998670,1.000000,0.003703,0.996916,1.000000,0.000721,1.000000,0.000000,0.000587,1.000000,0.000000
"Acer rubrum (ACRU-2-82)",ACRU-2-82,becknic,nonphotosyntheticvegetation,nonphotosyntheticvegetation.bark.acer.rubrum.vswir.acru-2-82.ucsb.asd.spectrum.txt,0.002203,0.998875,1.000000,0.002492,0.997945,1.000000,0.002656,0.999100,1.000000,0.000947,1.000000,0.000000,0.000650,1.000000,0.000000
"Betula papyrifera (BEPA-1-85)",BEPA-1-85,becknic,nonphotosyntheticvegetation,nonphotosyntheticvegetation.bark.betula.papyrifera.tir.bepa-1-85.ucsb.nicolet.spectrum.txt,0.000435,1.000000,0.000000,0.000685,1.000000,0.000000,0.002243,0.000000,0.000000,0.009284,0.994852,0.999750,0.005451,0.958703,1.000000
"Betula papyrifera (BEPA-2-86)",BEPA-2-86,becknic,nonphotosyntheticvegetation,nonphotosyntheticvegetation.bark.betula.papyrifera.tir.bepa-2-86.ucsb.nicolet.spectrum.txt,0.000709,1.000000,0.000000,0.000672,1.000000,0.000000,0.001972,0.000000,0.000000,0.006676,0.997033,0.999750,0.004461,0.977614,1.000000
"Betula papyrifera (BEPA-1-85)",BEPA-1-85,becknic,nonphotosyntheticvegetation,nonphotosyntheticvegetation.bark.betula.papyrifera.vswir.bepa-1-85.ucsb.asd.spectrum.txt,0.003885,0.998171,1.000000,0.001738,0.999360,1.000000,0.005087,0.995347,1.000000,0.000595,1.000000,0.000000,0.000705,1.000000,0.000000
"Betula papyrifera (BEPA-2-86)",BEPA-2-86,becknic,nonphotosyntheticvegetation,nonphotosyntheticvegetation.bark.betula.papyrifera.vswir.bepa-2-86.ucsb.asd.spectrum.txt,0.003158,0.998157,1.000000,0.002337,0.998166,1.000000,0.005448,0.995072,1.000000,0.000412,1.000000,0.000000,0.000716,1.000000,0.000000
"Calocedrus decurrens bark (VH312)",VH312,becknic,nonphotosyntheticvegetation,nonphotosyntheticvegetation.bark.calocedrus.decurrens.tir.vh312.ucsb.nicolet.spectrum.txt,0.000668,1.000000,0.000000,0.000474,1.000000,0.000000,0.001369,0.000000,0.000000,0.003385,0.997456,0.999750,0.001440,0.990348,1.000000
"Calocedrus decurrens bark (VH316)",VH316,becknic,nonphotosyntheticvegetation,nonphotosyntheticvegetation.bark.calocedrus.decurrens.tir.vh316.ucsb.nicolet.spectrum.txt,0.000376,1.000000,0.000000,0.000445,1.000000,0.000000,0.001102,0.000000,0.000000,0.002314,0.998647,0.999750,0.001065,0.986082,1.000000
"Calocedrus decurrens bark (VH312)",VH312,becknic,nonphotosyntheticvegetation,nonphotosyntheticvegetation.bark.calocedrus.decurrens.vswir.vh312.ucsb.asd.spectrum.txt,0.002705,0.999295,1.000000,0.002603,0.998920,1.000000,0.003539,0.999015,1.000000,0.000767,1.000000,0.000000,0.000604,1.000000,0.000000
"Calocedrus decurrens bark (VH316)",VH316,becknic,nonphotosyntheticvegetation,nonphotosyntheticvegetation.bark.calocedrus.decurrens.vswir.vh316.ucsb.asd.spectrum.txt,0.002586,0.999400,1.000000,0.001641,0.999734,1.000000,0.004420,0.998750,1.000000,0.000646,1.000000,0.000000,0.000578,1.000000,0.000000
"Pinus coulteri bark (VH342)",VH342,becknic,nonphotosyntheticvegetation,nonphotosyntheticvegetation.bark.pinus.coulteri.tir.vh342.ucsb.nicolet.spectrum.txt,0.000495,1.000000,0.000000,0.000497,1.000000,0.000000,0.000726,1.000000,0.000000,0.001480,0.998679,0.999750,0.000867,0.947378,1.000000
"Pinus coulteri bark (VH343)",VH343,becknic,nonphotosyntheticvegetation,nonphotosyntheticvegetation.bark.pinus.coulteri.tir.vh343.ucsb.nicolet.spectrum.txt,0.000472,1.000000,0.000000,0.000544,1.000000,0.000000,0.000857,1.000000,0.000000,0.002747,0.997140,0.999750,0.000977,0.945312,1.000000
"Pinus coulteri bark (VH344)",VH344,becknic,nonphotosyntheticvegetation,nonphotosyntheticvegetation.bark.pinus.coulteri.tir.vh344.ucsb.nicolet.spectrum.txt,0.000475,1.000000,0.000000,0.000550,1.000000,0.000000,0.000818,1.000000,0.000000,0.001695,0.998524,0.999750,0.000782,0.977777,1.000000
"Pinus coulteri bark (VH342)",VH342,becknic,nonphotosyntheticvegetation,nonphotosyntheticvegetation.bark.pinus.coulteri.vswir.vh342.ucsb.asd.spectrum.txt,0.000825,0.999655,1.000000,0.001600,0.998835,1.000000,0.002817,0.997144,1.000000,0.000779,1.000000,0.000000,0.000600,1.000000,0.000000
"Pinus coulteri bark (VH343)",VH343,becknic,nonphotosyntheticvegetation,nonphotosyntheticvegetation.bark.pinus.coulteri.vswir.vh343.ucsb.asd.spectrum.txt,0.000585,0.999360,1.000000,0.001867,0.996741,1.000000,0.003188,0.994787,1.000000,0.000740,1.000000,0.000000,0.000589,1.000000,0.000000
"Pinus coulteri bark (VH344)",VH344,becknic,nonphotosyntheticvegetation,nonphotosyntheticvegetation.bark.pinus.coulteri.vswir.vh344.ucsb.asd.spectrum.txt,0.000542,0.999389,1.000000,0.003168,0.997442,1.000000,0.003024,0.997192,1.000000,0.000837,1.000000,0.000000,0.000662,1.000000,0.000000
"Pinus lambertiana bark (VH317)",VH317,becknic,nonphotosyntheticvegetation,nonphotosyntheticvegetation.bark.pinus.lambertiana.tir.vh317.ucsb.nicolet.spectrum.txt,0.000489,1.000000,0.000000,0.000456,1.000000,0.000000,0.001293,0.000000,0.000000,0.002436,0.998505,0.999750,0.001111,0.991322,1.000000
"Pinus lambertiana bark (VH317)",VH317,becknic,nonphotosyntheticvegetation,nonphotosyntheticvegetation.bark.pinus.lambertiana.vswir.vh317.ucsb.asd.spectrum.txt,0.001629,0.999022,1.000000,0.003695,0.998156,1.000000,0.003086,0.998835,1.000000,0.000821,1.000000,0.000000,0.000659,1.000000,0.000000
"Pinus ponderosa Bark (VH313)",VH313,becknic,nonphotosyntheticvegetation,nonphotosyntheticvegetation.bark.pinus.ponderosa.tir.vh313.ucsb.nicolet.spectrum.txt,0.000516,1.000000,0.000000,0.000462,1.000000,0.000000,0.001306,0.000000,0.000000,0.002759,0.998172,0.999750,0.001898,0.991721,1.000000
"Pinus ponderosa bark (VH314)",VH314,becknic,nonphotosyntheticvegetation,nonphotosyntheticvegetation.bark.pinus.ponderosa.tir.vh314.ucsb.nicolet.spectrum.txt,0.000385,1.000000,0.000000,0.000448,1.000000,0.000000,0.001155,0.000000,0.000000,0.003180,0.997432,0.999750,0.001725,0.990771,1.000000
"Pinus ponderosa Bark (VH313)",VH313,becknic,nonphotosyntheticvegetation,nonphotosyntheticvegetation.bark.pinus.ponderosa.vswir.vh313.ucsb.asd.spectrum.txt,0.002442,0.998499,1.000000,0.003661,0.998436,1.000000,0.003726,0.998668,1.000000,0.000799,1.000000,0.000000,0.000607,1.000000,0.000000
"Pinus ponderosa bark (VH314)",VH314,becknic,nonphotosyntheticvegetation,nonphotosyntheticvegetation.bark.pinus.ponderosa.vswir.vh314.ucsb.asd.spectrum.txt,0.002678,0.995173,1.000000,0.003258,0.997829,1.000000,0.004004,0.997487,1.000000,0.000983,1.000000,0.000000,0.000611,1.000000,0.000000
"Pinus strobus (PIST-1-83)",PIST-1-83,becknic,nonphotosyntheticvegetation,nonphotosyntheticvegetation.bark.pinus.strobus.tir.pist-1-83.ucsb.nicolet.spectrum.txt,0.000485,1.000000,0.000000,0.000455,1.000000,0.000000,0.001291,0.000000,0.000000,0.003423,0.996837,0.999750,0.001975,0.957936,1.000000
"Pinus strobus (PIST-2-84)",PIST-2-84,becknic,nonphotosyntheticvegetation,nonphotosyntheticvegetation.bark.pinus.strobus.tir.pist-2-84.ucsb.nicolet.spectrum.txt,0.000378,1.000000,0.000000,0.000446,1.000000,0.000000,0.001122,0.000000,0.000000,0.002613,0.997311,0.999750,0.001819,0.948717,1.000000
"Pinus strobus (PIST-1-83)",PIST-1-83,becknic,nonphotosyntheticvegetation,nonphotosyntheticvegetation.bark.pinus.strobus.vswir.pist-1-83.ucsb.asd.spectrum.txt,0.003352,0.998035,1.000000,0.001640,0.999443,1.000000,0.002748,0.999224,1.000000,0.000802,1.000000,0.000000,0.000638,1.000000,0.000000
"Pinus strobus (PIST-2-84)",PIST-2-84,becknic,nonphotosyntheticvegetation,nonphotosyntheticvegetation.bark.pinus.strobus.vswir.pist-2-84.ucsb.asd.spectrum.txt,0.002775,0.997409,1.000000,0.002568,0.999305,1.000000,0.003399,0.998967,1.000000,0.000920,1.000000,0.000000,0.000687,1.000000,0.000000
"Quercus rubra (QURU-1-79)",QURU-1-79,becknic,nonphotosyntheticvegetation,nonphotosyntheticvegetation.bark.quercus.rubra.tir.quru-1-79.ucsb.nicolet.spectrum.txt,0.000390,1.000000,0.000000,0.000449,1.000000,0.000000,0.001169,0.000000,0.000000,0.003425,0.997152,0.999750,0.001880,0.912962,1.000000
"Quercus rubra (QURU-2-80)",QURU-2-80,becknic,nonphotosyntheticvegetation,nonphotosyntheticvegetation.bark.quercus.rubra.tir.quru-2-80.ucsb.nicolet.spectrum.txt,0.000470,1.000000,0.000000,0.000499,1.000000,0.000000,0.000938,1.000000,0.000000,0.003517,0.995208,0.999750,0.001799,0.851354,1.000000
"Quercus rubra (QURU-1-79)",QURU-1-79,becknic,nonphotosyntheticvegetation,nonphotosyntheticvegetation.bark.quercus.rubra.vswir.quru-1-79.ucsb.asd.spectrum.txt,0.001661,0.997695,1.000000,0.001168,0.998352,1.000000,0.003075,0.996575,1.000000,0.000582,1.000000,0.000000,0.000446,1.000000,0.000000
"Quercus rubra (QURU-2-80)",QURU-2-80,becknic,nonphotosyntheticvegetation,nonphotosyntheticvegetation.bark.quercus.rubra.vswir.quru-2-80.ucsb.asd.spectrum.txt,0.000812,0.999562,1.000000,0.001753,0.997864,1.000000,0.002659,0.998060,1.000000,0.000513,1.000000,0.000000,0.000375,1.000000,0.000000
"Adenostoma fasciculatum branch (VH333)",VH333,becknic,nonphotosyntheticvegetation,nonphotosyntheticvegetation.branches.adenostoma.fasciculatum.tir.vh333.ucsb.nicolet.spectrum.txt,0.000534,1.000000,0.000000,0.000424,1.000000,0.000000,0.000476,1.000000,0.000000,0.001197,0.996973,0.999750,0.000778,0.869459,1.000000
"Adenostoma fasciculatum branch (VH334)",VH334,becknic,nonphotosyntheticvegetation,nonphotosyntheticvegetation.branches.adenostoma.fasciculatum.tir.vh334.ucsb.nicolet.spectrum.txt,0.000473,1.000000,0.000000,0.000547,1.000000,0.000000,0.000844,1.000000,0.000000,0.002189,0.997445,0.999750,0.001131,0.947676,1.000000
"Adenostoma fasciculatum branch (VH333)",VH333,becknic,nonphotosyntheticvegetation,nonphotosyntheticvegetation.branches.adenostoma.fasciculatum.vswir.vh333.ucsb.asd.spectrum.txt,0.001631,0.999277,1.000000,0.002194,0.998554,1.000000,0.002016,0.999046,1.000000,0.000963,1.000000,0.000000,0.000670,1.000000,0.000000
"Adenostoma fasciculatum branch (VH334)",VH334,becknic,nonphotosyntheticvegetation,nonphotosyntheticvegetation.branches.adenostoma.fasciculatum.vswir.vh334.ucsb.asd.spectrum.txt,0.001946,0.999099,1.000000,0.001958,0.999037,1.000000,0.003031,0.998456,1.000000,0.000965,1.000000,0.000000,0.000686,1.000000,0.000000
"Ceanothus megacarpus branch (VH331)",VH331,becknic,nonphotosyntheticvegetation,nonphotosyntheticvegetation.branches.ceanothus.megacarpus.tir.vh331.ucsb.nicolet.spectrum.txt,0.000488,1.000000,0.000000,0.000514,1.000000,0.000000,0.000768,1.000000,0.000000,0.001543,0.998573,0.999750,0.000882,0.927943,1.000000
"Ceanothus megacarpus branch (VH332)",VH332,becknic,nonphotosyntheticvegetation,nonphotosyntheticvegetation.branches.ceanothus.megacarpus.tir.vh332.ucsb.nicolet.spectrum.txt,0.000471,1.000000,0.000000,0.000530,1.000000,0.000000,0.000895,1.000000,0.000000,0.002893,0.996618,0.999750,0.001288,0.922311,1.000000
"Ceanothus megacarpus branch (VH331)",VH331,becknic,nonphotosyntheticvegetation,nonphotosyntheticvegetation.branches.ceanothus.megacarpus.vswir.vh331.ucsb.asd.spectrum.txt,0.000879,0.998687,1.000000,0.001730,0.998290,1.000000,0.002056,0.997637,1.000000,0.000812,1.000000,0.000000,0.000624,1.000000,0.000000
"Ceanothus megacarpus branch (VH332)",VH332,becknic,nonphotosyntheticvegetation,nonphotosyntheticvegetation.branches.ceanothus.megacarpus.vswir.vh332.ucsb.asd.spectrum.txt,0.001324,0.998706,1.000000,0.002845,0.997190,1.000000,0.001837,0.998984,1.000000,0.000885,1.000000,0.000000,0.000627,1.000000,0.000000
"Foeniculum vulgare litter (VH360)",VH360,becknic,nonphotosyntheticvegetation,nonphotosyntheticvegetation.branches.foeniculum.vulgare.tir.vh360.ucsb.nicolet.spectrum.txt,0.000426,1.000000,0.000000,0.000470,1.000000,0.000000,0.001000,1.000000,0.000000,0.002434,0.998373,0.999750,0.001746,0.982583,1.000000
"Foeniculum vulgare litter (VH361)",VH361,becknic,nonphotosyntheticvegetation,nonphotosyntheticvegetation.branches.foeniculum.vulgare.tir.vh361.ucsb.nicolet.spectrum.txt,0.000428,1.000000,0.000000,0.000451,1.000000,0.000000,0.001235,0.000000,0.000000,0.003016,0.998435,0.999750,0.001847,0.989185,1.000000
"Foeniculum vulgare litter (VH360)",VH360,becknic,nonphotosyntheticvegetation,nonphotosyntheticvegetation.branches.foeniculum.vulgare.vswir.vh360.ucsb.asd.spectrum.txt,0.001735,0.998817,1.000000,0.001386,0.999063,1.000000,0.004541,0.991895,1.000000,0.000738,1.000000,0.000000,0.000545,1.000000,0.000000
"Foeniculum vulgare litter (VH361)",VH361,becknic,nonphotosyntheticvegetation,nonphotosyntheticvegetation.branches.foeniculum.vulgare.vswir.vh361.ucsb.asd.spectrum.txt,0.001473,0.998765,1.000000,0.001728,0.998434,1.000000,0.004072,0.995035,1.000000,0.000504,1.000000,0.000000,0.000637,1.000000,0.000000
"Salvia leucophylla 1 (VH290)",VH290,becknic,nonphotosyntheticvegetation,nonphotosyntheticvegetation.branches.salvia.leucophylla.tir.vh290.ucsb.nicolet.spectrum.txt,0.000486,1.000000,0.000000,0.000455,1.000000,0.000000,0.001291,0.000000,0.000000,0.002557,0.998597,0.999750,0.001662,0.965246,1.000000
"Salvia leucophylla 2 (VH291)",VH291,becknic,nonphotosyntheticvegetation,nonphotosyntheticvegetation.branches.salvia.leucophylla.tir.vh291.ucsb.nicolet.spectrum.txt,0.000471,1.000000,0.000000,0.000454,1.000000,0.000000,0.001281,0.000000,0.000000,0.002617,0.998670,0.999750,0.002147,0.966787,1.000000
"Salvia leucophylla 3 (VH292)",VH292,becknic,nonphotosyntheticvegetation,nonphotosyntheticvegetation.branches.salvia.leucophylla.tir.vh292.ucsb.nicolet.spectrum.txt,0.000435,1.000000,0.000000,0.000451,1.000000,0.000000,0.001243,0.000000,0.000000,0.002835,0.998267,0.999750,0.001620,0.971814,1.000000
"Salvia leucophylla 1 (VH290)",VH290,becknic,nonphotosyntheticvegetation,nonphotosyntheticvegetation.branches.salvia.leucophylla.vswir.vh290.ucsb.asd.spectrum.txt,0.001368,0.998790,1.000000,0.001060,0.999146,1.000000,0.002864,0.994749,1.000000,0.000786,1.000000,0.000000,0.000650,1.000000,0.000000
"Salvia leucophylla 2 (VH291)",VH291,becknic,nonphotosyntheticvegetation,nonphotosyntheticvegetation.branches.salvia.leucophylla.vswir.vh291.ucsb.asd.spectrum.txt,0.001787,0.998214,1.000000,0.001233,0.999061,1.000000,0.002846,0.995296,1.000000,0.000860,1.000000,0.000000,0.000666,1.000000,0.000000
"Salvia leucophylla 3 (VH292)",VH292,becknic,nonphotosyntheticvegetation,nonphotosyntheticvegetation.branches.salvia.leucophylla.vswir.vh292.ucsb.asd.spectrum.txt,0.001160,0.999142,1.000000,0.001961,0.998477,1.000000,0.003602,0.995274,1.000000,0.000977,1.000000,0.000000,0.000615,1.000000,0.000000
"Arctostaphylos glandulosa 4 (VH266)",VH266,becknic,nonphotosyntheticvegetation,nonphotosyntheticvegetation.flowers.calocedrus.decrruens.tir.vh266.ucsb.nicolet.spectrum.txt,0.000212,1.000000,0.000000,0.000302,1.000000,0.000000,0.000238,1.000000,0.000000,0.002745,0.855100,0.999750,0.001668,0.528841,1.000000
"Arctostaphylos glandulosa 5 (VH267)",VH267,becknic,nonphotosyntheticvegetation,nonphotosyntheticvegetation.flowers.calocedrus.decrruens.tir.vh267.ucsb.nicolet.spectrum.txt,0.000126,1.000000,0.000000,0.000239,1.000000,0.000000,0.000185,1.000000,0.000000,0.002040,0.890802,0.999750,0.001785,0.496127,1.000000
"Arctostaphylos glandulosa 5 (VH268)",VH268,becknic,nonphotosyntheticvegetation,nonphotosyntheticvegetation.flowers.calocedrus.decrruens.tir.vh268.ucsb.nicolet.spectrum.txt,0.000211,1.000000,0.000000,0.000301,1.000000,0.000000,0.000237,1.000000,0.000000,0.002070,0.913276,0.999750,0.001578,0.878053,1.000000
"Arctostaphylos glandulosa 4 (VH266)",VH266,becknic,nonphotosyntheticvegetation,nonphotosyntheticvegetation.flowers.calocedrus.decrruens.vswir.vh266.ucsb.asd.spectrum.txt,0.002947,0.999658,1.000000,0.001006,0.997057,1.000000,0.001485,0.999878,1.000000,0.000244,1.000000,0.000000,0.000267,1.000000,0.000000
"Arctostaphylos glandulosa 5 (VH267)",VH267,becknic,nonphotosyntheticvegetation,nonphotosyntheticvegetation.flowers.calocedrus.decrruens.vswir.vh267.ucsb.asd.spectrum.txt,0.002852,0.999584,1.000000,0.001022,0.996538,1.000000,0.001693,0.999793,1.000000,0.000214,1.000000,0.000000,0.000257,1.000000,0.000000
"Arctostaphylos glandulosa 5 (VH268)",VH268,becknic,nonphotosyntheticvegetation,nonphotosyntheticvegetation.flowers.calocedrus.decrruens.vswir.vh268.ucsb.asd.spectrum.txt,0.007142,0.998642,1.000000,0.001841,0.997016,1.000000,0.004046,0.999357,1.000000,0.000221,1.000000,0.000000,0.000272,1.000000,0.000000
"Calocedrus decrruens (VH253)",VH253,becknic,nonphotosyntheticvegetation,nonphotosyntheticvegetation.flowers.calocedrus.decurrens.tir.vh253.ucsb.nicolet.spectrum.txt,0.000126,1.000000,0.000000,0.000208,1.000000,0.000000,0.000160,1.000000,0.000000,0.001962,0.898054,0.999750,0.001685,0.589299,1.000000
"Calocedrus decrruens (VH266)",VH266,becknic,nonphotosyntheticvegetation,nonphotosyntheticvegetation.flowers.calocedrus.decurrens.tir.vh266.ucsb.nicolet.spectrum.txt,0.000212,1.000000,0.000000,0.000302,1.000000,0.000000,0.000238,1.000000,0.000000,0.002745,0.855100,0.999750,0.001668,0.528841,1.000000
"Calocedrus decrruens (VH267)",VH267,becknic,nonphotosyntheticvegetation,nonphotosyntheticvegetation.flowers.calocedrus.decurrens.tir.vh267.ucsb.nicolet.spectrum.txt,0.000126,1.000000,0.000000,0.000239,1.000000,0.000000,0.000185,1.000000,0.000000,0.002040,0.890802,0.999750,0.001785,0.496135,1.000000
"Calocedrus decrruens (VH268)",VH268,becknic,nonphotosyntheticvegetation,nonphotosyntheticvegetation.flowers.calocedrus.decurrens.tir.vh268.ucsb.nicolet.spectrum.txt,0.000211,1.000000,0.000000,0.000301,1.000000,0.000000,0.000237,1.000000,0.000000,0.002070,0.913276,0.999750,0.001578,0.878053,1.000000
"Calocedrus decrruens (VH253)",VH253,becknic,nonphotosyntheticvegetation,nonphotosyntheticvegetation.flowers.calocedrus.decurrens.vswir.vh253.ucsb.asd.spectrum.txt,0.003654,0.999695,1.000000,0.001920,0.994173,1.000000,0.002187,0.999850,1.000000,0.000255,1.000000,0.000000,0.000270,1.000000,0.000000
"Calocedrus decrruens (VH266)",VH266,becknic,nonphotosyntheticvegetation,nonphotosyntheticvegetation.flowers.calocedrus.decurrens.vswir.vh266.ucsb.asd.spectrum.txt,0.002947,0.999658,1.000000,0.001006,0.997057,1.000000,0.001485,0.999878,1.000000,0.000244,1.000000,0.000000,0.000267,1.000000,0.000000
"Calocedrus decrruens (VH267)",VH267,becknic,nonphotosyntheticvegetation,nonphotosyntheticvegetation.flowers.calocedrus.decurrens.vswir.vh267.ucsb.asd.spectrum.txt,0.002852,0.999584,1.000000,0.001022,0.996538,1.000000,0.001693,0.999793,1.000000,0.000214,1.000000,0.000000,0.000257,1.000000,0.000000
"Calocedrus decrruens (VH268)",VH268,becknic,nonphotosyntheticvegetation,nonphotosyntheticvegetation.flowers.calocedrus.decurrens.vswir.vh268.ucsb.asd.spectrum.txt,0.007142,0.998642,1.000000,0.001841,0.997016,1.000000,0.004046,0.999357,1.000000,0.000221,1.000000,0.000000,0.000272,1.000000,0.000000
"Avena fatua litter (VH354)",VH354,becknic,nonphotosyntheticvegetation,nonphotosyntheticvegetation.leaves.avena.fatua.tir.vh354.ucsb.nicolet.spectrum.txt,0.000213,1.000000,0.000000,0.000302,1.000000,0.000000,0.000238,1.000000,0.000000,0.001070,0.993976,0.999750,0.000890,0.981607,1.000000
"Avena fatua litter (VH355)",VH355,becknic,nonphotosyntheticvegetation,nonphotosyntheticvegetation.leaves.avena.fatua.tir.vh355.ucsb.nicolet.spectrum.txt,0.000260,1.000000,0.000000,0.000321,1.000000,0.000000,0.000255,1.000000,0.000000,0.001121,0.995565,0.999750,0.001141,0.985212,1.000000
"Avena fatua litter (VH354)",VH354,becknic,nonphotosyntheticvegetation,nonphotosyntheticvegetation.leaves.avena.fatua.vswir.vh354.ucsb.asd.spectrum.txt,0.006725,0.998559,1.000000,0.001087,0.988985,1.000000,0.001852,0.999873,1.000000,0.000550,1.000000,0.000000,0.000355,1.000000,0.000000
"Avena fatua litter (VH355)",VH355,becknic,nonphotosyntheticvegetation,nonphotosyntheticvegetation.leaves.avena.fatua.vswir.vh355.ucsb.asd.spectrum.txt,0.007157,0.998098,1.000000,0.000649,0.985360,1.000000,0.001811,0.999826,1.000000,0.000493,1.000000,0.000000,0.000344,1.000000,0.000000
"Misc Leaf Litter (LL-1-87y)",LL-1-87y,becknic,nonphotosyntheticvegetation,nonphotosyntheticvegetation.leaves.none.none.tir.ll-1-87y.ucsb.nicolet.spectrum.txt,0.001091,0.000000,0.000000,0.000563,1.000000,0.000000,0.001472,0.000000,0.000000,0.004583,0.996354,0.999750,0.002622,0.970597,1.000000
"Misc Leaf Litter (LL-2-89z)",LL-2-89z,becknic,nonphotosyntheticvegetation,nonphotosyntheticvegetation.leaves.none.none.tir.ll-2-89z.ucsb.nicolet.spectrum.txt,0.001217,0.000000,0.000000,0.000580,1.000000,0.000000,0.001673,0.000000,0.000000,0.005266,0.997582,0.999750,0.003937,0.961793,1.000000
"Misc Grass Litter - Mostly decomposed (VH356)",VH356,becknic,nonphotosyntheticvegetation,nonphotosyntheticvegetation.leaves.none.none.tir.vh356.ucsb.nicolet.spectrum.txt,0.000472,1.000000,0.000000,0.000493,1.000000,0.000000,0.000951,1.000000,0.000000,0.002484,0.998495,0.999750,0.001373,0.989420,1.000000
"Misc Grass Litter (VH357)",VH357,becknic,nonphotosyntheticvegetation,nonphotosyntheticvegetation.leaves.none.none.tir.vh357.ucsb.nicolet.spectrum.txt,0.000376,1.000000,0.000000,0.000445,1.000000,0.000000,0.001096,0.000000,0.000000,0.003623,0.996957,0.999750,0.001322,0.983684,1.000000
"Misc Grass Litter - Mostly decomposed (VH358)",VH358,becknic,nonphotosyntheticvegetation,nonphotosyntheticvegetation.leaves.none.none.tir.vh358.ucsb.nicolet.spectrum.txt,0.000471,1.000000,0.000000,0.000538,1.000000,0.000000,0.000878,1.000000,0.000000,0.002596,0.998011,0.999750,0.001268,0.991001,1.000000
"Misc Grass Litter (VH359)",VH359,becknic,nonphotosyntheticvegetation,nonphotosyntheticvegetation.leaves.none.none.tir.vh359.ucsb.nicolet.spectrum.txt,0.000545,1.000000,0.000000,0.000465,1.000000,0.000000,0.001320,0.000000,0.000000,0.005056,0.995725,0.999750,0.001507,0.985997,1.000000
"Misc Leaf Litter (LL-1-87y)",LL-1-87y,becknic,nonphotosyntheticvegetation,nonphotosyntheticvegetation.leaves.none.none.vswir.ll-1-87y.ucsb.asd.spectrum.txt,0.001634,0.999701,1.000000,0.002620,0.997280,1.000000,0.002745,0.998967,1.000000,0.000963,1.000000,0.000000,0.000677,1.000000,0.000000
"Misc Leaf Litter (LL-2-89z)",LL-2-89z,becknic,nonphotosyntheticvegetation,nonphotosyntheticvegetation.leaves.none.none.vswir.ll-2-89z.ucsb.asd.spectrum.txt,0.002212,0.999471,1.000000,0.003046,0.992046,1.000000,0.002665,0.997871,1.000000,0.000709,1.000000,0.000000,0.000556,1.000000,0.000000
"Misc Grass Litter - Mostly decomposed (VH356)",VH356,becknic,nonphotosyntheticvegetation,nonphotosyntheticvegetation.leaves.none.none.vswir.vh356.ucsb.asd.spectrum.txt,0.001139,0.999456,1.000000,0.001305,0.997861,1.000000,0.002861,0.994226,1.000000,0.000914,1.000000,0.000000,0.000619,1.000000,0.000000
"Misc Grass Litter (VH357)",VH357,becknic,nonphotosyntheticvegetation,nonphotosyntheticvegetation.leaves.none.none.vswir.vh357.ucsb.asd.spectrum.txt,0.001864,0.999763,1.000000,0.002495,0.998084,1.000000,0.003687,0.998662,1.000000,0.000919,1.000000,0.000000,0.000685,1.000000,0.000000
"Misc Grass Litter - Mostly decomposed (VH358)",VH358,becknic,nonphotosyntheticvegetation,nonphotosyntheticvegetation.leaves.none.none.vswir.vh358.ucsb.asd.spectrum.txt,0.001027,0.999644,1.000000,0.001605,0.997100,1.000000,0.004143,0.994450,1.000000,0.000755,1.000000,0.000000,0.000600,1.000000,0.000000
"Misc Grass Litter (VH359)",VH359,becknic,nonphotosyntheticvegetation,nonphotosyntheticvegetation.leaves.none.none.vswir.vh359.ucsb.asd.spectrum.txt,0.001967,0.999740,1.000000,0.001849,0.998600,1.000000,0.004150,0.995884,1.000000,0.000687,1.000000,0.000000,0.000591,1.000000,0.000000
"Quercus sp. litter (VH318)",VH318,becknic,nonphotosyntheticvegetation,nonphotosyntheticvegetation.leaves.quercus.species.tir.vh318.ucsb.nicolet.spectrum.txt,0.000498,1.000000,0.000000,0.000458,1.000000,0.000000,0.001298,0.000000,0.000000,0.002346,0.998876,0.999750,0.001368,0.990146,1.000000
"Quercus sp. litter (VH319)",VH319,becknic,nonphotosyntheticvegetation,nonphotosyntheticvegetation.leaves.quercus.species.tir.vh319.ucsb.nicolet.spectrum.txt,0.000754,1.000000,0.000000,0.000481,1.000000,0.000000,0.001389,0.000000,0.000000,0.002465,0.998911,0.999750,0.001373,0.990380,1.000000
"Quercus sp. litter (VH320)",VH320,becknic,nonphotosyntheticvegetation,nonphotosyntheticvegetation.leaves.quercus.species.tir.vh320.ucsb.nicolet.spectrum.txt,0.000546,1.000000,0.000000,0.000465,1.000000,0.000000,0.001321,0.000000,0.000000,0.002393,0.998877,0.999750,0.001396,0.992755,1.000000
"Quercus sp. litter (VH318)",VH318,becknic,nonphotosyntheticvegetation,nonphotosyntheticvegetation.leaves.quercus.species.vswir.vh318.ucsb.asd.spectrum.txt,0.003423,0.999346,1.000000,0.001171,0.998639,1.000000,0.002747,0.998746,1.000000,0.000755,1.000000,0.000000,0.000538,1.000000,0.000000
"Quercus sp. litter (VH319)",VH319,becknic,nonphotosyntheticvegetation,nonphotosyntheticvegetation.leaves.quercus.species.vswir.vh319.ucsb.asd.spectrum.txt,0.001964,0.999682,1.000000,0.001555,0.997051,1.000000,0.002830,0.998623,1.000000,0.000813,1.000000,0.000000,0.000636,1.000000,0.000000
"Quercus sp. litter (VH320)",VH320,becknic,nonphotosyntheticvegetation,nonphotosyntheticvegetation.leaves.quercus.species.vswir.vh320.ucsb.asd.spectrum.txt,0.003975,0.999080,1.000000,0.001083,0.998095,1.000000,0.002651,0.998766,1.000000,0.000965,1.000000,0.000000,0.000626,1.000000,0.000000
"Dry grass (drygrass)",drygrass,becknic,nonphotosyntheticvegetation,nonphotosyntheticvegetation.leaves.unknown.unknown.all.drygrass.jhu.becknic.spectrum.txt,0.001923,0.999756,0.929093,0.001977,0.997455,1.000000,0.005061,0.997299,1.000000,0.005110,0.997182,1.000000,0.001901,0.991890,0.883647
"lichen off trees (VH296)",VH296,becknic,nonphotosyntheticvegetation,nonphotosyntheticvegetation.lichen.lichen.species.tir.vh296.ucsb.nicolet.spectrum.txt,0.000528,1.000000,0.000000,0.000433,1.000000,0.000000,0.000507,1.000000,0.000000,0.002352,0.995184,0.999750,0.000908,0.809212,1.000000
"lichen off trees (VH297)",VH297,becknic,nonphotosyntheticvegetation,nonphotosyntheticvegetation.lichen.lichen.species.tir.vh297.ucsb.nicolet.spectrum.txt,0.000506,1.000000,0.000000,0.000472,1.000000,0.000000,0.000658,1.000000,0.000000,0.002874,0.994234,0.999750,0.001013,0.822475,1.000000
"lichen off trees (VH298)",VH298,becknic,nonphotosyntheticvegetation,nonphotosyntheticvegetation.lichen.lichen.species.tir.vh298.ucsb.nicolet.spectrum.txt,0.000491,1.000000,0.000000,0.000506,1.000000,0.000000,0.000750,1.000000,0.000000,0.003246,0.993955,0.999750,0.001029,0.858560,1.000000
"dry brown lichen (VH307)",VH307,becknic,nonphotosyntheticvegetation,nonphotosyntheticvegetation.lichen.lichen.species.tir.vh307.ucsb.nicolet.spectrum.txt,0.000470,1.000000,0.000000,0.000514,1.000000,0.000000,0.000914,1.000000,0.000000,0.002239,0.998273,0.999750,0.000822,0.978782,1.000000
"lichen off trees (VH296)",VH296,becknic,nonphotosyntheticvegetation,nonphotosyntheticvegetation.lichen.lichen.species.vswir.vh296.ucsb.asd.spectrum.txt,0.005549,0.997196,1.000000,0.001916,0.992290,1.000000,0.005043,0.997474,1.000000,0.000546,1.000000,0.000000,0.000343,1.000000,0.000000
"lichen off trees (VH297)",VH297,becknic,nonphotosyntheticvegetation,nonphotosyntheticvegetation.lichen.lichen.species.vswir.vh297.ucsb.asd.spectrum.txt,0.006317,0.996254,1.000000,0.001007,0.998455,1.000000,0.004915,0.997137,1.000000,0.000522,1.000000,0.000000,0.000404,1.000000,0.000000
"lichen off trees (VH298)",VH298,becknic,nonphotosyntheticvegetation,nonphotosyntheticvegetation.lichen.lichen.species.vswir.vh298.ucsb.asd.spectrum.txt,0.007772,0.995673,1.000000,0.001523,0.994832,1.000000,0.005160,0.997361,1.000000,0.000510,1.000000,0.000000,0.000384,1.000000,0.000000
"dry brown lichen (VH307)",VH307,becknic,nonphotosyntheticvegetation,nonphotosyntheticvegetation.lichen.lichen.species.vswir.vh307.ucsb.asd.spectrum.txt,0.000740,0.999131,1.000000,0.002597,0.997654,1.000000,0.004144,0.994793,1.000000,0.000838,1.000000,0.000000,0.000628,1.000000,0.000000
"Abies concolor dry needles (VH325)",VH325,becknic,nonphotosyntheticvegetation,nonphotosyntheticvegetation.needles.abies.concolor.tir.vh325.ucsb.nicolet.spectrum.txt,0.000502,1.000000,0.000000,0.000481,1.000000,0.000000,0.000693,1.000000,0.000000,0.001491,0.995198,0.999750,0.000864,0.700624,1.000000
"Abies concolor dry needles (VH326)",VH326,becknic,nonphotosyntheticvegetation,nonphotosyntheticvegetation.needles.abies.concolor.tir.vh326.ucsb.nicolet.spectrum.txt,0.000508,1.000000,0.000000,0.000461,1.000000,0.000000,0.000601,1.000000,0.000000,0.001382,0.996905,0.999750,0.000918,0.774314,1.000000
"Abies concolor dry needles (VH327)",VH327,becknic,nonphotosyntheticvegetation,nonphotosyntheticvegetation.needles.abies.concolor.tir.vh327.ucsb.nicolet.spectrum.txt,0.000472,1.000000,0.000000,0.000542,1.000000,0.000000,0.000862,1.000000,0.000000,0.001526,0.994948,0.999750,0.000930,0.774383,1.000000
"Abies concolor dry needles (VH325)",VH325,becknic,nonphotosyntheticvegetation,nonphotosyntheticvegetation.needles.abies.concolor.vswir.vh325.ucsb.asd.spectrum.txt,0.002729,0.999328,1.000000,0.002142,0.995739,1.000000,0.003939,0.998849,1.000000,0.000523,1.000000,0.000000,0.000365,1.000000,0.000000
"Abies concolor dry needles (VH326)",VH326,becknic,nonphotosyntheticvegetation,nonphotosyntheticvegetation.needles.abies.concolor.vswir.vh326.ucsb.asd.spectrum.txt,0.003037,0.999179,1.000000,0.001273,0.998805,1.000000,0.004220,0.998878,1.000000,0.000495,1.000000,0.000000,0.000344,1.000000,0.000000
"Abies concolor dry needles (VH327)",VH327,becknic,nonphotosyntheticvegetation,nonphotosyntheticvegetation.needles.abies.concolor.vswir.vh327.ucsb.asd.spectrum.txt,0.002381,0.999537,1.000000,0.001559,0.997920,1.000000,0.004464,0.998751,1.000000,0.000490,1.000000,0.000000,0.000349,1.000000,0.000000
"Pinus coulteri dry needles (VH339)",VH339,becknic,nonphotosyntheticvegetation,nonphotosyntheticvegetation.needles.pinus.coulteri.tir.vh339.ucsb.nicolet.spectrum.txt,0.000515,1.000000,0.000000,0.000401,1.000000,0.000000,0.000411,1.000000,0.000000,0.001282,0.995984,0.999750,0.000838,0.828449,1.000000
"Pinus coulteri dry needles (VH340)",VH340,becknic,nonphotosyntheticvegetation,nonphotosyntheticvegetation.needles.pinus.coulteri.tir.vh340.ucsb.nicolet.spectrum.txt,0.000516,1.000000,0.000000,0.000401,1.000000,0.000000,0.000413,1.000000,0.000000,0.001270,0.995783,0.999750,0.000751,0.898817,1.000000
"Pinus coulteri dry needles (VH341)",VH341,becknic,nonphotosyntheticvegetation,nonphotosyntheticvegetation.needles.pinus.coulteri.tir.vh341.ucsb.nicolet.spectrum.txt,0.000512,1.000000,0.000000,0.000396,1.000000,0.000000,0.000399,1.000000,0.000000,0.001265,0.997565,0.999750,0.000940,0.837467,1.000000
"Pinus coulteri dry needles (VH339)",VH339,becknic,nonphotosyntheticvegetation,nonphotosyntheticvegetation.needles.pinus.coulteri.vswir.vh339.ucsb.asd.spectrum.txt,0.003350,0.999149,1.000000,0.001877,0.989257,1.000000,0.004270,0.998590,1.000000,0.000538,1.000000,0.000000,0.000349,1.000000,0.000000
"Pinus coulteri dry needles (VH340)",VH340,becknic,nonphotosyntheticvegetation,nonphotosyntheticvegetation.needles.pinus.coulteri.vswir.vh340.ucsb.asd.spectrum.txt,0.001883,0.999424,1.000000,0.002047,0.990741,1.000000,0.003424,0.998197,1.000000,0.000514,1.000000,0.000000,0.000339,1.000000,0.000000
"Pinus coulteri dry needles (VH341)",VH341,becknic,nonphotosyntheticvegetation,nonphotosyntheticvegetation.needles.pinus.coulteri.vswir.vh341.ucsb.asd.spectrum.txt,0.001633,0.999260,1.000000,0.001430,0.995474,1.000000,0.003226,0.997734,1.000000,0.000550,1.000000,0.000000,0.000346,1.000000,0.000000
"Pinus lambertiana dry needles (VH328)",VH328,becknic,nonphotosyntheticvegetation,nonphotosyntheticvegetation.needles.pinus.lambertiana.tir.vh328.ucsb.nicolet.spectrum.txt,0.000435,1.000000,0.000000,0.000345,1.000000,0.000000,0.000309,1.000000,0.000000,0.001369,0.995773,0.999750,0.000836,0.790458,1.000000
"Pinus lambertiana dry needles (VH329)",VH329,becknic,nonphotosyntheticvegetation,nonphotosyntheticvegetation.needles.pinus.lambertiana.tir.vh329.ucsb.nicolet.spectrum.txt,0.000481,1.000000,0.000000,0.000361,1.000000,0.000000,0.000329,1.000000,0.000000,0.001592,0.995261,0.999750,0.000881,0.810197,1.000000
"Pinus lambertiana dry needles (VH330)",VH330,becknic,nonphotosyntheticvegetation,nonphotosyntheticvegetation.needles.pinus.lambertiana.tir.vh330.ucsb.nicolet.spectrum.txt,0.000520,1.000000,0.000000,0.000438,1.000000,0.000000,0.000523,1.000000,0.000000,0.001348,0.996196,0.999750,0.000882,0.834090,1.000000
"Pinus lambertiana dry needles (VH328)",VH328,becknic,nonphotosyntheticvegetation,nonphotosyntheticvegetation.needles.pinus.lambertiana.vswir.vh328.ucsb.asd.spectrum.txt,0.007460,0.997803,1.000000,0.002187,0.994522,1.000000,0.004694,0.999029,1.000000,0.000529,1.000000,0.000000,0.000420,1.000000,0.000000
"Pinus lambertiana dry needles (VH329)",VH329,becknic,nonphotosyntheticvegetation,nonphotosyntheticvegetation.needles.pinus.lambertiana.vswir.vh329.ucsb.asd.spectrum.txt,0.007345,0.997722,1.000000,0.002222,0.989767,1.000000,0.005030,0.998658,1.000000,0.000492,1.000000,0.000000,0.000345,1.000000,0.000000
"Pinus lambertiana dry needles (VH330)",VH330,becknic,nonphotosyntheticvegetation,nonphotosyntheticvegetation.needles.pinus.lambertiana.vswir.vh330.ucsb.asd.spectrum.txt,0.005090,0.998844,1.000000,0.002151,0.987316,1.000000,0.004283,0.999002,1.000000,0.000491,1.000000,0.000000,0.000351,1.000000,0.000000
"Pinus ponderosa dry needles (VH322)",VH322,becknic,nonphotosyntheticvegetation,nonphotosyntheticvegetation.needles.pinus.ponderosa.tir.vh322.ucsb.nicolet.spectrum.txt,0.000501,1.000000,0.000000,0.000482,1.000000,0.000000,0.000697,1.000000,0.000000,0.001790,0.992430,0.999750,0.001060,0.610429,1.000000
"Pinus ponderosa dry needles (VH323)",VH323,becknic,nonphotosyntheticvegetation,nonphotosyntheticvegetation.needles.pinus.ponderosa.tir.vh323.ucsb.nicolet.spectrum.txt,0.000491,1.000000,0.000000,0.000370,1.000000,0.000000,0.000343,1.000000,0.000000,0.002049,0.992770,0.999750,0.001049,0.681005,1.000000
"Pinus ponderosa dry needles (VH324)",VH324,becknic,nonphotosyntheticvegetation,nonphotosyntheticvegetation.needles.pinus.ponderosa.tir.vh324.ucsb.nicolet.spectrum.txt,0.000346,1.000000,0.000000,0.000341,1.000000,0.000000,0.000283,1.000000,0.000000,0.001843,0.991751,0.999750,0.001006,0.532063,1.000000
"Pinus ponderosa dry needles (VH322)",VH322,becknic,nonphotosyntheticvegetation,nonphotosyntheticvegetation.needles.pinus.ponderosa.vswir.vh322.ucsb.asd.spectrum.txt,0.003512,0.999411,1.000000,0.002145,0.993076,1.000000,0.004681,0.998860,1.000000,0.000493,1.000000,0.000000,0.000344,1.000000,0.000000
"Pinus ponderosa dry needles (VH323)",VH323,becknic,nonphotosyntheticvegetation,nonphotosyntheticvegetation.needles.pinus.ponderosa.vswir.vh323.ucsb.asd.spectrum.txt,0.004877,0.999168,1.000000,0.002019,0.995094,1.000000,0.005181,0.998859,1.000000,0.000635,1.000000,0.000000,0.000460,1.000000,0.000000
"Pinus ponderosa dry needles (VH324)",VH324,becknic,nonphotosyntheticvegetation,nonphotosyntheticvegetation.needles.pinus.ponderosa.vswir.vh324.ucsb.asd.spectrum.txt,0.005702,0.998026,1.000000,0.003630,0.984543,1.000000,0.004461,0.998948,1.000000,0.000550,1.000000,0.000000,0.000358,1.000000,0.000000
"Trachyte (Ward17)",Ward17,becknic,rock,rock.igneous.alkalic.solid.all.ward17.jpl.nicolet.spectrum.txt,0.001244,0.000000,0.000000,0.000566,1.000000,0.000000,0.003194,0.970124,0.357286,0.003550,0.999419,1.000000,0.002396,0.996294,1.000000
"Syenite (Ward18)",Ward18,becknic,rock,rock.igneous.alkalic.solid.all.ward18.jpl.nicolet.spectrum.txt,0.000470,1.000000,0.000000,0.000528,1.000000,0.000000,0.006477,0.763729,0.357286,0.002894,0.994621,1.000000,0.002915,0.998556,1.000000
"Hornblende Syenite (Ward19)",Ward19,becknic,rock,rock.igneous.alkalic.solid.all.ward19.jpl.nicolet.spectrum.txt,0.000878,1.000000,0.000000,0.000493,1.000000,0.000000,0.003403,0.899027,0.357286,0.002085,0.999100,1.000000,0.003759,0.996426,1.000000
"Nepheline-Sodalite Syenite (Ward23)",Ward23,becknic,rock,rock.igneous.alkalic.solid.all.ward23.jpl.nicolet.spectrum.txt,0.000475,1.000000,0.000000,0.000549,1.000000,0.000000,0.003337,0.733756,0.357286,0.001546,0.998064,1.000000,0.003637,0.997044,1.000000
"Trachyte (Ward17)",Ward17,becknic,rock,rock.igneous.alkalic.solid.vswir.ward17.jpl.perkin.spectrum.txt,0.001171,0.998365,0.883721,0.001046,0.905855,1.000000,0.001134,0.987028,1.000000,0.000904,1.000000,0.000000,0.000679,1.000000,0.000000
"Syenite (Ward18)",Ward18,becknic,rock,rock.igneous.alkalic.solid.vswir.ward18.jpl.perkin.spectrum.txt,0.001236,0.982046,0.883721,0.000606,0.981385,1.000000,0.002073,0.987199,1.000000,0.000523,1.000000,0.000000,0.000340,1.000000,0.000000
"Hornblende Syenite (Ward19)",Ward19,becknic,rock,rock.igneous.alkalic.solid.vswir.ward19.jpl.perkin.spectrum.txt,0.001266,0.997428,0.883721,0.001501,0.776570,1.000000,0.001613,0.991851,1.000000,0.000815,1.000000,0.000000,0.000625,1.000000,0.000000
"Nepheline-Sodalite Syenite (Ward23)",Ward23,becknic,rock,rock.igneous.alkalic.solid.vswir.ward23.jpl.perkin.spectrum.txt,0.000864,0.997686,0.883721,0.001631,0.945697,1.000000,0.001056,0.991298,1.000000,0.000538,1.000000,0.000000,0.000428,1.000000,0.000000
"Scoria (Ward02)",Ward02,becknic,rock,rock.igneous.basic.solid.all.ward02.jpl.nicolet.spectrum.txt,0.000126,1.000000,0.000000,0.000240,1.000000,0.000000,0.003394,0.156209,0.357286,0.001215,0.987263,1.000000,0.001174,0.996857,1.000000
"Amygdaloidal Basalt (Ward34)",Ward34,becknic,rock,rock.igneous.basic.solid.all.ward34.jpl.nicolet.spectrum.txt,0.000475,1.000000,0.000000,0.000548,1.000000,0.000000,0.002098,0.923096,0.357286,0.001546,0.998527,1.000000,0.001260,0.997311,1.000000
"Scoria (Ward02)",Ward02,becknic,rock,rock.igneous.basic.solid.vswir.ward02.jpl.perkin.spectrum.txt,0.000403,0.998040,0.883721,0.000442,0.979604,1.000000,0.000522,0.992132,1.000000,0.000239,1.000000,0.000000,0.000267,1.000000,0.000000
"Amygdaloidal Basalt (Ward34)",Ward34,becknic,rock,rock.igneous.basic.solid.vswir.ward34.jpl.perkin.spectrum.txt,0.000831,0.999641,0.883721,0.000574,0.968473,1.000000,0.001008,0.997790,1.000000,0.000550,1.000000,0.000000,0.000357,1.000000,0.000000
"Aplite (Aplite_H1)",Aplite_H1,becknic,rock,rock.igneous.felsic.fine.all.aplite_h1.jhu.becknic.spectrum.txt,0.001971,0.997016,0.883721,0.001665,0.970240,1.000000,0.002872,0.994487,1.000000,0.004422,0.999605,1.000000,0.003282,0.974094,0.883647
"Alkalic Granite (Granite_H1)",Granite_H1,becknic,rock,rock.igneous.felsic.fine.all.granite_h1.jhu.becknic.spectrum.txt,0.002270,0.980374,0.883721,0.001415,0.990725,1.000000,0.002077,0.998008,1.000000,0.003458,0.999538,1.000000,0.002923,0.980306,0.883647
"Granite (Granite_H2)",Granite_H2,becknic,rock,rock.igneous.felsic.fine.all.granite_h2.jhu.becknic.spectrum.txt,0.002750,0.999170,0.883721,0.001867,0.982978,1.000000,0.001935,0.988315,1.000000,0.003926,0.999585,1.000000,0.002579,0.985258,0.883647
"Granite (Granite_H3)",Granite_H3,becknic,rock,rock.igneous.felsic.fine.all.granite_h3.jhu.becknic.spectrum.txt,0.002083,0.997915,0.883721,0.001890,0.807589,1.000000,0.001807,0.967507,1.000000,0.002819,0.999673,1.000000,0.002624,0.986729,0.883647
"Granite (Granite_H5)",Granite_H5,becknic,rock,rock.igneous.felsic.fine.all.granite_h5.jhu.becknic.spectrum.txt,0.002346,0.999442,0.883721,0.002348,0.963874,1.000000,0.002497,0.970633,1.000000,0.003883,0.999576,1.000000,0.002507,0.985179,0.883647
"Rhyolite (Rhyolite_H1)",Rhyolite_H1,becknic,rock,rock.igneous.felsic.fine.all.rhyolite_h1.jhu.becknic.spectrum.txt,0.002043,0.999529,0.883721,0.002049,0.997842,1.000000,0.002471,0.989765,1.000000,0.005846,0.999037,1.000000,0.002821,0.977474,0.883647
"Rhyolite (AP-936-10)",AP-936-10,becknic,rock,rock.igneous.felsic.solid.all.ap-936-10.usgs.perknic.spectrum.txt,0.003574,0.998564,0.872093,0.002662,0.963821,1.000000,0.004238,0.998221,1.000000,0.002248,0.999525,1.000000,0.001655,0.997696,0.888353
"Rhyolite (AP-936-185)",AP-936-185,becknic,rock,rock.igneous.felsic.solid.all.ap-936-185.usgs.perknic.spectrum.txt,0.002588,0.998278,0.872093,0.002484,0.982517,1.000000,0.005258,0.998040,1.000000,0.001555,0.998679,1.000000,0.003361,0.998472,0.888353
"Rhyolite (AP-936-186)",AP-936-186,becknic,rock,rock.igneous.felsic.solid.all.ap-936-186.usgs.perknic.spectrum.txt,0.002415,0.997574,0.872093,0.001168,0.917501,1.000000,0.001479,0.995889,1.000000,0.001135,0.997135,1.000000,0.004227,0.987539,0.888353
"Rhyolite (AP-936-193b)",AP-936-193b,becknic,rock,rock.igneous.felsic.solid.all.ap-936-193b.usgs.perknic.spectrum.txt,0.003226,0.998652,0.872093,0.003137,0.913949,1.000000,0.009335,0.995154,1.000000,0.001010,0.998212,1.000000,0.002517,0.999145,0.888353
"Rhyolite (AP-936-194)",AP-936-194,becknic,rock,rock.igneous.felsic.solid.all.ap-936-194.usgs.perknic.spectrum.txt,0.002726,0.995396,0.872093,0.005925,0.950420,1.000000,0.002863,0.988845,1.000000,0.004030,0.997205,1.000000,0.003631,0.984571,0.888353
"Rhyolite (AP-937-100)",AP-937-100,becknic,rock,rock.igneous.felsic.solid.all.ap-937-100.usgs.perknic.spectrum.txt,0.002663,0.998480,0.872093,0.002254,0.970777,1.000000,0.006135,0.997550,1.000000,0.002431,0.993154,1.000000,0.000866,0.997506,0.888353
"Rhyolite (AP-937-168)",AP-937-168,becknic,rock,rock.igneous.felsic.solid.all.ap-937-168.usgs.perknic.spectrum.txt,0.003671,0.999105,0.872093,0.003217,0.914418,1.000000,0.007242,0.998068,1.000000,0.002735,0.999233,1.000000,0.001367,0.997543,0.888353
"Rhyolite (AP-937-182)",AP-937-182,becknic,rock,rock.igneous.felsic.solid.all.ap-937-182.usgs.perknic.spectrum.txt,0.001890,0.998942,0.872093,0.002040,0.696256,1.000000,0.005248,0.998015,1.000000,0.001134,0.998882,1.000000,0.001851,0.998922,0.888353
"Rhyolite (AP-937-200)",AP-937-200,becknic,rock,rock.igneous.felsic.solid.all.ap-937-200.usgs.perknic.spectrum.txt,0.002512,0.999332,0.872093,0.002745,0.978877,1.000000,0.004009,0.998894,1.000000,0.001882,0.998909,1.000000,0.004212,0.993472,0.888353
"Rhyolite (AP-938-226)",AP-938-226,becknic,rock,rock.igneous.felsic.solid.all.ap-938-226.usgs.perknic.spectrum.txt,0.002382,0.982734,0.872093,0.003234,0.880627,1.000000,0.002023,0.998178,1.000000,0.001398,0.998427,1.000000,0.001901,0.999030,0.888353
"Rhyolite (AP-938-90)",AP-938-90,becknic,rock,rock.igneous.felsic.solid.all.ap-938-90.usgs.perknic.spectrum.txt,0.002801,0.999571,0.872093,0.002876,0.975035,1.000000,0.005745,0.998438,1.000000,0.003639,0.996279,1.000000,0.001811,0.994954,0.888353
"Rhyolite (AP-938-91)",AP-938-91,becknic,rock,rock.igneous.felsic.solid.all.ap-938-91.usgs.perknic.spectrum.txt,0.001326,0.994634,0.872093,0.002828,0.792057,1.000000,0.001671,0.993021,1.000000,0.001206,0.998982,1.000000,0.002946,0.998685,0.888353
"Rhyolite (AP-938-93)",AP-938-93,becknic,rock,rock.igneous.felsic.solid.all.ap-938-93.usgs.perknic.spectrum.txt,0.005384,0.998898,0.872093,0.002079,0.990556,1.000000,0.006417,0.997952,1.000000,0.003370,0.998649,1.000000,0.002283,0.994383,0.888353
"Rhyolite (AP-939-212b)",AP-939-212b,becknic,rock,rock.igneous.felsic.solid.all.ap-939-212b.usgs.perknic.spectrum.txt,0.002539,0.999400,0.872093,0.001962,0.960296,1.000000,0.005792,0.997902,1.000000,0.003141,0.996338,1.000000,0.002679,0.994005,0.888353
"Rhyolite (AP-939-214)",AP-939-214,becknic,rock,rock.igneous.felsic.solid.all.ap-939-214.usgs.perknic.spectrum.txt,0.001754,0.998346,0.872093,0.002222,0.929730,1.000000,0.001857,0.997165,1.000000,0.000918,0.997452,1.000000,0.001782,0.999258,0.888353
"Rhyolite (AP-939-220a)",AP-939-220a,becknic,rock,rock.igneous.felsic.solid.all.ap-939-220a.usgs.perknic.spectrum.txt,0.002716,0.998627,0.872093,0.002036,0.977490,1.000000,0.006149,0.996993,1.000000,0.003414,0.998746,1.000000,0.003030,0.996528,0.888353
"Rhyolite (AP-939-221)",AP-939-221,becknic,rock,rock.igneous.felsic.solid.all.ap-939-221.usgs.perknic.spectrum.txt,0.002586,0.997058,0.872093,0.002816,0.892735,1.000000,0.006878,0.998139,1.000000,0.001939,0.998958,1.000000,0.002952,0.995973,0.888353
"Rhyolite (AP-939-223)",AP-939-223,becknic,rock,rock.igneous.felsic.solid.all.ap-939-223.usgs.perknic.spectrum.txt,0.009127,0.997050,0.872093,0.002849,0.972879,1.000000,0.006104,0.997601,1.000000,0.002675,0.997085,1.000000,0.001291,0.995636,0.888353
"Rhyolite (AP-960-134)",AP-960-134,becknic,rock,rock.igneous.felsic.solid.all.ap-960-134.usgs.perknic.spectrum.txt,0.003245,0.998144,0.872093,0.002949,0.870113,1.000000,0.005179,0.997031,1.000000,0.004132,0.997812,1.000000,0.001615,0.998727,0.888353
"Rhyolite (AP-961-149)",AP-961-149,becknic,rock,rock.igneous.felsic.solid.all.ap-961-149.usgs.perknic.spectrum.txt,0.005268,0.997362,0.872093,0.001712,0.951257,1.000000,0.003049,0.997173,1.000000,0.002339,0.998491,1.000000,0.002774,0.996258,0.888353
"Rhyolite (AP-980-121)",AP-980-121,becknic,rock,rock.igneous.felsic.solid.all.ap-980-121.usgs.perknic.spectrum.txt,0.002471,0.999175,0.872093,0.002071,0.791355,1.000000,0.003349,0.998542,1.000000,0.002474,0.999002,1.000000,0.001105,0.998274,0.888353
"Rhyolite (AP-981-175)",AP-981-175,becknic,rock,rock.igneous.felsic.solid.all.ap-981-175.usgs.perknic.spectrum.txt,0.004348,0.997290,0.872093,0.001953,0.959765,1.000000,0.004081,0.996736,1.000000,0.002107,0.997421,1.000000,0.002510,0.996950,0.888353
"Rhyolite (AP-981-176)",AP-981-176,becknic,rock,rock.igneous.felsic.solid.all.ap-981-176.usgs.perknic.spectrum.txt,0.002540,0.999374,0.872093,0.001829,0.967261,1.000000,0.002880,0.998659,1.000000,0.001820,0.999220,1.000000,0.001474,0.997172,0.888353
"Aplite (Aplite_H1)",Aplite_H1,becknic,rock,rock.igneous.felsic.solid.all.aplite_h1.jhu.becknic.spectrum.txt,0.002983,0.996228,0.883721,0.002273,0.967414,1.000000,0.001960,0.995866,1.000000,0.003237,0.998067,1.000000,0.002744,0.998967,0.883671
"Altered volcanic tuff (Cup1)",Cup1,becknic,rock,rock.igneous.felsic.solid.all.cup1.usgs.perknic.spectrum.txt,0.000463,0.999856,0.883721,0.001505,0.821569,1.000000,0.003006,0.997749,1.000000,0.003141,0.997239,1.000000,0.002781,0.998519,0.870588
"Altered volcanic tuff (Cup2)",Cup2,becknic,rock,rock.igneous.felsic.solid.all.cup2.usgs.perknic.spectrum.txt,0.002473,0.999426,0.883721,0.002686,0.998628,1.000000,0.002009,0.998314,1.000000,0.003142,0.998790,1.000000,0.001400,0.998529,0.870588
"Altered volcanic tuff (cup3)",cup3,becknic,rock,rock.igneous.felsic.solid.all.cup3.usgs.perknic.spectrum.txt,0.000676,0.999936,0.883721,0.001348,0.806940,1.000000,0.001785,0.999337,1.000000,0.002689,0.997383,1.000000,0.004118,0.996947,0.870588
"Altered volcanic tuff (Cup4)",Cup4,becknic,rock,rock.igneous.felsic.solid.all.cup4.usgs.perknic.spectrum.txt,0.001399,0.999716,0.883721,0.001912,0.980113,1.000000,0.006000,0.997667,1.000000,0.002051,0.993993,1.000000,0.004843,0.992890,0.870588
"Altered volcanic tuff (Cup5)",Cup5,becknic,rock,rock.igneous.felsic.solid.all.cup5.usgs.perknic.spectrum.txt,0.001331,0.999762,0.883721,0.002147,0.973316,1.000000,0.005979,0.996093,1.000000,0.003851,0.992320,1.000000,0.003794,0.995332,0.870588
"Altered volcanic tuff (Cup6)",Cup6,becknic,rock,rock.igneous.felsic.solid.all.cup6.usgs.perknic.spectrum.txt,0.000918,0.999756,0.883721,0.000999,0.997866,1.000000,0.002769,0.997492,1.000000,0.001539,0.998728,1.000000,0.002383,0.998130,0.870588
"Altered volcanic tuff (Cup7)",Cup7,becknic,rock,rock.igneous.felsic.solid.all.cup7.usgs.perknic.spectrum.txt,0.001602,0.998943,0.883721,0.002108,0.853514,1.000000,0.007187,0.995962,1.000000,0.003005,0.982252,1.000000,0.004054,0.990426,0.870588
"Altered volcanic tuff (Cup8)",Cup8,becknic,rock,rock.igneous.felsic.solid.all.cup8.usgs.perknic.spectrum.txt,0.001150,0.999414,0.883721,0.002011,0.878108,1.000000,0.001386,0.999044,1.000000,0.002260,0.997680,1.000000,0.002772,0.998054,0.870588
"Alkalic Granite (Granite_H1)",Granite_H1,becknic,rock,rock.igneous.felsic.solid.all.granite_h1.jhu.becknic.spectrum.txt,0.001641,0.984395,0.883721,0.001036,0.866334,1.000000,0.001193,0.974631,1.000000,0.000927,0.999006,1.000000,0.002667,0.999038,0.883671
"Granite (Granite_H2)",Granite_H2,becknic,rock,rock.igneous.felsic.solid.all.granite_h2.jhu.becknic.spectrum.txt,0.001268,0.999471,0.883721,0.001202,0.862649,1.000000,0.001307,0.996088,1.000000,0.001363,0.999087,1.000000,0.003539,0.998933,0.883671
"Granite (Granite_H3)",Granite_H3,becknic,rock,rock.igneous.felsic.solid.all.granite_h3.jhu.becknic.spectrum.txt,0.001102,0.997082,0.883721,0.001054,0.981752,1.000000,0.000968,0.995879,1.000000,0.001062,0.998982,1.000000,0.002687,0.999039,0.883671
"Granite (Granite_H5)",Granite_H5,becknic,rock,rock.igneous.felsic.solid.all.granite_h5.jhu.becknic.spectrum.txt,0.001494,0.998998,0.883721,0.001602,0.971654,1.000000,0.001213,0.998771,1.000000,0.000944,0.999373,1.000000,0.003281,0.998366,0.883671
"Rhyolite (Rhyolite_H1)",Rhyolite_H1,becknic,rock,rock.igneous.felsic.solid.all.rhyolite_h1.jhu.becknic.spectrum.txt,0.001872,0.997593,0.883721,0.003461,0.991582,1.000000,0.001617,0.983080,1.000000,0.002113,0.998878,1.000000,0.003955,0.997309,0.883671
"Obsidian (Ward01)",Ward01,becknic,rock,rock.igneous.felsic.solid.all.ward01.jpl.nicolet.spectrum.txt,0.000091,1.000000,0.000000,0.000126,1.000000,0.000000,0.003229,0.799848,0.357286,0.001176,0.982643,1.000000,0.005163,0.997248,1.000000
"Tuff (Ward04)",Ward04,becknic,rock,rock.igneous.felsic.solid.all.ward04.jpl.nicolet.spectrum.txt,0.000583,1.000000,0.000000,0.000674,1.000000,0.000000,0.005172,0.988467,0.357286,0.003984,0.997688,1.000000,0.001643,0.997170,1.000000
"Aporhyolite (felsite) (Ward05)",Ward05,becknic,rock,rock.igneous.felsic.solid.all.ward05.jpl.nicolet.spectrum.txt,0.000472,1.000000,0.000000,0.000492,1.000000,0.000000,0.003619,0.782344,0.357286,0.003000,0.998054,1.000000,0.002723,0.998828,1.000000
"Rhyolite (Ward07)",Ward07,becknic,rock,rock.igneous.felsic.solid.all.ward07.jpl.nicolet.spectrum.txt,0.001153,0.000000,0.000000,0.000680,1.000000,0.000000,0.004660,0.931411,0.357286,0.004205,0.999249,1.000000,0.002938,0.994593,1.000000
"Quartz Felsite Porphyry (Ward09)",Ward09,becknic,rock,rock.igneous.felsic.solid.all.ward09.jpl.nicolet.spectrum.txt,0.000178,1.000000,0.000000,0.000287,1.000000,0.000000,0.003155,0.672672,0.357286,0.001236,0.997492,1.000000,0.002747,0.999105,1.000000
"Biotite Granite (Ward10)",Ward10,becknic,rock,rock.igneous.felsic.solid.all.ward10.jpl.nicolet.spectrum.txt,0.000917,1.000000,0.000000,0.000502,1.000000,0.000000,0.003473,0.861070,0.357286,0.002037,0.999303,1.000000,0.002179,0.999360,1.000000
"Muscovite-Biotite Granite (Ward12)",Ward12,becknic,rock,rock.igneous.felsic.solid.all.ward12.jpl.nicolet.spectrum.txt,0.001159,0.000000,0.000000,0.000567,1.000000,0.000000,0.003826,0.977321,0.357286,0.002379,0.998995,1.000000,0.002323,0.999390,1.000000
"Alkali Granite (Ward13)",Ward13,becknic,rock,rock.igneous.felsic.solid.all.ward13.jpl.nicolet.spectrum.txt,0.001361,0.000000,0.000000,0.000548,1.000000,0.000000,0.005968,0.809516,0.357286,0.003270,0.998165,1.000000,0.005871,0.997727,1.000000
"Hornblende Granite (Ward14)",Ward14,becknic,rock,rock.igneous.felsic.solid.all.ward14.jpl.nicolet.spectrum.txt,0.001262,0.000000,0.000000,0.000555,1.000000,0.000000,0.003824,0.880238,0.357286,0.002617,0.999003,1.000000,0.003113,0.999053,1.000000
"Pegmatite (Ward15)",Ward15,becknic,rock,rock.igneous.felsic.solid.all.ward15.jpl.nicolet.spectrum.txt,0.000347,1.000000,0.000000,0.000223,1.000000,0.000000,0.003199,0.992425,0.357286,0.005508,0.997914,1.000000,0.006283,0.996580,1.000000
"Aplite (Ward16)",Ward16,becknic,rock,rock.igneous.felsic.solid.all.ward16.jpl.nicolet.spectrum.txt,0.001077,0.000000,0.000000,0.000560,1.000000,0.000000,0.006172,0.930046,0.357286,0.003232,0.997177,1.000000,0.003870,0.998817,1.000000
"Obsidian (Ward01)",Ward01,becknic,rock,rock.igneous.felsic.solid.vswir.ward01.jpl.perkin.spectrum.txt,0.000213,0.982607,0.883721,0.000510,0.907496,1.000000,0.000509,1.000000,1.000000,0.000232,1.000000,0.000000,0.000212,1.000000,0.000000
"Tuff (Ward04)",Ward04,becknic,rock,rock.igneous.felsic.solid.vswir.ward04.jpl.perkin.spectrum.txt,0.000625,0.999735,0.883721,0.002456,0.639451,1.000000,0.003602,0.995669,1.000000,0.000819,1.000000,0.000000,0.000658,1.000000,0.000000
"Aporhyolite (felsite) (Ward05)",Ward05,becknic,rock,rock.igneous.felsic.solid.vswir.ward05.jpl.perkin.spectrum.txt,0.001148,0.999243,0.883721,0.003341,0.982360,1.000000,0.001616,0.994287,1.000000,0.000724,1.000000,0.000000,0.000516,1.000000,0.000000
"Rhyolite (Ward07)",Ward07,becknic,rock,rock.igneous.felsic.solid.vswir.ward07.jpl.perkin.spectrum.txt,0.000884,0.999758,0.883721,0.002620,0.994213,1.000000,0.001492,0.993987,1.000000,0.000802,1.000000,0.000000,0.000608,1.000000,0.000000
"Quartz Felsite Porphyry (Ward09)",Ward09,becknic,rock,rock.igneous.felsic.solid.vswir.ward09.jpl.perkin.spectrum.txt,0.000297,0.993249,0.883721,0.000887,0.951877,1.000000,0.000549,0.988475,1.000000,0.000380,1.000000,0.000000,0.000289,1.000000,0.000000
"Biotite Granite (Ward10)",Ward10,becknic,rock,rock.igneous.felsic.solid.vswir.ward10.jpl.perkin.spectrum.txt,0.001453,0.996157,0.883721,0.001274,0.727342,1.000000,0.001502,0.992730,1.000000,0.000837,1.000000,0.000000,0.000662,1.000000,0.000000
"Muscovite-Biotite Granite (Ward12)",Ward12,becknic,rock,rock.igneous.felsic.solid.vswir.ward12.jpl.perkin.spectrum.txt,0.000854,0.997751,0.883721,0.002210,0.941023,1.000000,0.001948,0.995830,1.000000,0.000775,1.000000,0.000000,0.000599,1.000000,0.000000
"Alkali Granite (Ward13)",Ward13,becknic,rock,rock.igneous.felsic.solid.vswir.ward13.jpl.perkin.spectrum.txt,0.000746,0.998140,0.883721,0.001177,0.994515,1.000000,0.001933,0.995833,1.000000,0.000904,1.000000,0.000000,0.000624,1.000000,0.000000
"Hornblende Granite (Ward14)",Ward14,becknic,rock,rock.igneous.felsic.solid.vswir.ward14.jpl.perkin.spectrum.txt,0.000755,0.998908,0.883721,0.002598,0.928371,1.000000,0.001284,0.998352,1.000000,0.001006,0.000000,0.000000,0.000590,1.000000,0.000000
"Pegmatite (Ward15)",Ward15,becknic,rock,rock.igneous.felsic.solid.vswir.ward15.jpl.perkin.spectrum.txt,0.000644,0.999926,0.883721,0.001029,0.998777,1.000000,0.001873,0.999048,1.000000,0.000773,1.000000,0.000000,0.000620,1.000000,0.000000
"Aplite (Ward16)",Ward16,becknic,rock,rock.igneous.felsic.solid.vswir.ward16.jpl.perkin.spectrum.txt,0.001591,0.998959,0.883721,0.002185,0.923931,1.000000,0.001596,0.995675,1.000000,0.000717,1.000000,0.000000,0.000578,1.000000,0.000000
"Rhyolite Porphyry (Ward08)",Ward08,becknic,rock,rock.igneous.feslic.solid.all.ward08.jpl.nicolet.spectrum.txt,0.001325,0.000000,0.000000,0.000504,1.000000,0.000000,0.002915,0.172303,0.357286,0.003013,0.999464,1.000000,0.002115,0.998816,1.000000
"Rhyolite Porphyry (Ward08)",Ward08,becknic,rock,rock.igneous.feslic.solid.vswir.ward08.jpl.perkin.spectrum.txt,0.001249,0.997789,0.883721,0.001112,0.898271,1.000000,0.001120,0.988408,1.000000,0.000958,1.000000,0.000000,0.000682,1.000000,0.000000
"Augite-hypersthene Andesite (Andesite_H1)",Andesite_H1,becknic,rock,rock.igneous.intermediate.fine.all.andesite_h1.jhu.becknic.spectrum.txt,0.001463,0.998108,0.883721,0.001910,0.970110,1.000000,0.001731,0.876304,1.000000,0.002676,0.998629,1.000000,0.003333,0.980977,0.866000
"Augite-hypersthene Andesite (Andesite_H2)",Andesite_H2,becknic,rock,rock.igneous.intermediate.fine.all.andesite_h2.jhu.becknic.spectrum.txt,0.001789,0.997631,0.883721,0.001847,0.907511,1.000000,0.001906,0.953428,1.000000,0.003845,0.998771,1.000000,0.001578,0.991881,0.883647
"Basaltic Andesite (Andesite_H4)",Andesite_H4,becknic,rock,rock.igneous.intermediate.fine.all.andesite_h4.jhu.becknic.spectrum.txt,0.001499,0.992733,0.883721,0.001991,0.945092,1.000000,0.001203,0.920429,1.000000,0.001496,0.999053,1.000000,0.002183,0.985391,0.883647
"Diorite (Diorite_H1)",Diorite_H1,becknic,rock,rock.igneous.intermediate.fine.all.diorite_h1.jhu.becknic.spectrum.txt,0.001615,0.995085,0.883721,0.000935,0.998254,1.000000,0.003552,0.999076,1.000000,0.006084,0.998845,1.000000,0.003110,0.989074,0.883647
"Granodiorite (Granodior_H1)",Granodior_H1,becknic,rock,rock.igneous.intermediate.fine.all.granodior_h1.jhu.becknic.spectrum.txt,0.001866,0.996915,0.883721,0.001338,0.973758,1.000000,0.001949,0.998163,1.000000,0.002950,0.999362,1.000000,0.002371,0.975637,0.883647
"Granodiorite (Granodior_H2)",Granodior_H2,becknic,rock,rock.igneous.intermediate.fine.all.granodior_h2.jhu.becknic.spectrum.txt,0.002056,0.993487,0.883721,0.001376,0.813979,1.000000,0.001982,0.930303,1.000000,0.003640,0.998011,1.000000,0.001940,0.981540,0.883647
"Monzonite (Monzonite_H1)",Monzonite_H1,becknic,rock,rock.igneous.intermediate.fine.all.monzonite_h1.jhu.becknic.spectrum.txt,0.001932,0.995441,0.883721,0.000988,0.941313,1.000000,0.001438,0.988599,1.000000,0.002505,0.999190,1.000000,0.001771,0.985260,0.883647
"Rhyolitic obsidian (Obsidian_H1)",Obsidian_H1,becknic,rock,rock.igneous.intermediate.fine.all.obsidian_h1.jhu.becknic.spectrum.txt,0.002726,0.990161,0.883721,0.001678,0.943898,1.000000,0.001894,0.990971,1.000000,0.004743,0.999124,1.000000,0.002553,0.977435,0.883647
"Quartz Monzonite (Qmonzonite_H1)",Qmonzonite_H1,becknic,rock,rock.igneous.intermediate.fine.all.qmonzonite_h1.jhu.becknic.spectrum.txt,0.002956,0.997957,0.883721,0.002017,0.953494,1.000000,0.002591,0.994858,1.000000,0.003124,0.999791,1.000000,0.002965,0.980279,0.883647
"Alkalic Syenite (Syenite_H1)",Syenite_H1,becknic,rock,rock.igneous.intermediate.fine.all.syenite_h1.jhu.becknic.spectrum.txt,0.002194,0.991762,0.883721,0.000960,0.551889,1.000000,0.001491,0.989802,1.000000,0.002250,0.999366,1.000000,0.001937,0.984951,0.883647
"Nepheline Syenite (Syenite_H2)",Syenite_H2,becknic,rock,rock.igneous.intermediate.fine.all.syenite_h2.jhu.becknic.spectrum.txt,0.002268,0.995821,0.883721,0.001270,0.983401,1.000000,0.003253,0.998384,1.000000,0.005895,0.999182,1.000000,0.005651,0.963919,0.883647
"Tonalite (Bonsall Tonalite) (Tonalite_H1)",Tonalite_H1,becknic,rock,rock.igneous.intermediate.fine.all.tonalite_h1.jhu.becknic.spectrum.txt,0.001885,0.996808,0.883721,0.002444,0.971478,1.000000,0.002257,0.999598,1.000000,0.003323,0.999694,1.000000,0.002084,0.990754,0.883647
"Augite-hypersthene Andesite (Andesite_H1)",Andesite_H1,becknic,rock,rock.igneous.intermediate.solid.all.andesite_h1.jhu.becknic.spectrum.txt,0.000963,0.968597,0.883721,0.000748,0.965240,1.000000,0.000554,0.977674,1.000000,0.000294,0.998486,1.000000,0.001954,0.997417,0.883671
"Augite-hypersthene Andesite (Andesite_H2)",Andesite_H2,becknic,rock,rock.igneous.intermediate.solid.all.andesite_h2.jhu.becknic.spectrum.txt,0.001179,0.987252,0.883721,0.001093,0.995156,1.000000,0.000880,0.989933,1.000000,0.001111,0.999080,1.000000,0.002096,0.993762,0.883671
"Basaltic Andesite (Andesite_H4)",Andesite_H4,becknic,rock,rock.igneous.intermediate.solid.all.andesite_h4.jhu.becknic.spectrum.txt,0.001397,0.981999,0.883721,0.001421,0.952320,1.000000,0.000943,0.981165,1.000000,0.000636,0.998642,1.000000,0.001646,0.997521,0.883671
"Diorite (Diorite_H1)",Diorite_H1,becknic,rock,rock.igneous.intermediate.solid.all.diorite_h1.jhu.becknic.spectrum.txt,0.001414,0.971175,0.883721,0.000676,0.932458,1.000000,0.001596,0.998340,1.000000,0.001217,0.999124,1.000000,0.001999,0.996792,0.883671
"Granodiorite (Granodior_H1)",Granodior_H1,becknic,rock,rock.igneous.intermediate.solid.all.granodior_h1.jhu.becknic.spectrum.txt,0.001391,0.980323,0.883721,0.001271,0.960859,1.000000,0.000856,0.960330,1.000000,0.000770,0.999514,1.000000,0.001774,0.999466,0.883671
"Granodiorite (Granodior_H2)",Granodior_H2,becknic,rock,rock.igneous.intermediate.solid.all.granodior_h2.jhu.becknic.spectrum.txt,0.001261,0.992758,0.883721,0.000860,0.976328,1.000000,0.000760,0.996015,1.000000,0.000358,0.998428,1.000000,0.001751,0.998745,0.883671
"Monzonite (Monzonite_H1)",Monzonite_H1,becknic,rock,rock.igneous.intermediate.solid.all.monzonite_h1.jhu.becknic.spectrum.txt,0.001948,0.996803,0.883721,0.001254,0.970300,1.000000,0.001000,0.998021,1.000000,0.001052,0.999344,1.000000,0.001792,0.999255,0.883671
"Rhyolitic obsidian (Obsidian_H1)",Obsidian_H1,becknic,rock,rock.igneous.intermediate.solid.all.obsidian_h1.jhu.becknic.spectrum.txt,0.000899,0.967686,0.883721,0.000553,0.923360,1.000000,0.000592,0.879895,1.000000,0.000372,0.998930,1.000000,0.004621,0.997456,0.883671
"Quartz Monzonite (Qmonzonite_H1)",Qmonzonite_H1,becknic,rock,rock.igneous.intermediate.solid.all.qmonzonite_h1.jhu.becknic.spectrum.txt,0.001857,0.999162,0.883721,0.001776,0.845923,1.000000,0.001461,0.997042,1.000000,0.001291,0.999267,1.000000,0.003617,0.997495,0.883671
"Alkalic Syenite (Syenite_H1)",Syenite_H1,becknic,rock,rock.igneous.intermediate.solid.all.syenite_h1.jhu.becknic.spectrum.txt,0.001746,0.991030,0.883721,0.000787,0.984668,1.000000,0.001260,0.977541,1.000000,0.000508,0.999409,1.000000,0.002979,0.997480,0.883671
"Nepheline Syenite (Syenite_H2)",Syenite_H2,becknic,rock,rock.igneous.intermediate.solid.all.syenite_h2.jhu.becknic.spectrum.txt,0.001871,0.996015,0.883721,0.001168,0.985034,1.000000,0.002387,0.992125,1.000000,0.001765,0.999018,1.000000,0.006698,0.991846,0.883671
"Tonalite (Bonsall Tonalite) (Tonalite_H1)",Tonalite_H1,becknic,rock,rock.igneous.intermediate.solid.all.tonalite_h1.jhu.becknic.spectrum.txt,0.001908,0.983651,0.883721,0.001521,0.982398,1.000000,0.001145,0.993389,1.000000,0.001705,0.998290,1.000000,0.002125,0.999219,0.883671
"Monzonite (Ward24)",Ward24,becknic,rock,rock.igneous.intermediate.solid.all.ward24.jpl.nicolet.spectrum.txt,0.000378,1.000000,0.000000,0.000448,1.000000,0.000000,0.003060,0.930250,0.357286,0.001690,0.998765,1.000000,0.001723,0.999291,1.000000
"Quartz Monzonite Porphyry (Ward25)",Ward25,becknic,rock,rock.igneous.intermediate.solid.all.ward25.jpl.nicolet.spectrum.txt,0.000479,1.000000,0.000000,0.000455,1.000000,0.000000,0.003079,0.972551,0.357286,0.001863,0.998698,1.000000,0.001567,0.999456,1.000000
"Granodiorite (Ward26)",Ward26,becknic,rock,rock.igneous.intermediate.solid.all.ward26.jpl.nicolet.spectrum.txt,0.000383,1.000000,0.000000,0.000448,1.000000,0.000000,0.008437,0.903854,0.357286,0.003012,0.996035,1.000000,0.002899,0.998570,1.000000
"Mica Dacite Porphyry (Ward27)",Ward27,becknic,rock,rock.igneous.intermediate.solid.all.ward27.jpl.nicolet.spectrum.txt,0.000482,1.000000,0.000000,0.000531,1.000000,0.000000,0.002580,0.867200,0.357286,0.001663,0.996989,1.000000,0.001528,0.998850,1.000000
"Andesite Breccia (Ward28)",Ward28,becknic,rock,rock.igneous.intermediate.solid.all.ward28.jpl.nicolet.spectrum.txt,0.000512,1.000000,0.000000,0.000462,1.000000,0.000000,0.003432,0.984443,0.357286,0.001968,0.998937,1.000000,0.001415,0.998046,1.000000
"Andesite Porphyry (Ward30)",Ward30,becknic,rock,rock.igneous.intermediate.solid.all.ward30.jpl.nicolet.spectrum.txt,0.000406,1.000000,0.000000,0.000450,1.000000,0.000000,0.005258,0.952794,0.357286,0.002619,0.996306,1.000000,0.002482,0.998423,1.000000
"Diorite Porphyry (Ward32)",Ward32,becknic,rock,rock.igneous.intermediate.solid.all.ward32.jpl.nicolet.spectrum.txt,0.000471,1.000000,0.000000,0.000495,1.000000,0.000000,0.003530,0.719114,0.357286,0.001565,0.998946,1.000000,0.001459,0.998031,1.000000
"Monzonite (Ward24)",Ward24,becknic,rock,rock.igneous.intermediate.solid.vswir.ward24.jpl.perkin.spectrum.txt,0.001040,0.999096,0.883721,0.001447,0.966604,1.000000,0.000935,0.996126,1.000000,0.000678,1.000000,0.000000,0.000469,1.000000,0.000000
"Quartz Monzonite Porphyry (Ward25)",Ward25,becknic,rock,rock.igneous.intermediate.solid.vswir.ward25.jpl.perkin.spectrum.txt,0.000808,0.999369,0.883721,0.001588,0.824670,1.000000,0.000983,0.997869,1.000000,0.000556,1.000000,0.000000,0.000436,1.000000,0.000000
"Granodiorite (Ward26)",Ward26,becknic,rock,rock.igneous.intermediate.solid.vswir.ward26.jpl.perkin.spectrum.txt,0.001528,0.973836,0.883721,0.000711,0.983487,1.000000,0.001051,0.976890,1.000000,0.000626,1.000000,0.000000,0.000458,1.000000,0.000000
"Mica Dacite Porphyry (Ward27)",Ward27,becknic,rock,rock.igneous.intermediate.solid.vswir.ward27.jpl.perkin.spectrum.txt,0.001089,0.982531,0.883721,0.000933,0.958199,1.000000,0.000957,0.993324,1.000000,0.000550,1.000000,0.000000,0.000358,1.000000,0.000000
"Andesite Breccia (Ward28)",Ward28,becknic,rock,rock.igneous.intermediate.solid.vswir.ward28.jpl.perkin.spectrum.txt,0.001673,0.994158,0.883721,0.002150,0.768352,1.000000,0.002044,0.997893,1.000000,0.000915,1.000000,0.000000,0.000619,1.000000,0.000000
"Andesite Porphyry (Ward30)",Ward30,becknic,rock,rock.igneous.intermediate.solid.vswir.ward30.jpl.perkin.spectrum.txt,0.000726,0.999496,0.883721,0.001605,0.802914,1.000000,0.001008,0.997898,1.000000,0.000524,1.000000,0.000000,0.000410,1.000000,0.000000
"Diorite Porphyry (Ward32)",Ward32,becknic,rock,rock.igneous.intermediate.solid.vswir.ward32.jpl.perkin.spectrum.txt,0.000506,0.999546,0.883721,0.001634,0.987042,1.000000,0.001059,0.984375,1.000000,0.000562,1.000000,0.000000,0.000438,1.000000,0.000000
"Anorthosite (Anorthos_H1)",Anorthos_H1,becknic,rock,rock.igneous.mafic.fine.all.anorthos_h1.jhu.becknic.spectrum.txt,0.002585,0.979460,0.883721,0.002536,0.810332,1.000000,0.003186,0.968125,1.000000,0.006027,0.997864,1.000000,0.004301,0.941569,0.883647
"Basalt (Basalt_7)",Basalt_7,becknic,rock,rock.igneous.mafic.fine.all.basalt_7.jhu.becknic.spectrum.txt,0.001384,0.996442,0.883721,0.004254,0.952613,1.000000,0.001503,0.984545,1.000000,0.001722,0.999386,1.000000,0.001341,0.997972,0.883647
"Basalt (Basalt_H1)",Basalt_H1,becknic,rock,rock.igneous.mafic.fine.all.basalt_h1.jhu.becknic.spectrum.txt,0.001545,0.996659,0.883721,0.003161,0.950851,1.000000,0.001213,0.946028,1.000000,0.001919,0.998435,1.000000,0.003726,0.971218,0.883647
"Basalt (Basalt_H10)",Basalt_H10,becknic,rock,rock.igneous.mafic.fine.all.basalt_h10.jhu.becknic.spectrum.txt,0.001384,0.998265,0.883721,0.002654,0.954619,1.000000,0.001885,0.998138,1.000000,0.002959,0.999420,1.000000,0.002781,0.994163,0.883647
"Basalt (Basalt_H2)",Basalt_H2,becknic,rock,rock.igneous.mafic.fine.all.basalt_h2.jhu.becknic.spectrum.txt,0.001228,0.982665,0.883721,0.001193,0.911955,1.000000,0.001110,0.988434,1.000000,0.001677,0.998282,1.000000,0.002593,0.994035,0.883647
"Basalt (Basalt_H5)",Basalt_H5,becknic,rock,rock.igneous.mafic.fine.all.basalt_h5.jhu.becknic.spectrum.txt,0.001353,0.994718,0.883721,0.003588,0.929797,1.000000,0.001470,0.969254,1.000000,0.002496,0.998626,1.000000,0.001189,0.998176,0.883647
"Basalt (Basalt_H9)",Basalt_H9,becknic,rock,rock.igneous.mafic.fine.all.basalt_h9.jhu.becknic.spectrum.txt,0.001542,0.997684,0.883721,0.002031,0.957107,1.000000,0.001579,0.996974,1.000000,0.002439,0.999216,1.000000,0.002528,0.993953,0.883647
"Diabase (Diabase_H1)",Diabase_H1,becknic,rock,rock.igneous.mafic.fine.all.diabase_h1.jhu.becknic.spectrum.txt,0.001755,0.996835,0.883721,0.001653,0.995749,1.000000,0.001974,0.991759,1.000000,0.002931,0.999221,1.000000,0.003263,0.989199,0.883647
"Diabase (Diabase_H2)",Diabase_H2,becknic,rock,rock.igneous.mafic.fine.all.diabase_h2.jhu.becknic.spectrum.txt,0.001803,0.997372,0.883721,0.002799,0.988853,1.000000,0.002433,0.991685,1.000000,0.002539,0.999534,1.000000,0.003125,0.989634,0.883647
"Gabbro (Gabbro_H1)",Gabbro_H1,becknic,rock,rock.igneous.mafic.fine.all.gabbro_h1.jhu.becknic.spectrum.txt,0.001378,0.993933,0.883721,0.001223,0.858152,1.000000,0.001483,0.989830,1.000000,0.002633,0.998116,1.000000,0.002361,0.988049,0.883647
"Lamprophyre (Lamproph_H1)",Lamproph_H1,becknic,rock,rock.igneous.mafic.fine.all.lamproph_h1.jhu.becknic.spectrum.txt,0.001559,0.993781,0.883721,0.001300,0.947621,1.000000,0.001419,0.987419,1.000000,0.001942,0.998851,1.000000,0.001883,0.991739,0.883647
"Norite (Norite_H1)",Norite_H1,becknic,rock,rock.igneous.mafic.fine.all.norite_h1.jhu.becknic.spectrum.txt,0.001718,0.990541,0.883721,0.001427,0.991546,1.000000,0.002201,0.998509,1.000000,0.003431,0.998770,1.000000,0.003820,0.982545,0.883647
"Norite (Norite_H2)",Norite_H2,becknic,rock,rock.igneous.mafic.fine.all.norite_h2.jhu.becknic.spectrum.txt,0.001793,0.998470,0.883721,0.001628,0.997772,1.000000,0.002185,0.995459,1.000000,0.003860,0.998723,1.000000,0.002600,0.992601,0.883647
"Anorthosite (Anorthos_H1)",Anorthos_H1,becknic,rock,rock.igneous.mafic.solid.all.anorthos_h1.jhu.becknic.spectrum.txt,0.001796,0.892762,0.883721,0.000698,0.988757,1.000000,0.001151,0.989872,1.000000,0.001187,0.998142,1.000000,0.001442,0.996483,0.883671
"Basalt (ba12c1f)",ba12c1f,becknic,rock,rock.igneous.mafic.solid.all.ba12c1f.usgs.perknic.spectrum.txt,0.000014,1.000000,0.883721,0.000011,1.000000,1.000000,0.000013,1.000000,1.000000,0.000008,1.000000,1.000000,0.000013,1.000000,0.883894
"Basalt (ba12c3f)",ba12c3f,becknic,rock,rock.igneous.mafic.solid.all.ba12c3f.usgs.perknic.spectrum.txt,0.000014,1.000000,0.883721,0.000013,1.000000,1.000000,0.000012,1.000000,1.000000,0.000028,1.000000,1.000000,0.000016,1.000000,0.883894
"Basalt (ba14c1f)",ba14c1f,becknic,rock,rock.igneous.mafic.solid.all.ba14c1f.usgs.perknic.spectrum.txt,0.000015,1.000000,0.883721,0.000011,1.000000,1.000000,0.000016,1.000000,1.000000,0.000010,1.000000,1.000000,0.000013,1.000000,0.883894
"Basalt (ba14c2f)",ba14c2f,becknic,rock,rock.igneous.mafic.solid.all.ba14c2f.usgs.perknic.spectrum.txt,0.000015,1.000000,0.883721,0.000012,1.000000,1.000000,0.000012,1.000000,1.000000,0.000015,1.000000,1.000000,0.000015,1.000000,0.883894
"Basalt (ba14d1f)",ba14d1f,becknic,rock,rock.igneous.mafic.solid.all.ba14d1f.usgs.perknic.spectrum.txt,0.000011,1.000000,0.883721,0.000009,1.000000,1.000000,0.000011,1.000000,1.000000,0.000009,1.000000,1.000000,0.000012,1.000000,0.883894
"Basalt (ba14d2f)",ba14d2f,becknic,rock,rock.igneous.mafic.solid.all.ba14d2f.usgs.perknic.spectrum.txt,0.000013,1.000000,0.883721,0.000011,1.000000,1.000000,0.000010,1.000000,1.000000,0.000007,1.000000,1.000000,0.000012,1.000000,0.883894
"Basalt (ba19a1w)",ba19a1w,becknic,rock,rock.igneous.mafic.solid.all.ba19a1w.usgs.perknic.spectrum.txt,0.000019,1.000000,0.883721,0.000013,1.000000,1.000000,0.000014,1.000000,1.000000,0.000014,1.000000,1.000000,0.000012,1.000000,0.883894
"Basalt (ba1b1f1)",ba1b1f1,becknic,rock,rock.igneous.mafic.solid.all.ba1b1f1.usgs.perknic.spectrum.txt,0.000011,1.000000,0.883721,0.000012,1.000000,1.000000,0.000010,1.000000,1.000000,0.000006,1.000000,1.000000,0.000008,1.000000,0.883894
"Basalt (ba1b1f2)",ba1b1f2,becknic,rock,rock.igneous.mafic.solid.all.ba1b1f2.usgs.perknic.spectrum.txt,0.000012,1.000000,0.883721,0.000010,1.000000,1.000000,0.000011,1.000000,1.000000,0.000007,1.000000,1.000000,0.000009,1.000000,0.883894
"Basalt (ba1d1c)",ba1d1c,becknic,rock,rock.igneous.mafic.solid.all.ba1d1c.usgs.perknic.spectrum.txt,0.000013,1.000000,0.883721,0.000012,1.000000,1.000000,0.000011,1.000000,1.000000,0.000007,1.000000,1.000000,0.000008,1.000000,0.883894
"Basalt (ba1d1f)",ba1d1f,becknic,rock,rock.igneous.mafic.solid.all.ba1d1f.usgs.perknic.spectrum.txt,0.000012,1.000000,0.883721,0.000007,1.000000,1.000000,0.000009,1.000000,1.000000,0.000018,1.000000,1.000000,0.000025,1.000000,0.883894
"Basalt (ba2b1c)",ba2b1c,becknic,rock,rock.igneous.mafic.solid.all.ba2b1c.usgs.perknic.spectrum.txt,0.000013,1.000000,0.883721,0.000007,1.000000,1.000000,0.000008,1.000000,1.000000,0.000009,1.000000,1.000000,0.000010,1.000000,0.883894
"Basalt (ba2b1f)",ba2b1f,becknic,rock,rock.igneous.mafic.solid.all.ba2b1f.usgs.perknic.spectrum.txt,0.000014,1.000000,0.883721,0.000010,1.000000,1.000000,0.000009,1.000000,1.000000,0.000007,1.000000,1.000000,0.000010,1.000000,0.883894
"Basalt (ba4b1w)",ba4b1w,becknic,rock,rock.igneous.mafic.solid.all.ba4b1w.usgs.perknic.spectrum.txt,0.000015,1.000000,0.883721,0.000009,1.000000,1.000000,0.000012,1.000000,1.000000,0.000008,1.000000,1.000000,0.000015,1.000000,0.883894
"Basalt (ba4b2c)",ba4b2c,becknic,rock,rock.igneous.mafic.solid.all.ba4b2c.usgs.perknic.spectrum.txt,0.000018,1.000000,0.883721,0.000014,1.000000,1.000000,0.000016,1.000000,1.000000,0.000007,1.000000,1.000000,0.000011,1.000000,0.883894
"Basalt (ba9a1f)",ba9a1f,becknic,rock,rock.igneous.mafic.solid.all.ba9a1f.usgs.perknic.spectrum.txt,0.000014,1.000000,0.883721,0.000007,1.000000,1.000000,0.000009,1.000000,1.000000,0.000011,1.000000,1.000000,0.000007,1.000000,0.883894
"Basalt (ba9a2f)",ba9a2f,becknic,rock,rock.igneous.mafic.solid.all.ba9a2f.usgs.perknic.spectrum.txt,0.000013,1.000000,0.883721,0.000012,1.000000,1.000000,0.000010,1.000000,1.000000,0.000014,1.000000,1.000000,0.000008,1.000000,0.883894
"Basalt (ba9a3f)",ba9a3f,becknic,rock,rock.igneous.mafic.solid.all.ba9a3f.usgs.perknic.spectrum.txt,0.000011,1.000000,0.883721,0.000010,1.000000,1.000000,0.000010,1.000000,1.000000,0.000014,1.000000,1.000000,0.000008,1.000000,0.883894
"Basalt (ba9a4f)",ba9a4f,becknic,rock,rock.igneous.mafic.solid.all.ba9a4f.usgs.perknic.spectrum.txt,0.000014,1.000000,0.883721,0.000011,1.000000,1.000000,0.000011,1.000000,1.000000,0.000011,1.000000,1.000000,0.000008,1.000000,0.883894
"Basalt (ba9b1f)",ba9b1f,becknic,rock,rock.igneous.mafic.solid.all.ba9b1f.usgs.perknic.spectrum.txt,0.000013,1.000000,0.883721,0.000009,1.000000,1.000000,0.000010,1.000000,1.000000,0.000006,1.000000,1.000000,0.000009,1.000000,0.883894
"Basalt (ba9c1f)",ba9c1f,becknic,rock,rock.igneous.mafic.solid.all.ba9c1f.usgs.perknic.spectrum.txt,0.000012,1.000000,0.883721,0.000008,1.000000,1.000000,0.000010,1.000000,1.000000,0.000013,1.000000,1.000000,0.000010,1.000000,0.883894
"Basalt (ba9c2f)",ba9c2f,becknic,rock,rock.igneous.mafic.solid.all.ba9c2f.usgs.perknic.spectrum.txt,0.000016,1.000000,0.883721,0.000011,1.000000,1.000000,0.000009,1.000000,1.000000,0.000018,1.000000,1.000000,0.000015,1.000000,0.883894
"Basalt (ba9c3c)",ba9c3c,becknic,rock,rock.igneous.mafic.solid.all.ba9c3c.usgs.perknic.spectrum.txt,0.000015,1.000000,0.883721,0.000012,1.000000,1.000000,0.000010,1.000000,1.000000,0.000016,1.000000,1.000000,0.000011,1.000000,0.883894
"Basalt (Basalt_7)",Basalt_7,becknic,rock,rock.igneous.mafic.solid.all.basalt_7.jhu.becknic.spectrum.txt,0.001446,0.986871,0.883721,0.002142,0.987486,1.000000,0.001183,0.995423,1.000000,0.000903,0.999383,1.000000,0.002099,0.996718,0.883671
"Basalt (Basalt_H1)",Basalt_H1,becknic,rock,rock.igneous.mafic.solid.all.basalt_h1.jhu.becknic.spectrum.txt,0.001080,0.954114,0.883721,0.000627,0.959553,1.000000,0.000497,0.963825,1.000000,0.000267,0.997547,1.000000,0.001585,0.997620,0.883671
"Basalt (Basalt_H10)",Basalt_H10,becknic,rock,rock.igneous.mafic.solid.all.basalt_h10.jhu.becknic.spectrum.txt,0.001751,0.995385,0.883721,0.001814,0.992874,1.000000,0.001121,0.989315,1.000000,0.001504,0.998558,1.000000,0.002411,0.995964,0.883671
"Basalt (Basalt_H2)",Basalt_H2,becknic,rock,rock.igneous.mafic.solid.all.basalt_h2.jhu.becknic.spectrum.txt,0.001360,0.902459,0.883721,0.000917,0.227276,1.000000,0.000676,0.902513,1.000000,0.000888,0.997107,1.000000,0.001555,0.994079,0.883671
"Basalt (Basalt_H5)",Basalt_H5,becknic,rock,rock.igneous.mafic.solid.all.basalt_h5.jhu.becknic.spectrum.txt,0.001230,0.970408,0.883721,0.001185,0.992826,1.000000,0.001174,0.991064,1.000000,0.000760,0.999513,1.000000,0.002410,0.997609,0.883671
"Basalt (Basalt_H9)",Basalt_H9,becknic,rock,rock.igneous.mafic.solid.all.basalt_h9.jhu.becknic.spectrum.txt,0.001376,0.978675,0.883721,0.001179,0.988770,1.000000,0.001050,0.980901,1.000000,0.000760,0.999181,1.000000,0.002662,0.995501,0.883671
"Unaltered volcanic tuff (Cup9)",Cup9,becknic,rock,rock.igneous.mafic.solid.all.cup9.usgs.perknic.spectrum.txt,0.000898,0.999487,0.883721,0.001330,0.937608,1.000000,0.000957,0.975471,1.000000,0.002752,0.998358,1.000000,0.000964,0.999071,0.870588
"Diabase (Diabase_H1)",Diabase_H1,becknic,rock,rock.igneous.mafic.solid.all.diabase_h1.jhu.becknic.spectrum.txt,0.001281,0.984131,0.883721,0.000799,0.990923,1.000000,0.000723,0.996262,1.000000,0.000899,0.999048,1.000000,0.001776,0.997565,0.883671
"Diabase (Diabase_H2)",Diabase_H2,becknic,rock,rock.igneous.mafic.solid.all.diabase_h2.jhu.becknic.spectrum.txt,0.001494,0.974487,0.883721,0.000917,0.989016,1.000000,0.000812,0.996309,1.000000,0.000564,0.999457,1.000000,0.002274,0.996833,0.883671
"Gabbro (Gabbro_H1)",Gabbro_H1,becknic,rock,rock.igneous.mafic.solid.all.gabbro_h1.jhu.becknic.spectrum.txt,0.001408,0.954615,0.883721,0.000789,0.980065,1.000000,0.000686,0.979687,1.000000,0.000449,0.999295,1.000000,0.001780,0.997990,0.883671
"Lamprophyre (Lamproph_H1)",Lamproph_H1,becknic,rock,rock.igneous.mafic.solid.all.lamproph_h1.jhu.becknic.spectrum.txt,0.001178,0.858203,0.883721,0.000647,0.958928,1.000000,0.000649,0.956029,1.000000,0.000591,0.996353,1.000000,0.001401,0.998564,0.883671
"Basalt (ME10B)",ME10B,becknic,rock,rock.igneous.mafic.solid.all.me10b.usgs.perknic.spectrum.txt,0.000339,0.995865,0.883721,0.003356,0.611407,1.000000,0.000884,0.979658,1.000000,0.000935,0.985563,1.000000,0.001123,0.999102,0.888353
"Basalt (Me11a)",Me11a,becknic,rock,rock.igneous.mafic.solid.all.me11a.usgs.perknic.spectrum.txt,0.000255,1.000000,0.883721,0.003929,0.423123,1.000000,0.001004,0.938390,1.000000,0.000934,0.990417,1.000000,0.001448,0.998882,0.888353
"Basalt (Me13)",Me13,becknic,rock,rock.igneous.mafic.solid.all.me13.usgs.perknic.spectrum.txt,0.000646,0.998181,0.883721,0.001837,0.962607,1.000000,0.001086,0.986385,1.000000,0.001545,0.996898,1.000000,0.000969,0.996326,0.888353
"Basalt (Me13a)",Me13a,becknic,rock,rock.igneous.mafic.solid.all.me13a.usgs.perknic.spectrum.txt,0.000362,1.000000,0.883721,0.001299,0.967255,1.000000,0.001127,0.940806,1.000000,0.000819,0.996000,1.000000,0.001325,0.998642,0.888353
"Basalt (me14b)",me14b,becknic,rock,rock.igneous.mafic.solid.all.me14b.usgs.perknic.spectrum.txt,0.000239,0.998172,0.883721,0.000671,0.971744,1.000000,0.000989,0.985021,1.000000,0.000951,0.996915,1.000000,0.001063,0.998566,0.888353
"Basalt (me15a)",me15a,becknic,rock,rock.igneous.mafic.solid.all.me15a.usgs.perknic.spectrum.txt,0.000264,0.993426,0.883721,0.000986,0.979216,1.000000,0.001120,0.959623,1.000000,0.000883,0.996854,1.000000,0.000976,0.998267,0.888353
"Basalt (Me16b)",Me16b,becknic,rock,rock.igneous.mafic.solid.all.me16b.usgs.perknic.spectrum.txt,0.000386,0.937033,0.883721,0.000753,0.980235,1.000000,0.001023,0.869928,1.000000,0.000885,0.976550,1.000000,0.001150,0.998764,0.888353
"Basalt (Me17)",Me17,becknic,rock,rock.igneous.mafic.solid.all.me17.usgs.perknic.spectrum.txt,0.001351,0.998707,0.883721,0.001139,0.995364,1.000000,0.000971,0.998150,1.000000,0.001666,0.997554,1.000000,0.000969,0.996227,0.888353
"Basalt (Me24)",Me24,becknic,rock,rock.igneous.mafic.solid.all.me24.usgs.perknic.spectrum.txt,0.000465,0.999744,0.883721,0.000897,0.989845,1.000000,0.001260,0.994405,1.000000,0.001285,0.998354,1.000000,0.000808,0.997922,0.888353
"Basalt (Me28)",Me28,becknic,rock,rock.igneous.mafic.solid.all.me28.usgs.perknic.spectrum.txt,0.000404,0.999602,0.883721,0.001014,0.991672,1.000000,0.001293,0.990324,1.000000,0.000923,0.999080,1.000000,0.001236,0.997618,0.888353
"Basalt (Me28b)",Me28b,becknic,rock,rock.igneous.mafic.solid.all.me28b.usgs.perknic.spectrum.txt,0.000431,0.999431,0.883721,0.001793,0.972224,1.000000,0.001233,0.987786,1.000000,0.000999,0.999000,1.000000,0.001090,0.997937,0.888353
"Basalt (Me3)",Me3,becknic,rock,rock.igneous.mafic.solid.all.me3.usgs.perknic.spectrum.txt,0.000815,0.999540,0.883721,0.003604,0.674106,1.000000,0.000968,0.996928,1.000000,0.001596,0.999067,1.000000,0.000984,0.997327,0.888353
"Basalt (Me41)",Me41,becknic,rock,rock.igneous.mafic.solid.all.me41.usgs.perknic.spectrum.txt,0.000788,0.999614,0.883721,0.001155,0.958497,1.000000,0.001340,0.993837,1.000000,0.000980,0.999398,1.000000,0.000773,0.997876,0.888353
"Basalt (Me5)",Me5,becknic,rock,rock.igneous.mafic.solid.all.me5.usgs.perknic.spectrum.txt,0.000613,0.999580,0.883721,0.002812,0.888702,1.000000,0.001193,0.993944,1.000000,0.001290,0.998228,1.000000,0.000805,0.998987,0.883882
"Basalt (Me64)",Me64,becknic,rock,rock.igneous.mafic.solid.all.me64.usgs.perknic.spectrum.txt,0.000134,0.999614,0.883721,0.000559,0.953997,1.000000,0.000927,0.989414,1.000000,0.000827,0.996396,1.000000,0.000698,0.997598,0.888353
"Basalt (Me67)",Me67,becknic,rock,rock.igneous.mafic.solid.all.me67.usgs.perknic.spectrum.txt,0.000200,0.999598,0.883721,0.001854,0.952376,1.000000,0.001077,0.993057,1.000000,0.001020,0.998081,1.000000,0.000895,0.998164,0.888353
"Basalt (Me69)",Me69,becknic,rock,rock.igneous.mafic.solid.all.me69.usgs.perknic.spectrum.txt,0.000330,0.998250,0.883721,0.001032,0.956805,1.000000,0.001106,0.869667,1.000000,0.000991,0.991405,1.000000,0.001004,0.999013,0.888353
"Basanite (Mewy327)",Mewy327,becknic,rock,rock.igneous.mafic.solid.all.mewy327.usgs.perknic.spectrum.txt,0.000416,0.998390,0.883721,0.000614,0.993555,1.000000,0.001043,0.965141,1.000000,0.000964,0.975270,1.000000,0.001263,0.998880,0.888353
"Basanite (Mewy327b)",Mewy327b,becknic,rock,rock.igneous.mafic.solid.all.mewy327b.usgs.perknic.spectrum.txt,0.000427,0.997623,0.883721,0.000761,0.988878,1.000000,0.000904,0.974880,1.000000,0.000779,0.984689,1.000000,0.001169,0.998836,0.888353
"Alkali Basalt (Mewy366)",Mewy366,becknic,rock,rock.igneous.mafic.solid.all.mewy366.usgs.perknic.spectrum.txt,0.000597,0.998057,0.883721,0.001742,0.992043,1.000000,0.001170,0.996125,1.000000,0.001317,0.999079,1.000000,0.001235,0.997394,0.888353
"Alkali Basalt (Mewy410a)",Mewy410a,becknic,rock,rock.igneous.mafic.solid.all.mewy410a.usgs.perknic.spectrum.txt,0.000921,0.995113,0.883721,0.000646,0.997304,1.000000,0.000932,0.994492,1.000000,0.000692,0.994590,1.000000,0.001115,0.998776,0.888353
"Basalt (Mewy9)",Mewy9,becknic,rock,rock.igneous.mafic.solid.all.mewy9.usgs.perknic.spectrum.txt,0.000507,0.985008,0.883721,0.000521,0.986487,1.000000,0.000868,0.862300,1.000000,0.000977,0.974546,1.000000,0.000944,0.998782,0.888353
"Norite (Norite_H1)",Norite_H1,becknic,rock,rock.igneous.mafic.solid.all.norite_h1.jhu.becknic.spectrum.txt,0.001189,0.967168,0.883721,0.000816,0.967255,1.000000,0.002098,0.996053,1.000000,0.001283,0.999222,1.000000,0.001507,0.998655,0.883671
"Norite (Norite_H2)",Norite_H2,becknic,rock,rock.igneous.mafic.solid.all.norite_h2.jhu.becknic.spectrum.txt,0.001658,0.977318,0.883721,0.000719,0.977549,1.000000,0.000671,0.996102,1.000000,0.000394,0.998941,1.000000,0.002184,0.997814,0.883671
"Vesicular Basalt (Ward33)",Ward33,becknic,rock,rock.igneous.mafic.solid.all.ward33.jpl.nicolet.spectrum.txt,0.000532,1.000000,0.000000,0.000429,1.000000,0.000000,0.004111,0.825419,0.357286,0.002336,0.991709,1.000000,0.002691,0.994941,1.000000
"Basalt (Ward35)",Ward35,becknic,rock,rock.igneous.mafic.solid.all.ward35.jpl.nicolet.spectrum.txt,0.000054,1.000000,0.000000,0.000075,1.000000,0.000000,0.007209,0.789292,0.357286,0.002698,0.888675,1.000000,0.002088,0.996232,1.000000
"Olivine Basalt Porphyry (Ward36)",Ward36,becknic,rock,rock.igneous.mafic.solid.all.ward36.jpl.nicolet.spectrum.txt,0.000499,1.000000,0.000000,0.000378,1.000000,0.000000,0.005804,0.490120,0.357286,0.002559,0.982541,1.000000,0.002754,0.997018,1.000000
"Diabase (Ward37)",Ward37,becknic,rock,rock.igneous.mafic.solid.all.ward37.jpl.nicolet.spectrum.txt,0.000394,1.000000,0.000000,0.000458,1.000000,0.000000,0.002543,0.987456,0.357286,0.001681,0.998155,1.000000,0.002116,0.997379,1.000000
"Diabase Porphyry (Ward38)",Ward38,becknic,rock,rock.igneous.mafic.solid.all.ward38.jpl.nicolet.spectrum.txt,0.000470,1.000000,0.000000,0.000500,1.000000,0.000000,0.002657,0.926757,0.357286,0.001536,0.998449,1.000000,0.002086,0.998274,1.000000
"Olivine Gabbro (Ward39)",Ward39,becknic,rock,rock.igneous.mafic.solid.all.ward39.jpl.nicolet.spectrum.txt,0.000452,1.000000,0.000000,0.000348,1.000000,0.000000,0.003326,0.799985,0.357286,0.001285,0.995400,1.000000,0.001729,0.998528,1.000000
"Hypersthene Gabbro (Norite) (Ward40)",Ward40,becknic,rock,rock.igneous.mafic.solid.all.ward40.jpl.nicolet.spectrum.txt,0.000355,1.000000,0.000000,0.000342,1.000000,0.000000,0.003598,0.802511,0.357286,0.001422,0.995809,1.000000,0.001810,0.998633,1.000000
"Hypersthene Gabbro (Ward41)",Ward41,becknic,rock,rock.igneous.mafic.solid.all.ward41.jpl.nicolet.spectrum.txt,0.000476,1.000000,0.000000,0.000545,1.000000,0.000000,0.005578,0.815540,0.357286,0.002509,0.993401,1.000000,0.002725,0.997692,1.000000
"Anorthosite (Ward42)",Ward42,becknic,rock,rock.igneous.mafic.solid.all.ward42.jpl.nicolet.spectrum.txt,0.000507,1.000000,0.000000,0.000470,1.000000,0.000000,0.005098,0.692722,0.357286,0.003704,0.986599,1.000000,0.003657,0.994977,1.000000
"Vesicular Basalt (Ward33)",Ward33,becknic,rock,rock.igneous.mafic.solid.vswir.ward33.jpl.perkin.spectrum.txt,0.000332,0.999552,0.883721,0.000773,0.981327,1.000000,0.000503,0.994993,1.000000,0.000466,1.000000,0.000000,0.000269,1.000000,0.000000
"Basalt (Ward35)",Ward35,becknic,rock,rock.igneous.mafic.solid.vswir.ward35.jpl.perkin.spectrum.txt,0.000166,0.998809,0.883721,0.000589,0.986999,1.000000,0.000489,0.989408,1.000000,0.000261,1.000000,0.000000,0.000231,1.000000,0.000000
"Olivine Basalt Porphyry (Ward36)",Ward36,becknic,rock,rock.igneous.mafic.solid.vswir.ward36.jpl.perkin.spectrum.txt,0.000305,0.995753,0.883721,0.000630,0.957434,1.000000,0.000638,0.993988,1.000000,0.000442,1.000000,0.000000,0.000255,1.000000,0.000000
"Diabase (Ward37)",Ward37,becknic,rock,rock.igneous.mafic.solid.vswir.ward37.jpl.perkin.spectrum.txt,0.000824,0.998430,0.883721,0.001272,0.636554,1.000000,0.000943,0.999018,1.000000,0.000513,1.000000,0.000000,0.000376,1.000000,0.000000
"Diabase Porphyry (Ward38)",Ward38,becknic,rock,rock.igneous.mafic.solid.vswir.ward38.jpl.perkin.spectrum.txt,0.000465,0.998380,0.883721,0.000679,0.789748,1.000000,0.000683,0.996021,1.000000,0.000548,1.000000,0.000000,0.000343,1.000000,0.000000
"Olivine Gabbro (Ward39)",Ward39,becknic,rock,rock.igneous.mafic.solid.vswir.ward39.jpl.perkin.spectrum.txt,0.000183,0.999300,0.883721,0.000609,0.908646,1.000000,0.000610,0.987379,1.000000,0.000346,1.000000,0.000000,0.000306,1.000000,0.000000
"Hypersthene Gabbro (Norite) (Ward40)",Ward40,becknic,rock,rock.igneous.mafic.solid.vswir.ward40.jpl.perkin.spectrum.txt,0.000259,0.997762,0.883721,0.000535,0.912706,1.000000,0.000573,0.977874,1.000000,0.000368,1.000000,0.000000,0.000308,1.000000,0.000000
"Hypersthene Gabbro (Ward41)",Ward41,becknic,rock,rock.igneous.mafic.solid.vswir.ward41.jpl.perkin.spectrum.txt,0.000469,0.999320,0.883721,0.000822,0.741413,1.000000,0.001114,0.986705,1.000000,0.000510,1.000000,0.000000,0.000339,1.000000,0.000000
"Anorthosite (Ward42)",Ward42,becknic,rock,rock.igneous.mafic.solid.vswir.ward42.jpl.perkin.spectrum.txt,0.000307,0.994699,0.883721,0.001011,0.626581,1.000000,0.000562,0.987991,1.000000,0.000497,1.000000,0.000000,0.000299,1.000000,0.000000
"Dunite (Dunite_H1)",Dunite_H1,becknic,rock,rock.igneous.ultramafic.fine.all.dunite_h1.jhu.becknic.spectrum.txt,0.003198,0.995099,0.883721,0.004611,0.983494,1.000000,0.003289,0.996527,1.000000,0.009118,0.993818,1.000000,0.002609,0.996951,0.883647
"Ijolite (Ijolite_H1)",Ijolite_H1,becknic,rock,rock.igneous.ultramafic.fine.all.ijolite_h1.jhu.becknic.spectrum.txt,0.001337,0.997486,0.883721,0.001700,0.967939,1.000000,0.001891,0.999756,1.000000,0.005191,0.998705,1.000000,0.001416,0.998309,0.883647
"Picrite (Picrite_H1)",Picrite_H1,becknic,rock,rock.igneous.ultramafic.fine.all.picrite_h1.jhu.becknic.spectrum.txt,0.001586,0.998879,0.883721,0.003042,0.982814,1.000000,0.002392,0.998913,1.000000,0.004915,0.998614,1.000000,0.001466,0.999241,0.883647
"Picrite (Picrite_H2)",Picrite_H2,becknic,rock,rock.igneous.ultramafic.fine.all.picrite_h2.jhu.becknic.spectrum.txt,0.002267,0.997099,0.883721,0.004865,0.963965,1.000000,0.002326,0.998051,1.000000,0.003207,0.999458,1.000000,0.001509,0.998714,0.883647
"Dunite (Dunite_H1)",Dunite_H1,becknic,rock,rock.igneous.ultramafic.solid.all.dunite_h1.jhu.becknic.spectrum.txt,0.001952,0.997772,0.883721,0.001825,0.991541,1.000000,0.002366,0.997047,1.000000,0.001234,0.998098,1.000000,0.005309,0.987863,0.883671
"Ijolite (Ijolite_H1)",Ijolite_H1,becknic,rock,rock.igneous.ultramafic.solid.all.ijolite_h1.jhu.becknic.spectrum.txt,0.001387,0.963639,0.883721,0.000798,0.871131,1.000000,0.000868,0.999017,1.000000,0.001411,0.998925,1.000000,0.002728,0.994469,0.883671
"Picrite (Picrite_H1)",Picrite_H1,becknic,rock,rock.igneous.ultramafic.solid.all.picrite_h1.jhu.becknic.spectrum.txt,0.001429,0.995335,0.883721,0.000888,0.995146,1.000000,0.001015,0.999201,1.000000,0.001020,0.999122,1.000000,0.008579,0.991301,0.883671
"Picrite (Picrite_H2)",Picrite_H2,becknic,rock,rock.igneous.ultramafic.solid.all.picrite_h2.jhu.becknic.spectrum.txt,0.001747,0.995555,0.883721,0.002817,0.989839,1.000000,0.001161,0.997005,1.000000,0.001352,0.999449,1.000000,0.004042,0.991510,0.883671
"Pyroxenite (Ward43)",Ward43,becknic,rock,rock.igneous.ultramafic.solid.all.ward43.jpl.nicolet.spectrum.txt,0.000514,1.000000,0.000000,0.000399,1.000000,0.000000,0.005883,0.875087,0.357286,0.003056,0.989296,1.000000,0.009619,0.984672,1.000000
"Dunite (Olivine Peridotite) (Ward44)",Ward44,becknic,rock,rock.igneous.ultramafic.solid.all.ward44.jpl.nicolet.spectrum.txt,0.000887,1.000000,0.000000,0.000495,1.000000,0.000000,0.004071,0.987241,0.357286,0.002320,0.996751,1.000000,0.009896,0.989201,1.000000
"Mica Peridotite (Ward45)",Ward45,becknic,rock,rock.igneous.ultramafic.solid.all.ward45.jpl.nicolet.spectrum.txt,0.000496,1.000000,0.000000,0.000494,1.000000,0.000000,0.005804,0.916642,0.357286,0.002965,0.972865,1.000000,0.002336,0.988695,1.000000
"Augite-Mica Peridotie (Ward46)",Ward46,becknic,rock,rock.igneous.ultramafic.solid.all.ward46.jpl.nicolet.spectrum.txt,0.000533,1.000000,0.000000,0.000427,1.000000,0.000000,0.006030,0.803296,0.357286,0.002917,0.970318,1.000000,0.002270,0.997177,1.000000
"Pyroxenite (Ward43)",Ward43,becknic,rock,rock.igneous.ultramafic.solid.vswir.ward43.jpl.perkin.spectrum.txt,0.001322,0.993313,0.883721,0.003093,0.961640,1.000000,0.003810,0.989443,1.000000,0.000473,1.000000,0.000000,0.000277,1.000000,0.000000
"Dunite (Olivine Peridotite) (Ward44)",Ward44,becknic,rock,rock.igneous.ultramafic.solid.vswir.ward44.jpl.perkin.spectrum.txt,0.001337,0.999301,0.883721,0.001765,0.994530,1.000000,0.003058,0.998440,1.000000,0.000677,1.000000,0.000000,0.000469,1.000000,0.000000
"Mica Peridotite (Ward45)",Ward45,becknic,rock,rock.igneous.ultramafic.solid.vswir.ward45.jpl.perkin.spectrum.txt,0.000690,0.993541,0.883721,0.000863,0.934317,1.000000,0.000750,0.996782,1.000000,0.000450,1.000000,0.000000,0.000259,1.000000,0.000000
"Augite-Mica Peridotie (Ward46)",Ward46,becknic,rock,rock.igneous.ultramafic.solid.vswir.ward46.jpl.perkin.spectrum.txt,0.000247,0.999278,0.883721,0.000798,0.623729,1.000000,0.000705,0.996459,1.000000,0.000437,1.000000,0.000000,0.000253,1.000000,0.000000
"Dacite (AP-937-161)",AP-937-161,becknic,rock,rock.intermediate.felsic.solid.all.ap-937-161.usgs.perknic.spectrum.txt,0.005179,0.998979,0.872093,0.004467,0.985542,1.000000,0.005350,0.997067,1.000000,0.003948,0.997424,1.000000,0.001002,0.973177,0.888353
"Dacite (AP-939-213)",AP-939-213,becknic,rock,rock.intermediate.felsic.solid.all.ap-939-213.usgs.perknic.spectrum.txt,0.002277,0.994542,0.872093,0.003271,0.484364,1.000000,0.007658,0.996456,1.000000,0.001631,0.998913,1.000000,0.001808,0.998067,0.888353
"Dacite (AP-960-157b)",AP-960-157b,becknic,rock,rock.intermediate.felsic.solid.all.ap-960-157b.usgs.perknic.spectrum.txt,0.005251,0.996560,0.872093,0.003760,0.973108,1.000000,0.002522,0.998375,1.000000,0.001640,0.998620,1.000000,0.000631,0.997769,0.888353
"Dacite (AP-961-198)",AP-961-198,becknic,rock,rock.intermediate.felsic.solid.all.ap-961-198.usgs.perknic.spectrum.txt,0.003387,0.997207,0.872093,0.002379,0.981745,1.000000,0.006145,0.996887,1.000000,0.001678,0.998694,1.000000,0.003052,0.997591,0.888353
"Chloritic Gneiss (Gneiss1)",Gneiss1,becknic,rock,rock.metamorphic.gneis.coarse.all.gneiss1.jhu.becknic.spectrum.txt,0.005837,0.996305,0.883721,0.002527,0.983551,1.000000,0.006908,0.997544,1.000000,0.006839,0.997126,1.000000,0.002074,0.996805,0.998012
"Garnet Gneiss (gneiss2)",gneiss2,becknic,rock,rock.metamorphic.gneis.coarse.all.gneiss2.jhu.becknic.spectrum.txt,0.001551,0.993225,0.883721,0.002784,0.778306,1.000000,0.001647,0.992492,1.000000,0.000988,0.999609,1.000000,0.000770,0.999385,0.998012
"Felsitic Gneiss (gneiss3)",gneiss3,becknic,rock,rock.metamorphic.gneis.coarse.all.gneiss3.jhu.becknic.spectrum.txt,0.001439,0.999399,0.883721,0.001607,0.761480,1.000000,0.003366,0.995800,1.000000,0.002259,0.999516,1.000000,0.001263,0.999322,0.883671
"Syenite Gneiss (gneiss4)",gneiss4,becknic,rock,rock.metamorphic.gneis.coarse.all.gneiss4.jhu.becknic.spectrum.txt,0.001066,0.996200,0.883721,0.000964,0.973972,1.000000,0.001228,0.989006,1.000000,0.002155,0.998892,1.000000,0.002822,0.995333,0.998012
"Albite Gneiss (gneiss5)",gneiss5,becknic,rock,rock.metamorphic.gneis.coarse.all.gneiss5.jhu.becknic.spectrum.txt,0.002335,0.998380,0.883721,0.001897,0.961148,1.000000,0.006772,0.997787,1.000000,0.003598,0.999208,1.000000,0.002958,0.992473,0.998012
"Hornblende Gneiss (gneiss6)",gneiss6,becknic,rock,rock.metamorphic.gneis.coarse.all.gneiss6.jhu.becknic.spectrum.txt,0.001150,0.900464,0.883721,0.001039,0.545992,1.000000,0.003295,0.997606,1.000000,0.002799,0.998579,1.000000,0.001271,0.998425,0.998000
"Diorite Gneiss (gneiss7)",gneiss7,becknic,rock,rock.metamorphic.gneis.coarse.all.gneiss7.jhu.becknic.spectrum.txt,0.001646,0.996811,0.883721,0.001439,0.995552,1.000000,0.003314,0.998782,1.000000,0.002876,0.999590,1.000000,0.001136,0.997941,0.998012
"Augen Gneiss (gneiss8)",gneiss8,becknic,rock,rock.metamorphic.gneis.coarse.all.gneiss8.jhu.becknic.spectrum.txt,0.001695,0.995877,0.883721,0.001165,0.677677,1.000000,0.001876,0.996834,1.000000,0.001977,0.999449,1.000000,0.001154,0.999384,0.998000
"Chloritic Gneiss (Gneiss1)",Gneiss1,becknic,rock,rock.metamorphic.gneis.fine.all.gneiss1.jhu.becknic.spectrum.txt,0.005589,0.996416,0.883721,0.003872,0.949771,1.000000,0.003235,0.980226,1.000000,0.008061,0.998762,1.000000,0.002933,0.987233,0.998000
"Garnet Gneiss (gneiss2)",gneiss2,becknic,rock,rock.metamorphic.gneis.fine.all.gneiss2.jhu.becknic.spectrum.txt,0.002488,0.997946,0.883721,0.002472,0.938495,1.000000,0.002193,0.989888,1.000000,0.004073,0.999078,1.000000,0.001323,0.997154,0.998000
"Felsitic Gneiss (gneiss3)",gneiss3,becknic,rock,rock.metamorphic.gneis.fine.all.gneiss3.jhu.becknic.spectrum.txt,0.003261,0.996431,0.883721,0.002794,0.956720,1.000000,0.003153,0.998118,1.000000,0.004327,0.999596,1.000000,0.001459,0.995186,0.998000
"Syenite Gneiss (gneiss4)",gneiss4,becknic,rock,rock.metamorphic.gneis.fine.all.gneiss4.jhu.becknic.spectrum.txt,0.002718,0.948352,0.883721,0.001562,0.738277,1.000000,0.002631,0.993158,1.000000,0.003572,0.999346,1.000000,0.004639,0.966055,0.998000
"Albite Gneiss (gneiss5)",gneiss5,becknic,rock,rock.metamorphic.gneis.fine.all.gneiss5.jhu.becknic.spectrum.txt,0.004113,0.992349,0.883721,0.002476,0.974858,1.000000,0.004753,0.991271,1.000000,0.005354,0.999453,1.000000,0.002847,0.981270,0.998000
"Hornblende Gneiss (gneiss6)",gneiss6,becknic,rock,rock.metamorphic.gneis.fine.all.gneiss6.jhu.becknic.spectrum.txt,0.001707,0.991351,0.883721,0.001400,0.995764,1.000000,0.002962,0.999389,1.000000,0.005485,0.998905,1.000000,0.001448,0.998746,0.998000
"Diorite Gneiss (gneiss7)",gneiss7,becknic,rock,rock.metamorphic.gneis.fine.all.gneiss7.jhu.becknic.spectrum.txt,0.001715,0.994032,0.883721,0.001825,0.993230,1.000000,0.002631,0.999533,1.000000,0.004045,0.999374,1.000000,0.000995,0.998972,0.998000
"Augen Gneiss (gneiss8)",gneiss8,becknic,rock,rock.metamorphic.gneis.fine.all.gneiss8.jhu.becknic.spectrum.txt,0.002239,0.996407,0.883721,0.003004,0.932529,1.000000,0.002132,0.999500,1.000000,0.003378,0.999695,1.000000,0.001628,0.992652,0.998000
"Biotite Gneiss (Ward79)",Ward79,becknic,rock,rock.metamorphic.gneis.solid.all.ward79.jpl.nicolet.spectrum.txt,0.001366,0.000000,0.000000,0.000533,1.000000,0.000000,0.003216,0.903611,0.357286,0.002470,0.999490,1.000000,0.002359,0.998834,1.000000
"Sillimanite-Garnet Gneiss (Ward80)",Ward80,becknic,rock,rock.metamorphic.gneis.solid.all.ward80.jpl.nicolet.spectrum.txt,0.000532,1.000000,0.000000,0.000428,1.000000,0.000000,0.003353,0.824385,0.357286,0.001705,0.996413,1.000000,0.005172,0.993583,1.000000
"Granitoid Gneiss (Ward82)",Ward82,becknic,rock,rock.metamorphic.gneis.solid.all.ward82.jpl.nicolet.spectrum.txt,0.001278,0.000000,0.000000,0.000537,1.000000,0.000000,0.003237,0.893771,0.357286,0.002541,0.999171,1.000000,0.003394,0.998837,1.000000
"Biotite Gneiss (Ward79)",Ward79,becknic,rock,rock.metamorphic.gneis.solid.vswir.ward79.jpl.perkin.spectrum.txt,0.000807,0.998970,0.883721,0.002130,0.862641,1.000000,0.001353,0.998772,1.000000,0.000677,1.000000,0.000000,0.000572,1.000000,0.000000
"Sillimanite-Garnet Gneiss (Ward80)",Ward80,becknic,rock,rock.metamorphic.gneis.solid.vswir.ward80.jpl.perkin.spectrum.txt,0.000691,0.989883,0.883721,0.001656,0.926858,1.000000,0.000624,0.966240,1.000000,0.000450,1.000000,0.000000,0.000259,1.000000,0.000000
"Granitoid Gneiss (Ward82)",Ward82,becknic,rock,rock.metamorphic.gneis.solid.vswir.ward82.jpl.perkin.spectrum.txt,0.000960,0.999738,0.883721,0.002210,0.873008,1.000000,0.001581,0.995645,1.000000,0.000953,1.000000,0.000000,0.000631,1.000000,0.000000
"Hornfels (hornfe2)",hornfe2,becknic,rock,rock.metamorphic.hornfel.coarse.all.hornfe2.jhu.becknic.spectrum.txt,0.001341,0.951731,0.883721,0.000829,0.966970,1.000000,0.000512,0.995864,1.000000,0.000539,0.995003,1.000000,0.000560,0.997824,0.998012
"Spotted Hornfels (hornfe3)",hornfe3,becknic,rock,rock.metamorphic.hornfel.coarse.all.hornfe3.jhu.becknic.spectrum.txt,0.000571,0.988138,0.883721,0.000598,0.970334,1.000000,0.001580,0.997794,1.000000,0.001475,0.998921,1.000000,0.000869,0.998699,0.998012
"Banded Hornfels (hornfel1)",hornfel1,becknic,rock,rock.metamorphic.hornfel.coarse.all.hornfel1.jhu.becknic.spectrum.txt,0.000846,0.994429,0.883721,0.001307,0.476787,1.000000,0.006010,0.995752,1.000000,0.010618,0.981425,1.000000,0.001198,0.996482,0.998012
"Banded Hornfels (hornfel1)",hornfel1,becknic,rock,rock.metamorphic.hornfel.fine.all.hornfel1.jhu.becknic.spectrum.txt,0.002323,0.996813,0.883721,0.001516,0.989917,1.000000,0.004542,0.997506,1.000000,0.014258,0.992587,1.000000,0.002294,0.994107,0.998000
"Hornfels (hornfel2)",hornfel2,becknic,rock,rock.metamorphic.hornfel.fine.all.hornfel2.jhu.becknic.spectrum.txt,0.001775,0.842665,0.883721,0.001313,0.917454,1.000000,0.000977,0.987761,1.000000,0.002076,0.996168,1.000000,0.001186,0.998497,0.998000
"Spotted Hornfels (hornfel3)",hornfel3,becknic,rock,rock.metamorphic.hornfel.fine.all.hornfel3.jhu.becknic.spectrum.txt,0.001955,0.997110,0.883721,0.001915,0.973482,1.000000,0.001660,0.999347,1.000000,0.005188,0.998768,1.000000,0.001922,0.995521,0.998000
"Dolomitic Marble (marble1)",marble1,becknic,rock,rock.metamorphic.marble.coarse.all.marble1.jhu.becknic.spectrum.txt,0.001653,0.942026,0.883721,0.001532,0.981237,1.000000,0.002224,0.994539,1.000000,0.005935,0.991646,1.000000,0.004277,0.988100,0.998012
"Serpentine Marble (marble2)",marble2,becknic,rock,rock.metamorphic.marble.coarse.all.marble2.jhu.becknic.spectrum.txt,0.001653,0.942026,0.883721,0.001532,0.981237,1.000000,0.002224,0.994539,1.000000,0.005935,0.991646,1.000000,0.004277,0.988100,0.998012
"Marble (marble3)",marble3,becknic,rock,rock.metamorphic.marble.coarse.all.marble3.jhu.becknic.spectrum.txt,0.002746,0.997776,0.883721,0.002094,0.987246,1.000000,0.009713,0.996516,1.000000,0.018366,0.980611,1.000000,0.005723,0.987632,0.883671
"Dolomitic Marble (marble4)",marble4,becknic,rock,rock.metamorphic.marble.coarse.all.marble4.jhu.becknic.spectrum.txt,0.002263,0.993434,0.883721,0.001655,0.992838,1.000000,0.007014,0.996091,1.000000,0.020966,0.961461,1.000000,0.006901,0.979315,0.998012
"Serpentine Marble (marble5)",marble5,becknic,rock,rock.metamorphic.marble.coarse.all.marble5.jhu.becknic.spectrum.txt,0.009213,0.996302,0.883721,0.009073,0.580222,1.000000,0.021513,0.990913,1.000000,0.005281,0.980902,1.000000,0.001388,0.994168,0.998012
"White Marble (marble6)",marble6,becknic,rock,rock.metamorphic.marble.coarse.all.marble6.jhu.becknic.spectrum.txt,0.003517,0.986617,0.883721,0.002250,0.991052,1.000000,0.006871,0.997663,1.000000,0.010282,0.990239,1.000000,0.005703,0.985361,0.998012
"Pink Marble (marble7)",marble7,becknic,rock,rock.metamorphic.marble.coarse.all.marble7.jhu.becknic.spectrum.txt,0.002672,0.999433,0.883721,0.002575,0.823016,1.000000,0.005926,0.996329,1.000000,0.008529,0.991621,1.000000,0.003781,0.981102,0.998012
"Dolomitic Marble (marble1)",marble1,becknic,rock,rock.metamorphic.marble.fine.all.marble1.jhu.becknic.spectrum.txt,0.003159,0.613428,0.883721,0.001810,0.684528,1.000000,0.003145,0.927218,1.000000,0.006678,0.998894,1.000000,0.009649,0.991196,0.998000
"Serpentine Marble (marble2)",marble2,becknic,rock,rock.metamorphic.marble.fine.all.marble2.jhu.becknic.spectrum.txt,0.002988,0.995277,0.883721,0.002138,0.900791,1.000000,0.003830,0.984869,1.000000,0.012758,0.994378,1.000000,0.010845,0.955645,0.998000
"Marble (marble3)",marble3,becknic,rock,rock.metamorphic.marble.fine.all.marble3.jhu.becknic.spectrum.txt,0.004257,0.967149,0.883721,0.003921,0.780418,1.000000,0.005080,0.986419,1.000000,0.009661,0.998727,1.000000,0.006115,0.997398,0.998000
"Dolomitic Marble (marble4)",marble4,becknic,rock,rock.metamorphic.marble.fine.all.marble4.jhu.becknic.spectrum.txt,0.004546,0.826022,0.883721,0.002658,0.667536,1.000000,0.004160,0.988623,1.000000,0.011375,0.997861,1.000000,0.013438,0.985473,0.998000
"Serpentine Marble (marble5)",marble5,becknic,rock,rock.metamorphic.marble.fine.all.marble5.jhu.becknic.spectrum.txt,0.005225,0.993422,0.883721,0.002526,0.903841,1.000000,0.010074,0.987161,1.000000,0.015744,0.991732,1.000000,0.010593,0.952851,0.998000
"White Marble (marble6)",marble6,becknic,rock,rock.metamorphic.marble.fine.all.marble6.jhu.becknic.spectrum.txt,0.003996,0.947787,0.883721,0.003528,0.825508,1.000000,0.004109,0.988970,1.000000,0.008818,0.998888,1.000000,0.007314,0.996615,0.998000
"Pink Marble (marble7)",marble7,becknic,rock,rock.metamorphic.marble.fine.all.marble7.jhu.becknic.spectrum.txt,0.003436,0.996502,0.883721,0.002908,0.807481,1.000000,0.005041,0.978625,1.000000,0.010704,0.998261,1.000000,0.008737,0.994353,0.998000
"White Marble (Ward95)",Ward95,becknic,rock,rock.metamorphic.marble.solid.all.ward95.jpl.nicolet.spectrum.txt,0.001104,0.000000,0.000000,0.000683,1.000000,0.000000,0.007880,0.992875,0.357286,0.010290,0.985202,1.000000,0.011522,0.984225,1.000000
"Pink Marble (Ward96)",Ward96,becknic,rock,rock.metamorphic.marble.solid.all.ward96.jpl.nicolet.spectrum.txt,0.000472,1.000000,0.000000,0.000454,1.000000,0.000000,0.004484,0.985159,0.357286,0.011604,0.972681,1.000000,0.008610,0.990787,1.000000
"Dolomite Marble (Ward97)",Ward97,becknic,rock,rock.metamorphic.marble.solid.all.ward97.jpl.nicolet.spectrum.txt,0.001324,0.000000,0.000000,0.000504,1.000000,0.000000,0.006629,0.992597,0.357286,0.016747,0.972048,1.000000,0.011086,0.984573,1.000000
"Verde Antique (Ward98)",Ward98,becknic,rock,rock.metamorphic.marble.solid.all.ward98.jpl.nicolet.spectrum.txt,0.000505,1.000000,0.000000,0.000384,1.000000,0.000000,0.003704,0.781099,0.357286,0.001976,0.988877,1.000000,0.006350,0.993604,1.000000
"White Marble (Ward95)",Ward95,becknic,rock,rock.metamorphic.marble.solid.vswir.ward95.jpl.perkin.spectrum.txt,0.001004,0.999567,0.883721,0.001455,0.996521,1.000000,0.012749,0.993259,1.000000,0.000513,1.000000,0.000000,0.000360,1.000000,0.000000
"Pink Marble (Ward96)",Ward96,becknic,rock,rock.metamorphic.marble.solid.vswir.ward96.jpl.perkin.spectrum.txt,0.001267,0.999505,0.883721,0.002182,0.994363,1.000000,0.002236,0.997340,1.000000,0.000501,1.000000,0.000000,0.000341,1.000000,0.000000
"Dolomite Marble (Ward97)",Ward97,becknic,rock,rock.metamorphic.marble.solid.vswir.ward97.jpl.perkin.spectrum.txt,0.000596,0.999904,0.883721,0.002249,0.972145,1.000000,0.007500,0.996576,1.000000,0.000551,1.000000,0.000000,0.000352,1.000000,0.000000
"Verde Antique (Ward98)",Ward98,becknic,rock,rock.metamorphic.marble.solid.vswir.ward98.jpl.perkin.spectrum.txt,0.000600,0.995272,0.883721,0.001350,0.963826,1.000000,0.000533,0.976521,1.000000,0.000458,1.000000,0.000000,0.000263,1.000000,0.000000
"Phyllite (phyllit1)",phyllit1,becknic,rock,rock.metamorphic.phyllite.coarse.all.phyllit1.jhu.becknic.spectrum.txt,0.000879,0.955118,0.883721,0.000727,0.923385,1.000000,0.000532,0.990520,1.000000,0.000985,0.990291,1.000000,0.002587,0.996466,0.998012
"Phyllite (phyllit1)",phyllit1,becknic,rock,rock.metamorphic.phyllite.fine.all.phyllit1.jhu.becknic.spectrum.txt,0.001174,0.986930,0.883721,0.000639,1.000000,1.000000,0.000799,0.914258,1.000000,0.001748,0.990118,1.000000,0.000858,0.994982,0.998000
"Phyllite (Ward85)",Ward85,becknic,rock,rock.metamorphic.phyllite.solid.all.ward85.jpl.nicolet.spectrum.txt,0.000534,1.000000,0.000000,0.000464,1.000000,0.000000,0.004803,0.986864,0.357286,0.002646,0.994988,1.000000,0.003348,0.998635,1.000000
"Grey-green phyllite (FGE4)",FGE4,becknic,rock,rock.metamorphic.phyllite.solid.tir.fge4.jpl.nicolet.spectrum.txt,0.000953,1.000000,0.000000,0.000679,1.000000,0.000000,0.001933,0.996376,0.300357,0.002034,0.999497,1.000000,0.002447,0.998970,0.998000
"Phyllite (Ward85)",Ward85,becknic,rock,rock.metamorphic.phyllite.solid.vswir.ward85.jpl.perkin.spectrum.txt,0.000540,0.993536,0.883721,0.001830,0.733070,1.000000,0.003167,0.996496,1.000000,0.000511,1.000000,0.000000,0.000386,1.000000,0.000000
"Purple Quartzite (qrtzit4)",qrtzit4,becknic,rock,rock.metamorphic.quartzite.coarse.all.qrtzit4.jhu.becknic.spectrum.txt,0.002165,0.999246,0.883721,0.002347,0.974752,1.000000,0.003396,0.996810,1.000000,0.005868,0.997473,1.000000,0.003385,0.998886,0.998012
"Gray Quartzite (qrtzit5)",qrtzit5,becknic,rock,rock.metamorphic.quartzite.coarse.all.qrtzit5.jhu.becknic.spectrum.txt,0.001594,0.999589,0.883721,0.002089,0.982491,1.000000,0.002509,0.996260,1.000000,0.006357,0.995903,1.000000,0.003280,0.998852,0.998012
"Red Quartzite (qtzite1)",qtzite1,becknic,rock,rock.metamorphic.quartzite.coarse.all.qtzite1.jhu.becknic.spectrum.txt,0.002050,0.999767,0.883721,0.002671,0.998394,1.000000,0.007762,0.991368,1.000000,0.010926,0.985758,1.000000,0.002855,0.996768,0.883671
"Green Quartzite (qtzite2)",qtzite2,becknic,rock,rock.metamorphic.quartzite.coarse.all.qtzite2.jhu.becknic.spectrum.txt,0.005600,0.996772,0.883721,0.003825,0.547399,1.000000,0.008799,0.995205,1.000000,0.010025,0.996416,1.000000,0.001925,0.999479,0.998012
"Pink Quartzite (qtzite3)",qtzite3,becknic,rock,rock.metamorphic.quartzite.coarse.all.qtzite3.jhu.becknic.spectrum.txt,0.002553,0.999571,0.883721,0.002601,0.998842,1.000000,0.004155,0.987985,1.000000,0.008633,0.996089,1.000000,0.002735,0.999086,0.998012
"Purple Quartzite (qrtzit4)",qrtzit4,becknic,rock,rock.metamorphic.quartzite.fine.all.qrtzit4.jhu.becknic.spectrum.txt,0.004013,0.997544,0.883721,0.002444,0.979882,1.000000,0.003297,0.952498,1.000000,0.007556,0.998979,1.000000,0.004430,0.981425,0.998000
"Gray Quartzite (qrtzit5)",qrtzit5,becknic,rock,rock.metamorphic.quartzite.fine.all.qrtzit5.jhu.becknic.spectrum.txt,0.003129,0.997742,0.883721,0.002104,0.963464,1.000000,0.003468,0.965214,1.000000,0.005527,0.999404,1.000000,0.004044,0.989107,0.998000
"Green Quartzite (qrtzit6)",qrtzit6,becknic,rock,rock.metamorphic.quartzite.fine.all.qrtzit6.jhu.becknic.spectrum.txt,0.002636,0.997023,0.883721,0.001886,0.987184,1.000000,0.002840,0.993721,1.000000,0.009050,0.998518,1.000000,0.005969,0.962134,0.998000
"Red Quartzite (qtzite1)",qtzite1,becknic,rock,rock.metamorphic.quartzite.fine.all.qtzite1.jhu.becknic.spectrum.txt,0.002704,0.999720,0.883721,0.001997,0.998808,1.000000,0.006331,0.983393,1.000000,0.014391,0.994120,1.000000,0.004622,0.965022,0.998000
"Green Quartzite (qtzite2)",qtzite2,becknic,rock,rock.metamorphic.quartzite.fine.all.qtzite2.jhu.becknic.spectrum.txt,0.003805,0.990663,0.883721,0.002630,0.936429,1.000000,0.003432,0.969832,1.000000,0.008690,0.998817,1.000000,0.005921,0.947684,0.998000
"Pink Quartzite (qtzite3)",qtzite3,becknic,rock,rock.metamorphic.quartzite.fine.all.qtzite3.jhu.becknic.spectrum.txt,0.003594,0.999342,0.883721,0.003073,0.987856,1.000000,0.003333,0.989441,1.000000,0.008328,0.998905,1.000000,0.005575,0.976814,0.998000
"Quartzite (AP-958-111)",AP-958-111,becknic,rock,rock.metamorphic.quartzite.solid.all.ap-958-111.usgs.perknic.spectrum.txt,0.001980,0.993936,0.872093,0.001702,0.834561,1.000000,0.002886,0.984423,1.000000,0.003713,0.995995,1.000000,0.005287,0.997204,0.888353
"Quartzite (Ward93)",Ward93,becknic,rock,rock.metamorphic.quartzite.solid.all.ward93.jpl.nicolet.spectrum.txt,0.000490,1.000000,0.000000,0.000509,1.000000,0.000000,0.003486,0.720663,0.357286,0.002277,0.997363,1.000000,0.005760,0.997830,1.000000
"Quartzite (Ward94)",Ward94,becknic,rock,rock.metamorphic.quartzite.solid.all.ward94.jpl.nicolet.spectrum.txt,0.001208,0.000000,0.000000,0.000592,1.000000,0.000000,0.005065,0.985133,0.357286,0.003238,0.997620,1.000000,0.004983,0.999127,1.000000
"Quartzite (Ward93)",Ward93,becknic,rock,rock.metamorphic.quartzite.solid.vswir.ward93.jpl.perkin.spectrum.txt,0.000711,0.998283,0.883721,0.002613,0.931613,1.000000,0.002236,0.982975,1.000000,0.000551,1.000000,0.000000,0.000360,1.000000,0.000000
"Quartzite (Ward94)",Ward94,becknic,rock,rock.metamorphic.quartzite.solid.vswir.ward94.jpl.perkin.spectrum.txt,0.001273,0.999675,0.883721,0.001708,0.991715,1.000000,0.004615,0.993870,1.000000,0.000848,1.000000,0.000000,0.000628,1.000000,0.000000
"Green Schist (schist1)",schist1,becknic,rock,rock.metamorphic.schist.coarse.all.schist1.jhu.becknic.spectrum.txt,0.003854,0.997327,0.883721,0.002524,0.931659,1.000000,0.004551,0.996915,1.000000,0.002195,0.998883,1.000000,0.001528,0.994566,0.998000
"Graphite Schist (schist10)",schist10,becknic,rock,rock.metamorphic.schist.coarse.all.schist10.jhu.becknic.spectrum.txt,0.000606,0.993058,0.883721,0.000570,0.963558,1.000000,0.001230,0.993744,1.000000,0.003222,0.991567,1.000000,0.002649,0.989559,0.998012
"Hornblende Schist (schist2)",schist2,becknic,rock,rock.metamorphic.schist.coarse.all.schist2.jhu.becknic.spectrum.txt,0.000573,0.989303,0.883721,0.001016,0.918670,1.000000,0.007417,0.995619,1.000000,0.005359,0.996791,1.000000,0.003445,0.994759,0.998012
"Mica Schist (schist3)",schist3,becknic,rock,rock.metamorphic.schist.coarse.all.schist3.jhu.becknic.spectrum.txt,0.000934,0.998036,0.883721,0.001042,0.984091,1.000000,0.000728,0.987338,1.000000,0.000937,0.998746,1.000000,0.001815,0.998113,0.998012
"Tourmaline Schist (schist4)",schist4,becknic,rock,rock.metamorphic.schist.coarse.all.schist4.jhu.becknic.spectrum.txt,0.001130,0.997798,0.883721,0.001313,0.927346,1.000000,0.007710,0.990619,1.000000,0.004545,0.994585,1.000000,0.003043,0.996858,0.998012
"Graphite Schist (schist5)",schist5,becknic,rock,rock.metamorphic.schist.coarse.all.schist5.jhu.becknic.spectrum.txt,0.000618,0.954584,0.883721,0.000564,1.000000,1.000000,0.000648,0.740727,1.000000,0.000478,0.992332,1.000000,0.000784,0.999027,0.998012
"Tremolite Schist (schist6)",schist6,becknic,rock,rock.metamorphic.schist.coarse.all.schist6.jhu.becknic.spectrum.txt,0.005131,0.991886,0.883721,0.022483,0.959194,1.000000,0.019572,0.989455,1.000000,0.013411,0.993778,1.000000,0.004183,0.996408,0.998012
"Chlorite Schist (schist7)",schist7,becknic,rock,rock.metamorphic.schist.coarse.all.schist7.jhu.becknic.spectrum.txt,0.000884,0.995720,0.883721,0.000750,0.906884,1.000000,0.002886,0.997905,1.000000,0.001767,0.999475,1.000000,0.001757,0.997718,0.883671
"Anthophyllite Mica Schist (schist8)",schist8,becknic,rock,rock.metamorphic.schist.coarse.all.schist8.jhu.becknic.spectrum.txt,0.000911,0.998523,0.883721,0.000809,0.993335,1.000000,0.002950,0.996599,1.000000,0.002039,0.998600,1.000000,0.001589,0.998900,0.998012
"Hornblende Schist (schist9)",schist9,becknic,rock,rock.metamorphic.schist.coarse.all.schist9.jhu.becknic.spectrum.txt,0.001003,0.984470,0.883721,0.000769,0.889949,1.000000,0.002802,0.998012,1.000000,0.001892,0.999060,1.000000,0.001194,0.998400,0.977882
"Green Schist (schist1)",schist1,becknic,rock,rock.metamorphic.schist.fine.all.schist1.jhu.becknic.spectrum.txt,0.003034,0.997840,0.883721,0.001598,0.977753,1.000000,0.003918,0.997177,1.000000,0.006135,0.998747,1.000000,0.001278,0.998353,0.998000
"Graphite Schist (schist10)",schist10,becknic,rock,rock.metamorphic.schist.fine.all.schist10.jhu.becknic.spectrum.txt,0.001440,0.995740,0.883721,0.001104,0.994518,1.000000,0.001492,0.998943,1.000000,0.009685,0.995093,1.000000,0.005384,0.986491,0.998000
"Hornblende Schist (schist2)",schist2,becknic,rock,rock.metamorphic.schist.fine.all.schist2.jhu.becknic.spectrum.txt,0.002053,0.997168,0.883721,0.004197,0.899635,1.000000,0.004315,0.998417,1.000000,0.006671,0.998699,1.000000,0.002795,0.995025,0.998000
"Mica Schist (schist3)",schist3,becknic,rock,rock.metamorphic.schist.fine.all.schist3.jhu.becknic.spectrum.txt,0.002107,0.995705,0.883721,0.000957,0.931132,1.000000,0.001264,0.960733,1.000000,0.002873,0.997231,1.000000,0.000989,0.997211,0.998000
"Tourmaline Schist (schist4)",schist4,becknic,rock,rock.metamorphic.schist.fine.all.schist4.jhu.becknic.spectrum.txt,0.002185,0.994302,0.883721,0.001705,0.994065,1.000000,0.005877,0.997345,1.000000,0.010930,0.994955,1.000000,0.002863,0.976778,0.998000
"Tremolite Schist (schist6)",schist6,becknic,rock,rock.metamorphic.schist.fine.all.schist6.jhu.becknic.spectrum.txt,0.004323,0.968335,0.883721,0.007244,0.968679,1.000000,0.006988,0.990543,1.000000,0.014167,0.996552,1.000000,0.002534,0.990203,0.998000
"Chlorite Schist (schist7)",schist7,becknic,rock,rock.metamorphic.schist.fine.all.schist7.jhu.becknic.spectrum.txt,0.002015,0.997246,0.883721,0.001432,0.986642,1.000000,0.002852,0.999315,1.000000,0.004436,0.999335,1.000000,0.001297,0.998885,0.998000
"Anthophyllite Mica Schist (schist8)",schist8,becknic,rock,rock.metamorphic.schist.fine.all.schist8.jhu.becknic.spectrum.txt,0.002125,0.998704,0.883721,0.002202,0.995988,1.000000,0.003032,0.997156,1.000000,0.004647,0.998389,1.000000,0.001670,0.998560,0.998000
"Hornblende Schist (schist9)",schist9,becknic,rock,rock.metamorphic.schist.fine.all.schist9.jhu.becknic.spectrum.txt,0.001752,0.994755,0.883721,0.001161,0.997486,1.000000,0.003939,0.998392,1.000000,0.003984,0.999354,1.000000,0.001603,0.994897,0.998000
"Biotite Schist (Ap-938-95)",Ap-938-95,becknic,rock,rock.metamorphic.schist.solid.all.ap-938-95.usgs.perknic.spectrum.txt,0.002011,0.990947,0.872093,0.001423,0.948308,1.000000,0.001930,0.996546,1.000000,0.000940,0.995801,1.000000,0.001137,0.996893,0.888353
"Chlorite Schist (AP-961-197)",AP-961-197,becknic,rock,rock.metamorphic.schist.solid.all.ap-961-197.usgs.perknic.spectrum.txt,0.001168,0.995643,0.872093,0.000916,0.597862,1.000000,0.002416,0.995483,1.000000,0.001678,0.998694,1.000000,0.003052,0.997591,0.888353
"Mica Schist (Ward83)",Ward83,becknic,rock,rock.metamorphic.schist.solid.all.ward83.jpl.nicolet.spectrum.txt,0.000383,1.000000,0.000000,0.000448,1.000000,0.000000,0.003985,0.983257,0.357286,0.002467,0.997841,1.000000,0.002427,0.999090,1.000000
"Garnetiferous Mica Schist (Ward84)",Ward84,becknic,rock,rock.metamorphic.schist.solid.all.ward84.jpl.nicolet.spectrum.txt,0.001255,0.000000,0.000000,0.000553,1.000000,0.000000,0.004360,0.995289,0.357286,0.003639,0.998033,1.000000,0.002070,0.999064,1.000000
"Garnetiferous Mica Schist (Ward84)",Ward84,becknic,rock,rock.metamorphic.schist.solid.all.ward84.jpl.perkin.spectrum.txt,0.000632,0.999088,0.883721,0.002509,0.710194,1.000000,0.001863,0.997056,0.999286,0.000720,1.000000,0.000000,0.000586,1.000000,0.000000
"Hornblende Schist (Ward86)",Ward86,becknic,rock,rock.metamorphic.schist.solid.all.ward86.jpl.nicolet.spectrum.txt,0.000472,1.000000,0.000000,0.000540,1.000000,0.000000,0.003488,0.987266,0.357286,0.001905,0.995062,1.000000,0.003916,0.995850,1.000000
"Tourmaline-Mica Schist (Ward89)",Ward89,becknic,rock,rock.metamorphic.schist.solid.all.ward89.jpl.nicolet.spectrum.txt,0.000461,1.000000,0.000000,0.000483,1.000000,0.000000,0.004997,0.925549,0.357286,0.002233,0.996404,1.000000,0.003838,0.998514,1.000000
"Quartz-Sericite Schist (Ward90)",Ward90,becknic,rock,rock.metamorphic.schist.solid.all.ward90.jpl.nicolet.spectrum.txt,0.000251,1.000000,0.000000,0.000556,1.000000,0.000000,0.008008,0.993465,0.357286,0.005687,0.998642,1.000000,0.006128,0.994569,1.000000
"Mica Schist (Ward83)",Ward83,becknic,rock,rock.metamorphic.schist.solid.vswir.ward83.jpl.perkin.spectrum.txt,0.000289,0.999840,0.883721,0.002205,0.924654,1.000000,0.001395,0.994116,1.000000,0.000516,1.000000,0.000000,0.000361,1.000000,0.000000
"Hornblende Schist (Ward86)",Ward86,becknic,rock,rock.metamorphic.schist.solid.vswir.ward86.jpl.perkin.spectrum.txt,0.000232,0.997709,0.883721,0.000509,0.831234,1.000000,0.001351,0.998810,1.000000,0.000550,1.000000,0.000000,0.000359,1.000000,0.000000
"Tourmaline-Mica Schist (Ward89)",Ward89,becknic,rock,rock.metamorphic.schist.solid.vswir.ward89.jpl.perkin.spectrum.txt,0.000377,0.996578,0.883721,0.000808,0.989572,1.000000,0.003861,0.989262,1.000000,0.000515,1.000000,0.000000,0.000372,1.000000,0.000000
"Quartz-Sericite Schist (Ward90)",Ward90,becknic,rock,rock.metamorphic.schist.solid.vswir.ward90.jpl.perkin.spectrum.txt,0.001953,0.999497,0.883721,0.002232,0.899882,1.000000,0.006164,0.995924,1.000000,0.000771,1.000000,0.000000,0.000621,1.000000,0.000000
"Serpentine (Ward99)",Ward99,becknic,rock,rock.metamorphic.serpentinite.solid.all.ward99.jpl.nicolet.spectrum.txt,0.000506,1.000000,0.000000,0.000474,1.000000,0.000000,0.002717,0.974584,0.357286,0.001881,0.991361,1.000000,0.004772,0.996709,1.000000
"Serpentine (Ward99)",Ward99,becknic,rock,rock.metamorphic.serpentinite.solid.vswir.ward99.jpl.perkin.spectrum.txt,0.001382,0.992488,0.883721,0.002244,0.672690,1.000000,0.002312,0.996576,1.000000,0.000551,1.000000,0.000000,0.000360,1.000000,0.000000
"Gray Slate (slate1)",slate1,becknic,rock,rock.metamorphic.slate.coarse.all.slate1.jhu.becknic.spectrum.txt,0.000905,0.992978,0.883721,0.001094,0.908949,1.000000,0.001347,0.990063,1.000000,0.002129,0.996192,1.000000,0.001695,0.997396,0.883671
"Green Slate (slate2)",slate2,becknic,rock,rock.metamorphic.slate.coarse.all.slate2.jhu.becknic.spectrum.txt,0.001152,0.972929,0.883721,0.000972,0.588526,1.000000,0.004112,0.997679,1.000000,0.002449,0.998810,1.000000,0.000948,0.996840,0.883671
"Chiastolic Slate (slate3)",slate3,becknic,rock,rock.metamorphic.slate.coarse.all.slate3.jhu.becknic.spectrum.txt,0.000564,0.962923,0.883721,0.000551,0.963684,1.000000,0.000539,0.991240,1.000000,0.000369,0.996005,1.000000,0.000632,0.998933,0.883671
"Gray Slate (slate1)",slate1,becknic,rock,rock.metamorphic.slate.fine.all.slate1.jhu.becknic.spectrum.txt,0.002331,0.997078,0.883721,0.001828,0.974883,1.000000,0.002240,0.992875,1.000000,0.008657,0.996580,1.000000,0.002729,0.974959,0.998000
"Green Slate (slate2)",slate2,becknic,rock,rock.metamorphic.slate.fine.all.slate2.jhu.becknic.spectrum.txt,0.001961,0.995273,0.883721,0.001899,0.992891,1.000000,0.003890,0.999040,1.000000,0.006294,0.998828,1.000000,0.001044,0.999121,0.998000
"Chiastolic Slate (slate3)",slate3,becknic,rock,rock.metamorphic.slate.fine.all.slate3.jhu.becknic.spectrum.txt,0.001431,0.942614,0.883721,0.000802,0.899394,1.000000,0.000618,0.985391,1.000000,0.000935,0.993296,1.000000,0.000564,0.992898,0.998000
"Red Slate (Ward91)",Ward91,becknic,rock,rock.metamorphic.slate.solid.all.ward91.jpl.nicolet.spectrum.txt,0.000470,1.000000,0.000000,0.000516,1.000000,0.000000,0.003382,0.833316,0.357286,0.002427,0.997329,1.000000,0.004912,0.995799,1.000000
"Gray Slate (Ward92)",Ward92,becknic,rock,rock.metamorphic.slate.solid.all.ward92.jpl.nicolet.spectrum.txt,0.000470,1.000000,0.000000,0.000516,1.000000,0.000000,0.003382,0.833316,0.357286,0.002427,0.997329,1.000000,0.004912,0.995799,1.000000
"Red Slate (Ward91)",Ward91,becknic,rock,rock.metamorphic.slate.solid.vswir.ward91.jpl.perkin.spectrum.txt,0.001439,0.999257,0.883721,0.002907,0.758764,1.000000,0.001172,0.998276,1.000000,0.000512,1.000000,0.000000,0.000386,1.000000,0.000000
"Gray Slate (Ward92)",Ward92,becknic,rock,rock.metamorphic.slate.solid.vswir.ward92.jpl.perkin.spectrum.txt,0.000457,0.984147,0.883721,0.000704,0.957732,1.000000,0.000671,0.982113,1.000000,0.000346,1.000000,0.000000,0.000305,1.000000,0.000000
"White kaolinitic sandstone (fge1)",fge1,becknic,rock,rock.sedimentary.arenaceou.solid.tir.fge1.jpl.nicolet.spectrum.txt,0.000430,1.000000,0.000000,0.000686,1.000000,0.000000,0.005889,0.988278,0.300357,0.005073,0.997646,1.000000,0.002615,0.998566,0.998000
"Desert varnished ferruginous sandstone (fge2)",fge2,becknic,rock,rock.sedimentary.arenaceou.solid.tir.fge2.jpl.nicolet.spectrum.txt,0.000860,1.000000,0.000000,0.000677,1.000000,0.000000,0.002814,0.996309,0.300357,0.002368,0.998818,1.000000,0.002229,0.999002,0.998000
"White siltstone (fge5)",fge5,becknic,rock,rock.sedimentary.arenaceou.solid.tir.fge5.jpl.nicolet.spectrum.txt,0.000556,1.000000,0.000000,0.000675,1.000000,0.000000,0.003998,0.990690,0.300357,0.004273,0.998612,1.000000,0.001941,0.995852,0.998000
"Grey-green shale (FGE6)",FGE6,becknic,rock,rock.sedimentary.argillaceou.solid.tir.fge6.jpl.nicolet.spectrum.txt,0.001327,0.000000,0.000000,0.000505,1.000000,0.000000,0.002616,0.994070,0.300357,0.001762,0.999239,1.000000,0.002628,0.998837,0.998000
"Limestone Breccia (Ward47)",Ward47,becknic,rock,rock.sedimentary.breccia.solid.all.ward47.jpl.nicolet.spectrum.txt,0.001106,0.000000,0.000000,0.000566,1.000000,0.000000,0.006569,0.968697,0.357286,0.007950,0.984379,1.000000,0.006804,0.989166,1.000000
"Limestone Breccia (Ward47)",Ward47,becknic,rock,rock.sedimentary.breccia.solid.vswir.ward47.jpl.perkin.spectrum.txt,0.001754,0.999511,0.883721,0.002462,0.977003,1.000000,0.003191,0.996795,1.000000,0.000690,1.000000,0.000000,0.000472,1.000000,0.000000
"Grey limestone (FGE3)",FGE3,becknic,rock,rock.sedimentary.carbonate.solid.tir.fge3.jpl.nicolet.spectrum.txt,0.000477,1.000000,0.000000,0.000544,1.000000,0.000000,0.001098,0.990154,0.300357,0.004197,0.988314,1.000000,0.002627,0.996503,0.998000
"Gypsum (Ward75)",Ward75,becknic,rock,rock.sedimentary.chemicalprecipitate.solid.all.ward75.jpl.nicolet.spectrum.txt,0.000498,1.000000,0.000000,0.000376,1.000000,0.000000,0.003575,0.946220,0.357286,0.002484,0.986607,1.000000,0.006591,0.993383,1.000000
"Oolitic Iron Ore (Ward76)",Ward76,becknic,rock,rock.sedimentary.chemicalprecipitate.solid.all.ward76.jpl.nicolet.spectrum.txt,0.000533,1.000000,0.000000,0.000422,1.000000,0.000000,0.003239,0.183432,0.357286,0.001742,0.983835,1.000000,0.001304,0.998204,1.000000
"Gypsum (Ward75)",Ward75,becknic,rock,rock.sedimentary.chemicalprecipitate.solid.vswir.ward75.jpl.perkin.spectrum.txt,0.001338,0.995466,0.883721,0.005464,0.759856,1.000000,0.004341,0.997803,1.000000,0.000837,1.000000,0.000000,0.000628,1.000000,0.000000
"Oolitic Iron Ore (Ward76)",Ward76,becknic,rock,rock.sedimentary.chemicalprecipitate.solid.vswir.ward76.jpl.perkin.spectrum.txt,0.001090,0.998829,0.883721,0.003070,0.877900,1.000000,0.000800,0.997398,1.000000,0.000544,1.000000,0.000000,0.000354,1.000000,0.000000
"Quartz Conglomerate (Ward48)",Ward48,becknic,rock,rock.sedimentary.conglomerate.solid.all.ward48.jpl.nicolet.spectrum.txt,0.001386,0.000000,0.000000,0.000544,1.000000,0.000000,0.005481,0.948939,0.357286,0.002869,0.997424,1.000000,0.005792,0.998963,1.000000
"Quartz Conglomerate (Ward49)",Ward49,becknic,rock,rock.sedimentary.conglomerate.solid.all.ward49.jpl.nicolet.spectrum.txt,0.000421,1.000000,0.000000,0.000689,1.000000,0.000000,0.003334,0.977078,0.357286,0.005297,0.997499,1.000000,0.003272,0.999429,1.000000
"Limestone Conglomerate-Breccia (Ward50)",Ward50,becknic,rock,rock.sedimentary.conglomerate.solid.all.ward50.jpl.nicolet.spectrum.txt,0.000560,1.000000,0.000000,0.000466,1.000000,0.000000,0.003225,0.986263,0.357286,0.006097,0.991182,1.000000,0.004065,0.995703,1.000000
"Quartz Conglomerate (Ward48)",Ward48,becknic,rock,rock.sedimentary.conglomerate.solid.vswir.ward48.jpl.perkin.spectrum.txt,0.000827,0.999717,0.883721,0.001918,0.985030,1.000000,0.004996,0.994805,1.000000,0.000742,1.000000,0.000000,0.000591,1.000000,0.000000
"Quartz Conglomerate (Ward49)",Ward49,becknic,rock,rock.sedimentary.conglomerate.solid.vswir.ward49.jpl.perkin.spectrum.txt,0.001425,0.999876,0.883721,0.000655,0.999202,1.000000,0.002203,0.998911,1.000000,0.000567,1.000000,0.000000,0.000651,1.000000,0.000000
"Limestone Conglomerate-Breccia (Ward50)",Ward50,becknic,rock,rock.sedimentary.conglomerate.solid.vswir.ward50.jpl.perkin.spectrum.txt,0.001017,0.999719,0.883721,0.002137,0.943207,1.000000,0.001193,0.998745,1.000000,0.000511,1.000000,0.000000,0.000380,1.000000,0.000000
"Dolomite  CaMgCO3 (ro350c)",ro350c,becknic,rock,rock.sedimentary.dolomite.solid.all.ro350c.usgs.perknic.spectrum.txt,0.000022,1.000000,0.883721,0.000017,1.000000,1.000000,0.000053,0.997327,1.000000,0.000100,1.000000,1.000000,0.000050,1.000000,0.883894
"Dolomite  CaMgCO3 (ro368)",ro368,becknic,rock,rock.sedimentary.dolomite.solid.all.ro368.usgs.perknic.spectrum.txt,0.000025,1.000000,0.883721,0.000029,1.000000,1.000000,0.000053,0.997305,1.000000,0.000090,1.000000,1.000000,0.000052,1.000000,0.883894
"Dolomite  CaMgCO3 (ro391)",ro391,becknic,rock,rock.sedimentary.dolomite.solid.all.ro391.usgs.perknic.spectrum.txt,0.000018,1.000000,0.883721,0.000014,1.000000,1.000000,0.000026,1.000000,1.000000,0.000050,1.000000,1.000000,0.000041,1.000000,0.883894
"Fossiliferous Limestone (limestone_1)",limestone_1,becknic,rock,rock.sedimentary.limestone.coarse.all.limestone_1.jhu.becknic.spectrum.txt,0.002023,0.999371,0.883721,0.002239,0.965984,1.000000,0.003993,0.995716,1.000000,0.007229,0.991087,1.000000,0.002778,0.985810,0.883671
"Dolomitic Limestone (limestone_2)",limestone_2,becknic,rock,rock.sedimentary.limestone.coarse.all.limestone_2.jhu.becknic.spectrum.txt,0.003800,0.999178,0.883721,0.002994,0.996094,1.000000,0.009421,0.994345,1.000000,0.020346,0.960199,1.000000,0.003279,0.988323,0.883671
"Limestone (limestone_3)",limestone_3,becknic,rock,rock.sedimentary.limestone.coarse.all.limestone_3.jhu.becknic.spectrum.txt,0.001207,0.962105,0.883721,0.001186,0.861842,1.000000,0.000772,0.986481,1.000000,0.006584,0.977286,1.000000,0.005894,0.968858,0.883671
"Oolitic Limestone (limestone_4)",limestone_4,becknic,rock,rock.sedimentary.limestone.coarse.all.limestone_4.jhu.becknic.spectrum.txt,0.001137,0.998610,0.883721,0.000680,0.968539,1.000000,0.002381,0.972260,1.000000,0.008218,0.982117,1.000000,0.003861,0.990088,0.998012
"Lithographic Limestone (limestone_5)",limestone_5,becknic,rock,rock.sedimentary.limestone.coarse.all.limestone_5.jhu.becknic.spectrum.txt,0.002401,0.999646,0.883721,0.002970,0.914422,1.000000,0.005975,0.996649,1.000000,0.012989,0.983729,1.000000,0.004372,0.952719,0.998012
"Argillaceous Limestone (limestone_6)",limestone_6,becknic,rock,rock.sedimentary.limestone.coarse.all.limestone_6.jhu.becknic.spectrum.txt,0.002339,0.998861,0.883721,0.001971,0.974209,1.000000,0.002667,0.995881,1.000000,0.006025,0.995589,1.000000,0.002110,0.986522,0.998012
"Oolitic Limestone (limestone_7)",limestone_7,becknic,rock,rock.sedimentary.limestone.coarse.all.limestone_7.jhu.becknic.spectrum.txt,0.002248,0.999526,0.883721,0.002284,0.760939,1.000000,0.002011,0.998964,1.000000,0.003468,0.993408,1.000000,0.001569,0.994004,0.998012
"Fossiliferous Limestone (limestone_1)",limestone_1,becknic,rock,rock.sedimentary.limestone.fine.all.limestone_1.jhu.becknic.spectrum.txt,0.003446,0.999375,0.883721,0.002243,0.972811,1.000000,0.004128,0.982359,1.000000,0.007689,0.998809,1.000000,0.009022,0.982573,0.998000
"Dolomitic Limestone (limestone_2)",limestone_2,becknic,rock,rock.sedimentary.limestone.fine.all.limestone_2.jhu.becknic.spectrum.txt,0.003063,0.998033,0.883721,0.002234,0.703556,1.000000,0.003664,0.990030,1.000000,0.015910,0.995554,1.000000,0.010554,0.956685,0.998000
"Limestone (limestone_3)",limestone_3,becknic,rock,rock.sedimentary.limestone.fine.all.limestone_3.jhu.becknic.spectrum.txt,0.002269,0.994416,0.883721,0.001176,0.980468,1.000000,0.002915,0.993533,1.000000,0.011189,0.995304,1.000000,0.011950,0.986990,0.998000
"Oolitic Limestone (limestone_4)",limestone_4,becknic,rock,rock.sedimentary.limestone.fine.all.limestone_4.jhu.becknic.spectrum.txt,0.002736,0.997122,0.883721,0.002045,0.970066,1.000000,0.003775,0.988649,1.000000,0.011259,0.996406,1.000000,0.004656,0.994709,0.998000
"Lithographic Limestone (limestone_5)",limestone_5,becknic,rock,rock.sedimentary.limestone.fine.all.limestone_5.jhu.becknic.spectrum.txt,0.004281,0.998990,0.883721,0.002362,0.897485,1.000000,0.006449,0.954449,1.000000,0.009407,0.998443,1.000000,0.011592,0.981051,0.998000
"Argillaceous Limestone (limestone_6)",limestone_6,becknic,rock,rock.sedimentary.limestone.fine.all.limestone_6.jhu.becknic.spectrum.txt,0.002216,0.999501,0.883721,0.002636,0.989601,1.000000,0.004891,0.968424,1.000000,0.009170,0.997675,1.000000,0.008336,0.958812,0.998000
"Oolitic Limestone (limestone_7)",limestone_7,becknic,rock,rock.sedimentary.limestone.fine.all.limestone_7.jhu.becknic.spectrum.txt,0.002473,0.999529,0.883721,0.002391,0.946643,1.000000,0.004674,0.933073,1.000000,0.010294,0.996054,1.000000,0.009712,0.905648,0.998000
"Limestone CaCO3 (ro337)",ro337,becknic,rock,rock.sedimentary.limestone.solid.all.ro337.usgs.perknic.spectrum.txt,0.000015,1.000000,0.883721,0.000019,1.000000,1.000000,0.000061,1.000000,1.000000,0.000113,1.000000,1.000000,0.000062,1.000000,0.883894
"Limestone CaCO3 (ro350b)",ro350b,becknic,rock,rock.sedimentary.limestone.solid.all.ro350b.usgs.perknic.spectrum.txt,0.000013,1.000000,0.883721,0.000016,1.000000,1.000000,0.000042,1.000000,1.000000,0.000045,1.000000,1.000000,0.000048,1.000000,0.883894
"Limestone CaCO3 (ro353)",ro353,becknic,rock,rock.sedimentary.limestone.solid.all.ro353.usgs.perknic.spectrum.txt,0.000026,1.000000,0.883721,0.000014,1.000000,1.000000,0.000054,1.000000,1.000000,0.000054,1.000000,1.000000,0.000048,1.000000,0.883894
"Limestone CaCO3 (ro354)",ro354,becknic,rock,rock.sedimentary.limestone.solid.all.ro354.usgs.perknic.spectrum.txt,0.000036,1.000000,0.883721,0.000016,1.000000,1.000000,0.000065,0.997465,1.000000,0.000054,1.000000,1.000000,0.000047,1.000000,0.883894
"Limestone CaCO3 (ro357)",ro357,becknic,rock,rock.sedimentary.limestone.solid.all.ro357.usgs.perknic.spectrum.txt,0.000021,1.000000,0.883721,0.000019,1.000000,1.000000,0.000030,1.000000,1.000000,0.000050,1.000000,1.000000,0.000052,1.000000,0.883894
"Limestone CaCO3 (ro359)",ro359,becknic,rock,rock.sedimentary.limestone.solid.all.ro359.usgs.perknic.spectrum.txt,0.000039,1.000000,0.883721,0.000035,1.000000,1.000000,0.000074,0.996705,1.000000,0.000056,1.000000,1.000000,0.000049,1.000000,0.883894
"Limestone CaCO3 (ro360)",ro360,becknic,rock,rock.sedimentary.limestone.solid.all.ro360.usgs.perknic.spectrum.txt,0.000026,1.000000,0.883721,0.000026,1.000000,1.000000,0.000057,1.000000,1.000000,0.000052,1.000000,1.000000,0.000046,1.000000,0.883894
"Limestone CaCO3 (ro363)",ro363,becknic,rock,rock.sedimentary.limestone.solid.all.ro363.usgs.perknic.spectrum.txt,0.000035,1.000000,0.883721,0.000027,1.000000,1.000000,0.000066,0.997363,1.000000,0.000069,1.000000,1.000000,0.000076,1.000000,0.883894
"Limestone CaCO3 (ro367)",ro367,becknic,rock,rock.sedimentary.limestone.solid.all.ro367.usgs.perknic.spectrum.txt,0.000031,1.000000,0.883721,0.000026,1.000000,1.000000,0.000069,0.997259,1.000000,0.000053,1.000000,1.000000,0.000053,1.000000,0.883894
"Limestone CaCO3 (ro397)",ro397,becknic,rock,rock.sedimentary.limestone.solid.all.ro397.usgs.perknic.spectrum.txt,0.000017,1.000000,0.883721,0.000044,1.000000,1.000000,0.000058,1.000000,1.000000,0.000051,1.000000,1.000000,0.000025,1.000000,0.883894
"Ecrinal Limestone (Ward66)",Ward66,becknic,rock,rock.sedimentary.limestone.solid.all.ward66.jpl.nicolet.spectrum.txt,0.000950,1.000000,0.000000,0.000679,1.000000,0.000000,0.003765,0.992399,0.357286,0.006938,0.994192,1.000000,0.004810,0.995470,1.000000
"Chalk (Ward67)",Ward67,becknic,rock,rock.sedimentary.limestone.solid.all.ward67.jpl.nicolet.spectrum.txt,0.000719,1.000000,0.000000,0.000673,1.000000,0.000000,0.002935,0.975011,0.357286,0.008347,0.993012,1.000000,0.002644,0.993324,1.000000
"Chocolate "Marble" Limestone (Ward68)",Ward68,becknic,rock,rock.sedimentary.limestone.solid.all.ward68.jpl.nicolet.spectrum.txt,0.000456,1.000000,0.000000,0.000481,1.000000,0.000000,0.004010,0.948958,0.357286,0.009366,0.976027,1.000000,0.006921,0.991870,1.000000
"Argillaceous Limestone (Ward69)",Ward69,becknic,rock,rock.sedimentary.limestone.solid.all.ward69.jpl.nicolet.spectrum.txt,0.000471,1.000000,0.000000,0.000494,1.000000,0.000000,0.003965,0.918174,0.357286,0.005764,0.984262,1.000000,0.005331,0.983847,1.000000
"Gray Limestone (Birdseye Limestone) (Ward70)",Ward70,becknic,rock,rock.sedimentary.limestone.solid.all.ward70.jpl.nicolet.spectrum.txt,0.000470,1.000000,0.000000,0.000518,1.000000,0.000000,0.003636,0.935713,0.357286,0.005904,0.987738,1.000000,0.005028,0.994686,1.000000
"Cherty Limestone (Ward71)",Ward71,becknic,rock,rock.sedimentary.limestone.solid.all.ward71.jpl.nicolet.spectrum.txt,0.000412,1.000000,0.000000,0.000465,1.000000,0.000000,0.003882,0.963963,0.357286,0.005301,0.989050,1.000000,0.004325,0.994308,1.000000
"Oolitic Limestone (Ward72)",Ward72,becknic,rock,rock.sedimentary.limestone.solid.all.ward72.jpl.nicolet.spectrum.txt,0.000372,1.000000,0.000000,0.000220,1.000000,0.000000,0.004854,0.991805,0.357286,0.007473,0.996348,1.000000,0.004266,0.989162,1.000000
"Travertine (Calcareous Tufa) (Ward73)",Ward73,becknic,rock,rock.sedimentary.limestone.solid.all.ward73.jpl.nicolet.spectrum.txt,0.000749,1.000000,0.000000,0.000674,1.000000,0.000000,0.003254,0.981067,0.357286,0.005124,0.997025,1.000000,0.003430,0.978580,1.000000
"Dolomitic Limestone (Ward74)",Ward74,becknic,rock,rock.sedimentary.limestone.solid.all.ward74.jpl.nicolet.spectrum.txt,0.000376,1.000000,0.000000,0.000445,1.000000,0.000000,0.003311,0.952416,0.357286,0.013911,0.977931,1.000000,0.010374,0.982905,1.000000
"Ecrinal Limestone (Ward66)",Ward66,becknic,rock,rock.sedimentary.limestone.solid.vswir.ward66.jpl.perkin.spectrum.txt,0.000922,0.999776,0.883721,0.001311,0.989193,1.000000,0.002339,0.998332,1.000000,0.000807,1.000000,0.000000,0.000621,1.000000,0.000000
"Chalk (Ward67)",Ward67,becknic,rock,rock.sedimentary.limestone.solid.vswir.ward67.jpl.perkin.spectrum.txt,0.000866,0.999660,0.883721,0.001630,-0.205038,1.000000,0.001054,0.998826,1.000000,0.000917,1.000000,0.000000,0.000573,1.000000,0.000000
"Chocolate "Marble" Limestone (Ward68)",Ward68,becknic,rock,rock.sedimentary.limestone.solid.vswir.ward68.jpl.perkin.spectrum.txt,0.000969,0.999644,0.883721,0.001933,0.873349,1.000000,0.001963,0.994755,1.000000,0.000518,1.000000,0.000000,0.000340,1.000000,0.000000
"Argillaceous Limestone (Ward69)",Ward69,becknic,rock,rock.sedimentary.limestone.solid.vswir.ward69.jpl.perkin.spectrum.txt,0.000182,0.999788,0.883721,0.000915,0.941661,1.000000,0.001064,0.979373,1.000000,0.000550,1.000000,0.000000,0.000359,1.000000,0.000000
"Gray Limestone (Birdseye Limestone) (Ward70)",Ward70,becknic,rock,rock.sedimentary.limestone.solid.vswir.ward70.jpl.perkin.spectrum.txt,0.000320,0.999618,0.883721,0.000912,0.990684,1.000000,0.001524,0.992983,1.000000,0.000547,1.000000,0.000000,0.000343,1.000000,0.000000
"Cherty Limestone (Ward71)",Ward71,becknic,rock,rock.sedimentary.limestone.solid.vswir.ward71.jpl.perkin.spectrum.txt,0.000332,0.999638,0.883721,0.000843,0.973347,1.000000,0.001692,0.995203,1.000000,0.000549,1.000000,0.000000,0.000344,1.000000,0.000000
"Oolitic Limestone (Ward72)",Ward72,becknic,rock,rock.sedimentary.limestone.solid.vswir.ward72.jpl.perkin.spectrum.txt,0.000694,0.999933,0.883721,0.001847,0.997014,1.000000,0.003006,0.998249,1.000000,0.000767,1.000000,0.000000,0.000540,1.000000,0.000000
"Travertine (Calcareous Tufa) (Ward73)",Ward73,becknic,rock,rock.sedimentary.limestone.solid.vswir.ward73.jpl.perkin.spectrum.txt,0.001235,0.999809,0.883721,0.001501,0.993436,1.000000,0.001652,0.999030,1.000000,0.000866,1.000000,0.000000,0.000668,1.000000,0.000000
"Dolomitic Limestone (Ward74)",Ward74,becknic,rock,rock.sedimentary.limestone.solid.vswir.ward74.jpl.perkin.spectrum.txt,0.001051,0.994431,0.883721,0.000667,0.997505,1.000000,0.001638,0.997054,1.000000,0.000574,1.000000,0.000000,0.000443,1.000000,0.000000
"Greywacke Sandstone (greywacke_1)",greywacke_1,becknic,rock,rock.sedimentary.sandstone.coarse.all.greywacke_1.jhu.becknic.spectrum.txt,0.001342,0.986803,0.883721,0.000946,0.882436,1.000000,0.003748,0.996356,1.000000,0.001822,0.999062,1.000000,0.000901,0.999615,0.883671
"Arkosic Sandstone (sandstone_1)",sandstone_1,becknic,rock,rock.sedimentary.sandstone.coarse.all.sandstone_1.jhu.becknic.spectrum.txt,0.001920,0.999665,0.883721,0.001890,0.991403,1.000000,0.002647,0.998181,1.000000,0.004536,0.997175,1.000000,0.003582,0.996486,0.883671
"Glauconitic Sandstone (sandstone_2)",sandstone_2,becknic,rock,rock.sedimentary.sandstone.coarse.all.sandstone_2.jhu.becknic.spectrum.txt,0.001653,0.997423,0.883721,0.001113,0.858950,1.000000,0.001548,0.995843,1.000000,0.001464,0.998934,1.000000,0.000849,0.999235,0.883671
"Sandstone (Micaceous Red) (sandstone_3)",sandstone_3,becknic,rock,rock.sedimentary.sandstone.coarse.all.sandstone_3.jhu.becknic.spectrum.txt,0.001812,0.998979,0.883721,0.001946,0.950907,1.000000,0.000978,0.981155,1.000000,0.003531,0.993842,1.000000,0.000856,0.999407,0.883671
"Ferruginous Sandstone (sandstone_4)",sandstone_4,becknic,rock,rock.sedimentary.sandstone.coarse.all.sandstone_4.jhu.becknic.spectrum.txt,0.001767,0.998574,0.883721,0.002280,0.900694,1.000000,0.001059,0.985594,1.000000,0.003935,0.993372,1.000000,0.001519,0.999368,0.883671
"Purple-banded Sandstone (sandstone_6)",sandstone_6,becknic,rock,rock.sedimentary.sandstone.coarse.all.sandstone_6.jhu.becknic.spectrum.txt,0.002992,0.998599,0.883721,0.002180,0.954531,1.000000,0.005241,0.986389,1.000000,0.005323,0.996461,1.000000,0.004501,0.989555,0.998012
"Sandstone (Red) (sandstone_7)",sandstone_7,becknic,rock,rock.sedimentary.sandstone.coarse.all.sandstone_7.jhu.becknic.spectrum.txt,0.003599,0.999398,0.883721,0.002332,0.998415,1.000000,0.006242,0.994435,1.000000,0.007653,0.995571,1.000000,0.004109,0.990802,0.998012
"Greywacke Sandstone (greywacke_1)",greywacke_1,becknic,rock,rock.sedimentary.sandstone.fine.all.greywacke_1.jhu.becknic.spectrum.txt,0.001995,0.998344,0.883721,0.002192,0.976469,1.000000,0.003512,0.997652,1.000000,0.004533,0.999398,1.000000,0.001714,0.992388,0.998000
"Arkosic Sandstone (sandstone_1)",sandstone_1,becknic,rock,rock.sedimentary.sandstone.fine.all.sandstone_1.jhu.becknic.spectrum.txt,0.003522,0.999209,0.883721,0.002500,0.975123,1.000000,0.005905,0.947953,1.000000,0.004838,0.999467,1.000000,0.004526,0.969087,0.998000
"Glauconitic Sandstone (sandstone_2)",sandstone_2,becknic,rock,rock.sedimentary.sandstone.fine.all.sandstone_2.jhu.becknic.spectrum.txt,0.002290,0.998922,0.883721,0.002549,0.971668,1.000000,0.002566,0.997686,1.000000,0.003878,0.999259,1.000000,0.001607,0.991396,0.998000
"Sandstone (Micaceous Red) (sandstone_3)",sandstone_3,becknic,rock,rock.sedimentary.sandstone.fine.all.sandstone_3.jhu.becknic.spectrum.txt,0.002018,0.999574,0.883721,0.002549,0.981973,1.000000,0.002841,0.986748,1.000000,0.009111,0.995166,1.000000,0.002214,0.986004,0.998000
"Ferruginous Sandstone (sandstone_4)",sandstone_4,becknic,rock,rock.sedimentary.sandstone.fine.all.sandstone_4.jhu.becknic.spectrum.txt,0.002405,0.999226,0.883721,0.002624,0.867921,1.000000,0.002415,0.990350,1.000000,0.010153,0.994941,1.000000,0.007221,0.946393,0.998000
"Purple-banded Sandstone (sandstone_6)",sandstone_6,becknic,rock,rock.sedimentary.sandstone.fine.all.sandstone_6.jhu.becknic.spectrum.txt,0.004040,0.998639,0.883721,0.002130,0.889476,1.000000,0.006930,0.955073,1.000000,0.008054,0.997871,1.000000,0.002596,0.983658,0.998000
"Sandstone (Red) (sandstone_7)",sandstone_7,becknic,rock,rock.sedimentary.sandstone.fine.all.sandstone_7.jhu.becknic.spectrum.txt,0.003264,0.999621,0.883721,0.002383,0.994040,1.000000,0.004118,0.960426,1.000000,0.004533,0.999398,1.000000,0.001714,0.992388,0.998000
"Gray Sandstone (Ward58)",Ward58,becknic,rock,rock.sedimentary.sandstone.solid.all.ward58.jpl.nicolet.spectrum.txt,0.000434,1.000000,0.000000,0.000661,1.000000,0.000000,0.004500,0.986532,0.357286,0.004126,0.999182,1.000000,0.002365,0.999536,1.000000
"Red Sandstone (Ward59)",Ward59,becknic,rock,rock.sedimentary.sandstone.solid.all.ward59.jpl.nicolet.spectrum.txt,0.000878,1.000000,0.000000,0.000678,1.000000,0.000000,0.003546,0.949235,0.357286,0.005848,0.997567,1.000000,0.002807,0.999523,1.000000
"Micaceous Sandstone (Brownstone) (Ward60)",Ward60,becknic,rock,rock.sedimentary.sandstone.solid.all.ward60.jpl.nicolet.spectrum.txt,0.000473,1.000000,0.000000,0.000548,1.000000,0.000000,0.003333,0.603125,0.357286,0.002387,0.998131,1.000000,0.001993,0.999104,1.000000
"Sandstone (Flagstone) (Ward61)",Ward61,becknic,rock,rock.sedimentary.sandstone.solid.all.ward61.jpl.nicolet.spectrum.txt,0.000470,1.000000,0.000000,0.000518,1.000000,0.000000,0.003270,0.913027,0.357286,0.002246,0.997083,1.000000,0.002274,0.999138,1.000000
"Arkose (Ward62)",Ward62,becknic,rock,rock.sedimentary.sandstone.solid.all.ward62.jpl.nicolet.spectrum.txt,0.000507,1.000000,0.000000,0.000462,1.000000,0.000000,0.002609,0.756209,0.357286,0.002594,0.998825,1.000000,0.002117,0.998915,1.000000
"Argillaceous Sandstone (Ward63)",Ward63,becknic,rock,rock.sedimentary.sandstone.solid.all.ward63.jpl.nicolet.spectrum.txt,0.000802,1.000000,0.000000,0.000484,1.000000,0.000000,0.002459,0.980387,0.357286,0.002697,0.998187,1.000000,0.001746,0.998973,1.000000
"Glauconitic Sandstone (Ward64)",Ward64,becknic,rock,rock.sedimentary.sandstone.solid.all.ward64.jpl.nicolet.spectrum.txt,0.000599,1.000000,0.000000,0.000469,1.000000,0.000000,0.002938,0.985067,0.357286,0.001722,0.997943,1.000000,0.001074,0.981612,1.000000
"Gray Sandstone (Ward58)",Ward58,becknic,rock,rock.sedimentary.sandstone.solid.vswir.ward58.jpl.perkin.spectrum.txt,0.000461,0.999936,0.883721,0.002031,0.767753,1.000000,0.003386,0.994232,1.000000,0.000657,1.000000,0.000000,0.000571,1.000000,0.000000
"Red Sandstone (Ward59)",Ward59,becknic,rock,rock.sedimentary.sandstone.solid.vswir.ward59.jpl.perkin.spectrum.txt,0.001594,0.999770,0.883721,0.003023,0.978878,1.000000,0.002108,0.990610,1.000000,0.000871,1.000000,0.000000,0.000564,1.000000,0.000000
"Micaceous Sandstone (Brownstone) (Ward60)",Ward60,becknic,rock,rock.sedimentary.sandstone.solid.vswir.ward60.jpl.perkin.spectrum.txt,0.000628,0.999565,0.883721,0.001647,0.826998,1.000000,0.000609,0.973845,1.000000,0.000490,1.000000,0.000000,0.000346,1.000000,0.000000
"Sandstone (Flagstone) (Ward61)",Ward61,becknic,rock,rock.sedimentary.sandstone.solid.vswir.ward61.jpl.perkin.spectrum.txt,0.000396,0.999283,0.883721,0.001125,0.920086,1.000000,0.000932,0.993599,1.000000,0.000519,1.000000,0.000000,0.000362,1.000000,0.000000
"Arkose (Ward62)",Ward62,becknic,rock,rock.sedimentary.sandstone.solid.vswir.ward62.jpl.perkin.spectrum.txt,0.000637,0.999870,0.883721,0.002210,0.213160,1.000000,0.001014,0.994638,1.000000,0.000813,1.000000,0.000000,0.000625,1.000000,0.000000
"Argillaceous Sandstone (Ward63)",Ward63,becknic,rock,rock.sedimentary.sandstone.solid.vswir.ward63.jpl.perkin.spectrum.txt,0.000714,0.999352,0.883721,0.001558,0.798321,1.000000,0.001501,0.995933,1.000000,0.000792,1.000000,0.000000,0.000605,1.000000,0.000000
"Glauconitic Sandstone (Ward64)",Ward64,becknic,rock,rock.sedimentary.sandstone.solid.vswir.ward64.jpl.perkin.spectrum.txt,0.001389,0.998777,0.883721,0.000832,0.870994,1.000000,0.001392,0.998988,1.000000,0.000725,1.000000,0.000000,0.000532,1.000000,0.000000
"Shale (Arenaceous) (shale_1)",shale_1,becknic,rock,rock.sedimentary.shale.coarse.all.shale_1.jhu.becknic.spectrum.txt,0.001175,0.998272,0.883721,0.000973,0.982317,1.000000,0.003573,0.993848,1.000000,0.001569,0.998960,1.000000,0.001152,0.994555,0.883671
"Shale (Phosphatic) (shale_2)",shale_2,becknic,rock,rock.sedimentary.shale.coarse.all.shale_2.jhu.becknic.spectrum.txt,0.001278,0.998108,0.883721,0.002085,0.996626,1.000000,0.002268,0.998573,1.000000,0.007465,0.984566,1.000000,0.003074,0.988253,0.883671
"Shale (Calcareous) (shale_3)",shale_3,becknic,rock,rock.sedimentary.shale.coarse.all.shale_3.jhu.becknic.spectrum.txt,0.001887,0.995578,0.883721,0.001317,0.490591,1.000000,0.001636,0.993842,1.000000,0.004241,0.994398,1.000000,0.001778,0.991298,0.883671
"Black Shale (shale_4)",shale_4,becknic,rock,rock.sedimentary.shale.coarse.all.shale_4.jhu.becknic.spectrum.txt,0.000681,0.998115,0.883721,0.000552,0.851684,1.000000,0.000540,0.990018,1.000000,0.001004,0.993514,1.000000,0.001260,0.992799,0.883671
"Illite-bearing Shale (shale_5)",shale_5,becknic,rock,rock.sedimentary.shale.coarse.all.shale_5.jhu.becknic.spectrum.txt,0.001077,0.994685,0.883721,0.000929,0.978909,1.000000,0.002348,0.992593,1.000000,0.001157,0.998474,1.000000,0.000719,0.997992,0.883671
"Carbonaceous Shale (shale_6)",shale_6,becknic,rock,rock.sedimentary.shale.coarse.all.shale_6.jhu.becknic.spectrum.txt,0.000752,0.997108,0.883721,0.000616,0.876274,1.000000,0.000961,0.960769,1.000000,0.001170,0.994236,1.000000,0.001045,0.995138,0.883671
"Argillaceous Shale (shale_7)",shale_7,becknic,rock,rock.sedimentary.shale.coarse.all.shale_7.jhu.becknic.spectrum.txt,0.000997,0.997585,0.883721,0.000711,1.000000,1.000000,0.000925,0.988888,1.000000,0.001456,0.997665,1.000000,0.000996,0.993125,0.998012
"Shale (Arenaceous) (shale_1)",shale_1,becknic,rock,rock.sedimentary.shale.fine.all.shale_1.jhu.becknic.spectrum.txt,0.001588,0.999080,0.883721,0.002666,0.988373,1.000000,0.004642,0.980613,1.000000,0.005387,0.998792,1.000000,0.001785,0.979555,0.998000
"Shale (Phosphatic) (shale_2)",shale_2,becknic,rock,rock.sedimentary.shale.fine.all.shale_2.jhu.becknic.spectrum.txt,0.001816,0.999589,0.883721,0.002061,0.998476,1.000000,0.005042,0.987030,1.000000,0.019717,0.980474,1.000000,0.007877,0.949925,0.998000
"Shale (Calcareous) (shale_3)",shale_3,becknic,rock,rock.sedimentary.shale.fine.all.shale_3.jhu.becknic.spectrum.txt,0.002109,0.998981,0.883721,0.001828,0.976489,1.000000,0.004481,0.986214,1.000000,0.006298,0.998809,1.000000,0.006851,0.973688,0.998000
"Black Shale (shale_4)",shale_4,becknic,rock,rock.sedimentary.shale.fine.all.shale_4.jhu.becknic.spectrum.txt,0.001272,0.997002,0.883721,0.000868,0.996283,1.000000,0.001646,0.997294,1.000000,0.005011,0.995883,1.000000,0.004714,0.961369,0.998000
"Illite-bearing Shale (shale_5)",shale_5,becknic,rock,rock.sedimentary.shale.fine.all.shale_5.jhu.becknic.spectrum.txt,0.002008,0.997679,0.883721,0.002178,0.854808,1.000000,0.003795,0.997848,1.000000,0.006952,0.998155,1.000000,0.002448,0.984578,0.998000
"Carbonaceous Shale (shale_6)",shale_6,becknic,rock,rock.sedimentary.shale.fine.all.shale_6.jhu.becknic.spectrum.txt,0.001024,0.998332,0.883721,0.001046,0.994422,1.000000,0.001788,0.996539,1.000000,0.005252,0.995819,1.000000,0.004262,0.976098,0.998000
"Argillaceous Shale (shale_7)",shale_7,becknic,rock,rock.sedimentary.shale.fine.all.shale_7.jhu.becknic.spectrum.txt,0.001270,0.998985,0.883721,0.001383,0.992896,1.000000,0.002539,0.995697,1.000000,0.004912,0.998468,1.000000,0.002968,0.948774,0.998000
"Phosphorite (Phop002)",Phop002,becknic,rock,rock.sedimentary.shale.solid.all.phop002.usgs.perknic.spectrum.txt,0.001177,0.999713,0.883721,0.002673,0.995733,1.000000,0.002070,0.998470,1.000000,0.005390,0.997023,1.000000,0.000982,0.991967,0.888353
"Phosphorite (Phop004)",Phop004,becknic,rock,rock.sedimentary.shale.solid.all.phop004.usgs.perknic.spectrum.txt,0.001669,0.999718,0.883721,0.002692,0.978992,1.000000,0.002467,0.998999,1.000000,0.003663,0.998419,1.000000,0.001313,0.990966,0.888353
"Phosphorite (Phop005)",Phop005,becknic,rock,rock.sedimentary.shale.solid.all.phop005.usgs.perknic.spectrum.txt,0.000986,0.999711,0.883721,0.002416,0.990732,1.000000,0.002979,0.994385,1.000000,0.005899,0.995083,1.000000,0.001591,0.998219,0.888353
"Phosphorite (Phop008)",Phop008,becknic,rock,rock.sedimentary.shale.solid.all.phop008.usgs.perknic.spectrum.txt,0.001701,0.998844,0.883721,0.003558,0.980306,1.000000,0.002143,0.998817,1.000000,0.002197,0.996289,1.000000,0.001424,0.995564,0.888353
"Phosphorite (Phop009)",Phop009,becknic,rock,rock.sedimentary.shale.solid.all.phop009.usgs.perknic.spectrum.txt,0.001779,0.999080,0.883721,0.002221,0.999117,1.000000,0.002787,0.998613,1.000000,0.003687,0.997689,1.000000,0.000786,0.997636,0.888353
"Phosphorite (Phop011)",Phop011,becknic,rock,rock.sedimentary.shale.solid.all.phop011.usgs.perknic.spectrum.txt,0.000797,0.999857,0.883721,0.001528,0.978515,1.000000,0.002156,0.995518,1.000000,0.003133,0.997111,1.000000,0.001102,0.998233,0.888353
"Phosphorite (Phop02a)",Phop02a,becknic,rock,rock.sedimentary.shale.solid.all.phop02a.usgs.perknic.spectrum.txt,0.001042,0.999548,0.883721,0.001548,0.997512,1.000000,0.001745,0.997906,1.000000,0.005849,0.991565,1.000000,0.001113,0.993444,0.888353
"Calcareous Shale (Ward51)",Ward51,becknic,rock,rock.sedimentary.shale.solid.all.ward51.jpl.nicolet.spectrum.txt,0.000324,1.000000,0.000000,0.000341,1.000000,0.000000,0.003806,0.220223,0.357286,0.001743,0.981281,1.000000,0.003529,0.996927,1.000000
"Arenaceous Shale (Ward53)",Ward53,becknic,rock,rock.sedimentary.shale.solid.all.ward53.jpl.nicolet.spectrum.txt,0.000490,1.000000,0.000000,0.000369,1.000000,0.000000,0.003793,0.424941,0.357286,0.001763,0.991221,1.000000,0.002973,0.997397,1.000000
"Carbonaceous Shale (Ward54)",Ward54,becknic,rock,rock.sedimentary.shale.solid.all.ward54.jpl.nicolet.spectrum.txt,0.000508,1.000000,0.000000,0.000461,1.000000,0.000000,0.003242,0.790964,0.357286,0.001473,0.996125,1.000000,0.002182,0.997918,1.000000
"Oil Shale (Kerogen Shale) (Ward55)",Ward55,becknic,rock,rock.sedimentary.shale.solid.all.ward55.jpl.nicolet.spectrum.txt,0.000425,1.000000,0.000000,0.000451,1.000000,0.000000,0.004850,0.961478,0.357286,0.002408,0.996415,1.000000,0.002347,0.989982,1.000000
"Calcareous Shale (Ward51)",Ward51,becknic,rock,rock.sedimentary.shale.solid.vswir.ward51.jpl.perkin.spectrum.txt,0.000283,0.961048,0.883721,0.000782,0.811804,1.000000,0.000544,0.995716,1.000000,0.000366,1.000000,0.000000,0.000312,1.000000,0.000000
"Arenaceous Shale (Ward53)",Ward53,becknic,rock,rock.sedimentary.shale.solid.vswir.ward53.jpl.perkin.spectrum.txt,0.000189,0.997126,0.883721,0.000457,0.953449,1.000000,0.000795,0.971230,1.000000,0.000444,1.000000,0.000000,0.000256,1.000000,0.000000
"Carbonaceous Shale (Ward54)",Ward54,becknic,rock,rock.sedimentary.shale.solid.vswir.ward54.jpl.perkin.spectrum.txt,0.000305,0.998821,0.883721,0.001035,0.967659,1.000000,0.000915,0.992362,1.000000,0.000552,1.000000,0.000000,0.000361,1.000000,0.000000
"Oil Shale (Kerogen Shale) (Ward55)",Ward55,becknic,rock,rock.sedimentary.shale.solid.vswir.ward55.jpl.perkin.spectrum.txt,0.000620,0.999496,0.883721,0.000716,0.998438,1.000000,0.002099,0.997253,1.000000,0.000494,1.000000,0.000000,0.000344,1.000000,0.000000
"Diatomaceous Earth (Ward57)",Ward57,becknic,rock,rock.sedimentary.siliceou.solid.all.ward57.jpl.nicolet.spectrum.txt,0.000240,1.000000,0.000000,0.000679,1.000000,0.000000,0.003007,0.988540,0.357286,0.005283,0.998483,1.000000,0.001979,0.988878,1.000000
"Siliceous Oolite (Ward77)",Ward77,becknic,rock,rock.sedimentary.siliceou.solid.all.ward77.jpl.nicolet.spectrum.txt,0.000729,1.000000,0.000000,0.000673,1.000000,0.000000,0.003703,0.961824,0.357286,0.003768,0.998257,1.000000,0.006257,0.995942,1.000000
"Diatomaceous Earth (Ward57)",Ward57,becknic,rock,rock.sedimentary.siliceou.solid.vswir.ward57.jpl.perkin.spectrum.txt,0.000972,0.999795,0.883721,0.000584,0.994533,1.000000,0.003253,0.997730,1.000000,0.000766,1.000000,0.000000,0.000725,1.000000,0.000000
"Siliceous Oolite (Ward77)",Ward77,becknic,rock,rock.sedimentary.siliceou.solid.vswir.ward77.jpl.perkin.spectrum.txt,0.000723,0.999693,0.883721,0.001768,0.991745,1.000000,0.001659,0.997510,1.000000,0.000713,1.000000,0.000000,0.000595,1.000000,0.000000
"Siltstone (siltstone_1)",siltstone_1,becknic,rock,rock.sedimentary.siltstone.coarse.all.siltstone_1.jhu.becknic.spectrum.txt,0.002295,0.994967,0.883721,0.002686,0.642130,1.000000,0.001699,0.793110,1.000000,0.001611,0.999590,1.000000,0.000681,0.993140,0.883671
"Limestone Siltstone (siltstone_2)",siltstone_2,becknic,rock,rock.sedimentary.siltstone.coarse.all.siltstone_2.jhu.becknic.spectrum.txt,0.002093,0.998037,0.883721,0.001878,0.786719,1.000000,0.009983,0.996203,1.000000,0.004390,0.998128,1.000000,0.001560,0.991068,0.883671
"Siltstone (siltstone_1)",siltstone_1,becknic,rock,rock.sedimentary.siltstone.fine.all.siltstone_1.jhu.becknic.spectrum.txt,0.002028,0.998762,0.883721,0.002649,0.952594,1.000000,0.003233,0.994175,1.000000,0.003461,0.999536,1.000000,0.003064,0.987560,0.998000
"Limestone-Siltstone (siltstone_2)",siltstone_2,becknic,rock,rock.sedimentary.siltstone.fine.all.siltstone_2.jhu.becknic.spectrum.txt,0.003526,0.998790,0.883721,0.002299,0.888706,1.000000,0.007414,0.984807,1.000000,0.013376,0.995861,1.000000,0.003527,0.980321,0.998000
"Travertine (travertine_1)",travertine_1,becknic,rock,rock.sedimentary.travertine.coarse.all.travertine_1.jhu.becknic.spectrum.txt,0.003291,0.999547,0.883721,0.002843,0.996880,1.000000,0.005360,0.998455,1.000000,0.007396,0.985619,1.000000,0.003009,0.981648,0.998012
"Travertine (travertine_1)",travertine_1,becknic,rock,rock.sedimentary.travertine.fine.all.travertine_1.jhu.becknic.spectrum.txt,0.003572,0.999533,0.883721,0.002558,0.970536,1.000000,0.004754,0.980468,1.000000,0.012130,0.996691,1.000000,0.008122,0.987782,0.977882
"Pale brown silty loam (86P1994)",86P1994,becknic,soil,soil.alfisol.fragiboralf.none.all.86p1994.jhu.becknic.spectrum.txt,0.005141,0.998221,0.883721,0.001552,0.993210,1.000000,0.002104,0.993222,1.000000,0.003032,0.998793,1.000000,0.000698,0.992993,0.883671
"Brown to dark brown gravelly loam (87P313)",87P313,becknic,soil,soil.alfisol.haploxeralf.none.all.87p313.jhu.becknic.spectrum.txt,0.003019,0.996840,0.883721,0.001931,0.995196,1.000000,0.001842,0.993340,1.000000,0.001447,0.999399,1.000000,0.000454,0.989255,0.883671
"Brown loamy fine sand (87P3468)",87P3468,becknic,soil,soil.alfisol.haplustalf.none.all.87p3468.jhu.becknic.spectrum.txt,0.002109,0.999240,0.883721,0.001458,0.997448,1.000000,0.002386,0.992089,1.000000,0.002655,0.999137,1.000000,0.000721,0.999523,0.883671
"Brown fine sandy loam (87P3665)",87P3665,becknic,soil,soil.alfisol.haplustalf.none.all.87p3665.jhu.becknic.spectrum.txt,0.003075,0.999177,0.883721,0.001672,0.992637,1.000000,0.001703,0.990382,1.000000,0.002368,0.999562,1.000000,0.000700,0.998791,0.883671
"Brown fine sandy loam (87P3671)",87P3671,becknic,soil,soil.alfisol.haplustalf.none.all.87p3671.jhu.becknic.spectrum.txt,0.001764,0.999487,0.883721,0.001783,0.997209,1.000000,0.002044,0.993337,1.000000,0.002348,0.999539,1.000000,0.000645,0.999123,0.883671
"Reddish brown fine sandy loam (87P1087)",87P1087,becknic,soil,soil.alfisol.paleustalf.none.all.87p1087.jhu.becknic.spectrum.txt,0.001479,0.999570,0.883721,0.001639,0.996913,1.000000,0.001970,0.993417,1.000000,0.002948,0.999173,1.000000,0.000874,0.999325,0.883671
"Reddish brown fine sandy loam (87P2376)",87P2376,becknic,soil,soil.alfisol.paleustalf.none.all.87p2376.jhu.becknic.spectrum.txt,0.006147,0.996993,0.883721,0.001848,0.997523,1.000000,0.002908,0.994233,1.000000,0.003315,0.998691,1.000000,0.002530,0.996618,0.883671
"Brown sandy loam (87P2410)",87P2410,becknic,soil,soil.alfisol.paleustalf.none.all.87p2410.jhu.becknic.spectrum.txt,0.005506,0.994991,0.883721,0.001662,0.998544,1.000000,0.002199,0.994538,1.000000,0.001959,0.999577,1.000000,0.000620,0.999103,0.883671
"Dark reddish brown fine sandy loam (87P473)",87P473,becknic,soil,soil.alfisol.paleustalf.none.all.87p473.jhu.becknic.spectrum.txt,0.002067,0.999586,0.883721,0.001950,0.994420,1.000000,0.002497,0.990937,1.000000,0.003159,0.999060,1.000000,0.001159,0.999506,0.883671
"Light yellowish brown interior dry gravelly loam (79P1536)",79P1536,becknic,soil,soil.aridisol.calciorthid.none.all.79p1536.jhu.becknic.spectrum.txt,0.003201,0.999199,0.883721,0.001633,0.984629,1.000000,0.002926,0.990709,1.000000,0.006937,0.993964,1.000000,0.001368,0.989134,0.998000
"Light yellowish brown loam (84P3721)",84P3721,becknic,soil,soil.aridisol.calciorthid.none.all.84p3721.jhu.becknic.spectrum.txt,0.008379,0.996590,0.883721,0.002292,0.909341,1.000000,0.002832,0.990135,1.000000,0.005874,0.995223,1.000000,0.001389,0.987360,0.998000
"Brown silty loam (87P337)",87P337,becknic,soil,soil.aridisol.camborthid.none.all.87p337.jhu.becknic.spectrum.txt,0.003894,0.998736,0.883721,0.001777,0.955410,1.000000,0.002153,0.979672,1.000000,0.002271,0.999497,1.000000,0.000650,0.997555,0.883671
"Light yellowish brown loamy sand (89P1772)",89P1772,becknic,soil,soil.aridisol.camborthid.none.all.89p1772.jhu.becknic.spectrum.txt,0.003603,0.999078,0.883721,0.002901,0.949009,1.000000,0.003068,0.994516,1.000000,0.002285,0.999614,1.000000,0.000863,0.998868,0.998012
"Very pale brown to brownish yellow interior dry gravelly silt loam (82P2695)",82P2695,becknic,soil,soil.aridisol.gypsiorthid.none.all.82p2695.jhu.becknic.spectrum.txt,0.008092,0.997863,0.883721,0.002985,0.963964,1.000000,0.004059,0.994953,1.000000,0.007211,0.993373,1.000000,0.001408,0.991552,0.998000
"Brown gravelly sandy loam (89P1793)",89P1793,becknic,soil,soil.aridisol.haplargid.none.all.89p1793.jhu.becknic.spectrum.txt,0.003238,0.999157,0.883721,0.002023,0.974362,1.000000,0.002340,0.994554,1.000000,0.001926,0.999577,1.000000,0.000768,0.998727,0.998012
"Red-orange sandy soil. (fgg009)",fgg009,becknic,soil,soil.aridisol.none.unsorted.tir.fgg009.jpl.nicolet.spectrum.txt,0.000455,1.000000,0.000000,0.000682,1.000000,0.000000,0.002083,0.993836,0.356929,0.002819,0.999539,1.000000,0.002271,0.993705,0.883894
"Red-orange sandy soil (fgg018)",fgg018,becknic,soil,soil.aridisol.none.unsorted.tir.fgg018.jpl.nicolet.spectrum.txt,0.000907,1.000000,0.000000,0.000678,1.000000,0.000000,0.002208,0.995004,0.356929,0.002782,0.999192,1.000000,0.001738,0.992435,0.883894
"Grey calcareous silty soil (fgg024)",fgg024,becknic,soil,soil.aridisol.none.unsorted.tir.fgg024.jpl.nicolet.spectrum.txt,0.000668,1.000000,0.000000,0.000671,1.000000,0.000000,0.002133,0.993071,0.356929,0.003026,0.999370,1.000000,0.001377,0.997784,0.883894
"Grey calcareous silty soil (fgt017)",fgt017,becknic,soil,soil.aridisol.none.unsorted.tir.fgt017.jpl.nicolet.spectrum.txt,0.000437,1.000000,0.000000,0.000584,1.000000,0.000000,0.001891,0.994844,0.356929,0.012512,0.991156,1.000000,0.002676,0.985211,0.883894
"Dark brown interior moist clay loam (79P1530)",79P1530,becknic,soil,soil.aridisol.salorthid.none.all.79p1530.jhu.becknic.spectrum.txt,0.002175,0.999202,0.883721,0.001806,0.877965,1.000000,0.001977,0.993719,1.000000,0.005565,0.994716,1.000000,0.000739,0.996878,0.998000
"Light yellowish brown clay (89P1763)",89P1763,becknic,soil,soil.aridisol.salorthid.none.all.89p1763.jhu.becknic.spectrum.txt,0.002961,0.999498,0.883721,0.002034,0.924670,1.000000,0.005010,0.995537,1.000000,0.003850,0.996549,1.000000,0.001109,0.987026,0.998012
"Dark yellowish brown silty clay (89P1805)",89P1805,becknic,soil,soil.aridisol.salorthid.none.all.89p1805.jhu.becknic.spectrum.txt,0.004263,0.999176,0.883721,0.002004,0.967491,1.000000,0.004454,0.997030,1.000000,0.003907,0.996825,1.000000,0.000849,0.987490,0.998000
"Very dark grayish brown loamy sand (90P0142)",90P0142,becknic,soil,soil.aridisol.torripsamment.none.all.90p0142.jhu.becknic.spectrum.txt,0.002223,0.999218,0.883721,0.001800,0.997080,1.000000,0.002242,0.993208,1.000000,0.003257,0.998278,1.000000,0.000821,0.999329,0.998012
"Fluvial deposit (fgg003)",fgg003,becknic,soil,soil.entisol.none.unsorted.tir.fgg003.jpl.nicolet.spectrum.txt,0.000514,1.000000,0.000000,0.000677,1.000000,0.000000,0.002307,0.993698,0.356929,0.003286,0.999297,1.000000,0.001586,0.995043,0.883894
"Red-orange sandy loam/alluvium (fgg007)",fgg007,becknic,soil,soil.entisol.none.unsorted.tir.fgg007.jpl.nicolet.spectrum.txt,0.000707,1.000000,0.000000,0.000672,1.000000,0.000000,0.003010,0.993032,0.356929,0.002632,0.999394,1.000000,0.002210,0.993402,0.883894
"Sandy Loam/alluvium (fgg008)",fgg008,becknic,soil,soil.entisol.none.unsorted.tir.fgg008.jpl.nicolet.spectrum.txt,0.001230,0.000000,0.000000,0.000570,1.000000,0.000000,0.003334,0.993169,0.356929,0.003859,0.997362,1.000000,0.001882,0.994554,0.883894
"Alluvial sand (fgg027)",fgg027,becknic,soil,soil.entisol.none.unsorted.tir.fgg027.jpl.nicolet.spectrum.txt,0.000408,1.000000,0.000000,0.000688,1.000000,0.000000,0.002370,0.994757,0.356929,0.005370,0.998332,1.000000,0.002889,0.998761,0.883894
"Red-orange sandy loam (fgg033)",fgg033,becknic,soil,soil.entisol.none.unsorted.tir.fgg033.jpl.nicolet.spectrum.txt,0.000673,1.000000,0.000000,0.000672,1.000000,0.000000,0.003211,0.992737,0.356929,0.002230,0.999539,1.000000,0.001607,0.991618,0.883894
"Red-orange sandy loam (fgg036)",fgg036,becknic,soil,soil.entisol.none.unsorted.tir.fgg036.jpl.nicolet.spectrum.txt,0.000541,1.000000,0.000000,0.000676,1.000000,0.000000,0.002308,0.992732,0.356929,0.003434,0.999232,1.000000,0.002010,0.994407,0.883894
"Red-orange sandy loam (fgg037)",fgg037,becknic,soil,soil.entisol.none.unsorted.tir.fgg037.jpl.nicolet.spectrum.txt,0.000733,1.000000,0.000000,0.000673,1.000000,0.000000,0.002576,0.994622,0.356929,0.006195,0.996283,1.000000,0.002114,0.992687,0.883894
"Brown to dark brown sand (87P706)",87P706,becknic,soil,soil.entisol.quartzipsamment.none.all.87p706.jhu.becknic.spectrum.txt,0.003198,0.998586,0.883721,0.001659,0.995013,1.000000,0.002162,0.985370,1.000000,0.003949,0.997821,1.000000,0.001729,0.998669,0.883671
"White gypsum dune sand. (0015)",0015,becknic,soil,soil.entisol.torripsamment.none.all.0015.jhu.becknic.spectrum.txt,0.003098,0.999343,0.883721,0.004679,0.948676,1.000000,0.026168,0.987410,1.000000,0.006066,0.928574,1.000000,0.008784,0.976364,0.883671
"Brown to dark brown silt loam (82P2230)",82P2230,becknic,soil,soil.entisol.ustifluvent.none.all.82p2230.jhu.becknic.spectrum.txt,0.004230,0.994887,0.883721,0.001204,0.989718,1.000000,0.001933,0.982435,1.000000,0.000926,0.999678,1.000000,0.000722,0.997717,0.998000
"Gray/dark brown extremely stoney coarse sandy (87P3855)",87P3855,becknic,soil,soil.inceptisol.cryumbrept.none.all.87p3855.jhu.becknic.spectrum.txt,0.004340,0.993489,0.883721,0.001779,0.997647,1.000000,0.001907,0.997669,1.000000,0.001604,0.999007,1.000000,0.000540,0.998455,0.883671
"Dark yellowish brown micaceous loam (88P2535)",88P2535,becknic,soil,soil.inceptisol.dystrochrept.none.all.88p2535.jhu.becknic.spectrum.txt,0.008177,0.996510,0.883721,0.001752,0.984847,1.000000,0.003410,0.995708,1.000000,0.003119,0.998110,1.000000,0.001028,0.996577,0.883671
"Dark brown fine sandy loam (86P4561)",86P4561,becknic,soil,soil.inceptisol.haplumbrept.none.all.86p4561.jhu.becknic.spectrum.txt,0.004313,0.995732,0.883721,0.002071,0.990144,1.000000,0.001858,0.996050,1.000000,0.001903,0.998901,1.000000,0.000535,0.998128,0.883671
"Brown sandy loam (88P4699)",88P4699,becknic,soil,soil.inceptisol.haplumbrept.none.all.88p4699.jhu.becknic.spectrum.txt,0.001867,0.999176,0.883721,0.001665,0.990681,1.000000,0.001845,0.994317,1.000000,0.001911,0.999022,1.000000,0.000769,0.998885,0.883671
"Very dark grayish brown silty loam (85P3707)",85P3707,becknic,soil,soil.inceptisol.plaggept.none.all.85p3707.jhu.becknic.spectrum.txt,0.002370,0.999318,0.883721,0.001774,0.997520,1.000000,0.002864,0.988793,1.000000,0.003983,0.998707,1.000000,0.000896,0.997502,0.883671
"Pale brown dry silty clay loam (82P2671)",82P2671,becknic,soil,soil.inceptisol.ustocrept.none.all.82p2671.jhu.becknic.spectrum.txt,0.007983,0.991380,0.883721,0.002266,0.992930,1.000000,0.003127,0.991047,1.000000,0.007203,0.987701,1.000000,0.001466,0.991250,0.972941
"Brown to dark brown gravelly fine sandy loam (87P325)",87P325,becknic,soil,soil.inceptisol.xerumbrept.none.all.87p325.jhu.becknic.spectrum.txt,0.001709,0.999091,0.883721,0.001579,0.994811,1.000000,0.001609,0.992112,1.000000,0.002484,0.998188,1.000000,0.000526,0.989546,0.883671
"60051.19 (60051_19)",60051_19,becknic,soil,soil.lunar.highland.fine.tir.60051_19.jhu.becknic.spectrum.txt,0.000410,1.000000,0.000000,0.000450,1.000000,0.000000,0.001053,0.984115,0.300357,0.001924,0.999445,1.000000,0.001805,0.993566,0.883647
"61221.79 (61221_79)",61221_79,becknic,soil,soil.lunar.highland.fine.tir.61221_79.jhu.becknic.spectrum.txt,0.001367,0.000000,0.000000,0.000547,1.000000,0.000000,0.001350,0.978277,0.300357,0.002735,0.999448,1.000000,0.001915,0.993014,0.883647
"61241.98 (61241_98)",61241_98,becknic,soil,soil.lunar.highland.fine.tir.61241_98.jhu.becknic.spectrum.txt,0.000474,1.000000,0.000000,0.000489,1.000000,0.000000,0.000939,0.986889,0.300357,0.001564,0.999406,1.000000,0.001305,0.997210,0.883647
"62231.15 (62231_15)",62231_15,becknic,soil,soil.lunar.highland.fine.tir.62231_15.jhu.becknic.spectrum.txt,0.000378,1.000000,0.000000,0.000446,1.000000,0.000000,0.001025,0.984751,0.300357,0.001767,0.999443,1.000000,0.001777,0.994147,0.883647
"64801.34 (64801_34)",64801_34,becknic,soil,soil.lunar.highland.fine.tir.64801_34.jhu.becknic.spectrum.txt,0.000399,1.000000,0.000000,0.000450,1.000000,0.000000,0.001071,0.986465,0.300357,0.001764,0.999467,1.000000,0.002152,0.993339,0.883647
"67701.36 (67701_36)",67701_36,becknic,soil,soil.lunar.highland.fine.tir.67701_36.jhu.becknic.spectrum.txt,0.000952,1.000000,0.000000,0.000514,1.000000,0.000000,0.001219,0.986769,0.300357,0.002778,0.999377,1.000000,0.002046,0.990840,0.883647
"67941.72 (67941_72)",67941_72,becknic,soil,soil.lunar.highland.fine.tir.67941_72.jhu.becknic.spectrum.txt,0.000581,1.000000,0.000000,0.000467,1.000000,0.000000,0.001338,0.979313,0.300357,0.002474,0.999370,1.000000,0.001437,0.994610,0.883647
"68501.609 (68501_609)",68501_609,becknic,soil,soil.lunar.highland.fine.tir.68501_609.jhu.becknic.spectrum.txt,0.000383,1.000000,0.000000,0.000452,1.000000,0.000000,0.001005,0.986304,0.300357,0.001790,0.999400,1.000000,0.001737,0.994207,0.883647
"10084.1939 (10084_1939)",10084_1939,becknic,soil,soil.lunar.maria.fine.tir.10084_1939.jhu.becknic.spectrum.txt,0.000513,1.000000,0.000000,0.000397,1.000000,0.000000,0.000407,0.991935,0.300357,0.001491,0.994967,1.000000,0.000557,0.999449,0.883647
"12023.139 (12023_139)",12023_139,becknic,soil,soil.lunar.maria.fine.tir.12023_139.jhu.becknic.spectrum.txt,0.000509,1.000000,0.000000,0.000444,1.000000,0.000000,0.000483,0.994435,0.300357,0.001255,0.998522,1.000000,0.000904,0.998676,0.883647
"12024.69 (12024_69)",12024_69,becknic,soil,soil.lunar.maria.fine.tir.12024_69.jhu.becknic.spectrum.txt,0.000490,1.000000,0.000000,0.000509,1.000000,0.000000,0.000512,0.995608,0.300357,0.001322,0.999067,1.000000,0.000955,0.998606,0.883647
"12030.135 (12030_135)",12030_135,becknic,soil,soil.lunar.maria.fine.tir.12030_135.jhu.becknic.spectrum.txt,0.000473,1.000000,0.000000,0.000549,1.000000,0.000000,0.000722,0.992451,0.300357,0.001309,0.999339,1.000000,0.000738,0.999180,0.883647
"12070.405 (12070_405)",12070_405,becknic,soil,soil.lunar.maria.fine.tir.12070_405.jhu.becknic.spectrum.txt,0.000509,1.000000,0.000000,0.000462,1.000000,0.000000,0.000473,0.995424,0.300357,0.001220,0.998747,1.000000,0.000919,0.998809,0.883647
"14141.146 (14141_146)",14141_146,becknic,soil,soil.lunar.transitional.fine.tir.14141_146.jhu.becknic.spectrum.txt,0.000400,1.000000,0.000000,0.000461,1.000000,0.000000,0.001090,0.990976,0.300357,0.001975,0.999222,1.000000,0.000889,0.998199,0.883647
"14148.183 (14148_183)",14148_183,becknic,soil,soil.lunar.transitional.fine.tir.14148_183.jhu.becknic.spectrum.txt,0.000478,1.000000,0.000000,0.000542,1.000000,0.000000,0.000676,0.994564,0.300357,0.001306,0.999239,1.000000,0.001342,0.997060,0.883647
"14149.18 (14149_18)",14149_18,becknic,soil,soil.lunar.transitional.fine.tir.14149_18.jhu.becknic.spectrum.txt,0.000471,1.000000,0.000000,0.000536,1.000000,0.000000,0.000824,0.992109,0.300357,0.001409,0.999293,1.000000,0.001194,0.997631,0.883647
"14259.61 (14259_61)",14259_61,becknic,soil,soil.lunar.transitional.fine.tir.14259_61.jhu.becknic.spectrum.txt,0.000490,1.000000,0.000000,0.000509,1.000000,0.000000,0.000496,0.996547,0.300357,0.001247,0.999115,1.000000,0.001443,0.996434,0.883647
"Dark grayish brown silty loam (85P5339)",85P5339,becknic,soil,soil.mollisol.agialboll.none.all.85p5339.jhu.becknic.spectrum.txt,0.002459,0.997314,0.883721,0.001541,0.998243,1.000000,0.001623,0.995584,1.000000,0.002453,0.999093,1.000000,0.000641,0.992811,0.883671
"Vary dark grayish brown loam (87P757)",87P757,becknic,soil,soil.mollisol.agriudoll.none.all.87p757.jhu.becknic.spectrum.txt,0.007378,0.992692,0.883721,0.002281,0.998144,1.000000,0.002373,0.993512,1.000000,0.002335,0.999531,1.000000,0.000782,0.998064,0.883671
"Very dark grayish brown silty loam (90P128s)",90P128s,becknic,soil,soil.mollisol.argiustoll.none.all.90p128s.jhu.becknic.spectrum.txt,0.002056,0.999174,0.883721,0.002582,0.993328,1.000000,0.002707,0.992846,1.000000,0.003018,0.999129,1.000000,0.000880,0.997204,0.998012
"Black loam (85P4663)",85P4663,becknic,soil,soil.mollisol.cryoboroll.none.all.85p4663.jhu.becknic.spectrum.txt,0.002336,0.996873,0.883721,0.001454,0.997903,1.000000,0.002010,0.993830,1.000000,0.002698,0.997904,1.000000,0.000466,0.995759,0.883671
"Very dark grayish brown loam (87P4453)",87P4453,becknic,soil,soil.mollisol.cryoboroll.none.all.87p4453.jhu.becknic.spectrum.txt,0.004739,0.993918,0.883721,0.001692,0.994524,1.000000,0.001572,0.993376,1.000000,0.002649,0.997969,1.000000,0.000568,0.997515,0.883671
"Gray silty clay (86P4603)",86P4603,becknic,soil,soil.mollisol.haplaquoll.none.all.86p4603.jhu.becknic.spectrum.txt,0.002381,0.997963,0.883721,0.001449,0.998541,1.000000,0.002303,0.993420,1.000000,0.002443,0.998974,1.000000,0.000663,0.983340,0.883671
"Brown to dark brown sandy loam (87P764)",87P764,becknic,soil,soil.mollisol.hapludoll.none.all.87p764.jhu.becknic.spectrum.txt,0.005415,0.997419,0.883721,0.001845,0.995678,1.000000,0.001886,0.994431,1.000000,0.002305,0.999431,1.000000,0.000939,0.998583,0.883671
"Grayish brown loam (85P4569)",85P4569,becknic,soil,soil.mollisol.haplustall.none.all.85p4569.jhu.becknic.spectrum.txt,0.002066,0.999202,0.883721,0.001466,0.997698,1.000000,0.002427,0.995297,1.000000,0.003898,0.997465,1.000000,0.000434,0.998432,0.883671
"Very dark grayish brown loam (90P186s)",90P186s,becknic,soil,soil.mollisol.paleustoll.none.all.90p186s.jhu.becknic.spectrum.txt,0.005825,0.995774,0.883721,0.002133,0.996191,1.000000,0.002841,0.990843,1.000000,0.002311,0.999382,1.000000,0.000740,0.998331,0.998012
"Dark reddish brown, organic-rich, silty loam (87P4264)",87P4264,becknic,soil,soil.spodosol.cryohumod.none.all.87p4264.jhu.becknic.spectrum.txt,0.001539,0.999334,0.883721,0.001729,0.997996,1.000000,0.002176,0.995590,1.000000,0.002567,0.999051,1.000000,0.000579,0.986276,0.883671
"Brown to dark brown loamy sand (87P707)",87P707,becknic,soil,soil.utisol.hapludult.none.all.87p707.jhu.becknic.spectrum.txt,0.003104,0.999039,0.883721,0.002194,0.990143,1.000000,0.002190,0.983075,1.000000,0.004559,0.997876,1.000000,0.001550,0.999011,0.883671
"Brown to dark brown clay (88P475)",88P475,becknic,soil,soil.vertisol.chromoxerert.none.all.88p475.jhu.becknic.spectrum.txt,0.005042,0.938646,0.883721,0.001971,0.998173,1.000000,0.002821,0.994868,1.000000,0.001443,0.999318,1.000000,0.000722,0.998486,0.998000
"Avena fatua (VH352)",VH352,becknic,vegetation,vegetation.grass.avena.fatua.tir.vh352.ucsb.nicolet.spectrum.txt,0.000131,1.000000,0.000000,0.000182,1.000000,0.000000,0.000140,1.000000,0.000000,0.000902,0.982877,0.999750,0.000874,0.950776,1.000000
"Avena fatua (VH353)",VH353,becknic,vegetation,vegetation.grass.avena.fatua.tir.vh353.ucsb.nicolet.spectrum.txt,0.000127,1.000000,0.000000,0.000205,1.000000,0.000000,0.000158,1.000000,0.000000,0.000975,0.978777,0.999750,0.000772,0.981992,1.000000
"Avena fatua (VH352)",VH352,becknic,vegetation,vegetation.grass.avena.fatua.vswir.vh352.ucsb.asd.spectrum.txt,0.002172,0.999798,1.000000,0.001186,0.966828,1.000000,0.001906,0.999830,1.000000,0.000439,1.000000,0.000000,0.000254,1.000000,0.000000
"Avena fatua (VH353)",VH353,becknic,vegetation,vegetation.grass.avena.fatua.vswir.vh353.ucsb.asd.spectrum.txt,0.002246,0.999793,1.000000,0.001871,0.949137,1.000000,0.001904,0.999832,1.000000,0.000299,1.000000,0.000000,0.000279,1.000000,0.000000
"Bromus diandrus (VH350)",VH350,becknic,vegetation,vegetation.grass.bromus.diandrus.tir.vh350.ucsb.nicolet.spectrum.txt,0.000128,1.000000,0.000000,0.000198,1.000000,0.000000,0.000152,1.000000,0.000000,0.001087,0.973643,0.999750,0.000854,0.961716,1.000000
"Bromus diandrus (VH351)",VH351,becknic,vegetation,vegetation.grass.bromus.diandrus.tir.vh351.ucsb.nicolet.spectrum.txt,0.000126,1.000000,0.000000,0.000242,1.000000,0.000000,0.000187,1.000000,0.000000,0.001312,0.985540,0.999750,0.000898,0.983845,1.000000
"Bromus diandrus (VH350)",VH350,becknic,vegetation,vegetation.grass.bromus.diandrus.vswir.vh350.ucsb.asd.spectrum.txt,0.002146,0.999825,1.000000,0.001340,0.967292,1.000000,0.001962,0.999829,1.000000,0.000537,1.000000,0.000000,0.000347,1.000000,0.000000
"Bromus diandrus (VH351)",VH351,becknic,vegetation,vegetation.grass.bromus.diandrus.vswir.vh351.ucsb.asd.spectrum.txt,0.002155,0.999790,1.000000,0.000885,0.978421,1.000000,0.001665,0.999842,1.000000,0.000511,1.000000,0.000000,0.000313,1.000000,0.000000
"Grass (grass)",grass,becknic,vegetation,vegetation.grass.unknown.unknown.all.grass.jhu.becknic.spectrum.txt,0.002561,0.999605,1.000000,0.000739,0.996528,1.000000,0.003150,0.999498,1.000000,0.000965,0.990294,1.000000,0.000289,0.998073,0.882353
"Adenostoma fasciculatum 1 (VH033)",VH033,becknic,vegetation,vegetation.shrub.adenostoma.fasciculatum.tir.vh033.ucsb.nicolet.spectrum.txt,0.000109,1.000000,0.000000,0.000151,1.000000,0.000000,0.000116,1.000000,0.000000,0.001212,0.929397,0.999750,0.001236,0.410167,1.000000
"Adenostoma fasciculatum 1 (VH034)",VH034,becknic,vegetation,vegetation.shrub.adenostoma.fasciculatum.tir.vh034.ucsb.nicolet.spectrum.txt,0.000510,1.000000,0.000000,0.000465,1.000000,0.000000,0.000617,1.000000,0.000000,0.001313,0.847755,0.999750,0.001038,0.731520,1.000000
"Adenostoma fasciculatum 2 (VH041)",VH041,becknic,vegetation,vegetation.shrub.adenostoma.fasciculatum.tir.vh041.ucsb.nicolet.spectrum.txt,0.000490,1.000000,0.000000,0.000369,1.000000,0.000000,0.000342,1.000000,0.000000,0.001329,0.932079,0.999750,0.001285,0.745561,1.000000
"Adenostoma fasciculatum 2 (VH042)",VH042,becknic,vegetation,vegetation.shrub.adenostoma.fasciculatum.tir.vh042.ucsb.nicolet.spectrum.txt,0.000127,1.000000,0.000000,0.000212,1.000000,0.000000,0.000163,1.000000,0.000000,0.001393,0.913821,0.999750,0.001325,0.729703,1.000000
"Adenostoma fasciculatum 3 (VH043)",VH043,becknic,vegetation,vegetation.shrub.adenostoma.fasciculatum.tir.vh043.ucsb.nicolet.spectrum.txt,0.000208,1.000000,0.000000,0.000300,1.000000,0.000000,0.000236,1.000000,0.000000,0.001139,0.925157,0.999750,0.001105,0.710829,1.000000
"Adenostoma fasciculatum 3 (VH044)",VH044,becknic,vegetation,vegetation.shrub.adenostoma.fasciculatum.tir.vh044.ucsb.nicolet.spectrum.txt,0.000126,1.000000,0.000000,0.000234,1.000000,0.000000,0.000181,1.000000,0.000000,0.001136,0.907691,0.999750,0.000983,0.730122,1.000000
"Adenostoma fasciculatum 1 (VH111)",VH111,becknic,vegetation,vegetation.shrub.adenostoma.fasciculatum.tir.vh111.ucsb.nicolet.spectrum.txt,0.000127,1.000000,0.000000,0.000206,1.000000,0.000000,0.000159,1.000000,0.000000,0.000782,0.988186,0.999750,0.001033,0.734185,1.000000
"Adenostoma fasciculatum 1 (VH112)",VH112,becknic,vegetation,vegetation.shrub.adenostoma.fasciculatum.tir.vh112.ucsb.nicolet.spectrum.txt,0.000126,1.000000,0.000000,0.000243,1.000000,0.000000,0.000188,1.000000,0.000000,0.001008,0.969358,0.999750,0.001131,0.722377,1.000000
"Adenostoma fasciculatum 2 (VH113)",VH113,becknic,vegetation,vegetation.shrub.adenostoma.fasciculatum.tir.vh113.ucsb.nicolet.spectrum.txt,0.000112,1.000000,0.000000,0.000155,1.000000,0.000000,0.000120,1.000000,0.000000,0.000798,0.962422,0.999750,0.001261,0.534173,1.000000
"Adenostoma fasciculatum 2 (VH114)",VH114,becknic,vegetation,vegetation.shrub.adenostoma.fasciculatum.tir.vh114.ucsb.nicolet.spectrum.txt,0.000133,1.000000,0.000000,0.000185,1.000000,0.000000,0.000143,1.000000,0.000000,0.000927,0.969508,0.999750,0.001263,0.689895,1.000000
"Adenostoma fasciculatum 3 (VH115)",VH115,becknic,vegetation,vegetation.shrub.adenostoma.fasciculatum.tir.vh115.ucsb.nicolet.spectrum.txt,0.000127,1.000000,0.000000,0.000205,1.000000,0.000000,0.000158,1.000000,0.000000,0.000850,0.969340,0.999750,0.001076,0.745459,1.000000
"Adenostoma fasciculatum 3 (VH116)",VH116,becknic,vegetation,vegetation.shrub.adenostoma.fasciculatum.tir.vh116.ucsb.nicolet.spectrum.txt,0.000130,1.000000,0.000000,0.000193,1.000000,0.000000,0.000149,1.000000,0.000000,0.000995,0.968539,0.999750,0.001090,0.754398,1.000000
"Adenostoma fasciculatum 1 (VH217)",VH217,becknic,vegetation,vegetation.shrub.adenostoma.fasciculatum.tir.vh217.ucsb.nicolet.spectrum.txt,0.000131,1.000000,0.000000,0.000253,1.000000,0.000000,0.000196,1.000000,0.000000,0.003078,0.797561,0.999750,0.001474,0.680056,1.000000
"Adenostoma fasciculatum 1 (VH218)",VH218,becknic,vegetation,vegetation.shrub.adenostoma.fasciculatum.tir.vh218.ucsb.nicolet.spectrum.txt,0.000180,1.000000,0.000000,0.000288,1.000000,0.000000,0.000225,1.000000,0.000000,0.003246,0.722592,0.999750,0.001609,0.651416,1.000000
"Adenostoma fasciculatum 2 (VH219)",VH219,becknic,vegetation,vegetation.shrub.adenostoma.fasciculatum.tir.vh219.ucsb.nicolet.spectrum.txt,0.000189,1.000000,0.000000,0.000292,1.000000,0.000000,0.000229,1.000000,0.000000,0.003840,0.810481,0.999750,0.001440,0.772209,1.000000
"Adenostoma fasciculatum 2 (VH220)",VH220,becknic,vegetation,vegetation.shrub.adenostoma.fasciculatum.tir.vh220.ucsb.nicolet.spectrum.txt,0.000127,1.000000,0.000000,0.000211,1.000000,0.000000,0.000163,1.000000,0.000000,0.002713,0.754715,0.999750,0.001560,0.599238,1.000000
"Adenostoma fasciculatum 3 (VH221)",VH221,becknic,vegetation,vegetation.shrub.adenostoma.fasciculatum.tir.vh221.ucsb.nicolet.spectrum.txt,0.000234,1.000000,0.000000,0.000311,1.000000,0.000000,0.000246,1.000000,0.000000,0.003385,0.585230,0.999750,0.001330,0.643859,1.000000
"Adenostoma fasciculatum 3 (VH222)",VH222,becknic,vegetation,vegetation.shrub.adenostoma.fasciculatum.tir.vh222.ucsb.nicolet.spectrum.txt,0.000126,1.000000,0.000000,0.000233,1.000000,0.000000,0.000180,1.000000,0.000000,0.002708,0.856741,0.999750,0.001483,0.644977,1.000000
"Adenostoma fasciculatum 1 (VH033)",VH033,becknic,vegetation,vegetation.shrub.adenostoma.fasciculatum.vswir.vh033.ucsb.asd.spectrum.txt,0.001025,0.999906,1.000000,0.002972,0.977506,1.000000,0.001625,0.999800,1.000000,0.000260,1.000000,0.000000,0.000229,1.000000,0.000000
"Adenostoma fasciculatum 1 (VH034)",VH034,becknic,vegetation,vegetation.shrub.adenostoma.fasciculatum.vswir.vh034.ucsb.asd.spectrum.txt,0.001553,0.999860,1.000000,0.001334,0.992278,1.000000,0.001939,0.999704,1.000000,0.000208,1.000000,0.000000,0.000195,1.000000,0.000000
"Adenostoma fasciculatum 2 (VH041)",VH041,becknic,vegetation,vegetation.shrub.adenostoma.fasciculatum.vswir.vh041.ucsb.asd.spectrum.txt,0.002195,0.999686,1.000000,0.001862,0.984988,1.000000,0.001529,0.999855,1.000000,0.000249,1.000000,0.000000,0.000222,1.000000,0.000000
"Adenostoma fasciculatum 2 (VH042)",VH042,becknic,vegetation,vegetation.shrub.adenostoma.fasciculatum.vswir.vh042.ucsb.asd.spectrum.txt,0.003197,0.999667,1.000000,0.001900,0.994414,1.000000,0.003533,0.999399,1.000000,0.000230,1.000000,0.000000,0.000210,1.000000,0.000000
"Adenostoma fasciculatum 3 (VH043)",VH043,becknic,vegetation,vegetation.shrub.adenostoma.fasciculatum.vswir.vh043.ucsb.asd.spectrum.txt,0.002857,0.999280,1.000000,0.001626,0.984119,1.000000,0.001469,0.999803,1.000000,0.000121,1.000000,0.000000,0.000120,1.000000,0.000000
"Adenostoma fasciculatum 3 (VH044)",VH044,becknic,vegetation,vegetation.shrub.adenostoma.fasciculatum.vswir.vh044.ucsb.asd.spectrum.txt,0.001605,0.999908,1.000000,0.002917,0.986067,1.000000,0.003364,0.999439,1.000000,0.000259,1.000000,0.000000,0.000228,1.000000,0.000000
"Adenostoma fasciculatum 1 (VH111)",VH111,becknic,vegetation,vegetation.shrub.adenostoma.fasciculatum.vswir.vh111.ucsb.asd.spectrum.txt,0.000865,0.999917,1.000000,0.002076,0.932048,1.000000,0.000878,0.999921,1.000000,0.000222,1.000000,0.000000,0.000205,1.000000,0.000000
"Adenostoma fasciculatum 1 (VH112)",VH112,becknic,vegetation,vegetation.shrub.adenostoma.fasciculatum.vswir.vh112.ucsb.asd.spectrum.txt,0.001087,0.999911,1.000000,0.001746,0.977677,1.000000,0.000939,0.999937,1.000000,0.000261,1.000000,0.000000,0.000231,1.000000,0.000000
"Adenostoma fasciculatum 2 (VH113)",VH113,becknic,vegetation,vegetation.shrub.adenostoma.fasciculatum.vswir.vh113.ucsb.asd.spectrum.txt,0.002013,0.999604,1.000000,0.002475,0.938185,1.000000,0.001243,0.999852,1.000000,0.000162,1.000000,0.000000,0.000161,1.000000,0.000000
"Adenostoma fasciculatum 2 (VH114)",VH114,becknic,vegetation,vegetation.shrub.adenostoma.fasciculatum.vswir.vh114.ucsb.asd.spectrum.txt,0.001288,0.999903,1.000000,0.002975,0.940145,1.000000,0.001689,0.999823,1.000000,0.000234,1.000000,0.000000,0.000214,1.000000,0.000000
"Adenostoma fasciculatum 3 (VH115)",VH115,becknic,vegetation,vegetation.shrub.adenostoma.fasciculatum.vswir.vh115.ucsb.asd.spectrum.txt,0.001128,0.999780,1.000000,0.002511,0.958215,1.000000,0.001063,0.999851,1.000000,0.000139,1.000000,0.000000,0.000137,1.000000,0.000000
"Adenostoma fasciculatum 3 (VH116)",VH116,becknic,vegetation,vegetation.shrub.adenostoma.fasciculatum.vswir.vh116.ucsb.asd.spectrum.txt,0.001343,0.999905,1.000000,0.003001,0.969631,1.000000,0.002203,0.999758,1.000000,0.000253,1.000000,0.000000,0.000224,1.000000,0.000000
"Adenostoma fasciculatum 1 (VH217)",VH217,becknic,vegetation,vegetation.shrub.adenostoma.fasciculatum.vswir.vh217.ucsb.asd.spectrum.txt,0.001405,0.999865,1.000000,0.001167,0.995762,1.000000,0.001391,0.999872,1.000000,0.000379,1.000000,0.000000,0.000291,1.000000,0.000000
"Adenostoma fasciculatum 1 (VH218)",VH218,becknic,vegetation,vegetation.shrub.adenostoma.fasciculatum.vswir.vh218.ucsb.asd.spectrum.txt,0.000829,0.999932,1.000000,0.000755,0.994629,1.000000,0.001212,0.999866,1.000000,0.000194,1.000000,0.000000,0.000186,1.000000,0.000000
"Adenostoma fasciculatum 2 (VH219)",VH219,becknic,vegetation,vegetation.shrub.adenostoma.fasciculatum.vswir.vh219.ucsb.asd.spectrum.txt,0.002524,0.999536,1.000000,0.001784,0.990370,1.000000,0.001380,0.999870,1.000000,0.000277,1.000000,0.000000,0.000273,1.000000,0.000000
"Adenostoma fasciculatum 2 (VH220)",VH220,becknic,vegetation,vegetation.shrub.adenostoma.fasciculatum.vswir.vh220.ucsb.asd.spectrum.txt,0.000972,0.999898,1.000000,0.002954,0.898299,1.000000,0.001321,0.999830,1.000000,0.000210,1.000000,0.000000,0.000197,1.000000,0.000000
"Adenostoma fasciculatum 3 (VH221)",VH221,becknic,vegetation,vegetation.shrub.adenostoma.fasciculatum.vswir.vh221.ucsb.asd.spectrum.txt,0.001178,0.999864,1.000000,0.001589,0.991045,1.000000,0.000952,0.999926,1.000000,0.000213,1.000000,0.000000,0.000267,1.000000,0.000000
"Adenostoma fasciculatum 3 (VH222)",VH222,becknic,vegetation,vegetation.shrub.adenostoma.fasciculatum.vswir.vh222.ucsb.asd.spectrum.txt,0.000899,0.999935,1.000000,0.000803,0.995828,1.000000,0.001089,0.999912,1.000000,0.000250,1.000000,0.000000,0.000236,1.000000,0.000000
"Agave attenuata (JPL060)",JPL060,becknic,vegetation,vegetation.shrub.agave.attenuata.tir.jpl060.jpl.nicolet.spectrum.txt,0.000066,1.000000,0.000000,0.000092,1.000000,0.000000,0.000071,1.000000,0.000000,0.000826,0.821963,0.999750,0.000703,0.992797,1.000000
"Agave attenuata (JPL061)",JPL061,becknic,vegetation,vegetation.shrub.agave.attenuata.tir.jpl061.jpl.nicolet.spectrum.txt,0.000088,1.000000,0.000000,0.000122,1.000000,0.000000,0.000094,1.000000,0.000000,0.001111,0.866647,0.999750,0.000708,0.927572,1.000000
"Agave attenuata (JPL062)",JPL062,becknic,vegetation,vegetation.shrub.agave.attenuata.tir.jpl062.jpl.nicolet.spectrum.txt,0.000084,1.000000,0.000000,0.000116,1.000000,0.000000,0.000089,1.000000,0.000000,0.001257,0.674744,0.999750,0.000780,0.994177,1.000000
"Agave attenuata (JPL063)",JPL063,becknic,vegetation,vegetation.shrub.agave.attenuata.tir.jpl063.jpl.nicolet.spectrum.txt,0.000072,1.000000,0.000000,0.000100,1.000000,0.000000,0.000077,1.000000,0.000000,0.000883,0.835255,0.999750,0.000632,0.921480,1.000000
"Agave attenuata (JPL106)",JPL106,becknic,vegetation,vegetation.shrub.agave.attenuata.tir.jpl106.jpl.nicolet.spectrum.txt,0.000077,1.000000,0.000000,0.000107,1.000000,0.000000,0.000082,1.000000,0.000000,0.001175,0.674106,0.999750,0.000764,0.988523,1.000000
"Agave attenuata (JPL060)",JPL060,becknic,vegetation,vegetation.shrub.agave.attenuata.vswir.jpl060.jpl.asd.spectrum.txt,0.002141,0.999864,1.000000,0.005011,0.993427,1.000000,0.005921,0.997142,1.000000,0.000550,1.000000,0.000000,0.000354,1.000000,0.000000
"Agave attenuata (JPL061)",JPL061,becknic,vegetation,vegetation.shrub.agave.attenuata.vswir.jpl061.jpl.asd.spectrum.txt,0.002747,0.999815,1.000000,0.007028,0.992980,1.000000,0.008132,0.996058,1.000000,0.000318,1.000000,0.000000,0.000289,1.000000,0.000000
"Agave attenuata (JPL062)",JPL062,becknic,vegetation,vegetation.shrub.agave.attenuata.vswir.jpl062.jpl.asd.spectrum.txt,0.002707,0.999784,1.000000,0.004576,0.994062,1.000000,0.005484,0.997698,1.000000,0.000476,1.000000,0.000000,0.000281,1.000000,0.000000
"Agave attenuata (JPL063)",JPL063,becknic,vegetation,vegetation.shrub.agave.attenuata.vswir.jpl063.jpl.asd.spectrum.txt,0.002392,0.999860,1.000000,0.004756,0.994553,1.000000,0.005809,0.997948,1.000000,0.000299,1.000000,0.000000,0.000279,1.000000,0.000000
"Agave attenuata (JPL106)",JPL106,becknic,vegetation,vegetation.shrub.agave.attenuata.vswir.jpl106.jpl.asd.spectrum.txt,0.003214,0.999682,1.000000,0.004062,0.992468,1.000000,0.004367,0.998638,1.000000,0.000421,1.000000,0.000000,0.000254,1.000000,0.000000
"Aloe arborescens (JPL075)",JPL075,becknic,vegetation,vegetation.shrub.aloe.arborescens.tir.jpl075.jpl.nicolet.spectrum.txt,0.000095,1.000000,0.000000,0.000132,1.000000,0.000000,0.000102,1.000000,0.000000,0.000989,0.811813,0.999750,0.000732,0.949503,1.000000
"Aloe arborescens (JPL076)",JPL076,becknic,vegetation,vegetation.shrub.aloe.arborescens.tir.jpl076.jpl.nicolet.spectrum.txt,0.000081,1.000000,0.000000,0.000113,1.000000,0.000000,0.000087,1.000000,0.000000,0.000915,0.836314,0.999750,0.000698,0.905870,1.000000
"Aloe arborescens (JPL077)",JPL077,becknic,vegetation,vegetation.shrub.aloe.arborescens.tir.jpl077.jpl.nicolet.spectrum.txt,0.000125,1.000000,0.000000,0.000174,1.000000,0.000000,0.000134,1.000000,0.000000,0.000857,0.940293,0.999750,0.000806,0.978256,1.000000
"Aloe arborescens (JPL075)",JPL075,becknic,vegetation,vegetation.shrub.aloe.arborescens.vswir.jpl075.jpl.asd.spectrum.txt,0.001966,0.999716,1.000000,0.007330,0.979757,1.000000,0.004176,0.996233,1.000000,0.000335,1.000000,0.000000,0.000298,1.000000,0.000000
"Aloe arborescens (JPL076)",JPL076,becknic,vegetation,vegetation.shrub.aloe.arborescens.vswir.jpl076.jpl.asd.spectrum.txt,0.002242,0.999653,1.000000,0.010068,0.970707,1.000000,0.005562,0.993100,1.000000,0.000215,1.000000,0.000000,0.000255,1.000000,0.000000
"Aloe arborescens (JPL077)",JPL077,becknic,vegetation,vegetation.shrub.aloe.arborescens.vswir.jpl077.jpl.asd.spectrum.txt,0.002140,0.999642,1.000000,0.007171,0.980967,1.000000,0.004324,0.996065,1.000000,0.000359,1.000000,0.000000,0.000316,1.000000,0.000000
"Aloe arborescens flower (JPL072)",JPL072,becknic,vegetation,vegetation.shrub.aloe.arborescens_flower.tir.jpl072.jpl.nicolet.spectrum.txt,0.000057,1.000000,0.000000,0.000080,1.000000,0.000000,0.000061,1.000000,0.000000,0.001452,0.681196,0.999750,0.000623,0.979420,1.000000
"Aloe arborescens flower (JPL073)",JPL073,becknic,vegetation,vegetation.shrub.aloe.arborescens_flower.tir.jpl073.jpl.nicolet.spectrum.txt,0.000056,1.000000,0.000000,0.000077,1.000000,0.000000,0.000060,1.000000,0.000000,0.001226,0.591460,0.999750,0.000723,0.956990,1.000000
"Aloe arborescens flower (JPL074)",JPL074,becknic,vegetation,vegetation.shrub.aloe.arborescens_flower.tir.jpl074.jpl.nicolet.spectrum.txt,0.000090,1.000000,0.000000,0.000124,1.000000,0.000000,0.000096,1.000000,0.000000,0.000944,0.787528,0.999750,0.000759,0.950031,1.000000
"Aloe arborescens flower (JPL072)",JPL072,becknic,vegetation,vegetation.shrub.aloe.arborescens_flower.vswir.jpl072.jpl.asd.spectrum.txt,0.011323,0.992152,1.000000,0.008509,0.955922,1.000000,0.006561,0.991976,1.000000,0.000093,1.000000,0.000000,0.000092,1.000000,0.000000
"Aloe arborescens flower (JPL073)",JPL073,becknic,vegetation,vegetation.shrub.aloe.arborescens_flower.vswir.jpl073.jpl.asd.spectrum.txt,0.021693,0.993617,1.000000,0.004669,0.995368,1.000000,0.009214,0.996742,1.000000,0.000216,1.000000,0.000000,0.000272,1.000000,0.000000
"Aloe arborescens flower (JPL074)",JPL074,becknic,vegetation,vegetation.shrub.aloe.arborescens_flower.vswir.jpl074.jpl.asd.spectrum.txt,0.020527,0.993255,1.000000,0.004442,0.995509,1.000000,0.009811,0.996081,1.000000,0.000235,1.000000,0.000000,0.000242,1.000000,0.000000
"Arctostaphylos glandulosa 1 (VH035)",VH035,becknic,vegetation,vegetation.shrub.arctostaphylos.glandulosa.tir.vh035.ucsb.nicolet.spectrum.txt,0.000146,1.000000,0.000000,0.000267,1.000000,0.000000,0.000207,1.000000,0.000000,0.003246,0.689077,0.999750,0.001988,0.816303,1.000000
"Arctostaphylos glandulosa 1 (VH036)",VH036,becknic,vegetation,vegetation.shrub.arctostaphylos.glandulosa.tir.vh036.ucsb.nicolet.spectrum.txt,0.000502,1.000000,0.000000,0.000481,1.000000,0.000000,0.000694,1.000000,0.000000,0.002421,0.786190,0.999750,0.001470,0.819357,1.000000
"Arctostaphylos glandulosa 2 (VH037)",VH037,becknic,vegetation,vegetation.shrub.arctostaphylos.glandulosa.tir.vh037.ucsb.nicolet.spectrum.txt,0.000510,1.000000,0.000000,0.000394,1.000000,0.000000,0.000393,1.000000,0.000000,0.002758,0.810719,0.999750,0.001205,0.910429,1.000000
"Arctostaphylos glandulosa 2 (VH038)",VH038,becknic,vegetation,vegetation.shrub.arctostaphylos.glandulosa.tir.vh038.ucsb.nicolet.spectrum.txt,0.000127,1.000000,0.000000,0.000211,1.000000,0.000000,0.000163,1.000000,0.000000,0.001892,0.928220,0.999750,0.001139,0.933163,1.000000
"Arctostaphylos glandulosa 3 (VH039)",VH039,becknic,vegetation,vegetation.shrub.arctostaphylos.glandulosa.tir.vh039.ucsb.nicolet.spectrum.txt,0.000138,1.000000,0.000000,0.000260,1.000000,0.000000,0.000201,1.000000,0.000000,0.001987,0.952474,0.999750,0.001481,0.940390,1.000000
"Arctostaphylos glandulosa 3 (VH040)",VH040,becknic,vegetation,vegetation.shrub.arctostaphylos.glandulosa.tir.vh040.ucsb.nicolet.spectrum.txt,0.000146,1.000000,0.000000,0.000266,1.000000,0.000000,0.000207,1.000000,0.000000,0.002053,0.941991,0.999750,0.001440,0.924809,1.000000
"Arctostaphylos glandulosa 1 (VH117)",VH117,becknic,vegetation,vegetation.shrub.arctostaphylos.glandulosa.tir.vh117.ucsb.nicolet.spectrum.txt,0.000073,1.000000,0.000000,0.000101,1.000000,0.000000,0.000078,1.000000,0.000000,0.000576,0.960017,0.999750,0.000557,0.747759,1.000000
"Arctostaphylos glandulosa 1 (VH118)",VH118,becknic,vegetation,vegetation.shrub.arctostaphylos.glandulosa.tir.vh118.ucsb.nicolet.spectrum.txt,0.000318,1.000000,0.000000,0.000341,1.000000,0.000000,0.000274,1.000000,0.000000,0.001233,0.992674,0.999750,0.001118,0.956376,1.000000
"Arctostaphylos glandulosa 2 (VH119)",VH119,becknic,vegetation,vegetation.shrub.arctostaphylos.glandulosa.tir.vh119.ucsb.nicolet.spectrum.txt,0.000271,1.000000,0.000000,0.000325,1.000000,0.000000,0.000259,1.000000,0.000000,0.001918,0.666452,0.999750,0.001605,0.533132,1.000000
"Arctostaphylos glandulosa 2 (VH120)",VH120,becknic,vegetation,vegetation.shrub.arctostaphylos.glandulosa.tir.vh120.ucsb.nicolet.spectrum.txt,0.000214,1.000000,0.000000,0.000303,1.000000,0.000000,0.000239,1.000000,0.000000,0.001380,0.954171,0.999750,0.001128,0.735110,1.000000
"Arctostaphylos glandulosa 3 (VH121)",VH121,becknic,vegetation,vegetation.shrub.arctostaphylos.glandulosa.tir.vh121.ucsb.nicolet.spectrum.txt,0.000148,1.000000,0.000000,0.000268,1.000000,0.000000,0.000208,1.000000,0.000000,0.002203,0.780384,0.999750,0.001575,0.682008,1.000000
"Arctostaphylos glandulosa 3 (VH122)",VH122,becknic,vegetation,vegetation.shrub.arctostaphylos.glandulosa.tir.vh122.ucsb.nicolet.spectrum.txt,0.000096,1.000000,0.000000,0.000133,1.000000,0.000000,0.000103,1.000000,0.000000,0.002454,0.962949,0.999750,0.000542,0.991263,1.000000
"Arctostaphylos glandulosa 3 (VH225)",VH225,becknic,vegetation,vegetation.shrub.arctostaphylos.glandulosa.tir.vh225.ucsb.nicolet.spectrum.txt,0.000126,1.000000,0.000000,0.000232,1.000000,0.000000,0.000179,1.000000,0.000000,0.003985,0.720252,0.999750,0.002064,0.685839,1.000000
"Arctostaphylos glandulosa 3 (VH226)",VH226,becknic,vegetation,vegetation.shrub.arctostaphylos.glandulosa.tir.vh226.ucsb.nicolet.spectrum.txt,0.000514,1.000000,0.000000,0.000399,1.000000,0.000000,0.000406,1.000000,0.000000,0.003973,0.521624,0.999750,0.001758,0.681183,1.000000
"Arctostaphylos glandulosa 2 (VH227)",VH227,becknic,vegetation,vegetation.shrub.arctostaphylos.glandulosa.tir.vh227.ucsb.nicolet.spectrum.txt,0.000126,1.000000,0.000000,0.000243,1.000000,0.000000,0.000188,1.000000,0.000000,0.003927,0.662750,0.999750,0.001673,0.808007,1.000000
"Arctostaphylos glandulosa 2 (VH228)",VH228,becknic,vegetation,vegetation.shrub.arctostaphylos.glandulosa.tir.vh228.ucsb.nicolet.spectrum.txt,0.000126,1.000000,0.000000,0.000233,1.000000,0.000000,0.000180,1.000000,0.000000,0.005009,0.528464,0.999750,0.001596,0.847198,1.000000
"Arctostaphylos glandulosa 1 (VH229)",VH229,becknic,vegetation,vegetation.shrub.arctostaphylos.glandulosa.tir.vh229.ucsb.nicolet.spectrum.txt,0.000394,1.000000,0.000000,0.000343,1.000000,0.000000,0.000298,1.000000,0.000000,0.003106,0.787697,0.999750,0.001693,0.842673,1.000000
"Arctostaphylos glandulosa 1 (VH230)",VH230,becknic,vegetation,vegetation.shrub.arctostaphylos.glandulosa.tir.vh230.ucsb.nicolet.spectrum.txt,0.000208,1.000000,0.000000,0.000300,1.000000,0.000000,0.000236,1.000000,0.000000,0.003651,0.729839,0.999750,0.001777,0.693475,1.000000
"Arctostaphylos glandulosa 1 (VH035)",VH035,becknic,vegetation,vegetation.shrub.arctostaphylos.glandulosa.vswir.vh035.ucsb.asd.spectrum.txt,0.002493,0.999636,1.000000,0.000858,0.977962,1.000000,0.001244,0.999904,1.000000,0.000317,1.000000,0.000000,0.000289,1.000000,0.000000
"Arctostaphylos glandulosa 1 (VH036)",VH036,becknic,vegetation,vegetation.shrub.arctostaphylos.glandulosa.vswir.vh036.ucsb.asd.spectrum.txt,0.002114,0.999692,1.000000,0.000594,0.992688,1.000000,0.000974,0.999931,1.000000,0.000253,1.000000,0.000000,0.000270,1.000000,0.000000
"Arctostaphylos glandulosa 2 (VH037)",VH037,becknic,vegetation,vegetation.shrub.arctostaphylos.glandulosa.vswir.vh037.ucsb.asd.spectrum.txt,0.002111,0.999697,1.000000,0.000930,0.981271,1.000000,0.001106,0.999914,1.000000,0.000408,1.000000,0.000000,0.000261,1.000000,0.000000
"Arctostaphylos glandulosa 2 (VH038)",VH038,becknic,vegetation,vegetation.shrub.arctostaphylos.glandulosa.vswir.vh038.ucsb.asd.spectrum.txt,0.002847,0.999292,1.000000,0.000682,0.984678,1.000000,0.001272,0.999847,1.000000,0.000542,1.000000,0.000000,0.000353,1.000000,0.000000
"Arctostaphylos glandulosa 3 (VH039)",VH039,becknic,vegetation,vegetation.shrub.arctostaphylos.glandulosa.vswir.vh039.ucsb.asd.spectrum.txt,0.001925,0.999711,1.000000,0.001260,0.973384,1.000000,0.001021,0.999919,1.000000,0.000301,1.000000,0.000000,0.000280,1.000000,0.000000
"Arctostaphylos glandulosa 3 (VH040)",VH040,becknic,vegetation,vegetation.shrub.arctostaphylos.glandulosa.vswir.vh040.ucsb.asd.spectrum.txt,0.002161,0.999613,1.000000,0.006600,0.919812,1.000000,0.001270,0.999881,1.000000,0.000392,1.000000,0.000000,0.000276,1.000000,0.000000
"Arctostaphylos glandulosa 1 (VH117)",VH117,becknic,vegetation,vegetation.shrub.arctostaphylos.glandulosa.vswir.vh117.ucsb.asd.spectrum.txt,0.001135,0.999906,1.000000,0.000797,0.992221,1.000000,0.000990,0.999921,1.000000,0.000213,1.000000,0.000000,0.000260,1.000000,0.000000
"Arctostaphylos glandulosa 1 (VH118)",VH118,becknic,vegetation,vegetation.shrub.arctostaphylos.glandulosa.vswir.vh118.ucsb.asd.spectrum.txt,0.002578,0.999596,1.000000,0.000874,0.990599,1.000000,0.001350,0.999873,1.000000,0.000513,1.000000,0.000000,0.000314,1.000000,0.000000
"Arctostaphylos glandulosa 2 (VH119)",VH119,becknic,vegetation,vegetation.shrub.arctostaphylos.glandulosa.vswir.vh119.ucsb.asd.spectrum.txt,0.001055,0.999935,1.000000,0.000912,0.992074,1.000000,0.001064,0.999930,1.000000,0.000271,1.000000,0.000000,0.000272,1.000000,0.000000
"Arctostaphylos glandulosa 2 (VH120)",VH120,becknic,vegetation,vegetation.shrub.arctostaphylos.glandulosa.vswir.vh120.ucsb.asd.spectrum.txt,0.004074,0.998802,1.000000,0.000924,0.978314,1.000000,0.001306,0.999856,1.000000,0.000402,1.000000,0.000000,0.000266,1.000000,0.000000
"Arctostaphylos glandulosa 3 (VH121)",VH121,becknic,vegetation,vegetation.shrub.arctostaphylos.glandulosa.vswir.vh121.ucsb.asd.spectrum.txt,0.001524,0.999864,1.000000,0.001166,0.987563,1.000000,0.000970,0.999940,1.000000,0.000258,1.000000,0.000000,0.000270,1.000000,0.000000
"Arctostaphylos glandulosa 3 (VH122)",VH122,becknic,vegetation,vegetation.shrub.arctostaphylos.glandulosa.vswir.vh122.ucsb.asd.spectrum.txt,0.005975,0.998579,1.000000,0.001411,0.987752,1.000000,0.001382,0.999903,1.000000,0.000485,1.000000,0.000000,0.000290,1.000000,0.000000
"Arctostaphylos glandulosa 3 (VH225)",VH225,becknic,vegetation,vegetation.shrub.arctostaphylos.glandulosa.vswir.vh225.ucsb.asd.spectrum.txt,0.001823,0.999762,1.000000,0.001860,0.974266,1.000000,0.001386,0.999854,1.000000,0.000379,1.000000,0.000000,0.000291,1.000000,0.000000
"Arctostaphylos glandulosa 3 (VH226)",VH226,becknic,vegetation,vegetation.shrub.arctostaphylos.glandulosa.vswir.vh226.ucsb.asd.spectrum.txt,0.002093,0.999772,1.000000,0.002017,0.957874,1.000000,0.000980,0.999942,1.000000,0.000550,1.000000,0.000000,0.000358,1.000000,0.000000
"Arctostaphylos glandulosa 2 (VH227)",VH227,becknic,vegetation,vegetation.shrub.arctostaphylos.glandulosa.vswir.vh227.ucsb.asd.spectrum.txt,0.002952,0.999585,1.000000,0.000729,0.994574,1.000000,0.001025,0.999941,1.000000,0.000432,1.000000,0.000000,0.000252,1.000000,0.000000
"Arctostaphylos glandulosa 2 (VH228)",VH228,becknic,vegetation,vegetation.shrub.arctostaphylos.glandulosa.vswir.vh228.ucsb.asd.spectrum.txt,0.001945,0.999825,1.000000,0.001250,0.989179,1.000000,0.001332,0.999896,1.000000,0.000552,1.000000,0.000000,0.000360,1.000000,0.000000
"Arctostaphylos glandulosa 1 (VH229)",VH229,becknic,vegetation,vegetation.shrub.arctostaphylos.glandulosa.vswir.vh229.ucsb.asd.spectrum.txt,0.003651,0.999329,1.000000,0.001011,0.987368,1.000000,0.001161,0.999925,1.000000,0.000431,1.000000,0.000000,0.000252,1.000000,0.000000
"Arctostaphylos glandulosa 1 (VH230)",VH230,becknic,vegetation,vegetation.shrub.arctostaphylos.glandulosa.vswir.vh230.ucsb.asd.spectrum.txt,0.003874,0.999412,1.000000,0.001364,0.985716,1.000000,0.001223,0.999929,1.000000,0.000462,1.000000,0.000000,0.000266,1.000000,0.000000
"Baccharis pilularis 1 (VH001)",VH001,becknic,vegetation,vegetation.shrub.baccharis.pilularis.tir.vh001.ucsb.nicolet.spectrum.txt,0.000329,1.000000,0.000000,0.000341,1.000000,0.000000,0.000278,1.000000,0.000000,0.001372,0.935534,0.999750,0.001330,0.904203,1.000000
"Baccharis pilularis 1 (VH002)",VH002,becknic,vegetation,vegetation.shrub.baccharis.pilularis.tir.vh002.ucsb.nicolet.spectrum.txt,0.000523,1.000000,0.000000,0.000410,1.000000,0.000000,0.000436,1.000000,0.000000,0.001554,0.952486,0.999750,0.001379,0.892409,1.000000
"Baccharis pilularis 2 (VH003)",VH003,becknic,vegetation,vegetation.shrub.baccharis.pilularis.tir.vh003.ucsb.nicolet.spectrum.txt,0.000503,1.000000,0.000000,0.000381,1.000000,0.000000,0.000363,1.000000,0.000000,0.001135,0.965385,0.999750,0.001192,0.906652,1.000000
"Baccharis pilularis 2 (VH004)",VH004,becknic,vegetation,vegetation.shrub.baccharis.pilularis.tir.vh004.ucsb.nicolet.spectrum.txt,0.000165,1.000000,0.000000,0.000279,1.000000,0.000000,0.000217,1.000000,0.000000,0.001149,0.941259,0.999750,0.001142,0.866907,1.000000
"Baccharis pilularis 3 (VH005)",VH005,becknic,vegetation,vegetation.shrub.baccharis.pilularis.tir.vh005.ucsb.nicolet.spectrum.txt,0.000374,1.000000,0.000000,0.000342,1.000000,0.000000,0.000292,1.000000,0.000000,0.001285,0.928052,0.999750,0.001229,0.878365,1.000000
"Baccharis pilularis 3 (VH006)",VH006,becknic,vegetation,vegetation.shrub.baccharis.pilularis.tir.vh006.ucsb.nicolet.spectrum.txt,0.000347,1.000000,0.000000,0.000341,1.000000,0.000000,0.000284,1.000000,0.000000,0.001669,0.788208,0.999750,0.001221,0.764725,1.000000
"Baccharis pilularis 1 (VH031)",VH031,becknic,vegetation,vegetation.shrub.baccharis.pilularis.tir.vh031.ucsb.nicolet.spectrum.txt,0.000141,1.000000,0.000000,0.000263,1.000000,0.000000,0.000204,1.000000,0.000000,0.003053,0.653700,0.999750,0.001213,0.896135,1.000000
"Baccharis pilularis 1 (VH032)",VH032,becknic,vegetation,vegetation.shrub.baccharis.pilularis.tir.vh032.ucsb.nicolet.spectrum.txt,0.000117,1.000000,0.000000,0.000162,1.000000,0.000000,0.000125,1.000000,0.000000,0.001245,0.896059,0.999750,0.001107,0.953795,1.000000
"Baccharis pilularis 2 (VH045)",VH045,becknic,vegetation,vegetation.shrub.baccharis.pilularis.tir.vh045.ucsb.nicolet.spectrum.txt,0.000131,1.000000,0.000000,0.000191,1.000000,0.000000,0.000147,1.000000,0.000000,0.002217,0.612098,0.999750,0.001093,0.730050,1.000000
"Baccharis pilularis 2 (VH046)",VH046,becknic,vegetation,vegetation.shrub.baccharis.pilularis.tir.vh046.ucsb.nicolet.spectrum.txt,0.000252,1.000000,0.000000,0.000318,1.000000,0.000000,0.000252,1.000000,0.000000,0.001733,0.960063,0.999750,0.001385,0.935357,1.000000
"Baccharis pilularis 3 (VH047)",VH047,becknic,vegetation,vegetation.shrub.baccharis.pilularis.tir.vh047.ucsb.nicolet.spectrum.txt,0.000124,1.000000,0.000000,0.000171,1.000000,0.000000,0.000132,1.000000,0.000000,0.003002,0.599438,0.999750,0.001055,0.848615,1.000000
"Baccharis pilularis 3 (VH048)",VH048,becknic,vegetation,vegetation.shrub.baccharis.pilularis.tir.vh048.ucsb.nicolet.spectrum.txt,0.000128,1.000000,0.000000,0.000221,1.000000,0.000000,0.000170,1.000000,0.000000,0.001561,0.973071,0.999750,0.001461,0.920962,1.000000
"Baccharis pilularis 1 (VH097)",VH097,becknic,vegetation,vegetation.shrub.baccharis.pilularis.tir.vh097.ucsb.nicolet.spectrum.txt,0.000074,1.000000,0.000000,0.000103,1.000000,0.000000,0.000079,1.000000,0.000000,0.001398,0.942242,0.999750,0.000426,0.991585,1.000000
"Baccharis pilularis 1 (VH098)",VH098,becknic,vegetation,vegetation.shrub.baccharis.pilularis.tir.vh098.ucsb.nicolet.spectrum.txt,0.000074,1.000000,0.000000,0.000102,1.000000,0.000000,0.000079,1.000000,0.000000,0.001415,0.944988,0.999750,0.000432,0.993067,1.000000
"Baccharis pilularis 2 (VH099)",VH099,becknic,vegetation,vegetation.shrub.baccharis.pilularis.tir.vh099.ucsb.nicolet.spectrum.txt,0.000071,1.000000,0.000000,0.000098,1.000000,0.000000,0.000076,1.000000,0.000000,0.001408,0.935095,0.999750,0.000448,0.990779,1.000000
"Baccharis pilularis 2 (VH100)",VH100,becknic,vegetation,vegetation.shrub.baccharis.pilularis.tir.vh100.ucsb.nicolet.spectrum.txt,0.000096,1.000000,0.000000,0.000134,1.000000,0.000000,0.000103,1.000000,0.000000,0.002064,0.950256,0.999750,0.000478,0.996906,1.000000
"Baccharis pilularis 3 (VH101)",VH101,becknic,vegetation,vegetation.shrub.baccharis.pilularis.tir.vh101.ucsb.nicolet.spectrum.txt,0.000082,1.000000,0.000000,0.000113,1.000000,0.000000,0.000087,1.000000,0.000000,0.001628,0.928336,0.999750,0.000480,0.993291,1.000000
"Baccharis pilularis 3 (VH102)",VH102,becknic,vegetation,vegetation.shrub.baccharis.pilularis.tir.vh102.ucsb.nicolet.spectrum.txt,0.000071,1.000000,0.000000,0.000099,1.000000,0.000000,0.000076,1.000000,0.000000,0.001390,0.945324,0.999750,0.000422,0.993067,1.000000
"Baccharis pilularis 1 (VH109)",VH109,becknic,vegetation,vegetation.shrub.baccharis.pilularis.tir.vh109.ucsb.nicolet.spectrum.txt,0.000128,1.000000,0.000000,0.000201,1.000000,0.000000,0.000155,1.000000,0.000000,0.002198,0.842063,0.999750,0.001119,0.933140,1.000000
"Baccharis pilularis 1 (VH110)",VH110,becknic,vegetation,vegetation.shrub.baccharis.pilularis.tir.vh110.ucsb.nicolet.spectrum.txt,0.000126,1.000000,0.000000,0.000239,1.000000,0.000000,0.000185,1.000000,0.000000,0.002423,0.928364,0.999750,0.001552,0.940260,1.000000
"Baccharis pilularis 2 (VH123)",VH123,becknic,vegetation,vegetation.shrub.baccharis.pilularis.tir.vh123.ucsb.nicolet.spectrum.txt,0.000141,1.000000,0.000000,0.000262,1.000000,0.000000,0.000204,1.000000,0.000000,0.001849,0.949797,0.999750,0.001217,0.926835,1.000000
"Baccharis pilularis 2 (VH124)",VH124,becknic,vegetation,vegetation.shrub.baccharis.pilularis.tir.vh124.ucsb.nicolet.spectrum.txt,0.000138,1.000000,0.000000,0.000260,1.000000,0.000000,0.000201,1.000000,0.000000,0.002236,0.904548,0.999750,0.001116,0.951824,1.000000
"Baccharis pilularis 3 (VH125)",VH125,becknic,vegetation,vegetation.shrub.baccharis.pilularis.tir.vh125.ucsb.nicolet.spectrum.txt,0.000076,1.000000,0.000000,0.000105,1.000000,0.000000,0.000081,1.000000,0.000000,0.002181,0.910914,0.999750,0.000492,0.994665,1.000000
"Baccharis pilularis 3 (VH126)",VH126,becknic,vegetation,vegetation.shrub.baccharis.pilularis.tir.vh126.ucsb.nicolet.spectrum.txt,0.000128,1.000000,0.000000,0.000218,1.000000,0.000000,0.000168,1.000000,0.000000,0.002053,0.904316,0.999750,0.001177,0.929151,1.000000
"Baccharis pilularis 1 (VH193)",VH193,becknic,vegetation,vegetation.shrub.baccharis.pilularis.tir.vh193.ucsb.nicolet.spectrum.txt,0.000235,1.000000,0.000000,0.000311,1.000000,0.000000,0.000246,1.000000,0.000000,0.003270,0.754933,0.999750,0.001554,0.720021,1.000000
"Baccharis pilularis 1 (VH194)",VH194,becknic,vegetation,vegetation.shrub.baccharis.pilularis.tir.vh194.ucsb.nicolet.spectrum.txt,0.000324,1.000000,0.000000,0.000341,1.000000,0.000000,0.000276,1.000000,0.000000,0.002829,0.851293,0.999750,0.001387,0.882079,1.000000
"Baccharis pilularis 2 (VH195)",VH195,becknic,vegetation,vegetation.shrub.baccharis.pilularis.tir.vh195.ucsb.nicolet.spectrum.txt,0.000205,1.000000,0.000000,0.000299,1.000000,0.000000,0.000235,1.000000,0.000000,0.003473,0.809802,0.999750,0.001484,0.852391,1.000000
"Baccharis pilularis 2 (VH196)",VH196,becknic,vegetation,vegetation.shrub.baccharis.pilularis.tir.vh196.ucsb.nicolet.spectrum.txt,0.000217,1.000000,0.000000,0.000304,1.000000,0.000000,0.000240,1.000000,0.000000,0.002965,0.874145,0.999750,0.001595,0.862074,1.000000
"Baccharis pilularis 3 (VH197)",VH197,becknic,vegetation,vegetation.shrub.baccharis.pilularis.tir.vh197.ucsb.nicolet.spectrum.txt,0.000397,1.000000,0.000000,0.000343,1.000000,0.000000,0.000298,1.000000,0.000000,0.003146,0.882157,0.999750,0.001474,0.871818,1.000000
"Baccharis pilularis 3 (VH198)",VH198,becknic,vegetation,vegetation.shrub.baccharis.pilularis.tir.vh198.ucsb.nicolet.spectrum.txt,0.000381,1.000000,0.000000,0.000343,1.000000,0.000000,0.000294,1.000000,0.000000,0.002513,0.922789,0.999750,0.001341,0.884233,1.000000
"Baccharis pilularis 1 (VH223)",VH223,becknic,vegetation,vegetation.shrub.baccharis.pilularis.tir.vh223.ucsb.nicolet.spectrum.txt,0.000127,1.000000,0.000000,0.000177,1.000000,0.000000,0.000136,1.000000,0.000000,0.003320,0.667742,0.999750,0.001429,0.880385,1.000000
"Baccharis pilularis 1 (VH224)",VH224,becknic,vegetation,vegetation.shrub.baccharis.pilularis.tir.vh224.ucsb.nicolet.spectrum.txt,0.000140,1.000000,0.000000,0.000261,1.000000,0.000000,0.000203,1.000000,0.000000,0.003204,0.665543,0.999750,0.001400,0.891486,1.000000
"Baccharis pilularis 2 (VH231)",VH231,becknic,vegetation,vegetation.shrub.baccharis.pilularis.tir.vh231.ucsb.nicolet.spectrum.txt,0.000506,1.000000,0.000000,0.000386,1.000000,0.000000,0.000373,1.000000,0.000000,0.003352,0.762962,0.999750,0.001571,0.853338,1.000000
"Baccharis pilularis 2 (VH232)",VH232,becknic,vegetation,vegetation.shrub.baccharis.pilularis.tir.vh232.ucsb.nicolet.spectrum.txt,0.000127,1.000000,0.000000,0.000202,1.000000,0.000000,0.000156,1.000000,0.000000,0.003583,0.706643,0.999750,0.001570,0.876073,1.000000
"Baccharis pilularis 3 (VH233)",VH233,becknic,vegetation,vegetation.shrub.baccharis.pilularis.tir.vh233.ucsb.nicolet.spectrum.txt,0.000127,1.000000,0.000000,0.000244,1.000000,0.000000,0.000189,1.000000,0.000000,0.003877,0.735851,0.999750,0.001682,0.903429,1.000000
"Baccharis pilularis 3 (VH234)",VH234,becknic,vegetation,vegetation.shrub.baccharis.pilularis.tir.vh234.ucsb.nicolet.spectrum.txt,0.000128,1.000000,0.000000,0.000215,1.000000,0.000000,0.000166,1.000000,0.000000,0.004310,0.591983,0.999750,0.001183,0.927901,1.000000
"Baccharis pilularis 1 (VH001)",VH001,becknic,vegetation,vegetation.shrub.baccharis.pilularis.vswir.vh001.ucsb.asd.spectrum.txt,0.001754,0.999679,1.000000,0.002069,0.912677,1.000000,0.001312,0.999829,1.000000,0.000212,1.000000,0.000000,0.000262,1.000000,0.000000
"Baccharis pilularis 1 (VH002)",VH002,becknic,vegetation,vegetation.shrub.baccharis.pilularis.vswir.vh002.ucsb.asd.spectrum.txt,0.001896,0.999654,1.000000,0.001718,0.894455,1.000000,0.001154,0.999862,1.000000,0.000219,1.000000,0.000000,0.000275,1.000000,0.000000
"Baccharis pilularis 2 (VH003)",VH003,becknic,vegetation,vegetation.shrub.baccharis.pilularis.vswir.vh003.ucsb.asd.spectrum.txt,0.000759,0.999957,1.000000,0.001667,0.953507,1.000000,0.001158,0.999904,1.000000,0.000238,1.000000,0.000000,0.000267,1.000000,0.000000
"Baccharis pilularis 2 (VH004)",VH004,becknic,vegetation,vegetation.shrub.baccharis.pilularis.vswir.vh004.ucsb.asd.spectrum.txt,0.001937,0.999728,1.000000,0.001531,0.880104,1.000000,0.001329,0.999870,1.000000,0.000213,1.000000,0.000000,0.000265,1.000000,0.000000
"Baccharis pilularis 3 (VH005)",VH005,becknic,vegetation,vegetation.shrub.baccharis.pilularis.vswir.vh005.ucsb.asd.spectrum.txt,0.001558,0.999798,1.000000,0.001731,0.937418,1.000000,0.001288,0.999862,1.000000,0.000244,1.000000,0.000000,0.000267,1.000000,0.000000
"Baccharis pilularis 3 (VH006)",VH006,becknic,vegetation,vegetation.shrub.baccharis.pilularis.vswir.vh006.ucsb.asd.spectrum.txt,0.002482,0.999554,1.000000,0.002255,0.920962,1.000000,0.001352,0.999861,1.000000,0.000214,1.000000,0.000000,0.000269,1.000000,0.000000
"Baccharis pilularis 1 (VH031)",VH031,becknic,vegetation,vegetation.shrub.baccharis.pilularis.vswir.vh031.ucsb.asd.spectrum.txt,0.001671,0.999878,1.000000,0.001395,0.992889,1.000000,0.002476,0.999706,1.000000,0.000301,1.000000,0.000000,0.000280,1.000000,0.000000
"Baccharis pilularis 1 (VH032)",VH032,becknic,vegetation,vegetation.shrub.baccharis.pilularis.vswir.vh032.ucsb.asd.spectrum.txt,0.000744,0.999969,1.000000,0.001759,0.983742,1.000000,0.001875,0.999764,1.000000,0.000226,1.000000,0.000000,0.000268,1.000000,0.000000
"Baccharis pilularis 2 (VH045)",VH045,becknic,vegetation,vegetation.shrub.baccharis.pilularis.vswir.vh045.ucsb.asd.spectrum.txt,0.004277,0.998355,1.000000,0.000784,0.994762,1.000000,0.001614,0.999755,1.000000,0.000111,1.000000,0.000000,0.000109,1.000000,0.000000
"Baccharis pilularis 2 (VH046)",VH046,becknic,vegetation,vegetation.shrub.baccharis.pilularis.vswir.vh046.ucsb.asd.spectrum.txt,0.001020,0.999931,1.000000,0.001083,0.990627,1.000000,0.001354,0.999853,1.000000,0.000271,1.000000,0.000000,0.000272,1.000000,0.000000
"Baccharis pilularis 3 (VH047)",VH047,becknic,vegetation,vegetation.shrub.baccharis.pilularis.vswir.vh047.ucsb.asd.spectrum.txt,0.002386,0.999658,1.000000,0.001519,0.988275,1.000000,0.002020,0.999741,1.000000,0.000420,1.000000,0.000000,0.000255,1.000000,0.000000
"Baccharis pilularis 3 (VH048)",VH048,becknic,vegetation,vegetation.shrub.baccharis.pilularis.vswir.vh048.ucsb.asd.spectrum.txt,0.001237,0.999905,1.000000,0.001813,0.984372,1.000000,0.002022,0.999709,1.000000,0.000215,1.000000,0.000000,0.000256,1.000000,0.000000
"Baccharis pilularis 1 (VH097)",VH097,becknic,vegetation,vegetation.shrub.baccharis.pilularis.vswir.vh097.ucsb.asd.spectrum.txt,0.001131,0.999909,1.000000,0.001500,0.977677,1.000000,0.001231,0.999901,1.000000,0.000290,1.000000,0.000000,0.000276,1.000000,0.000000
"Baccharis pilularis 1 (VH098)",VH098,becknic,vegetation,vegetation.shrub.baccharis.pilularis.vswir.vh098.ucsb.asd.spectrum.txt,0.000645,0.999967,1.000000,0.001194,0.986607,1.000000,0.001062,0.999921,1.000000,0.000213,1.000000,0.000000,0.000260,1.000000,0.000000
"Baccharis pilularis 2 (VH099)",VH099,becknic,vegetation,vegetation.shrub.baccharis.pilularis.vswir.vh099.ucsb.asd.spectrum.txt,0.000879,0.999958,1.000000,0.000966,0.990745,1.000000,0.001227,0.999921,1.000000,0.000273,1.000000,0.000000,0.000272,1.000000,0.000000
"Baccharis pilularis 2 (VH100)",VH100,becknic,vegetation,vegetation.shrub.baccharis.pilularis.vswir.vh100.ucsb.asd.spectrum.txt,0.000954,0.999930,1.000000,0.001342,0.964848,1.000000,0.001036,0.999924,1.000000,0.000221,1.000000,0.000000,0.000250,1.000000,0.000000
"Baccharis pilularis 3 (VH101)",VH101,becknic,vegetation,vegetation.shrub.baccharis.pilularis.vswir.vh101.ucsb.asd.spectrum.txt,0.001525,0.999845,1.000000,0.000665,0.976806,1.000000,0.001370,0.999873,1.000000,0.000294,1.000000,0.000000,0.000277,1.000000,0.000000
"Baccharis pilularis 3 (VH102)",VH102,becknic,vegetation,vegetation.shrub.baccharis.pilularis.vswir.vh102.ucsb.asd.spectrum.txt,0.000925,0.999946,1.000000,0.001311,0.982179,1.000000,0.001201,0.999917,1.000000,0.000216,1.000000,0.000000,0.000271,1.000000,0.000000
"Baccharis pilularis 1 (VH109)",VH109,becknic,vegetation,vegetation.shrub.baccharis.pilularis.vswir.vh109.ucsb.asd.spectrum.txt,0.002109,0.999679,1.000000,0.000702,0.975206,1.000000,0.000988,0.999928,1.000000,0.000271,1.000000,0.000000,0.000272,1.000000,0.000000
"Baccharis pilularis 1 (VH110)",VH110,becknic,vegetation,vegetation.shrub.baccharis.pilularis.vswir.vh110.ucsb.asd.spectrum.txt,0.002993,0.999476,1.000000,0.001209,0.966884,1.000000,0.001014,0.999938,1.000000,0.000336,1.000000,0.000000,0.000299,1.000000,0.000000
"Baccharis pilularis 2 (VH123)",VH123,becknic,vegetation,vegetation.shrub.baccharis.pilularis.vswir.vh123.ucsb.asd.spectrum.txt,0.001992,0.999785,1.000000,0.000401,0.994893,1.000000,0.000987,0.999943,1.000000,0.000365,1.000000,0.000000,0.000313,1.000000,0.000000
"Baccharis pilularis 2 (VH124)",VH124,becknic,vegetation,vegetation.shrub.baccharis.pilularis.vswir.vh124.ucsb.asd.spectrum.txt,0.001291,0.999919,1.000000,0.000895,0.987587,1.000000,0.000840,0.999963,1.000000,0.000242,1.000000,0.000000,0.000267,1.000000,0.000000
"Baccharis pilularis 3 (VH125)",VH125,becknic,vegetation,vegetation.shrub.baccharis.pilularis.vswir.vh125.ucsb.asd.spectrum.txt,0.002989,0.999545,1.000000,0.001078,0.989236,1.000000,0.000880,0.999965,1.000000,0.000234,1.000000,0.000000,0.000267,1.000000,0.000000
"Baccharis pilularis 3 (VH126)",VH126,becknic,vegetation,vegetation.shrub.baccharis.pilularis.vswir.vh126.ucsb.asd.spectrum.txt,0.001279,0.999908,1.000000,0.001046,0.984576,1.000000,0.000862,0.999957,1.000000,0.000225,1.000000,0.000000,0.000269,1.000000,0.000000
"Baccharis pilularis 1 (VH193)",VH193,becknic,vegetation,vegetation.shrub.baccharis.pilularis.vswir.vh193.ucsb.asd.spectrum.txt,0.001529,0.999804,1.000000,0.002638,0.977950,1.000000,0.001312,0.999876,1.000000,0.000509,1.000000,0.000000,0.000311,1.000000,0.000000
"Baccharis pilularis 1 (VH194)",VH194,becknic,vegetation,vegetation.shrub.baccharis.pilularis.vswir.vh194.ucsb.asd.spectrum.txt,0.001553,0.999821,1.000000,0.000693,0.997575,1.000000,0.001349,0.999873,1.000000,0.000550,1.000000,0.000000,0.000353,1.000000,0.000000
"Baccharis pilularis 2 (VH195)",VH195,becknic,vegetation,vegetation.shrub.baccharis.pilularis.vswir.vh195.ucsb.asd.spectrum.txt,0.001913,0.999788,1.000000,0.002206,0.970999,1.000000,0.001852,0.999807,1.000000,0.000548,1.000000,0.000000,0.000356,1.000000,0.000000
"Baccharis pilularis 2 (VH196)",VH196,becknic,vegetation,vegetation.shrub.baccharis.pilularis.vswir.vh196.ucsb.asd.spectrum.txt,0.001287,0.999872,1.000000,0.001854,0.982585,1.000000,0.001297,0.999887,1.000000,0.000381,1.000000,0.000000,0.000289,1.000000,0.000000
"Baccharis pilularis 3 (VH197)",VH197,becknic,vegetation,vegetation.shrub.baccharis.pilularis.vswir.vh197.ucsb.asd.spectrum.txt,0.001476,0.999805,1.000000,0.001090,0.994306,1.000000,0.001352,0.999863,1.000000,0.000435,1.000000,0.000000,0.000253,1.000000,0.000000
"Baccharis pilularis 3 (VH198)",VH198,becknic,vegetation,vegetation.shrub.baccharis.pilularis.vswir.vh198.ucsb.asd.spectrum.txt,0.001918,0.999757,1.000000,0.002970,0.986731,1.000000,0.001625,0.999854,1.000000,0.000547,1.000000,0.000000,0.000343,1.000000,0.000000
"Baccharis pilularis 1 (VH223)",VH223,becknic,vegetation,vegetation.shrub.baccharis.pilularis.vswir.vh223.ucsb.asd.spectrum.txt,0.001228,0.999931,1.000000,0.001702,0.972484,1.000000,0.001255,0.999925,1.000000,0.000222,1.000000,0.000000,0.000249,1.000000,0.000000
"Baccharis pilularis 1 (VH224)",VH224,becknic,vegetation,vegetation.shrub.baccharis.pilularis.vswir.vh224.ucsb.asd.spectrum.txt,0.001650,0.999899,1.000000,0.000811,0.987940,1.000000,0.001278,0.999939,1.000000,0.000485,1.000000,0.000000,0.000290,1.000000,0.000000
"Baccharis pilularis 2 (VH231)",VH231,becknic,vegetation,vegetation.shrub.baccharis.pilularis.vswir.vh231.ucsb.asd.spectrum.txt,0.002128,0.999721,1.000000,0.002351,0.962515,1.000000,0.001131,0.999931,1.000000,0.000245,1.000000,0.000000,0.000268,1.000000,0.000000
"Baccharis pilularis 2 (VH232)",VH232,becknic,vegetation,vegetation.shrub.baccharis.pilularis.vswir.vh232.ucsb.asd.spectrum.txt,0.001548,0.999886,1.000000,0.001988,0.959386,1.000000,0.001099,0.999942,1.000000,0.000533,1.000000,0.000000,0.000341,1.000000,0.000000
"Baccharis pilularis 3 (VH233)",VH233,becknic,vegetation,vegetation.shrub.baccharis.pilularis.vswir.vh233.ucsb.asd.spectrum.txt,0.003851,0.999445,1.000000,0.001451,0.956480,1.000000,0.001292,0.999931,1.000000,0.000427,1.000000,0.000000,0.000252,1.000000,0.000000
"Baccharis pilularis 3 (VH234)",VH234,becknic,vegetation,vegetation.shrub.baccharis.pilularis.vswir.vh234.ucsb.asd.spectrum.txt,0.003601,0.999504,1.000000,0.000986,0.985081,1.000000,0.001149,0.999945,1.000000,0.000324,1.000000,0.000000,0.000292,1.000000,0.000000
"Arctostaphylos glandulosa 1 (VH049)",VH049,becknic,vegetation,vegetation.shrub.calocedrus.decrruens.tir.vh049.ucsb.nicolet.spectrum.txt,0.000127,1.000000,0.000000,0.000245,1.000000,0.000000,0.000190,1.000000,0.000000,0.002145,0.917318,0.999750,0.001413,0.598388,1.000000
"Arctostaphylos glandulosa 1 (VH050)",VH050,becknic,vegetation,vegetation.shrub.calocedrus.decrruens.tir.vh050.ucsb.nicolet.spectrum.txt,0.000127,1.000000,0.000000,0.000224,1.000000,0.000000,0.000173,1.000000,0.000000,0.002082,0.874119,0.999750,0.001414,0.638710,1.000000
"Arctostaphylos glandulosa 2 (VH055)",VH055,becknic,vegetation,vegetation.shrub.calocedrus.decrruens.tir.vh055.ucsb.nicolet.spectrum.txt,0.000128,1.000000,0.000000,0.000247,1.000000,0.000000,0.000192,1.000000,0.000000,0.002305,0.889816,0.999750,0.001764,0.630590,1.000000
"Arctostaphylos glandulosa 2 (VH056)",VH056,becknic,vegetation,vegetation.shrub.calocedrus.decrruens.tir.vh056.ucsb.nicolet.spectrum.txt,0.000151,1.000000,0.000000,0.000270,1.000000,0.000000,0.000210,1.000000,0.000000,0.002847,0.893607,0.999750,0.001861,0.638990,1.000000
"Arctostaphylos glandulosa 3 (VH059)",VH059,becknic,vegetation,vegetation.shrub.calocedrus.decrruens.tir.vh059.ucsb.nicolet.spectrum.txt,0.000132,1.000000,0.000000,0.000253,1.000000,0.000000,0.000196,1.000000,0.000000,0.001751,0.949337,0.999750,0.001131,0.801863,1.000000
"Arctostaphylos glandulosa 3 (VH060)",VH060,becknic,vegetation,vegetation.shrub.calocedrus.decrruens.tir.vh060.ucsb.nicolet.spectrum.txt,0.000126,1.000000,0.000000,0.000209,1.000000,0.000000,0.000161,1.000000,0.000000,0.001994,0.856497,0.999750,0.001348,0.566890,1.000000
"Arctostaphylos glandulosa 1 (VH145)",VH145,becknic,vegetation,vegetation.shrub.calocedrus.decrruens.tir.vh145.ucsb.nicolet.spectrum.txt,0.000126,1.000000,0.000000,0.000235,1.000000,0.000000,0.000182,1.000000,0.000000,0.002271,0.889210,0.999750,0.001824,0.685448,1.000000
"Arctostaphylos glandulosa 1 (VH146)",VH146,becknic,vegetation,vegetation.shrub.calocedrus.decrruens.tir.vh146.ucsb.nicolet.spectrum.txt,0.000127,1.000000,0.000000,0.000226,1.000000,0.000000,0.000174,1.000000,0.000000,0.002028,0.907589,0.999750,0.001507,0.630675,1.000000
"Arctostaphylos glandulosa 2 (VH151)",VH151,becknic,vegetation,vegetation.shrub.calocedrus.decrruens.tir.vh151.ucsb.nicolet.spectrum.txt,0.000171,1.000000,0.000000,0.000283,1.000000,0.000000,0.000220,1.000000,0.000000,0.002702,0.902670,0.999750,0.001832,0.639176,1.000000
"Arctostaphylos glandulosa 2 (VH152)",VH152,becknic,vegetation,vegetation.shrub.calocedrus.decrruens.tir.vh152.ucsb.nicolet.spectrum.txt,0.000142,1.000000,0.000000,0.000264,1.000000,0.000000,0.000205,1.000000,0.000000,0.002907,0.895014,0.999750,0.001603,0.707095,1.000000
"Arctostaphylos glandulosa 3 (VH155)",VH155,becknic,vegetation,vegetation.shrub.calocedrus.decrruens.tir.vh155.ucsb.nicolet.spectrum.txt,0.000127,1.000000,0.000000,0.000202,1.000000,0.000000,0.000156,1.000000,0.000000,0.002298,0.832355,0.999750,0.001311,0.590628,1.000000
"Arctostaphylos glandulosa 3 (VH156)",VH156,becknic,vegetation,vegetation.shrub.calocedrus.decrruens.tir.vh156.ucsb.nicolet.spectrum.txt,0.000126,1.000000,0.000000,0.000238,1.000000,0.000000,0.000184,1.000000,0.000000,0.002483,0.881296,0.999750,0.001452,0.588656,1.000000
"Arctostaphylos glandulosa 1 (VH241)",VH241,becknic,vegetation,vegetation.shrub.calocedrus.decrruens.tir.vh241.ucsb.nicolet.spectrum.txt,0.000172,1.000000,0.000000,0.000284,1.000000,0.000000,0.000221,1.000000,0.000000,0.002854,0.835158,0.999750,0.001736,0.680503,1.000000
"Arctostaphylos glandulosa 1 (VH242)",VH242,becknic,vegetation,vegetation.shrub.calocedrus.decrruens.tir.vh242.ucsb.nicolet.spectrum.txt,0.000202,1.000000,0.000000,0.000298,1.000000,0.000000,0.000234,1.000000,0.000000,0.002661,0.876404,0.999750,0.001628,0.647813,1.000000
"Arctostaphylos glandulosa 2 (VH247)",VH247,becknic,vegetation,vegetation.shrub.calocedrus.decrruens.tir.vh247.ucsb.nicolet.spectrum.txt,0.000231,1.000000,0.000000,0.000310,1.000000,0.000000,0.000245,1.000000,0.000000,0.002540,0.915690,0.999750,0.001763,0.561784,1.000000
"Arctostaphylos glandulosa 2 (VH248)",VH248,becknic,vegetation,vegetation.shrub.calocedrus.decrruens.tir.vh248.ucsb.nicolet.spectrum.txt,0.000480,1.000000,0.000000,0.000359,1.000000,0.000000,0.000326,1.000000,0.000000,0.002720,0.903500,0.999750,0.001904,0.610576,1.000000
"Arctostaphylos glandulosa 3 (VH251)",VH251,becknic,vegetation,vegetation.shrub.calocedrus.decrruens.tir.vh251.ucsb.nicolet.spectrum.txt,0.000128,1.000000,0.000000,0.000217,1.000000,0.000000,0.000167,1.000000,0.000000,0.002268,0.845426,0.999750,0.001992,0.640205,1.000000
"Arctostaphylos glandulosa 3 (VH252)",VH252,becknic,vegetation,vegetation.shrub.calocedrus.decrruens.tir.vh252.ucsb.nicolet.spectrum.txt,0.000530,1.000000,0.000000,0.000418,1.000000,0.000000,0.000458,1.000000,0.000000,0.002502,0.841401,0.999750,0.001423,0.797346,1.000000
"Arctostaphylos glandulosa 3 (VH253)",VH253,becknic,vegetation,vegetation.shrub.calocedrus.decrruens.tir.vh253.ucsb.nicolet.spectrum.txt,0.000126,1.000000,0.000000,0.000208,1.000000,0.000000,0.000160,1.000000,0.000000,0.001962,0.898054,0.999750,0.001685,0.589299,1.000000
"Arctostaphylos glandulosa 1 (VH049)",VH049,becknic,vegetation,vegetation.shrub.calocedrus.decrruens.vswir.vh049.ucsb.asd.spectrum.txt,0.001179,0.999938,1.000000,0.000842,0.994935,1.000000,0.001655,0.999868,1.000000,0.000299,1.000000,0.000000,0.000279,1.000000,0.000000
"Arctostaphylos glandulosa 1 (VH050)",VH050,becknic,vegetation,vegetation.shrub.calocedrus.decrruens.vswir.vh050.ucsb.asd.spectrum.txt,0.001924,0.999891,1.000000,0.001235,0.994839,1.000000,0.002249,0.999802,1.000000,0.000323,1.000000,0.000000,0.000292,1.000000,0.000000
"Arctostaphylos glandulosa 2 (VH055)",VH055,becknic,vegetation,vegetation.shrub.calocedrus.decrruens.vswir.vh055.ucsb.asd.spectrum.txt,0.000931,0.999970,1.000000,0.001086,0.994011,1.000000,0.001711,0.999895,1.000000,0.000316,1.000000,0.000000,0.000288,1.000000,0.000000
"Arctostaphylos glandulosa 2 (VH056)",VH056,becknic,vegetation,vegetation.shrub.calocedrus.decrruens.vswir.vh056.ucsb.asd.spectrum.txt,0.001852,0.999880,1.000000,0.001471,0.982350,1.000000,0.001602,0.999890,1.000000,0.000315,1.000000,0.000000,0.000288,1.000000,0.000000
"Arctostaphylos glandulosa 3 (VH059)",VH059,becknic,vegetation,vegetation.shrub.calocedrus.decrruens.vswir.vh059.ucsb.asd.spectrum.txt,0.001295,0.999930,1.000000,0.001213,0.992912,1.000000,0.001785,0.999863,1.000000,0.000338,1.000000,0.000000,0.000299,1.000000,0.000000
"Arctostaphylos glandulosa 3 (VH060)",VH060,becknic,vegetation,vegetation.shrub.calocedrus.decrruens.vswir.vh060.ucsb.asd.spectrum.txt,0.001086,0.999955,1.000000,0.000996,0.994814,1.000000,0.002000,0.999833,1.000000,0.000240,1.000000,0.000000,0.000267,1.000000,0.000000
"Arctostaphylos glandulosa 1 (VH145)",VH145,becknic,vegetation,vegetation.shrub.calocedrus.decrruens.vswir.vh145.ucsb.asd.spectrum.txt,0.001051,0.999945,1.000000,0.001918,0.951198,1.000000,0.001351,0.999902,1.000000,0.000246,1.000000,0.000000,0.000268,1.000000,0.000000
"Arctostaphylos glandulosa 1 (VH146)",VH146,becknic,vegetation,vegetation.shrub.calocedrus.decrruens.vswir.vh146.ucsb.asd.spectrum.txt,0.003431,0.999637,1.000000,0.001574,0.991331,1.000000,0.001668,0.999884,1.000000,0.000274,1.000000,0.000000,0.000272,1.000000,0.000000
"Arctostaphylos glandulosa 2 (VH151)",VH151,becknic,vegetation,vegetation.shrub.calocedrus.decrruens.vswir.vh151.ucsb.asd.spectrum.txt,0.001401,0.999925,1.000000,0.001373,0.986550,1.000000,0.001257,0.999938,1.000000,0.000468,1.000000,0.000000,0.000271,1.000000,0.000000
"Arctostaphylos glandulosa 2 (VH152)",VH152,becknic,vegetation,vegetation.shrub.calocedrus.decrruens.vswir.vh152.ucsb.asd.spectrum.txt,0.002777,0.999793,1.000000,0.001497,0.992167,1.000000,0.002202,0.999834,1.000000,0.000306,1.000000,0.000000,0.000283,1.000000,0.000000
"Arctostaphylos glandulosa 3 (VH155)",VH155,becknic,vegetation,vegetation.shrub.calocedrus.decrruens.vswir.vh155.ucsb.asd.spectrum.txt,0.002003,0.999849,1.000000,0.002181,0.967338,1.000000,0.001886,0.999856,1.000000,0.000333,1.000000,0.000000,0.000297,1.000000,0.000000
"Arctostaphylos glandulosa 3 (VH156)",VH156,becknic,vegetation,vegetation.shrub.calocedrus.decrruens.vswir.vh156.ucsb.asd.spectrum.txt,0.001869,0.999873,1.000000,0.001256,0.988876,1.000000,0.001670,0.999883,1.000000,0.000339,1.000000,0.000000,0.000300,1.000000,0.000000
"Arctostaphylos glandulosa 1 (VH241)",VH241,becknic,vegetation,vegetation.shrub.calocedrus.decrruens.vswir.vh241.ucsb.asd.spectrum.txt,0.001337,0.999937,1.000000,0.000886,0.995620,1.000000,0.001444,0.999918,1.000000,0.000463,1.000000,0.000000,0.000267,1.000000,0.000000
"Arctostaphylos glandulosa 1 (VH242)",VH242,becknic,vegetation,vegetation.shrub.calocedrus.decrruens.vswir.vh242.ucsb.asd.spectrum.txt,0.001110,0.999952,1.000000,0.001441,0.982086,1.000000,0.001221,0.999932,1.000000,0.000293,1.000000,0.000000,0.000276,1.000000,0.000000
"Arctostaphylos glandulosa 2 (VH247)",VH247,becknic,vegetation,vegetation.shrub.calocedrus.decrruens.vswir.vh247.ucsb.asd.spectrum.txt,0.001000,0.999967,1.000000,0.000857,0.994098,1.000000,0.001417,0.999922,1.000000,0.000381,1.000000,0.000000,0.000289,1.000000,0.000000
"Arctostaphylos glandulosa 2 (VH248)",VH248,becknic,vegetation,vegetation.shrub.calocedrus.decrruens.vswir.vh248.ucsb.asd.spectrum.txt,0.001456,0.999933,1.000000,0.002114,0.959323,1.000000,0.000988,0.999962,1.000000,0.000317,1.000000,0.000000,0.000289,1.000000,0.000000
"Arctostaphylos glandulosa 3 (VH251)",VH251,becknic,vegetation,vegetation.shrub.calocedrus.decrruens.vswir.vh251.ucsb.asd.spectrum.txt,0.001093,0.999949,1.000000,0.001101,0.992876,1.000000,0.001504,0.999899,1.000000,0.000285,1.000000,0.000000,0.000274,1.000000,0.000000
"Arctostaphylos glandulosa 3 (VH252)",VH252,becknic,vegetation,vegetation.shrub.calocedrus.decrruens.vswir.vh252.ucsb.asd.spectrum.txt,0.000841,0.999974,1.000000,0.002253,0.973476,1.000000,0.001494,0.999905,1.000000,0.000317,1.000000,0.000000,0.000289,1.000000,0.000000
"Arctostaphylos glandulosa 3 (VH253)",VH253,becknic,vegetation,vegetation.shrub.calocedrus.decrruens.vswir.vh253.ucsb.asd.spectrum.txt,0.003654,0.999695,1.000000,0.001920,0.994173,1.000000,0.002187,0.999850,1.000000,0.000255,1.000000,0.000000,0.000270,1.000000,0.000000
"Ceanothus megacarpus 1 (VH019)",VH019,becknic,vegetation,vegetation.shrub.ceanothus.megacarpus.tir.vh019.ucsb.nicolet.spectrum.txt,0.000381,1.000000,0.000000,0.000343,1.000000,0.000000,0.000294,1.000000,0.000000,0.003309,0.585331,0.999750,0.001291,0.913076,1.000000
"Ceanothus megacarpus 1 (VH020)",VH020,becknic,vegetation,vegetation.shrub.ceanothus.megacarpus.tir.vh020.ucsb.nicolet.spectrum.txt,0.000126,1.000000,0.000000,0.000231,1.000000,0.000000,0.000179,1.000000,0.000000,0.001444,0.660973,0.999750,0.001135,0.895562,1.000000
"Ceanothus megacarpus 2 (VH021)",VH021,becknic,vegetation,vegetation.shrub.ceanothus.megacarpus.tir.vh021.ucsb.nicolet.spectrum.txt,0.000112,1.000000,0.000000,0.000156,1.000000,0.000000,0.000120,1.000000,0.000000,0.003090,0.526967,0.999750,0.001255,0.912219,1.000000
"Ceanothus megacarpus 2 (VH022)",VH022,becknic,vegetation,vegetation.shrub.ceanothus.megacarpus.tir.vh022.ucsb.nicolet.spectrum.txt,0.000126,1.000000,0.000000,0.000243,1.000000,0.000000,0.000188,1.000000,0.000000,0.002240,0.544335,0.999750,0.001105,0.885618,1.000000
"Ceanothus megacarpus 3 (VH023)",VH023,becknic,vegetation,vegetation.shrub.ceanothus.megacarpus.tir.vh023.ucsb.nicolet.spectrum.txt,0.000479,1.000000,0.000000,0.000359,1.000000,0.000000,0.000326,1.000000,0.000000,0.002792,0.841810,0.999750,0.001555,0.909032,1.000000
"Ceanothus megacarpus 3 (VH024)",VH024,becknic,vegetation,vegetation.shrub.ceanothus.megacarpus.tir.vh024.ucsb.nicolet.spectrum.txt,0.000506,1.000000,0.000000,0.000472,1.000000,0.000000,0.000658,1.000000,0.000000,0.002108,0.787614,0.999750,0.001657,0.930194,1.000000
"Ceanothus megacarpus 1 (VH139)",VH139,becknic,vegetation,vegetation.shrub.ceanothus.megacarpus.tir.vh139.ucsb.nicolet.spectrum.txt,0.000054,1.000000,0.000000,0.000075,1.000000,0.000000,0.000058,1.000000,0.000000,0.002336,0.849989,0.999750,0.000504,0.990533,1.000000
"Ceanothus megacarpus 1 (VH140)",VH140,becknic,vegetation,vegetation.shrub.ceanothus.megacarpus.tir.vh140.ucsb.nicolet.spectrum.txt,0.000127,1.000000,0.000000,0.000203,1.000000,0.000000,0.000157,1.000000,0.000000,0.003829,0.601661,0.999750,0.001188,0.894469,1.000000
"Ceanothus megacarpus 2 (VH141)",VH141,becknic,vegetation,vegetation.shrub.ceanothus.megacarpus.tir.vh141.ucsb.nicolet.spectrum.txt,0.000159,1.000000,0.000000,0.000276,1.000000,0.000000,0.000215,1.000000,0.000000,0.003195,0.615100,0.999750,0.000946,0.901917,1.000000
"Ceanothus megacarpus 2 (VH142)",VH142,becknic,vegetation,vegetation.shrub.ceanothus.megacarpus.tir.vh142.ucsb.nicolet.spectrum.txt,0.000129,1.000000,0.000000,0.000195,1.000000,0.000000,0.000150,1.000000,0.000000,0.002190,0.713041,0.999750,0.001483,0.828773,1.000000
"Ceanothus megacarpus 3 (VH143)",VH143,becknic,vegetation,vegetation.shrub.ceanothus.megacarpus.tir.vh143.ucsb.nicolet.spectrum.txt,0.000127,1.000000,0.000000,0.000207,1.000000,0.000000,0.000159,1.000000,0.000000,0.003406,0.562477,0.999750,0.001193,0.926002,1.000000
"Ceanothus megacarpus 3 (VH144)",VH144,becknic,vegetation,vegetation.shrub.ceanothus.megacarpus.tir.vh144.ucsb.nicolet.spectrum.txt,0.000128,1.000000,0.000000,0.000200,1.000000,0.000000,0.000154,1.000000,0.000000,0.003548,0.573891,0.999750,0.001248,0.904789,1.000000
"Ceanothus megacarpus 1 (VH211)",VH211,becknic,vegetation,vegetation.shrub.ceanothus.megacarpus.tir.vh211.ucsb.nicolet.spectrum.txt,0.000126,1.000000,0.000000,0.000209,1.000000,0.000000,0.000161,1.000000,0.000000,0.003765,0.490472,0.999750,0.001510,0.877341,1.000000
"Ceanothus megacarpus 1 (VH212)",VH212,becknic,vegetation,vegetation.shrub.ceanothus.megacarpus.tir.vh212.ucsb.nicolet.spectrum.txt,0.000127,1.000000,0.000000,0.000222,1.000000,0.000000,0.000171,1.000000,0.000000,0.004626,0.417489,0.999750,0.001395,0.873363,1.000000
"Ceanothus megacarpus 2 (VH213)",VH213,becknic,vegetation,vegetation.shrub.ceanothus.megacarpus.tir.vh213.ucsb.nicolet.spectrum.txt,0.000302,1.000000,0.000000,0.000336,1.000000,0.000000,0.000269,1.000000,0.000000,0.004084,0.530259,0.999750,0.001424,0.790382,1.000000
"Ceanothus megacarpus 2 (VH214)",VH214,becknic,vegetation,vegetation.shrub.ceanothus.megacarpus.tir.vh214.ucsb.nicolet.spectrum.txt,0.000128,1.000000,0.000000,0.000199,1.000000,0.000000,0.000153,1.000000,0.000000,0.003449,0.461598,0.999750,0.001331,0.709469,1.000000
"Ceanothus megacarpus 3 (VH215)",VH215,becknic,vegetation,vegetation.shrub.ceanothus.megacarpus.tir.vh215.ucsb.nicolet.spectrum.txt,0.000129,1.000000,0.000000,0.000195,1.000000,0.000000,0.000150,1.000000,0.000000,0.004272,0.431240,0.999750,0.001391,0.822206,1.000000
"Ceanothus megacarpus 3 (VH216)",VH216,becknic,vegetation,vegetation.shrub.ceanothus.megacarpus.tir.vh216.ucsb.nicolet.spectrum.txt,0.000129,1.000000,0.000000,0.000179,1.000000,0.000000,0.000138,1.000000,0.000000,0.004059,0.419257,0.999750,0.001416,0.893230,1.000000
"Ceanothus megacarpus 1 (VH019)",VH019,becknic,vegetation,vegetation.shrub.ceanothus.megacarpus.vswir.vh019.ucsb.asd.spectrum.txt,0.001565,0.999817,1.000000,0.001171,0.985950,1.000000,0.001135,0.999899,1.000000,0.000218,1.000000,0.000000,0.000275,1.000000,0.000000
"Ceanothus megacarpus 1 (VH020)",VH020,becknic,vegetation,vegetation.shrub.ceanothus.megacarpus.vswir.vh020.ucsb.asd.spectrum.txt,0.001064,0.999894,1.000000,0.002375,0.943285,1.000000,0.001038,0.999896,1.000000,0.000178,1.000000,0.000000,0.000176,1.000000,0.000000
"Ceanothus megacarpus 2 (VH021)",VH021,becknic,vegetation,vegetation.shrub.ceanothus.megacarpus.vswir.vh021.ucsb.asd.spectrum.txt,0.001248,0.999901,1.000000,0.000954,0.992209,1.000000,0.001513,0.999857,1.000000,0.000250,1.000000,0.000000,0.000223,1.000000,0.000000
"Ceanothus megacarpus 2 (VH022)",VH022,becknic,vegetation,vegetation.shrub.ceanothus.megacarpus.vswir.vh022.ucsb.asd.spectrum.txt,0.001116,0.999920,1.000000,0.001540,0.981807,1.000000,0.001526,0.999851,1.000000,0.000255,1.000000,0.000000,0.000235,1.000000,0.000000
"Ceanothus megacarpus 3 (VH023)",VH023,becknic,vegetation,vegetation.shrub.ceanothus.megacarpus.vswir.vh023.ucsb.asd.spectrum.txt,0.001342,0.999880,1.000000,0.002306,0.947708,1.000000,0.001328,0.999878,1.000000,0.000449,1.000000,0.000000,0.000258,1.000000,0.000000
"Ceanothus megacarpus 3 (VH024)",VH024,becknic,vegetation,vegetation.shrub.ceanothus.megacarpus.vswir.vh024.ucsb.asd.spectrum.txt,0.001792,0.999808,1.000000,0.001184,0.986776,1.000000,0.001208,0.999911,1.000000,0.000279,1.000000,0.000000,0.000273,1.000000,0.000000
"Ceanothus megacarpus 1 (VH139)",VH139,becknic,vegetation,vegetation.shrub.ceanothus.megacarpus.vswir.vh139.ucsb.asd.spectrum.txt,0.001771,0.999825,1.000000,0.000870,0.992792,1.000000,0.001703,0.999843,1.000000,0.000422,1.000000,0.000000,0.000254,1.000000,0.000000
"Ceanothus megacarpus 1 (VH140)",VH140,becknic,vegetation,vegetation.shrub.ceanothus.megacarpus.vswir.vh140.ucsb.asd.spectrum.txt,0.000440,0.999990,1.000000,0.001298,0.987927,1.000000,0.001578,0.999864,1.000000,0.000270,1.000000,0.000000,0.000272,1.000000,0.000000
"Ceanothus megacarpus 2 (VH141)",VH141,becknic,vegetation,vegetation.shrub.ceanothus.megacarpus.vswir.vh141.ucsb.asd.spectrum.txt,0.000702,0.999963,1.000000,0.001187,0.978249,1.000000,0.001096,0.999909,1.000000,0.000218,1.000000,0.000000,0.000252,1.000000,0.000000
"Ceanothus megacarpus 2 (VH142)",VH142,becknic,vegetation,vegetation.shrub.ceanothus.megacarpus.vswir.vh142.ucsb.asd.spectrum.txt,0.000702,0.999941,1.000000,0.001050,0.968782,1.000000,0.000942,0.999890,1.000000,0.000237,1.000000,0.000000,0.000267,1.000000,0.000000
"Ceanothus megacarpus 3 (VH143)",VH143,becknic,vegetation,vegetation.shrub.ceanothus.megacarpus.vswir.vh143.ucsb.asd.spectrum.txt,0.000591,0.999972,1.000000,0.001501,0.977503,1.000000,0.001154,0.999898,1.000000,0.000255,1.000000,0.000000,0.000226,1.000000,0.000000
"Ceanothus megacarpus 3 (VH144)",VH144,becknic,vegetation,vegetation.shrub.ceanothus.megacarpus.vswir.vh144.ucsb.asd.spectrum.txt,0.000567,0.999969,1.000000,0.000947,0.985393,1.000000,0.001049,0.999895,1.000000,0.000231,1.000000,0.000000,0.000244,1.000000,0.000000
"Ceanothus megacarpus 1 (VH211)",VH211,becknic,vegetation,vegetation.shrub.ceanothus.megacarpus.vswir.vh211.ucsb.asd.spectrum.txt,0.003242,0.999551,1.000000,0.000732,0.993530,1.000000,0.001182,0.999936,1.000000,0.000345,1.000000,0.000000,0.000305,1.000000,0.000000
"Ceanothus megacarpus 1 (VH212)",VH212,becknic,vegetation,vegetation.shrub.ceanothus.megacarpus.vswir.vh212.ucsb.asd.spectrum.txt,0.003030,0.999588,1.000000,0.000773,0.988098,1.000000,0.001519,0.999884,1.000000,0.000413,1.000000,0.000000,0.000259,1.000000,0.000000
"Ceanothus megacarpus 2 (VH213)",VH213,becknic,vegetation,vegetation.shrub.ceanothus.megacarpus.vswir.vh213.ucsb.asd.spectrum.txt,0.002510,0.999743,1.000000,0.001223,0.983069,1.000000,0.001307,0.999922,1.000000,0.000371,1.000000,0.000000,0.000304,1.000000,0.000000
"Ceanothus megacarpus 2 (VH214)",VH214,becknic,vegetation,vegetation.shrub.ceanothus.megacarpus.vswir.vh214.ucsb.asd.spectrum.txt,0.003372,0.999464,1.000000,0.000814,0.991247,1.000000,0.001263,0.999922,1.000000,0.000401,1.000000,0.000000,0.000267,1.000000,0.000000
"Ceanothus megacarpus 3 (VH215)",VH215,becknic,vegetation,vegetation.shrub.ceanothus.megacarpus.vswir.vh215.ucsb.asd.spectrum.txt,0.002602,0.999684,1.000000,0.000680,0.993952,1.000000,0.001228,0.999928,1.000000,0.000270,1.000000,0.000000,0.000272,1.000000,0.000000
"Ceanothus megacarpus 3 (VH216)",VH216,becknic,vegetation,vegetation.shrub.ceanothus.megacarpus.vswir.vh216.ucsb.asd.spectrum.txt,0.003189,0.999507,1.000000,0.001159,0.989925,1.000000,0.001603,0.999851,1.000000,0.000550,1.000000,0.000000,0.000358,1.000000,0.000000
"Ceanothus spinosus 1 (VH007)",VH007,becknic,vegetation,vegetation.shrub.ceanothus.spinosus.tir.vh007.ucsb.nicolet.spectrum.txt,0.000185,1.000000,0.000000,0.000290,1.000000,0.000000,0.000227,1.000000,0.000000,0.002300,0.737612,0.999750,0.001339,0.975204,1.000000
"Ceanothus spinosus 1 (VH008)",VH008,becknic,vegetation,vegetation.shrub.ceanothus.spinosus.tir.vh008.ucsb.nicolet.spectrum.txt,0.000248,1.000000,0.000000,0.000316,1.000000,0.000000,0.000251,1.000000,0.000000,0.002339,0.681760,0.999750,0.001767,0.941400,1.000000
"Ceanothus spinosus 2 (VH009)",VH009,becknic,vegetation,vegetation.shrub.ceanothus.spinosus.tir.vh009.ucsb.nicolet.spectrum.txt,0.000127,1.000000,0.000000,0.000202,1.000000,0.000000,0.000155,1.000000,0.000000,0.002385,0.716888,0.999750,0.001192,0.986191,1.000000
"Ceanothus spinosus 2 (VH010)",VH010,becknic,vegetation,vegetation.shrub.ceanothus.spinosus.tir.vh010.ucsb.nicolet.spectrum.txt,0.000126,1.000000,0.000000,0.000229,1.000000,0.000000,0.000177,1.000000,0.000000,0.002950,0.695740,0.999750,0.001681,0.977482,1.000000
"Ceanothus spinosus 3 (VH011)",VH011,becknic,vegetation,vegetation.shrub.ceanothus.spinosus.tir.vh011.ucsb.nicolet.spectrum.txt,0.000322,1.000000,0.000000,0.000341,1.000000,0.000000,0.000276,1.000000,0.000000,0.004625,0.794922,0.999750,0.001487,0.991787,1.000000
"Ceanothus spinosus 3 (VH012)",VH012,becknic,vegetation,vegetation.shrub.ceanothus.spinosus.tir.vh012.ucsb.nicolet.spectrum.txt,0.000178,1.000000,0.000000,0.000287,1.000000,0.000000,0.000224,1.000000,0.000000,0.001907,0.737724,0.999750,0.001332,0.967985,1.000000
"Ceanothus spinosus 1 (VH127)",VH127,becknic,vegetation,vegetation.shrub.ceanothus.spinosus.tir.vh127.ucsb.nicolet.spectrum.txt,0.000233,1.000000,0.000000,0.000311,1.000000,0.000000,0.000246,1.000000,0.000000,0.002468,0.743608,0.999750,0.001364,0.971929,1.000000
"Ceanothus spinosus 1 (VH128)",VH128,becknic,vegetation,vegetation.shrub.ceanothus.spinosus.tir.vh128.ucsb.nicolet.spectrum.txt,0.000128,1.000000,0.000000,0.000213,1.000000,0.000000,0.000164,1.000000,0.000000,0.002551,0.677207,0.999750,0.001143,0.968735,1.000000
"Ceanothus spinosus 2 (VH129)",VH129,becknic,vegetation,vegetation.shrub.ceanothus.spinosus.tir.vh129.ucsb.nicolet.spectrum.txt,0.000218,1.000000,0.000000,0.000305,1.000000,0.000000,0.000240,1.000000,0.000000,0.002124,0.686550,0.999750,0.001436,0.972749,1.000000
"Ceanothus spinosus 2 (VH130)",VH130,becknic,vegetation,vegetation.shrub.ceanothus.spinosus.tir.vh130.ucsb.nicolet.spectrum.txt,0.000181,1.000000,0.000000,0.000288,1.000000,0.000000,0.000225,1.000000,0.000000,0.002980,0.755336,0.999750,0.001623,0.980004,1.000000
"Ceanothus spinosus 3 (VH131)",VH131,becknic,vegetation,vegetation.shrub.ceanothus.spinosus.tir.vh131.ucsb.nicolet.spectrum.txt,0.000129,1.000000,0.000000,0.000249,1.000000,0.000000,0.000193,1.000000,0.000000,0.002528,0.781809,0.999750,0.001372,0.978575,1.000000
"Ceanothus spinosus 3 (VH132)",VH132,becknic,vegetation,vegetation.shrub.ceanothus.spinosus.tir.vh132.ucsb.nicolet.spectrum.txt,0.000184,1.000000,0.000000,0.000290,1.000000,0.000000,0.000227,1.000000,0.000000,0.003014,0.741539,0.999750,0.001331,0.986312,1.000000
"Ceanothus spinosus 1 (VH199)",VH199,becknic,vegetation,vegetation.shrub.ceanothus.spinosus.tir.vh199.ucsb.nicolet.spectrum.txt,0.000186,1.000000,0.000000,0.000290,1.000000,0.000000,0.000227,1.000000,0.000000,0.003360,0.732162,0.999750,0.001807,0.960964,1.000000
"Ceanothus spinosus 1 (VH200)",VH200,becknic,vegetation,vegetation.shrub.ceanothus.spinosus.tir.vh200.ucsb.nicolet.spectrum.txt,0.000283,1.000000,0.000000,0.000329,1.000000,0.000000,0.000263,1.000000,0.000000,0.003761,0.654412,0.999750,0.001660,0.954252,1.000000
"Ceanothus spinosus 2 (VH201)",VH201,becknic,vegetation,vegetation.shrub.ceanothus.spinosus.tir.vh201.ucsb.nicolet.spectrum.txt,0.000126,1.000000,0.000000,0.000243,1.000000,0.000000,0.000188,1.000000,0.000000,0.004086,0.522773,0.999750,0.001613,0.951990,1.000000
"Ceanothus spinosus 2 (VH202)",VH202,becknic,vegetation,vegetation.shrub.ceanothus.spinosus.tir.vh202.ucsb.nicolet.spectrum.txt,0.000126,1.000000,0.000000,0.000239,1.000000,0.000000,0.000184,1.000000,0.000000,0.003246,0.614406,0.999750,0.001479,0.968523,1.000000
"Ceanothus spinosus 3 (VH203)",VH203,becknic,vegetation,vegetation.shrub.ceanothus.spinosus.tir.vh203.ucsb.nicolet.spectrum.txt,0.000475,1.000000,0.000000,0.000355,1.000000,0.000000,0.000321,1.000000,0.000000,0.003512,0.921502,0.999750,0.001599,0.952154,1.000000
"Ceanothus spinosus 3 (VH204)",VH204,becknic,vegetation,vegetation.shrub.ceanothus.spinosus.tir.vh204.ucsb.nicolet.spectrum.txt,0.000477,1.000000,0.000000,0.000357,1.000000,0.000000,0.000322,1.000000,0.000000,0.003451,0.926433,0.999750,0.001656,0.950264,1.000000
"Ceanothus spinosus 1 (VH007)",VH007,becknic,vegetation,vegetation.shrub.ceanothus.spinosus.vswir.vh007.ucsb.asd.spectrum.txt,0.001122,0.999910,1.000000,0.000687,0.983489,1.000000,0.001194,0.999904,1.000000,0.000261,1.000000,0.000000,0.000271,1.000000,0.000000
"Ceanothus spinosus 1 (VH008)",VH008,becknic,vegetation,vegetation.shrub.ceanothus.spinosus.vswir.vh008.ucsb.asd.spectrum.txt,0.000825,0.999912,1.000000,0.001183,0.913494,1.000000,0.000907,0.999890,1.000000,0.000232,1.000000,0.000000,0.000267,1.000000,0.000000
"Ceanothus spinosus 2 (VH009)",VH009,becknic,vegetation,vegetation.shrub.ceanothus.spinosus.vswir.vh009.ucsb.asd.spectrum.txt,0.001219,0.999874,1.000000,0.001292,0.931697,1.000000,0.001020,0.999913,1.000000,0.000359,1.000000,0.000000,0.000316,1.000000,0.000000
"Ceanothus spinosus 2 (VH010)",VH010,becknic,vegetation,vegetation.shrub.ceanothus.spinosus.vswir.vh010.ucsb.asd.spectrum.txt,0.001564,0.999822,1.000000,0.001277,0.934257,1.000000,0.001180,0.999900,1.000000,0.000257,1.000000,0.000000,0.000234,1.000000,0.000000
"Ceanothus spinosus 3 (VH011)",VH011,becknic,vegetation,vegetation.shrub.ceanothus.spinosus.vswir.vh011.ucsb.asd.spectrum.txt,0.001221,0.999885,1.000000,0.000870,0.965540,1.000000,0.001036,0.999920,1.000000,0.000550,1.000000,0.000000,0.000353,1.000000,0.000000
"Ceanothus spinosus 3 (VH012)",VH012,becknic,vegetation,vegetation.shrub.ceanothus.spinosus.vswir.vh012.ucsb.asd.spectrum.txt,0.001494,0.999845,1.000000,0.001132,0.958331,1.000000,0.001256,0.999892,1.000000,0.000426,1.000000,0.000000,0.000253,1.000000,0.000000
"Ceanothus spinosus 1 (VH127)",VH127,becknic,vegetation,vegetation.shrub.ceanothus.spinosus.vswir.vh127.ucsb.asd.spectrum.txt,0.000927,0.999959,1.000000,0.000697,0.984441,1.000000,0.000909,0.999961,1.000000,0.000373,1.000000,0.000000,0.000299,1.000000,0.000000
"Ceanothus spinosus 1 (VH128)",VH128,becknic,vegetation,vegetation.shrub.ceanothus.spinosus.vswir.vh128.ucsb.asd.spectrum.txt,0.000941,0.999956,1.000000,0.000722,0.984618,1.000000,0.000872,0.999962,1.000000,0.000308,1.000000,0.000000,0.000284,1.000000,0.000000
"Ceanothus spinosus 2 (VH129)",VH129,becknic,vegetation,vegetation.shrub.ceanothus.spinosus.vswir.vh129.ucsb.asd.spectrum.txt,0.000822,0.999965,1.000000,0.000789,0.985423,1.000000,0.001069,0.999942,1.000000,0.000251,1.000000,0.000000,0.000269,1.000000,0.000000
"Ceanothus spinosus 2 (VH130)",VH130,becknic,vegetation,vegetation.shrub.ceanothus.spinosus.vswir.vh130.ucsb.asd.spectrum.txt,0.001305,0.999888,1.000000,0.000737,0.982842,1.000000,0.000897,0.999945,1.000000,0.000346,1.000000,0.000000,0.000305,1.000000,0.000000
"Ceanothus spinosus 3 (VH131)",VH131,becknic,vegetation,vegetation.shrub.ceanothus.spinosus.vswir.vh131.ucsb.asd.spectrum.txt,0.000833,0.999966,1.000000,0.001054,0.960057,1.000000,0.000889,0.999961,1.000000,0.000550,1.000000,0.000000,0.000354,1.000000,0.000000
"Ceanothus spinosus 3 (VH132)",VH132,becknic,vegetation,vegetation.shrub.ceanothus.spinosus.vswir.vh132.ucsb.asd.spectrum.txt,0.001169,0.999922,1.000000,0.000879,0.971225,1.000000,0.000820,0.999960,1.000000,0.000383,1.000000,0.000000,0.000286,1.000000,0.000000
"Ceanothus spinosus 1 (VH199)",VH199,becknic,vegetation,vegetation.shrub.ceanothus.spinosus.vswir.vh199.ucsb.asd.spectrum.txt,0.002568,0.999552,1.000000,0.000377,0.992692,1.000000,0.001181,0.999864,1.000000,0.000507,1.000000,0.000000,0.000340,1.000000,0.000000
"Ceanothus spinosus 1 (VH200)",VH200,becknic,vegetation,vegetation.shrub.ceanothus.spinosus.vswir.vh200.ucsb.asd.spectrum.txt,0.002550,0.999606,1.000000,0.000837,0.974945,1.000000,0.001161,0.999905,1.000000,0.000549,1.000000,0.000000,0.000344,1.000000,0.000000
"Ceanothus spinosus 2 (VH201)",VH201,becknic,vegetation,vegetation.shrub.ceanothus.spinosus.vswir.vh201.ucsb.asd.spectrum.txt,0.001780,0.999812,1.000000,0.001076,0.971023,1.000000,0.001025,0.999934,1.000000,0.000413,1.000000,0.000000,0.000259,1.000000,0.000000
"Ceanothus spinosus 2 (VH202)",VH202,becknic,vegetation,vegetation.shrub.ceanothus.spinosus.vswir.vh202.ucsb.asd.spectrum.txt,0.002268,0.999694,1.000000,0.000710,0.973378,1.000000,0.001276,0.999907,1.000000,0.000511,1.000000,0.000000,0.000313,1.000000,0.000000
"Ceanothus spinosus 3 (VH203)",VH203,becknic,vegetation,vegetation.shrub.ceanothus.spinosus.vswir.vh203.ucsb.asd.spectrum.txt,0.002570,0.999633,1.000000,0.001041,0.944910,1.000000,0.001394,0.999872,1.000000,0.000510,1.000000,0.000000,0.000383,1.000000,0.000000
"Ceanothus spinosus 3 (VH204)",VH204,becknic,vegetation,vegetation.shrub.ceanothus.spinosus.vswir.vh204.ucsb.asd.spectrum.txt,0.002518,0.999665,1.000000,0.000716,0.969723,1.000000,0.001258,0.999912,1.000000,0.000533,1.000000,0.000000,0.000335,1.000000,0.000000
"Gasteria acinacifolia (JPL143)",JPL143,becknic,vegetation,vegetation.shrub.gasteria.acinacifolia.vswir.jpl143.jpl.asd.spectrum.txt,0.002355,0.999522,1.000000,0.001339,0.979046,1.000000,0.000884,0.999927,1.000000,0.000213,1.000000,0.000000,0.000260,1.000000,0.000000
"Heteromeles arbutifolia 1 (VH013)",VH013,becknic,vegetation,vegetation.shrub.heteromeles.arbutifolia.tir.vh013.ucsb.nicolet.spectrum.txt,0.000129,1.000000,0.000000,0.000249,1.000000,0.000000,0.000193,1.000000,0.000000,0.002347,0.783074,0.999750,0.001167,0.898764,1.000000
"Heteromeles arbutifolia 1 (VH014)",VH014,becknic,vegetation,vegetation.shrub.heteromeles.arbutifolia.tir.vh014.ucsb.nicolet.spectrum.txt,0.000126,1.000000,0.000000,0.000239,1.000000,0.000000,0.000185,1.000000,0.000000,0.002275,0.775009,0.999750,0.000987,0.911798,1.000000
"Heteromeles arbutifolia 2 (VH015)",VH015,becknic,vegetation,vegetation.shrub.heteromeles.arbutifolia.tir.vh015.ucsb.nicolet.spectrum.txt,0.000126,1.000000,0.000000,0.000239,1.000000,0.000000,0.000185,1.000000,0.000000,0.002585,0.718290,0.999750,0.001707,0.891398,1.000000
"Heteromeles arbutifolia 2 (VH016)",VH016,becknic,vegetation,vegetation.shrub.heteromeles.arbutifolia.tir.vh016.ucsb.nicolet.spectrum.txt,0.000126,1.000000,0.000000,0.000240,1.000000,0.000000,0.000186,1.000000,0.000000,0.001904,0.769552,0.999750,0.000968,0.911154,1.000000
"Heteromeles arbutifolia 3 (VH017)",VH017,becknic,vegetation,vegetation.shrub.heteromeles.arbutifolia.tir.vh017.ucsb.nicolet.spectrum.txt,0.000126,1.000000,0.000000,0.000236,1.000000,0.000000,0.000183,1.000000,0.000000,0.002409,0.739510,0.999750,0.001007,0.877428,1.000000
"Heteromeles arbutifolia 3 (VH018)",VH018,becknic,vegetation,vegetation.shrub.heteromeles.arbutifolia.tir.vh018.ucsb.nicolet.spectrum.txt,0.000208,1.000000,0.000000,0.000300,1.000000,0.000000,0.000236,1.000000,0.000000,0.002658,0.723947,0.999750,0.001163,0.976616,1.000000
"Heteromeles arbutifolia 1 (VH133)",VH133,becknic,vegetation,vegetation.shrub.heteromeles.arbutifolia.tir.vh133.ucsb.nicolet.spectrum.txt,0.000170,1.000000,0.000000,0.000282,1.000000,0.000000,0.000220,1.000000,0.000000,0.003217,0.699969,0.999750,0.001202,0.938772,1.000000
"Heteromeles arbutifolia 1 (VH134)",VH134,becknic,vegetation,vegetation.shrub.heteromeles.arbutifolia.tir.vh134.ucsb.nicolet.spectrum.txt,0.000127,1.000000,0.000000,0.000223,1.000000,0.000000,0.000172,1.000000,0.000000,0.002883,0.676688,0.999750,0.001137,0.891919,1.000000
"Heteromeles arbutifolia 2 (VH135)",VH135,becknic,vegetation,vegetation.shrub.heteromeles.arbutifolia.tir.vh135.ucsb.nicolet.spectrum.txt,0.000126,1.000000,0.000000,0.000240,1.000000,0.000000,0.000186,1.000000,0.000000,0.002960,0.667532,0.999750,0.001210,0.886810,1.000000
"Heteromeles arbutifolia 2 (VH136)",VH136,becknic,vegetation,vegetation.shrub.heteromeles.arbutifolia.tir.vh136.ucsb.nicolet.spectrum.txt,0.000151,1.000000,0.000000,0.000270,1.000000,0.000000,0.000210,1.000000,0.000000,0.002830,0.656271,0.999750,0.001500,0.982131,1.000000
"Heteromeles arbutifolia 3 (VH137)",VH137,becknic,vegetation,vegetation.shrub.heteromeles.arbutifolia.tir.vh137.ucsb.nicolet.spectrum.txt,0.000127,1.000000,0.000000,0.000226,1.000000,0.000000,0.000175,1.000000,0.000000,0.002546,0.702724,0.999750,0.001701,0.792598,1.000000
"Heteromeles arbutifolia 3 (VH138)",VH138,becknic,vegetation,vegetation.shrub.heteromeles.arbutifolia.tir.vh138.ucsb.nicolet.spectrum.txt,0.000086,1.000000,0.000000,0.000119,1.000000,0.000000,0.000092,1.000000,0.000000,0.002265,0.921655,0.999750,0.000462,0.997020,1.000000
"Heteromeles arbutifolia 1 (VH205)",VH205,becknic,vegetation,vegetation.shrub.heteromeles.arbutifolia.tir.vh205.ucsb.nicolet.spectrum.txt,0.000126,1.000000,0.000000,0.000227,1.000000,0.000000,0.000175,1.000000,0.000000,0.004133,0.519319,0.999750,0.001448,0.843304,1.000000
"Heteromeles arbutifolia 1 (VH206)",VH206,becknic,vegetation,vegetation.shrub.heteromeles.arbutifolia.tir.vh206.ucsb.nicolet.spectrum.txt,0.000128,1.000000,0.000000,0.000220,1.000000,0.000000,0.000169,1.000000,0.000000,0.003481,0.586959,0.999750,0.001369,0.854497,1.000000
"Heteromeles arbutifolia 2 (VH207)",VH207,becknic,vegetation,vegetation.shrub.heteromeles.arbutifolia.tir.vh207.ucsb.nicolet.spectrum.txt,0.000126,1.000000,0.000000,0.000229,1.000000,0.000000,0.000177,1.000000,0.000000,0.003443,0.580518,0.999750,0.001399,0.843670,1.000000
"Heteromeles arbutifolia 2 (VH208)",VH208,becknic,vegetation,vegetation.shrub.heteromeles.arbutifolia.tir.vh208.ucsb.nicolet.spectrum.txt,0.000147,1.000000,0.000000,0.000267,1.000000,0.000000,0.000207,1.000000,0.000000,0.003685,0.702741,0.999750,0.001479,0.952564,1.000000
"Heteromeles arbutifolia 3 (VH209)",VH209,becknic,vegetation,vegetation.shrub.heteromeles.arbutifolia.tir.vh209.ucsb.nicolet.spectrum.txt,0.000126,1.000000,0.000000,0.000238,1.000000,0.000000,0.000184,1.000000,0.000000,0.003282,0.645824,0.999750,0.001467,0.939707,1.000000
"Heteromeles arbutifolia 3 (VH210)",VH210,becknic,vegetation,vegetation.shrub.heteromeles.arbutifolia.tir.vh210.ucsb.nicolet.spectrum.txt,0.000135,1.000000,0.000000,0.000257,1.000000,0.000000,0.000199,1.000000,0.000000,0.003851,0.634481,0.999750,0.001493,0.906909,1.000000
"Heteromeles arbutifolia 1 (VH013)",VH013,becknic,vegetation,vegetation.shrub.heteromeles.arbutifolia.vswir.vh013.ucsb.asd.spectrum.txt,0.001145,0.999871,1.000000,0.000523,0.975245,1.000000,0.000971,0.999908,1.000000,0.000258,1.000000,0.000000,0.000227,1.000000,0.000000
"Heteromeles arbutifolia 1 (VH014)",VH014,becknic,vegetation,vegetation.shrub.heteromeles.arbutifolia.vswir.vh014.ucsb.asd.spectrum.txt,0.001525,0.999850,1.000000,0.000616,0.979946,1.000000,0.001260,0.999889,1.000000,0.000363,1.000000,0.000000,0.000314,1.000000,0.000000
"Heteromeles arbutifolia 2 (VH015)",VH015,becknic,vegetation,vegetation.shrub.heteromeles.arbutifolia.vswir.vh015.ucsb.asd.spectrum.txt,0.001378,0.999830,1.000000,0.000608,0.974840,1.000000,0.000852,0.999926,1.000000,0.000326,1.000000,0.000000,0.000293,1.000000,0.000000
"Heteromeles arbutifolia 2 (VH016)",VH016,becknic,vegetation,vegetation.shrub.heteromeles.arbutifolia.vswir.vh016.ucsb.asd.spectrum.txt,0.001401,0.999862,1.000000,0.000501,0.984138,1.000000,0.000940,0.999933,1.000000,0.000349,1.000000,0.000000,0.000308,1.000000,0.000000
"Heteromeles arbutifolia 3 (VH017)",VH017,becknic,vegetation,vegetation.shrub.heteromeles.arbutifolia.vswir.vh017.ucsb.asd.spectrum.txt,0.001601,0.999669,1.000000,0.000444,0.987636,1.000000,0.000998,0.999864,1.000000,0.000099,1.000000,0.000000,0.000098,1.000000,0.000000
"Heteromeles arbutifolia 3 (VH018)",VH018,becknic,vegetation,vegetation.shrub.heteromeles.arbutifolia.vswir.vh018.ucsb.asd.spectrum.txt,0.002206,0.999759,1.000000,0.000941,0.969286,1.000000,0.001112,0.999935,1.000000,0.000425,1.000000,0.000000,0.000253,1.000000,0.000000
"Heteromeles arbutifolia 1 (VH133)",VH133,becknic,vegetation,vegetation.shrub.heteromeles.arbutifolia.vswir.vh133.ucsb.asd.spectrum.txt,0.001544,0.999863,1.000000,0.000563,0.985753,1.000000,0.001113,0.999923,1.000000,0.000254,1.000000,0.000000,0.000270,1.000000,0.000000
"Heteromeles arbutifolia 1 (VH134)",VH134,becknic,vegetation,vegetation.shrub.heteromeles.arbutifolia.vswir.vh134.ucsb.asd.spectrum.txt,0.001154,0.999932,1.000000,0.001129,0.971831,1.000000,0.001107,0.999939,1.000000,0.000368,1.000000,0.000000,0.000309,1.000000,0.000000
"Heteromeles arbutifolia 2 (VH135)",VH135,becknic,vegetation,vegetation.shrub.heteromeles.arbutifolia.vswir.vh135.ucsb.asd.spectrum.txt,0.001402,0.999922,1.000000,0.000575,0.995246,1.000000,0.000751,0.999976,1.000000,0.000388,1.000000,0.000000,0.000280,1.000000,0.000000
"Heteromeles arbutifolia 2 (VH136)",VH136,becknic,vegetation,vegetation.shrub.heteromeles.arbutifolia.vswir.vh136.ucsb.asd.spectrum.txt,0.002445,0.999658,1.000000,0.000713,0.980416,1.000000,0.001173,0.999911,1.000000,0.000539,1.000000,0.000000,0.000350,1.000000,0.000000
"Heteromeles arbutifolia 3 (VH137)",VH137,becknic,vegetation,vegetation.shrub.heteromeles.arbutifolia.vswir.vh137.ucsb.asd.spectrum.txt,0.001065,0.999934,1.000000,0.000649,0.978854,1.000000,0.001099,0.999928,1.000000,0.000240,1.000000,0.000000,0.000267,1.000000,0.000000
"Heteromeles arbutifolia 3 (VH138)",VH138,becknic,vegetation,vegetation.shrub.heteromeles.arbutifolia.vswir.vh138.ucsb.asd.spectrum.txt,0.001652,0.999875,1.000000,0.000705,0.990656,1.000000,0.000901,0.999959,1.000000,0.000299,1.000000,0.000000,0.000279,1.000000,0.000000
"Heteromeles arbutifolia 1 (VH205)",VH205,becknic,vegetation,vegetation.shrub.heteromeles.arbutifolia.vswir.vh205.ucsb.asd.spectrum.txt,0.001944,0.999871,1.000000,0.001255,0.972834,1.000000,0.001231,0.999943,1.000000,0.000551,1.000000,0.000000,0.000348,1.000000,0.000000
"Heteromeles arbutifolia 1 (VH206)",VH206,becknic,vegetation,vegetation.shrub.heteromeles.arbutifolia.vswir.vh206.ucsb.asd.spectrum.txt,0.002317,0.999786,1.000000,0.001057,0.977369,1.000000,0.001405,0.999917,1.000000,0.000532,1.000000,0.000000,0.000341,1.000000,0.000000
"Heteromeles arbutifolia 2 (VH207)",VH207,becknic,vegetation,vegetation.shrub.heteromeles.arbutifolia.vswir.vh207.ucsb.asd.spectrum.txt,0.002489,0.999770,1.000000,0.001151,0.971722,1.000000,0.001488,0.999892,1.000000,0.000774,1.000000,0.000000,0.000599,1.000000,0.000000
"Heteromeles arbutifolia 2 (VH208)",VH208,becknic,vegetation,vegetation.shrub.heteromeles.arbutifolia.vswir.vh208.ucsb.asd.spectrum.txt,0.002625,0.999739,1.000000,0.001669,0.920285,1.000000,0.001726,0.999851,1.000000,0.000567,1.000000,0.000000,0.000440,1.000000,0.000000
"Heteromeles arbutifolia 3 (VH209)",VH209,becknic,vegetation,vegetation.shrub.heteromeles.arbutifolia.vswir.vh209.ucsb.asd.spectrum.txt,0.001459,0.999927,1.000000,0.001280,0.962971,1.000000,0.001247,0.999939,1.000000,0.000550,1.000000,0.000000,0.000355,1.000000,0.000000
"Heteromeles arbutifolia 3 (VH210)",VH210,becknic,vegetation,vegetation.shrub.heteromeles.arbutifolia.vswir.vh210.ucsb.asd.spectrum.txt,0.001282,0.999935,1.000000,0.000962,0.965840,1.000000,0.001514,0.999906,1.000000,0.000549,1.000000,0.000000,0.000344,1.000000,0.000000
"Juniperus chinensis (JPL097)",JPL097,becknic,vegetation,vegetation.shrub.juniperus.chinensis.tir.jpl097.jpl.nicolet.spectrum.txt,0.000107,1.000000,0.000000,0.000148,1.000000,0.000000,0.000114,1.000000,0.000000,0.000871,0.921243,0.999750,0.001178,0.436273,1.000000
"Juniperus chinensis (JPL098)",JPL098,becknic,vegetation,vegetation.shrub.juniperus.chinensis.tir.jpl098.jpl.nicolet.spectrum.txt,0.000209,1.000000,0.000000,0.000301,1.000000,0.000000,0.000237,1.000000,0.000000,0.000727,0.956858,0.999750,0.000772,0.743136,1.000000
"Juniperus chinensis (JPL097)",JPL097,becknic,vegetation,vegetation.shrub.juniperus.chinensis.vswir.jpl097.jpl.asd.spectrum.txt,0.002437,0.999547,1.000000,0.000881,0.993296,1.000000,0.001535,0.999799,1.000000,0.000259,1.000000,0.000000,0.000228,1.000000,0.000000
"Juniperus chinensis (JPL098)",JPL098,becknic,vegetation,vegetation.shrub.juniperus.chinensis.vswir.jpl098.jpl.asd.spectrum.txt,0.002569,0.999381,1.000000,0.001204,0.985741,1.000000,0.001246,0.999838,1.000000,0.000241,1.000000,0.000000,0.000240,1.000000,0.000000
"Portulacaria afra (JPL064)",JPL064,becknic,vegetation,vegetation.shrub.portulacaria.afra.tir.jpl064.jpl.nicolet.spectrum.txt,0.000125,1.000000,0.000000,0.000173,1.000000,0.000000,0.000133,1.000000,0.000000,0.001924,0.640708,0.999750,0.000753,0.973900,1.000000
"Portulacaria afra (JPL064)",JPL064,becknic,vegetation,vegetation.shrub.portulacaria.afra.vswir.jpl064.jpl.asd.spectrum.txt,0.002143,0.999702,1.000000,0.004831,0.978909,1.000000,0.004899,0.996448,1.000000,0.000221,1.000000,0.000000,0.000250,1.000000,0.000000
"Portulacaria afra 'Low Form' (JPL065)",JPL065,becknic,vegetation,vegetation.shrub.portulacaria.afra_lowform.tir.jpl065.jpl.nicolet.spectrum.txt,0.000092,1.000000,0.000000,0.000127,1.000000,0.000000,0.000098,1.000000,0.000000,0.001497,0.778513,0.999750,0.000760,0.982678,1.000000
"Portulacaria afra 'Low Form' (JPL065)",JPL065,becknic,vegetation,vegetation.shrub.portulacaria.afra_lowform.vswir.jpl065.jpl.asd.spectrum.txt,0.001667,0.999806,1.000000,0.003842,0.983079,1.000000,0.003706,0.997883,1.000000,0.000354,1.000000,0.000000,0.000313,1.000000,0.000000
"Portulacaria afra 'Variegata' (JPL066)",JPL066,becknic,vegetation,vegetation.shrub.portulacaria.afra_variegata.tir.jpl066.jpl.nicolet.spectrum.txt,0.000156,1.000000,0.000000,0.000274,1.000000,0.000000,0.000213,1.000000,0.000000,0.001835,0.739771,0.999750,0.000820,0.953893,1.000000
"Portulacaria afra 'Variegata' (JPL066)",JPL066,becknic,vegetation,vegetation.shrub.portulacaria.afra_variegata.vswir.jpl066.jpl.asd.spectrum.txt,0.005870,0.997200,1.000000,0.004080,0.969295,1.000000,0.002564,0.999005,1.000000,0.000227,1.000000,0.000000,0.000246,1.000000,0.000000
"Puya venusta (JPL078)",JPL078,becknic,vegetation,vegetation.shrub.puya.venusta.tir.jpl078.jpl.nicolet.spectrum.txt,0.000277,1.000000,0.000000,0.000327,1.000000,0.000000,0.000261,1.000000,0.000000,0.001604,0.965180,0.999750,0.001046,0.983117,1.000000
"Puya venusta (JPL079)",JPL079,becknic,vegetation,vegetation.shrub.puya.venusta.tir.jpl079.jpl.nicolet.spectrum.txt,0.000514,1.000000,0.000000,0.000399,1.000000,0.000000,0.000407,1.000000,0.000000,0.002313,0.950024,0.999750,0.001142,0.982829,1.000000
"Puya venusta (JPL080)",JPL080,becknic,vegetation,vegetation.shrub.puya.venusta.tir.jpl080.jpl.nicolet.spectrum.txt,0.000135,1.000000,0.000000,0.000256,1.000000,0.000000,0.000199,1.000000,0.000000,0.001383,0.963163,0.999750,0.000834,0.967375,1.000000
"Puya venusta (JPL081)",JPL081,becknic,vegetation,vegetation.shrub.puya.venusta.tir.jpl081.jpl.nicolet.spectrum.txt,0.000201,1.000000,0.000000,0.000297,1.000000,0.000000,0.000234,1.000000,0.000000,0.001348,0.978453,0.999750,0.000828,0.969619,1.000000
"Puya venusta (JPL078)",JPL078,becknic,vegetation,vegetation.shrub.puya.venusta.vswir.jpl078.jpl.asd.spectrum.txt,0.002194,0.999537,1.000000,0.003706,0.980670,1.000000,0.003516,0.998033,1.000000,0.000533,1.000000,0.000000,0.000341,1.000000,0.000000
"Puya venusta (JPL079)",JPL079,becknic,vegetation,vegetation.shrub.puya.venusta.vswir.jpl079.jpl.asd.spectrum.txt,0.003140,0.999182,1.000000,0.003907,0.984366,1.000000,0.003970,0.997713,1.000000,0.000551,1.000000,0.000000,0.000352,1.000000,0.000000
"Puya venusta (JPL080)",JPL080,becknic,vegetation,vegetation.shrub.puya.venusta.vswir.jpl080.jpl.asd.spectrum.txt,0.002787,0.999131,1.000000,0.004638,0.970328,1.000000,0.003142,0.997988,1.000000,0.000533,1.000000,0.000000,0.000343,1.000000,0.000000
"Puya venusta (JPL081)",JPL081,becknic,vegetation,vegetation.shrub.puya.venusta.vswir.jpl081.jpl.asd.spectrum.txt,0.002733,0.999085,1.000000,0.002665,0.986846,1.000000,0.002647,0.998760,1.000000,0.000483,1.000000,0.000000,0.000288,1.000000,0.000000
"Salvia leucophylla 1 (VH091)",VH091,becknic,vegetation,vegetation.shrub.salvia.leucophylla.tir.vh091.ucsb.nicolet.spectrum.txt,0.000510,1.000000,0.000000,0.000466,1.000000,0.000000,0.000625,1.000000,0.000000,0.002738,0.988094,0.999750,0.001866,0.959871,1.000000
"Salvia leucophylla 1 (VH092)",VH092,becknic,vegetation,vegetation.shrub.salvia.leucophylla.tir.vh092.ucsb.nicolet.spectrum.txt,0.000420,1.000000,0.000000,0.000468,1.000000,0.000000,0.001004,0.000000,0.000000,0.006198,0.989593,0.999750,0.003266,0.962654,1.000000
"Salvia leucophylla 2 (VH093)",VH093,becknic,vegetation,vegetation.shrub.salvia.leucophylla.tir.vh093.ucsb.nicolet.spectrum.txt,0.000502,1.000000,0.000000,0.000481,1.000000,0.000000,0.000693,1.000000,0.000000,0.002851,0.983890,0.999750,0.001536,0.962006,1.000000
"Salvia leucophylla 2 (VH094)",VH094,becknic,vegetation,vegetation.shrub.salvia.leucophylla.tir.vh094.ucsb.nicolet.spectrum.txt,0.000472,1.000000,0.000000,0.000543,1.000000,0.000000,0.000859,1.000000,0.000000,0.004685,0.988774,0.999750,0.003061,0.961219,1.000000
"Salvia leucophylla 3 (VH095)",VH095,becknic,vegetation,vegetation.shrub.salvia.leucophylla.tir.vh095.ucsb.nicolet.spectrum.txt,0.000493,1.000000,0.000000,0.000502,1.000000,0.000000,0.000739,1.000000,0.000000,0.002868,0.986113,0.999750,0.001824,0.966905,1.000000
"Salvia leucophylla 3 (VH096)",VH096,becknic,vegetation,vegetation.shrub.salvia.leucophylla.tir.vh096.ucsb.nicolet.spectrum.txt,0.000449,1.000000,0.000000,0.000451,1.000000,0.000000,0.001258,0.000000,0.000000,0.004499,0.990930,0.999750,0.002719,0.962203,1.000000
"Salvia leucophylla 1 (VH187)",VH187,becknic,vegetation,vegetation.shrub.salvia.leucophylla.tir.vh187.ucsb.nicolet.spectrum.txt,0.000476,1.000000,0.000000,0.000545,1.000000,0.000000,0.000805,1.000000,0.000000,0.003604,0.990597,0.999750,0.002751,0.946524,1.000000
"Salvia leucophylla 1 (VH188)",VH188,becknic,vegetation,vegetation.shrub.salvia.leucophylla.tir.vh188.ucsb.nicolet.spectrum.txt,0.000376,1.000000,0.000000,0.000445,1.000000,0.000000,0.001102,0.000000,0.000000,0.006854,0.989575,0.999750,0.004149,0.956565,1.000000
"Salvia leucophylla 2 (VH189)",VH189,becknic,vegetation,vegetation.shrub.salvia.leucophylla.tir.vh189.ucsb.nicolet.spectrum.txt,0.000476,1.000000,0.000000,0.000547,1.000000,0.000000,0.000808,1.000000,0.000000,0.003115,0.992477,0.999750,0.002027,0.968257,1.000000
"Salvia leucophylla 2 (VH190)",VH190,becknic,vegetation,vegetation.shrub.salvia.leucophylla.tir.vh190.ucsb.nicolet.spectrum.txt,0.000430,1.000000,0.000000,0.000471,1.000000,0.000000,0.000996,1.000000,0.000000,0.005300,0.990828,0.999750,0.003371,0.960889,1.000000
"Salvia leucophylla 3 (VH191)",VH191,becknic,vegetation,vegetation.shrub.salvia.leucophylla.tir.vh191.ucsb.nicolet.spectrum.txt,0.000472,1.000000,0.000000,0.000539,1.000000,0.000000,0.000876,1.000000,0.000000,0.003461,0.991856,0.999750,0.002238,0.957539,1.000000
"Salvia leucophylla 3 (VH192)",VH192,becknic,vegetation,vegetation.shrub.salvia.leucophylla.tir.vh192.ucsb.nicolet.spectrum.txt,0.000399,1.000000,0.000000,0.000460,1.000000,0.000000,0.001026,0.000000,0.000000,0.004273,0.993778,0.999750,0.003253,0.955859,1.000000
"Salvia leucophylla 1 (VH287)",VH287,becknic,vegetation,vegetation.shrub.salvia.leucophylla.tir.vh287.ucsb.nicolet.spectrum.txt,0.000386,1.000000,0.000000,0.000449,1.000000,0.000000,0.001159,0.000000,0.000000,0.003568,0.996237,0.999750,0.002749,0.949889,1.000000
"Salvia leucophylla 2 (VH288)",VH288,becknic,vegetation,vegetation.shrub.salvia.leucophylla.tir.vh288.ucsb.nicolet.spectrum.txt,0.000999,1.000000,0.000000,0.000532,1.000000,0.000000,0.001448,0.000000,0.000000,0.004108,0.994924,0.999750,0.002622,0.960763,1.000000
"Salvia leucophylla 3 (VH289)",VH289,becknic,vegetation,vegetation.shrub.salvia.leucophylla.tir.vh289.ucsb.nicolet.spectrum.txt,0.000379,1.000000,0.000000,0.000449,1.000000,0.000000,0.001067,0.000000,0.000000,0.003390,0.995742,0.999750,0.002818,0.952611,1.000000
"Salvia leucophylla 1 (VH091)",VH091,becknic,vegetation,vegetation.shrub.salvia.leucophylla.vswir.vh091.ucsb.asd.spectrum.txt,0.003188,0.999411,1.000000,0.002062,0.985027,1.000000,0.001360,0.999905,1.000000,0.000552,1.000000,0.000000,0.000360,1.000000,0.000000
"Salvia leucophylla 1 (VH092)",VH092,becknic,vegetation,vegetation.shrub.salvia.leucophylla.vswir.vh092.ucsb.asd.spectrum.txt,0.004346,0.998380,1.000000,0.000810,0.992996,1.000000,0.001241,0.999863,1.000000,0.000549,1.000000,0.000000,0.000433,1.000000,0.000000
"Salvia leucophylla 2 (VH093)",VH093,becknic,vegetation,vegetation.shrub.salvia.leucophylla.vswir.vh093.ucsb.asd.spectrum.txt,0.002752,0.999629,1.000000,0.002200,0.981092,1.000000,0.001395,0.999909,1.000000,0.000517,1.000000,0.000000,0.000318,1.000000,0.000000
"Salvia leucophylla 2 (VH094)",VH094,becknic,vegetation,vegetation.shrub.salvia.leucophylla.vswir.vh094.ucsb.asd.spectrum.txt,0.004355,0.998865,1.000000,0.001701,0.988779,1.000000,0.001458,0.999890,1.000000,0.000508,1.000000,0.000000,0.000340,1.000000,0.000000
"Salvia leucophylla 3 (VH095)",VH095,becknic,vegetation,vegetation.shrub.salvia.leucophylla.vswir.vh095.ucsb.asd.spectrum.txt,0.002282,0.999686,1.000000,0.002822,0.982267,1.000000,0.001347,0.999914,1.000000,0.000479,1.000000,0.000000,0.000284,1.000000,0.000000
"Salvia leucophylla 3 (VH096)",VH096,becknic,vegetation,vegetation.shrub.salvia.leucophylla.vswir.vh096.ucsb.asd.spectrum.txt,0.003927,0.998232,1.000000,0.001835,0.988210,1.000000,0.001034,0.999901,1.000000,0.000522,1.000000,0.000000,0.000340,1.000000,0.000000
"Salvia leucophylla 1 (VH187)",VH187,becknic,vegetation,vegetation.shrub.salvia.leucophylla.vswir.vh187.ucsb.asd.spectrum.txt,0.002804,0.999377,1.000000,0.001571,0.985282,1.000000,0.001404,0.999835,1.000000,0.000521,1.000000,0.000000,0.000340,1.000000,0.000000
"Salvia leucophylla 1 (VH188)",VH188,becknic,vegetation,vegetation.shrub.salvia.leucophylla.vswir.vh188.ucsb.asd.spectrum.txt,0.003999,0.997621,1.000000,0.000794,0.994657,1.000000,0.001307,0.999698,1.000000,0.000663,1.000000,0.000000,0.000467,1.000000,0.000000
"Salvia leucophylla 2 (VH189)",VH189,becknic,vegetation,vegetation.shrub.salvia.leucophylla.vswir.vh189.ucsb.asd.spectrum.txt,0.003240,0.998864,1.000000,0.000976,0.994537,1.000000,0.001141,0.999853,1.000000,0.000551,1.000000,0.000000,0.000351,1.000000,0.000000
"Salvia leucophylla 2 (VH190)",VH190,becknic,vegetation,vegetation.shrub.salvia.leucophylla.vswir.vh190.ucsb.asd.spectrum.txt,0.003013,0.998557,1.000000,0.001251,0.993646,1.000000,0.001048,0.999843,1.000000,0.000546,1.000000,0.000000,0.000343,1.000000,0.000000
"Salvia leucophylla 3 (VH191)",VH191,becknic,vegetation,vegetation.shrub.salvia.leucophylla.vswir.vh191.ucsb.asd.spectrum.txt,0.003034,0.999081,1.000000,0.001333,0.996461,1.000000,0.001360,0.999816,1.000000,0.000496,1.000000,0.000000,0.000353,1.000000,0.000000
"Salvia leucophylla 3 (VH192)",VH192,becknic,vegetation,vegetation.shrub.salvia.leucophylla.vswir.vh192.ucsb.asd.spectrum.txt,0.002640,0.999077,1.000000,0.001076,0.997951,1.000000,0.001398,0.999765,1.000000,0.000527,1.000000,0.000000,0.000415,1.000000,0.000000
"Salvia leucophylla 1 (VH287)",VH287,becknic,vegetation,vegetation.shrub.salvia.leucophylla.vswir.vh287.ucsb.asd.spectrum.txt,0.004015,0.996842,1.000000,0.000645,0.999632,1.000000,0.002269,0.999276,1.000000,0.000718,1.000000,0.000000,0.000548,1.000000,0.000000
"Salvia leucophylla 2 (VH288)",VH288,becknic,vegetation,vegetation.shrub.salvia.leucophylla.vswir.vh288.ucsb.asd.spectrum.txt,0.004991,0.996824,1.000000,0.000939,0.999243,1.000000,0.002560,0.999255,1.000000,0.000806,1.000000,0.000000,0.000620,1.000000,0.000000
"Salvia leucophylla 3 (VH289)",VH289,becknic,vegetation,vegetation.shrub.salvia.leucophylla.vswir.vh289.ucsb.asd.spectrum.txt,0.003059,0.998980,1.000000,0.001677,0.998042,1.000000,0.002646,0.999382,1.000000,0.000738,1.000000,0.000000,0.000588,1.000000,0.000000
"Umbellularia californica 1 (VH025)",VH025,becknic,vegetation,vegetation.shrub.umbellularia.californica.tir.vh025.ucsb.nicolet.spectrum.txt,0.000141,1.000000,0.000000,0.000262,1.000000,0.000000,0.000203,1.000000,0.000000,0.003447,0.773725,0.999750,0.001331,0.956523,1.000000
"Umbellularia californica 1 (VH026)",VH026,becknic,vegetation,vegetation.shrub.umbellularia.californica.tir.vh026.ucsb.nicolet.spectrum.txt,0.000161,1.000000,0.000000,0.000277,1.000000,0.000000,0.000216,1.000000,0.000000,0.003913,0.736543,0.999750,0.001625,0.969996,1.000000
"Umbellularia californica 2 (VH027)",VH027,becknic,vegetation,vegetation.shrub.umbellularia.californica.tir.vh027.ucsb.nicolet.spectrum.txt,0.000222,1.000000,0.000000,0.000306,1.000000,0.000000,0.000241,1.000000,0.000000,0.003762,0.780360,0.999750,0.001064,0.979557,1.000000
"Umbellularia californica 2 (VH028)",VH028,becknic,vegetation,vegetation.shrub.umbellularia.californica.tir.vh028.ucsb.nicolet.spectrum.txt,0.000205,1.000000,0.000000,0.000299,1.000000,0.000000,0.000235,1.000000,0.000000,0.004774,0.703120,0.999750,0.001188,0.976973,1.000000
"Umbellularia californica 3 (VH029)",VH029,becknic,vegetation,vegetation.shrub.umbellularia.californica.tir.vh029.ucsb.nicolet.spectrum.txt,0.000130,1.000000,0.000000,0.000251,1.000000,0.000000,0.000194,1.000000,0.000000,0.003098,0.800911,0.999750,0.001130,0.931698,1.000000
"Umbellularia californica 3 (VH030)",VH030,becknic,vegetation,vegetation.shrub.umbellularia.californica.tir.vh030.ucsb.nicolet.spectrum.txt,0.000421,1.000000,0.000000,0.000344,1.000000,0.000000,0.000305,1.000000,0.000000,0.002146,0.797258,0.999750,0.001443,0.833779,1.000000
"Umbellularia californica 1 (VH103)",VH103,becknic,vegetation,vegetation.shrub.umbellularia.californica.tir.vh103.ucsb.nicolet.spectrum.txt,0.000082,1.000000,0.000000,0.000113,1.000000,0.000000,0.000087,1.000000,0.000000,0.002543,0.856676,0.999750,0.000454,0.989664,1.000000
"Umbellularia californica 1 (VH104)",VH104,becknic,vegetation,vegetation.shrub.umbellularia.californica.tir.vh104.ucsb.nicolet.spectrum.txt,0.000073,1.000000,0.000000,0.000101,1.000000,0.000000,0.000077,1.000000,0.000000,0.002276,0.856675,0.999750,0.000501,0.988790,1.000000
"Umbellularia californica 2 (VH105)",VH105,becknic,vegetation,vegetation.shrub.umbellularia.californica.tir.vh105.ucsb.nicolet.spectrum.txt,0.000100,1.000000,0.000000,0.000139,1.000000,0.000000,0.000107,1.000000,0.000000,0.002647,0.906410,0.999750,0.000505,0.995778,1.000000
"Umbellularia californica 2 (VH106)",VH106,becknic,vegetation,vegetation.shrub.umbellularia.californica.tir.vh106.ucsb.nicolet.spectrum.txt,0.000065,1.000000,0.000000,0.000090,1.000000,0.000000,0.000069,1.000000,0.000000,0.001868,0.884609,0.999750,0.000416,0.990861,1.000000
"Umbellularia californica 3 (VH107)",VH107,becknic,vegetation,vegetation.shrub.umbellularia.californica.tir.vh107.ucsb.nicolet.spectrum.txt,0.000083,1.000000,0.000000,0.000116,1.000000,0.000000,0.000089,1.000000,0.000000,0.003230,0.834560,0.999750,0.000599,0.986838,1.000000
"Umbellularia californica 3 (VH108)",VH108,becknic,vegetation,vegetation.shrub.umbellularia.californica.tir.vh108.ucsb.nicolet.spectrum.txt,0.000079,1.000000,0.000000,0.000110,1.000000,0.000000,0.000084,1.000000,0.000000,0.002534,0.870900,0.999750,0.000482,0.993917,1.000000
"Umbellularia californica 1 (VH235)",VH235,becknic,vegetation,vegetation.shrub.umbellularia.californica.tir.vh235.ucsb.nicolet.spectrum.txt,0.000165,1.000000,0.000000,0.000279,1.000000,0.000000,0.000218,1.000000,0.000000,0.003542,0.800083,0.999750,0.001805,0.908646,1.000000
"Umbellularia californica 1 (VH236)",VH236,becknic,vegetation,vegetation.shrub.umbellularia.californica.tir.vh236.ucsb.nicolet.spectrum.txt,0.000160,1.000000,0.000000,0.000276,1.000000,0.000000,0.000215,1.000000,0.000000,0.003786,0.782855,0.999750,0.001436,0.921097,1.000000
"Umbellularia californica 2 (VH237)",VH237,becknic,vegetation,vegetation.shrub.umbellularia.californica.tir.vh237.ucsb.nicolet.spectrum.txt,0.000248,1.000000,0.000000,0.000316,1.000000,0.000000,0.000251,1.000000,0.000000,0.005535,0.729514,0.999750,0.001589,0.865196,1.000000
"Umbellularia californica 2 (VH238)",VH238,becknic,vegetation,vegetation.shrub.umbellularia.californica.tir.vh238.ucsb.nicolet.spectrum.txt,0.000126,1.000000,0.000000,0.000243,1.000000,0.000000,0.000188,1.000000,0.000000,0.004351,0.748326,0.999750,0.001675,0.793623,1.000000
"Umbellularia californica 3 (VH239)",VH239,becknic,vegetation,vegetation.shrub.umbellularia.californica.tir.vh239.ucsb.nicolet.spectrum.txt,0.000230,1.000000,0.000000,0.000309,1.000000,0.000000,0.000244,1.000000,0.000000,0.003710,0.850165,0.999750,0.001480,0.936815,1.000000
"Umbellularia californica 3 (VH240)",VH240,becknic,vegetation,vegetation.shrub.umbellularia.californica.tir.vh240.ucsb.nicolet.spectrum.txt,0.000168,1.000000,0.000000,0.000281,1.000000,0.000000,0.000219,1.000000,0.000000,0.004037,0.787731,0.999750,0.002064,0.918513,1.000000
"Umbellularia californica 1 (VH025)",VH025,becknic,vegetation,vegetation.shrub.umbellularia.californica.vswir.vh025.ucsb.asd.spectrum.txt,0.001827,0.999781,1.000000,0.000422,0.993552,1.000000,0.001324,0.999863,1.000000,0.000448,1.000000,0.000000,0.000257,1.000000,0.000000
"Umbellularia californica 1 (VH026)",VH026,becknic,vegetation,vegetation.shrub.umbellularia.californica.vswir.vh026.ucsb.asd.spectrum.txt,0.002151,0.999642,1.000000,0.000654,0.977941,1.000000,0.001618,0.999787,1.000000,0.000332,1.000000,0.000000,0.000296,1.000000,0.000000
"Umbellularia californica 2 (VH027)",VH027,becknic,vegetation,vegetation.shrub.umbellularia.californica.vswir.vh027.ucsb.asd.spectrum.txt,0.001540,0.999859,1.000000,0.001290,0.887983,1.000000,0.001452,0.999864,1.000000,0.000399,1.000000,0.000000,0.000269,1.000000,0.000000
"Umbellularia californica 2 (VH028)",VH028,becknic,vegetation,vegetation.shrub.umbellularia.californica.vswir.vh028.ucsb.asd.spectrum.txt,0.002535,0.999543,1.000000,0.000752,0.983395,1.000000,0.001636,0.999787,1.000000,0.000288,1.000000,0.000000,0.000275,1.000000,0.000000
"Umbellularia californica 3 (VH029)",VH029,becknic,vegetation,vegetation.shrub.umbellularia.californica.vswir.vh029.ucsb.asd.spectrum.txt,0.001461,0.999889,1.000000,0.000603,0.983879,1.000000,0.001742,0.999824,1.000000,0.000548,1.000000,0.000000,0.000357,1.000000,0.000000
"Umbellularia californica 3 (VH030)",VH030,becknic,vegetation,vegetation.shrub.umbellularia.californica.vswir.vh030.ucsb.asd.spectrum.txt,0.001895,0.999836,1.000000,0.000726,0.985396,1.000000,0.002108,0.999783,1.000000,0.000316,1.000000,0.000000,0.000288,1.000000,0.000000
"Umbellularia californica 1 (VH103)",VH103,becknic,vegetation,vegetation.shrub.umbellularia.californica.vswir.vh103.ucsb.asd.spectrum.txt,0.001008,0.999964,1.000000,0.000738,0.985856,1.000000,0.001906,0.999867,1.000000,0.000497,1.000000,0.000000,0.000300,1.000000,0.000000
"Umbellularia californica 1 (VH104)",VH104,becknic,vegetation,vegetation.shrub.umbellularia.californica.vswir.vh104.ucsb.asd.spectrum.txt,0.003620,0.999524,1.000000,0.000962,0.990948,1.000000,0.001251,0.999935,1.000000,0.000226,1.000000,0.000000,0.000246,1.000000,0.000000
"Umbellularia californica 2 (VH105)",VH105,becknic,vegetation,vegetation.shrub.umbellularia.californica.vswir.vh105.ucsb.asd.spectrum.txt,0.001052,0.999955,1.000000,0.001034,0.962222,1.000000,0.001816,0.999856,1.000000,0.000532,1.000000,0.000000,0.000334,1.000000,0.000000
"Umbellularia californica 2 (VH106)",VH106,becknic,vegetation,vegetation.shrub.umbellularia.californica.vswir.vh106.ucsb.asd.spectrum.txt,0.002134,0.999811,1.000000,0.000981,0.979195,1.000000,0.001541,0.999893,1.000000,0.000297,1.000000,0.000000,0.000278,1.000000,0.000000
"Umbellularia californica 3 (VH107)",VH107,becknic,vegetation,vegetation.shrub.umbellularia.californica.vswir.vh107.ucsb.asd.spectrum.txt,0.001080,0.999948,1.000000,0.000869,0.986160,1.000000,0.001593,0.999883,1.000000,0.000258,1.000000,0.000000,0.000270,1.000000,0.000000
"Umbellularia californica 3 (VH108)",VH108,becknic,vegetation,vegetation.shrub.umbellularia.californica.vswir.vh108.ucsb.asd.spectrum.txt,0.001817,0.999851,1.000000,0.001385,0.969912,1.000000,0.001555,0.999879,1.000000,0.000551,1.000000,0.000000,0.000359,1.000000,0.000000
"Umbellularia californica 1 (VH235)",VH235,becknic,vegetation,vegetation.shrub.umbellularia.californica.vswir.vh235.ucsb.asd.spectrum.txt,0.001989,0.999857,1.000000,0.001133,0.947070,1.000000,0.001873,0.999845,1.000000,0.000551,1.000000,0.000000,0.000360,1.000000,0.000000
"Umbellularia californica 1 (VH236)",VH236,becknic,vegetation,vegetation.shrub.umbellularia.californica.vswir.vh236.ucsb.asd.spectrum.txt,0.004088,0.999509,1.000000,0.002101,0.947697,1.000000,0.002235,0.999810,1.000000,0.000552,1.000000,0.000000,0.000360,1.000000,0.000000
"Umbellularia californica 2 (VH237)",VH237,becknic,vegetation,vegetation.shrub.umbellularia.californica.vswir.vh237.ucsb.asd.spectrum.txt,0.002678,0.999739,1.000000,0.001625,0.864662,1.000000,0.002196,0.999767,1.000000,0.000569,1.000000,0.000000,0.000441,1.000000,0.000000
"Umbellularia californica 2 (VH238)",VH238,becknic,vegetation,vegetation.shrub.umbellularia.californica.vswir.vh238.ucsb.asd.spectrum.txt,0.004256,0.999505,1.000000,0.001224,0.959888,1.000000,0.003053,0.999642,1.000000,0.000864,1.000000,0.000000,0.000627,1.000000,0.000000
"Umbellularia californica 3 (VH239)",VH239,becknic,vegetation,vegetation.shrub.umbellularia.californica.vswir.vh239.ucsb.asd.spectrum.txt,0.003705,0.999518,1.000000,0.001080,0.940577,1.000000,0.002208,0.999797,1.000000,0.000549,1.000000,0.000000,0.000345,1.000000,0.000000
"Umbellularia californica 3 (VH240)",VH240,becknic,vegetation,vegetation.shrub.umbellularia.californica.vswir.vh240.ucsb.asd.spectrum.txt,0.002792,0.999710,1.000000,0.001472,0.915303,1.000000,0.002170,0.999802,1.000000,0.000550,1.000000,0.000000,0.000359,1.000000,0.000000
"Abies concolor 1 (VH053)",VH053,becknic,vegetation,vegetation.tree.abies.concolor.tir.vh053.ucsb.nicolet.spectrum.txt,0.000127,1.000000,0.000000,0.000205,1.000000,0.000000,0.000158,1.000000,0.000000,0.001364,0.943220,0.999750,0.001246,0.606698,1.000000
"Abies concolor 1 (VH054)",VH054,becknic,vegetation,vegetation.tree.abies.concolor.tir.vh054.ucsb.nicolet.spectrum.txt,0.000127,1.000000,0.000000,0.000210,1.000000,0.000000,0.000161,1.000000,0.000000,0.001540,0.891507,0.999750,0.001132,0.570560,1.000000
"Abies concolor 2 (VH063)",VH063,becknic,vegetation,vegetation.tree.abies.concolor.tir.vh063.ucsb.nicolet.spectrum.txt,0.000132,1.000000,0.000000,0.000254,1.000000,0.000000,0.000197,1.000000,0.000000,0.001413,0.903483,0.999750,0.001147,0.776245,1.000000
"Abies concolor 2 (VH064)",VH064,becknic,vegetation,vegetation.tree.abies.concolor.tir.vh064.ucsb.nicolet.spectrum.txt,0.000113,1.000000,0.000000,0.000156,1.000000,0.000000,0.000120,1.000000,0.000000,0.001226,0.899478,0.999750,0.001245,0.470552,1.000000
"Abies concolor 3 (VH071)",VH071,becknic,vegetation,vegetation.tree.abies.concolor.tir.vh071.ucsb.nicolet.spectrum.txt,0.000129,1.000000,0.000000,0.000195,1.000000,0.000000,0.000150,1.000000,0.000000,0.001435,0.926432,0.999750,0.001189,0.645065,1.000000
"Abies concolor 3 (VH072)",VH072,becknic,vegetation,vegetation.tree.abies.concolor.tir.vh072.ucsb.nicolet.spectrum.txt,0.000130,1.000000,0.000000,0.000194,1.000000,0.000000,0.000149,1.000000,0.000000,0.001270,0.880579,0.999750,0.001202,0.549255,1.000000
"Abies concolor 1 (VH149)",VH149,becknic,vegetation,vegetation.tree.abies.concolor.tir.vh149.ucsb.nicolet.spectrum.txt,0.000126,1.000000,0.000000,0.000236,1.000000,0.000000,0.000182,1.000000,0.000000,0.002225,0.798781,0.999750,0.001176,0.710640,1.000000
"Abies concolor 1 (VH150)",VH150,becknic,vegetation,vegetation.tree.abies.concolor.tir.vh150.ucsb.nicolet.spectrum.txt,0.000128,1.000000,0.000000,0.000178,1.000000,0.000000,0.000137,1.000000,0.000000,0.002090,0.783722,0.999750,0.001136,0.629662,1.000000
"Abies concolor 2 (VH159)",VH159,becknic,vegetation,vegetation.tree.abies.concolor.tir.vh159.ucsb.nicolet.spectrum.txt,0.000130,1.000000,0.000000,0.000194,1.000000,0.000000,0.000150,1.000000,0.000000,0.001836,0.879791,0.999750,0.001222,0.631075,1.000000
"Abies concolor 2 (VH160)",VH160,becknic,vegetation,vegetation.tree.abies.concolor.tir.vh160.ucsb.nicolet.spectrum.txt,0.000130,1.000000,0.000000,0.000193,1.000000,0.000000,0.000149,1.000000,0.000000,0.001883,0.859728,0.999750,0.001104,0.562445,1.000000
"Abies concolor 3 (VH167)",VH167,becknic,vegetation,vegetation.tree.abies.concolor.tir.vh167.ucsb.nicolet.spectrum.txt,0.000129,1.000000,0.000000,0.000180,1.000000,0.000000,0.000138,1.000000,0.000000,0.001843,0.841568,0.999750,0.001427,0.626138,1.000000
"Abies concolor 3 (VH168)",VH168,becknic,vegetation,vegetation.tree.abies.concolor.tir.vh168.ucsb.nicolet.spectrum.txt,0.000113,1.000000,0.000000,0.000157,1.000000,0.000000,0.000121,1.000000,0.000000,0.002050,0.771950,0.999750,0.001428,0.541787,1.000000
"Abies concolor 1 (VH245)",VH245,becknic,vegetation,vegetation.tree.abies.concolor.tir.vh245.ucsb.nicolet.spectrum.txt,0.000127,1.000000,0.000000,0.000224,1.000000,0.000000,0.000173,1.000000,0.000000,0.002021,0.855278,0.999750,0.001817,0.640909,1.000000
"Abies concolor 1 (VH246)",VH246,becknic,vegetation,vegetation.tree.abies.concolor.tir.vh246.ucsb.nicolet.spectrum.txt,0.000148,1.000000,0.000000,0.000268,1.000000,0.000000,0.000208,1.000000,0.000000,0.000627,0.742702,0.999750,0.000349,0.933127,1.000000
"Abies concolor 2 (VH256)",VH256,becknic,vegetation,vegetation.tree.abies.concolor.tir.vh256.ucsb.nicolet.spectrum.txt,0.000492,1.000000,0.000000,0.000371,1.000000,0.000000,0.000345,1.000000,0.000000,0.001924,0.770224,0.999750,0.001386,0.779607,1.000000
"Abies concolor 2 (VH257)",VH257,becknic,vegetation,vegetation.tree.abies.concolor.tir.vh257.ucsb.nicolet.spectrum.txt,0.000370,1.000000,0.000000,0.000342,1.000000,0.000000,0.000291,1.000000,0.000000,0.001867,0.763001,0.999750,0.001772,0.737088,1.000000
"Abies concolor 3 (VH264)",VH264,becknic,vegetation,vegetation.tree.abies.concolor.tir.vh264.ucsb.nicolet.spectrum.txt,0.000478,1.000000,0.000000,0.000358,1.000000,0.000000,0.000324,1.000000,0.000000,0.002233,0.758134,0.999750,0.001629,0.664008,1.000000
"Abies concolor 3 (VH265)",VH265,becknic,vegetation,vegetation.tree.abies.concolor.tir.vh265.ucsb.nicolet.spectrum.txt,0.000154,1.000000,0.000000,0.000272,1.000000,0.000000,0.000212,1.000000,0.000000,0.002128,0.708525,0.999750,0.001731,0.597420,1.000000
"Abies concolor 1 (VH053)",VH053,becknic,vegetation,vegetation.tree.abies.concolor.vswir.vh053.ucsb.asd.spectrum.txt,0.001889,0.999776,1.000000,0.001379,0.985782,1.000000,0.001399,0.999881,1.000000,0.000241,1.000000,0.000000,0.000267,1.000000,0.000000
"Abies concolor 1 (VH054)",VH054,becknic,vegetation,vegetation.tree.abies.concolor.vswir.vh054.ucsb.asd.spectrum.txt,0.002533,0.999721,1.000000,0.001455,0.994333,1.000000,0.001987,0.999804,1.000000,0.000261,1.000000,0.000000,0.000230,1.000000,0.000000
"Abies concolor 2 (VH063)",VH063,becknic,vegetation,vegetation.tree.abies.concolor.vswir.vh063.ucsb.asd.spectrum.txt,0.002328,0.999779,1.000000,0.001404,0.994218,1.000000,0.002296,0.999790,1.000000,0.000314,1.000000,0.000000,0.000287,1.000000,0.000000
"Abies concolor 2 (VH064)",VH064,becknic,vegetation,vegetation.tree.abies.concolor.vswir.vh064.ucsb.asd.spectrum.txt,0.002291,0.999828,1.000000,0.001349,0.994919,1.000000,0.002120,0.999842,1.000000,0.000245,1.000000,0.000000,0.000238,1.000000,0.000000
"Abies concolor 3 (VH071)",VH071,becknic,vegetation,vegetation.tree.abies.concolor.vswir.vh071.ucsb.asd.spectrum.txt,0.002310,0.999791,1.000000,0.002711,0.966606,1.000000,0.001866,0.999862,1.000000,0.000298,1.000000,0.000000,0.000278,1.000000,0.000000
"Abies concolor 3 (VH072)",VH072,becknic,vegetation,vegetation.tree.abies.concolor.vswir.vh072.ucsb.asd.spectrum.txt,0.002253,0.999737,1.000000,0.001952,0.987509,1.000000,0.001685,0.999838,1.000000,0.000231,1.000000,0.000000,0.000211,1.000000,0.000000
"Abies concolor 1 (VH149)",VH149,becknic,vegetation,vegetation.tree.abies.concolor.vswir.vh149.ucsb.asd.spectrum.txt,0.001863,0.999848,1.000000,0.001501,0.989141,1.000000,0.001796,0.999854,1.000000,0.000287,1.000000,0.000000,0.000275,1.000000,0.000000
"Abies concolor 1 (VH150)",VH150,becknic,vegetation,vegetation.tree.abies.concolor.vswir.vh150.ucsb.asd.spectrum.txt,0.001543,0.999870,1.000000,0.001011,0.994276,1.000000,0.001407,0.999882,1.000000,0.000261,1.000000,0.000000,0.000231,1.000000,0.000000
"Abies concolor 2 (VH159)",VH159,becknic,vegetation,vegetation.tree.abies.concolor.vswir.vh159.ucsb.asd.spectrum.txt,0.002072,0.999766,1.000000,0.002107,0.977207,1.000000,0.002162,0.999747,1.000000,0.000230,1.000000,0.000000,0.000244,1.000000,0.000000
"Abies concolor 2 (VH160)",VH160,becknic,vegetation,vegetation.tree.abies.concolor.vswir.vh160.ucsb.asd.spectrum.txt,0.002278,0.999796,1.000000,0.001694,0.991467,1.000000,0.001984,0.999833,1.000000,0.000227,1.000000,0.000000,0.000246,1.000000,0.000000
"Abies concolor 3 (VH167)",VH167,becknic,vegetation,vegetation.tree.abies.concolor.vswir.vh167.ucsb.asd.spectrum.txt,0.002068,0.999860,1.000000,0.001784,0.990460,1.000000,0.002510,0.999785,1.000000,0.000324,1.000000,0.000000,0.000292,1.000000,0.000000
"Abies concolor 3 (VH168)",VH168,becknic,vegetation,vegetation.tree.abies.concolor.vswir.vh168.ucsb.asd.spectrum.txt,0.002442,0.999757,1.000000,0.001058,0.997198,1.000000,0.002379,0.999745,1.000000,0.000216,1.000000,0.000000,0.000254,1.000000,0.000000
"Abies concolor 1 (VH245)",VH245,becknic,vegetation,vegetation.tree.abies.concolor.vswir.vh245.ucsb.asd.spectrum.txt,0.001081,0.999952,1.000000,0.001319,0.990492,1.000000,0.001843,0.999855,1.000000,0.000458,1.000000,0.000000,0.000263,1.000000,0.000000
"Abies concolor 1 (VH246)",VH246,becknic,vegetation,vegetation.tree.abies.concolor.vswir.vh246.ucsb.asd.spectrum.txt,0.001479,0.999908,1.000000,0.001377,0.986153,1.000000,0.001450,0.999903,1.000000,0.000386,1.000000,0.000000,0.000283,1.000000,0.000000
"Abies concolor 2 (VH256)",VH256,becknic,vegetation,vegetation.tree.abies.concolor.vswir.vh256.ucsb.asd.spectrum.txt,0.001128,0.999939,1.000000,0.001341,0.984970,1.000000,0.001551,0.999874,1.000000,0.000497,1.000000,0.000000,0.000300,1.000000,0.000000
"Abies concolor 2 (VH257)",VH257,becknic,vegetation,vegetation.tree.abies.concolor.vswir.vh257.ucsb.asd.spectrum.txt,0.001521,0.999915,1.000000,0.001950,0.979638,1.000000,0.001547,0.999900,1.000000,0.000498,1.000000,0.000000,0.000301,1.000000,0.000000
"Abies concolor 3 (VH264)",VH264,becknic,vegetation,vegetation.tree.abies.concolor.vswir.vh264.ucsb.asd.spectrum.txt,0.001949,0.999833,1.000000,0.002041,0.970271,1.000000,0.001626,0.999871,1.000000,0.000367,1.000000,0.000000,0.000310,1.000000,0.000000
"Abies concolor 3 (VH265)",VH265,becknic,vegetation,vegetation.tree.abies.concolor.vswir.vh265.ucsb.asd.spectrum.txt,0.000754,0.999976,1.000000,0.001474,0.989565,1.000000,0.001835,0.999844,1.000000,0.000250,1.000000,0.000000,0.000269,1.000000,0.000000
"Acacia caven (JPL139)",JPL139,becknic,vegetation,vegetation.tree.acacia.caven.vswir.jpl139.jpl.asd.spectrum.txt,0.000851,0.999863,1.000000,0.000763,0.995026,1.000000,0.000897,0.999893,1.000000,0.000227,1.000000,0.000000,0.000246,1.000000,0.000000
"Acacia caven (JPL140)",JPL140,becknic,vegetation,vegetation.tree.acacia.caven.vswir.jpl140.jpl.asd.spectrum.txt,0.000433,0.999839,1.000000,0.001157,0.922582,1.000000,0.000856,0.999432,1.000000,0.000229,1.000000,0.000000,0.000268,1.000000,0.000000
"Acacia visco (JPL196)",JPL196,becknic,vegetation,vegetation.tree.acacia.visco.tir.jpl196.jpl.nicolet.spectrum.txt,0.000065,1.000000,0.000000,0.000090,1.000000,0.000000,0.000070,1.000000,0.000000,0.000449,0.823785,0.999750,0.000219,1.000000,1.000000
"Acacia visco (JPL159)",JPL159,becknic,vegetation,vegetation.tree.acacia.visco.vswir.jpl159.jpl.asd.spectrum.txt,0.000852,0.999921,1.000000,0.001570,0.851132,1.000000,0.001059,0.999870,1.000000,0.000233,1.000000,0.000000,0.000267,1.000000,0.000000
"Acacia visco (JPL196)",JPL196,becknic,vegetation,vegetation.tree.acacia.visco.vswir.jpl196.jpl.asd.spectrum.txt,0.000856,0.999838,1.000000,0.000775,0.860290,1.000000,0.000825,0.999850,1.000000,0.000249,1.000000,0.000000,0.000237,1.000000,0.000000
"Acer paxii (JPL225)",JPL225,becknic,vegetation,vegetation.tree.acer.paxii.tir.jpl225.jpl.nicolet.spectrum.txt,0.000528,1.000000,0.000000,0.000433,1.000000,0.000000,0.000507,1.000000,0.000000,0.001996,0.780557,0.999750,0.001134,0.908776,1.000000
"Acer paxii (JPL120)",JPL120,becknic,vegetation,vegetation.tree.acer.paxii.vswir.jpl120.jpl.asd.spectrum.txt,0.000835,0.999944,1.000000,0.001601,0.882406,1.000000,0.001452,0.999825,1.000000,0.000245,1.000000,0.000000,0.000268,1.000000,0.000000
"Acer paxii (JPL225)",JPL225,becknic,vegetation,vegetation.tree.acer.paxii.vswir.jpl225.jpl.asd.spectrum.txt,0.001213,0.999895,1.000000,0.002196,0.866109,1.000000,0.001348,0.999863,1.000000,0.000356,1.000000,0.000000,0.000314,1.000000,0.000000
"Acer pensylvanicum (ACPE-1-67)",ACPE-1-67,becknic,vegetation,vegetation.tree.acer.pensylvanicum.tir.acpe-1-67.ucsb.nicolet.spectrum.txt,0.000510,1.000000,0.000000,0.000466,1.000000,0.000000,0.000623,1.000000,0.000000,0.004392,0.940182,0.999750,0.002097,0.972817,1.000000
"Acer pensylvanicum (ACPE-2-69)",ACPE-2-69,becknic,vegetation,vegetation.tree.acer.pensylvanicum.tir.acpe-2-69.ucsb.nicolet.spectrum.txt,0.000534,1.000000,0.000000,0.000425,1.000000,0.000000,0.000479,1.000000,0.000000,0.003927,0.925022,0.999750,0.001791,0.975754,1.000000
"Acer pensylvanicum (ACPE-1-67)",ACPE-1-67,becknic,vegetation,vegetation.tree.acer.pensylvanicum.vswir.acpe-1-67.ucsb.asd.spectrum.txt,0.002878,0.999217,1.000000,0.000383,0.986438,1.000000,0.001215,0.999773,1.000000,0.000474,1.000000,0.000000,0.000278,1.000000,0.000000
"Acer pensylvanicum (ACPE-2-69)",ACPE-2-69,becknic,vegetation,vegetation.tree.acer.pensylvanicum.vswir.acpe-2-69.ucsb.asd.spectrum.txt,0.001961,0.999738,1.000000,0.000580,0.945259,1.000000,0.001364,0.999816,1.000000,0.000500,1.000000,0.000000,0.000302,1.000000,0.000000
"Acer rubrum (ACRU-1-13)",ACRU-1-13,becknic,vegetation,vegetation.tree.acer.rubrum.tir.acru-1-13.ucsb.nicolet.spectrum.txt,0.000501,1.000000,0.000000,0.000379,1.000000,0.000000,0.000359,1.000000,0.000000,0.002791,0.795316,0.999750,0.001826,0.937364,1.000000
"Acer rubrum (ACRU-1-15)",ACRU-1-15,becknic,vegetation,vegetation.tree.acer.rubrum.tir.acru-1-15.ucsb.nicolet.spectrum.txt,0.000192,1.000000,0.000000,0.000293,1.000000,0.000000,0.000230,1.000000,0.000000,0.002809,0.855744,0.999750,0.003007,0.885632,1.000000
"Acer rubrum (ACRU-2-17)",ACRU-2-17,becknic,vegetation,vegetation.tree.acer.rubrum.tir.acru-2-17.ucsb.nicolet.spectrum.txt,0.000197,1.000000,0.000000,0.000296,1.000000,0.000000,0.000232,1.000000,0.000000,0.003292,0.652365,0.999750,0.002203,0.938139,1.000000
"Acer rubrum (ACRU-2-19)",ACRU-2-19,becknic,vegetation,vegetation.tree.acer.rubrum.tir.acru-2-19.ucsb.nicolet.spectrum.txt,0.000484,1.000000,0.000000,0.000523,1.000000,0.000000,0.000784,1.000000,0.000000,0.003295,0.902902,0.999750,0.003050,0.898016,1.000000
"Acer rubrum (ACRU-3-21)",ACRU-3-21,becknic,vegetation,vegetation.tree.acer.rubrum.tir.acru-3-21.ucsb.nicolet.spectrum.txt,0.000470,1.000000,0.000000,0.000528,1.000000,0.000000,0.000897,1.000000,0.000000,0.003371,0.927076,0.999750,0.002595,0.850754,1.000000
"Acer rubrum (ACRU-3-23)",ACRU-3-23,becknic,vegetation,vegetation.tree.acer.rubrum.tir.acru-3-23.ucsb.nicolet.spectrum.txt,0.000275,1.000000,0.000000,0.000326,1.000000,0.000000,0.000260,1.000000,0.000000,0.003082,0.859760,0.999750,0.001820,0.984365,1.000000
"Acer rubrum (ACRU-1-13)",ACRU-1-13,becknic,vegetation,vegetation.tree.acer.rubrum.vswir.acru-1-13.ucsb.asd.spectrum.txt,0.001170,0.999909,1.000000,0.000843,0.930793,1.000000,0.001395,0.999865,1.000000,0.000533,1.000000,0.000000,0.000336,1.000000,0.000000
"Acer rubrum (ACRU-1-15)",ACRU-1-15,becknic,vegetation,vegetation.tree.acer.rubrum.vswir.acru-1-15.ucsb.asd.spectrum.txt,0.001870,0.999802,1.000000,0.000629,0.986506,1.000000,0.001346,0.999884,1.000000,0.000432,1.000000,0.000000,0.000252,1.000000,0.000000
"Acer rubrum (ACRU-2-17)",ACRU-2-17,becknic,vegetation,vegetation.tree.acer.rubrum.vswir.acru-2-17.ucsb.asd.spectrum.txt,0.001722,0.999815,1.000000,0.001524,0.885599,1.000000,0.001416,0.999872,1.000000,0.000499,1.000000,0.000000,0.000302,1.000000,0.000000
"Acer rubrum (ACRU-2-19)",ACRU-2-19,becknic,vegetation,vegetation.tree.acer.rubrum.vswir.acru-2-19.ucsb.asd.spectrum.txt,0.001580,0.999843,1.000000,0.000827,0.959393,1.000000,0.001128,0.999906,1.000000,0.000471,1.000000,0.000000,0.000274,1.000000,0.000000
"Acer rubrum (ACRU-3-21)",ACRU-3-21,becknic,vegetation,vegetation.tree.acer.rubrum.vswir.acru-3-21.ucsb.asd.spectrum.txt,0.001901,0.999799,1.000000,0.000375,0.993139,1.000000,0.001471,0.999869,1.000000,0.000455,1.000000,0.000000,0.000262,1.000000,0.000000
"Acer rubrum (ACRU-3-23)",ACRU-3-23,becknic,vegetation,vegetation.tree.acer.rubrum.vswir.acru-3-23.ucsb.asd.spectrum.txt,0.001516,0.999865,1.000000,0.001205,0.895969,1.000000,0.001282,0.999883,1.000000,0.000545,1.000000,0.000000,0.000355,1.000000,0.000000
"Aloe bainesii (JPL057)",JPL057,becknic,vegetation,vegetation.tree.aloe.bainesii.tir.jpl057.jpl.nicolet.spectrum.txt,0.000063,1.000000,0.000000,0.000088,1.000000,0.000000,0.000068,1.000000,0.000000,0.001182,0.618644,0.999750,0.000695,0.746531,1.000000
"Aloe bainesii (JPL058)",JPL058,becknic,vegetation,vegetation.tree.aloe.bainesii.tir.jpl058.jpl.nicolet.spectrum.txt,0.000066,1.000000,0.000000,0.000091,1.000000,0.000000,0.000070,1.000000,0.000000,0.001014,0.691504,0.999750,0.000869,0.781554,1.000000
"Aloe bainesii (JPL059)",JPL059,becknic,vegetation,vegetation.tree.aloe.bainesii.tir.jpl059.jpl.nicolet.spectrum.txt,0.000047,1.000000,0.000000,0.000065,1.000000,0.000000,0.000050,1.000000,0.000000,0.000759,0.660524,0.999750,0.000783,0.672244,1.000000
"Aloe bainesii (JPL057)",JPL057,becknic,vegetation,vegetation.tree.aloe.bainesii.vswir.jpl057.jpl.asd.spectrum.txt,0.004709,0.999487,1.000000,0.005135,0.995128,1.000000,0.009286,0.995017,1.000000,0.000251,1.000000,0.000000,0.000236,1.000000,0.000000
"Aloe bainesii (JPL058)",JPL058,becknic,vegetation,vegetation.tree.aloe.bainesii.vswir.jpl058.jpl.asd.spectrum.txt,0.005901,0.999287,1.000000,0.005006,0.995232,1.000000,0.006021,0.998185,1.000000,0.000505,1.000000,0.000000,0.000307,1.000000,0.000000
"Aloe bainesii (JPL059)",JPL059,becknic,vegetation,vegetation.tree.aloe.bainesii.vswir.jpl059.jpl.asd.spectrum.txt,0.002198,0.999849,1.000000,0.006434,0.989392,1.000000,0.009988,0.992213,1.000000,0.000258,1.000000,0.000000,0.000228,1.000000,0.000000
"Bambusa beecheyana (JPL236)",JPL236,becknic,vegetation,vegetation.tree.bambusa.beecheyana.tir.jpl236.jpl.nicolet.spectrum.txt,0.000197,1.000000,0.000000,0.000296,1.000000,0.000000,0.000232,1.000000,0.000000,0.002104,0.958818,0.999750,0.000915,0.993921,1.000000
"Bambusa beecheyana (JPL237)",JPL237,becknic,vegetation,vegetation.tree.bambusa.beecheyana.tir.jpl237.jpl.nicolet.spectrum.txt,0.000372,1.000000,0.000000,0.000342,1.000000,0.000000,0.000292,1.000000,0.000000,0.002307,0.964170,0.999750,0.000971,0.975978,1.000000
"Bambusa beecheyana (JPL238)",JPL238,becknic,vegetation,vegetation.tree.bambusa.beecheyana.tir.jpl238.jpl.nicolet.spectrum.txt,0.000168,1.000000,0.000000,0.000281,1.000000,0.000000,0.000219,1.000000,0.000000,0.002113,0.956667,0.999750,0.000806,0.993388,1.000000
"Bambusa beecheyana (JPL244)",JPL244,becknic,vegetation,vegetation.tree.bambusa.beecheyana.tir.jpl244.jpl.nicolet.spectrum.txt,0.000160,1.000000,0.000000,0.000276,1.000000,0.000000,0.000215,1.000000,0.000000,0.002014,0.954282,0.999750,0.000911,0.994731,1.000000
"Bambusa beecheyana (JPL245)",JPL245,becknic,vegetation,vegetation.tree.bambusa.beecheyana.tir.jpl245.jpl.nicolet.spectrum.txt,0.000304,1.000000,0.000000,0.000337,1.000000,0.000000,0.000270,1.000000,0.000000,0.002256,0.964145,0.999750,0.000852,0.991394,1.000000
"Bambusa beecheyana (JPL246)",JPL246,becknic,vegetation,vegetation.tree.bambusa.beecheyana.tir.jpl246.jpl.nicolet.spectrum.txt,0.000491,1.000000,0.000000,0.000370,1.000000,0.000000,0.000344,1.000000,0.000000,0.003060,0.964805,0.999750,0.001120,0.993398,1.000000
"Bambusa beecheyana (JPL133)",JPL133,becknic,vegetation,vegetation.tree.bambusa.beecheyana.vswir.jpl133.jpl.asd.spectrum.txt,0.001048,0.999910,1.000000,0.000922,0.921797,1.000000,0.001448,0.999778,1.000000,0.000461,1.000000,0.000000,0.000266,1.000000,0.000000
"Bambusa beecheyana (JPL134)",JPL134,becknic,vegetation,vegetation.tree.bambusa.beecheyana.vswir.jpl134.jpl.asd.spectrum.txt,0.001388,0.999818,1.000000,0.000974,0.949180,1.000000,0.001529,0.999670,1.000000,0.000501,1.000000,0.000000,0.000304,1.000000,0.000000
"Bambusa beecheyana (JPL135)",JPL135,becknic,vegetation,vegetation.tree.bambusa.beecheyana.vswir.jpl135.jpl.asd.spectrum.txt,0.001019,0.999917,1.000000,0.001083,0.789690,1.000000,0.001296,0.999843,1.000000,0.000492,1.000000,0.000000,0.000296,1.000000,0.000000
"Bambusa beecheyana (JPL236)",JPL236,becknic,vegetation,vegetation.tree.bambusa.beecheyana.vswir.jpl236.jpl.asd.spectrum.txt,0.001730,0.999778,1.000000,0.000926,0.973921,1.000000,0.001802,0.999673,1.000000,0.000491,1.000000,0.000000,0.000295,1.000000,0.000000
"Bambusa beecheyana (JPL237)",JPL237,becknic,vegetation,vegetation.tree.bambusa.beecheyana.vswir.jpl237.jpl.asd.spectrum.txt,0.001367,0.999864,1.000000,0.001089,0.945000,1.000000,0.001696,0.999705,1.000000,0.000552,1.000000,0.000000,0.000360,1.000000,0.000000
"Bambusa beecheyana (JPL238)",JPL238,becknic,vegetation,vegetation.tree.bambusa.beecheyana.vswir.jpl238.jpl.asd.spectrum.txt,0.001410,0.999855,1.000000,0.001015,0.924176,1.000000,0.001792,0.999695,1.000000,0.000417,1.000000,0.000000,0.000257,1.000000,0.000000
"Bambusa beecheyana (JPL244)",JPL244,becknic,vegetation,vegetation.tree.bambusa.beecheyana.vswir.jpl244.jpl.asd.spectrum.txt,0.002441,0.999646,1.000000,0.000610,0.988521,1.000000,0.001748,0.999733,1.000000,0.000506,1.000000,0.000000,0.000340,1.000000,0.000000
"Bambusa beecheyana (JPL245)",JPL245,becknic,vegetation,vegetation.tree.bambusa.beecheyana.vswir.jpl245.jpl.asd.spectrum.txt,0.001668,0.999799,1.000000,0.001362,0.887705,1.000000,0.001678,0.999681,1.000000,0.000504,1.000000,0.000000,0.000340,1.000000,0.000000
"Bambusa beecheyana (JPL246)",JPL246,becknic,vegetation,vegetation.tree.bambusa.beecheyana.vswir.jpl246.jpl.asd.spectrum.txt,0.002053,0.999692,1.000000,0.000931,0.945560,1.000000,0.001899,0.999521,1.000000,0.000496,1.000000,0.000000,0.000343,1.000000,0.000000
"Bambusa tuldoides (JPL214)",JPL214,becknic,vegetation,vegetation.tree.bambusa.tuldoides.tir.jpl214.jpl.nicolet.spectrum.txt,0.000509,1.000000,0.000000,0.000392,1.000000,0.000000,0.000388,1.000000,0.000000,0.003448,0.960246,0.999750,0.001113,0.992838,1.000000
"Bambusa tuldoides (JPL215)",JPL215,becknic,vegetation,vegetation.tree.bambusa.tuldoides.tir.jpl215.jpl.nicolet.spectrum.txt,0.000490,1.000000,0.000000,0.000369,1.000000,0.000000,0.000341,1.000000,0.000000,0.003392,0.950990,0.999750,0.001032,0.984992,1.000000
"Bambusa tuldoides (JPL216)",JPL216,becknic,vegetation,vegetation.tree.bambusa.tuldoides.tir.jpl216.jpl.nicolet.spectrum.txt,0.000150,1.000000,0.000000,0.000269,1.000000,0.000000,0.000209,1.000000,0.000000,0.002334,0.931684,0.999750,0.001124,0.982799,1.000000
"Bambusa tuldoides (JPL145)",JPL145,becknic,vegetation,vegetation.tree.bambusa.tuldoides.vswir.jpl145.jpl.asd.spectrum.txt,0.001238,0.999884,1.000000,0.000932,0.900139,1.000000,0.001339,0.999799,1.000000,0.000551,1.000000,0.000000,0.000348,1.000000,0.000000
"Bambusa tuldoides (JPL146)",JPL146,becknic,vegetation,vegetation.tree.bambusa.tuldoides.vswir.jpl146.jpl.asd.spectrum.txt,0.001251,0.999872,1.000000,0.001054,0.880267,1.000000,0.001341,0.999789,1.000000,0.000539,1.000000,0.000000,0.000350,1.000000,0.000000
"Bambusa tuldoides (JPL147)",JPL147,becknic,vegetation,vegetation.tree.bambusa.tuldoides.vswir.jpl147.jpl.asd.spectrum.txt,0.001096,0.999898,1.000000,0.001176,0.818174,1.000000,0.001252,0.999827,1.000000,0.000490,1.000000,0.000000,0.000294,1.000000,0.000000
"Bambusa tuldoides (JPL214)",JPL214,becknic,vegetation,vegetation.tree.bambusa.tuldoides.vswir.jpl214.jpl.asd.spectrum.txt,0.001566,0.999789,1.000000,0.001109,0.963394,1.000000,0.001910,0.999452,1.000000,0.000548,1.000000,0.000000,0.000356,1.000000,0.000000
"Bambusa tuldoides (JPL215)",JPL215,becknic,vegetation,vegetation.tree.bambusa.tuldoides.vswir.jpl215.jpl.asd.spectrum.txt,0.001158,0.999890,1.000000,0.000762,0.969897,1.000000,0.001738,0.999618,1.000000,0.000550,1.000000,0.000000,0.000358,1.000000,0.000000
"Bambusa tuldoides (JPL216)",JPL216,becknic,vegetation,vegetation.tree.bambusa.tuldoides.vswir.jpl216.jpl.asd.spectrum.txt,0.001608,0.999824,1.000000,0.000800,0.945388,1.000000,0.001288,0.999850,1.000000,0.000550,1.000000,0.000000,0.000358,1.000000,0.000000
"Beaucarnea recurvata (JPL068)",JPL068,becknic,vegetation,vegetation.tree.beaucarnea.recurvata.tir.jpl068.jpl.nicolet.spectrum.txt,0.000132,1.000000,0.000000,0.000188,1.000000,0.000000,0.000145,1.000000,0.000000,0.001487,0.833433,0.999750,0.000898,0.929939,1.000000
"Beaucarnea recurvata (JPL069)",JPL069,becknic,vegetation,vegetation.tree.beaucarnea.recurvata.tir.jpl069.jpl.nicolet.spectrum.txt,0.000127,1.000000,0.000000,0.000210,1.000000,0.000000,0.000162,1.000000,0.000000,0.001214,0.904405,0.999750,0.000768,0.945583,1.000000
"Beaucarnea recurvata (JPL070)",JPL070,becknic,vegetation,vegetation.tree.beaucarnea.recurvata.tir.jpl070.jpl.nicolet.spectrum.txt,0.000127,1.000000,0.000000,0.000202,1.000000,0.000000,0.000155,1.000000,0.000000,0.001568,0.866990,0.999750,0.000864,0.958663,1.000000
"Beaucarnea recurvata (JPL068)",JPL068,becknic,vegetation,vegetation.tree.beaucarnea.recurvata.vswir.jpl068.jpl.asd.spectrum.txt,0.002909,0.999561,1.000000,0.001372,0.986723,1.000000,0.001318,0.999878,1.000000,0.000451,1.000000,0.000000,0.000259,1.000000,0.000000
"Beaucarnea recurvata (JPL069)",JPL069,becknic,vegetation,vegetation.tree.beaucarnea.recurvata.vswir.jpl069.jpl.asd.spectrum.txt,0.003443,0.999371,1.000000,0.001190,0.984841,1.000000,0.000973,0.999928,1.000000,0.000533,1.000000,0.000000,0.000335,1.000000,0.000000
"Beaucarnea recurvata (JPL070)",JPL070,becknic,vegetation,vegetation.tree.beaucarnea.recurvata.vswir.jpl070.jpl.asd.spectrum.txt,0.001989,0.999784,1.000000,0.001688,0.980214,1.000000,0.001207,0.999890,1.000000,0.000418,1.000000,0.000000,0.000256,1.000000,0.000000
"Betula lenta (BELE-1-55)",BELE-1-55,becknic,vegetation,vegetation.tree.betula.lenta.tir.bele-1-55.ucsb.nicolet.spectrum.txt,0.000517,1.000000,0.000000,0.000403,1.000000,0.000000,0.000417,1.000000,0.000000,0.004787,0.877349,0.999750,0.002009,0.976878,1.000000
"Betula lenta (BELE-1-57)",BELE-1-57,becknic,vegetation,vegetation.tree.betula.lenta.tir.bele-1-57.ucsb.nicolet.spectrum.txt,0.000503,1.000000,0.000000,0.000478,1.000000,0.000000,0.000685,1.000000,0.000000,0.004362,0.934443,0.999750,0.002192,0.962377,1.000000
"Betula lenta (BELE-2-59)",BELE-2-59,becknic,vegetation,vegetation.tree.betula.lenta.tir.bele-2-59.ucsb.nicolet.spectrum.txt,0.000528,1.000000,0.000000,0.000433,1.000000,0.000000,0.000506,1.000000,0.000000,0.005006,0.902909,0.999750,0.001656,0.979426,1.000000
"Betula lenta (BELE-2-61)",BELE-2-61,becknic,vegetation,vegetation.tree.betula.lenta.tir.bele-2-61.ucsb.nicolet.spectrum.txt,0.000510,1.000000,0.000000,0.000393,1.000000,0.000000,0.000392,1.000000,0.000000,0.004446,0.915266,0.999750,0.001873,0.971956,1.000000
"Betula lenta (BELE-1-55)",BELE-1-55,becknic,vegetation,vegetation.tree.betula.lenta.vswir.bele-1-55.ucsb.asd.spectrum.txt,0.001790,0.999747,1.000000,0.000462,0.975572,1.000000,0.001093,0.999876,1.000000,0.000408,1.000000,0.000000,0.000262,1.000000,0.000000
"Betula lenta (BELE-1-57)",BELE-1-57,becknic,vegetation,vegetation.tree.betula.lenta.vswir.bele-1-57.ucsb.asd.spectrum.txt,0.002341,0.999568,1.000000,0.000742,0.924037,1.000000,0.001420,0.999751,1.000000,0.000525,1.000000,0.000000,0.000340,1.000000,0.000000
"Betula lenta (BELE-2-59)",BELE-2-59,becknic,vegetation,vegetation.tree.betula.lenta.vswir.bele-2-59.ucsb.asd.spectrum.txt,0.002941,0.999430,1.000000,0.001458,0.943438,1.000000,0.001172,0.999871,1.000000,0.000524,1.000000,0.000000,0.000363,1.000000,0.000000
"Betula lenta (BELE-2-61)",BELE-2-61,becknic,vegetation,vegetation.tree.betula.lenta.vswir.bele-2-61.ucsb.asd.spectrum.txt,0.002861,0.999472,1.000000,0.000437,0.990333,1.000000,0.001280,0.999858,1.000000,0.000490,1.000000,0.000000,0.000346,1.000000,0.000000
"Betula papyrifera (BEPA-1-31)",BEPA-1-31,becknic,vegetation,vegetation.tree.betula.papyrifera.tir.bepa-1-31.ucsb.nicolet.spectrum.txt,0.000126,1.000000,0.000000,0.000241,1.000000,0.000000,0.000186,1.000000,0.000000,0.003287,0.568664,0.999750,0.002123,0.929361,1.000000
"Betula papyrifera (BEPA-1-33)",BEPA-1-33,becknic,vegetation,vegetation.tree.betula.papyrifera.tir.bepa-1-33.ucsb.nicolet.spectrum.txt,0.000315,1.000000,0.000000,0.000340,1.000000,0.000000,0.000273,1.000000,0.000000,0.003781,0.807792,0.999750,0.001968,0.958589,1.000000
"Betula papyrifera (BEPA-2-35)",BEPA-2-35,becknic,vegetation,vegetation.tree.betula.papyrifera.tir.bepa-2-35.ucsb.nicolet.spectrum.txt,0.000127,1.000000,0.000000,0.000223,1.000000,0.000000,0.000172,1.000000,0.000000,0.003091,0.533486,0.999750,0.002012,0.973770,1.000000
"Betula papyrifera (BEPA-2-37)",BEPA-2-37,becknic,vegetation,vegetation.tree.betula.papyrifera.tir.bepa-2-37.ucsb.nicolet.spectrum.txt,0.000472,1.000000,0.000000,0.000542,1.000000,0.000000,0.000862,1.000000,0.000000,0.003816,0.853396,0.999750,0.002613,0.922053,1.000000
"Betula papyrifera (BEPA-1-31)",BEPA-1-31,becknic,vegetation,vegetation.tree.betula.papyrifera.vswir.bepa-1-31.ucsb.asd.spectrum.txt,0.001738,0.999787,1.000000,0.000297,0.989280,1.000000,0.001074,0.999913,1.000000,0.000271,1.000000,0.000000,0.000272,1.000000,0.000000
"Betula papyrifera (BEPA-1-33)",BEPA-1-33,becknic,vegetation,vegetation.tree.betula.papyrifera.vswir.bepa-1-33.ucsb.asd.spectrum.txt,0.002450,0.999577,1.000000,0.000428,0.947856,1.000000,0.001060,0.999898,1.000000,0.000533,1.000000,0.000000,0.000340,1.000000,0.000000
"Betula papyrifera (BEPA-2-35)",BEPA-2-35,becknic,vegetation,vegetation.tree.betula.papyrifera.vswir.bepa-2-35.ucsb.asd.spectrum.txt,0.001983,0.999788,1.000000,0.001877,0.944153,1.000000,0.001382,0.999896,1.000000,0.000536,1.000000,0.000000,0.000347,1.000000,0.000000
"Betula papyrifera (BEPA-2-37)",BEPA-2-37,becknic,vegetation,vegetation.tree.betula.papyrifera.vswir.bepa-2-37.ucsb.asd.spectrum.txt,0.002213,0.999678,1.000000,0.000524,0.959304,1.000000,0.001192,0.999891,1.000000,0.000426,1.000000,0.000000,0.000252,1.000000,0.000000
"Brachychiton discolor (JPL082)",JPL082,becknic,vegetation,vegetation.tree.brachychiton.discolor.tir.jpl082.jpl.nicolet.spectrum.txt,0.000132,1.000000,0.000000,0.000189,1.000000,0.000000,0.000145,1.000000,0.000000,0.002940,0.702913,0.999750,0.000851,0.974802,1.000000
"Brachychiton discolor (JPL083)",JPL083,becknic,vegetation,vegetation.tree.brachychiton.discolor.tir.jpl083.jpl.nicolet.spectrum.txt,0.000129,1.000000,0.000000,0.000196,1.000000,0.000000,0.000151,1.000000,0.000000,0.003040,0.670888,0.999750,0.000862,0.986878,1.000000
"Brachychiton discolor (JPL102)",JPL102,becknic,vegetation,vegetation.tree.brachychiton.discolor.tir.jpl102.jpl.nicolet.spectrum.txt,0.000128,1.000000,0.000000,0.000213,1.000000,0.000000,0.000164,1.000000,0.000000,0.002793,0.761696,0.999750,0.001162,0.959677,1.000000
"Brachychiton discolor (JPL082)",JPL082,becknic,vegetation,vegetation.tree.brachychiton.discolor.vswir.jpl082.jpl.asd.spectrum.txt,0.002557,0.999603,1.000000,0.001155,0.936435,1.000000,0.001719,0.999824,1.000000,0.000418,1.000000,0.000000,0.000256,1.000000,0.000000
"Brachychiton discolor (JPL083)",JPL083,becknic,vegetation,vegetation.tree.brachychiton.discolor.vswir.jpl083.jpl.asd.spectrum.txt,0.002964,0.999489,1.000000,0.001071,0.930090,1.000000,0.001796,0.999817,1.000000,0.000378,1.000000,0.000000,0.000293,1.000000,0.000000
"Brachychiton discolor (JPL102)",JPL102,becknic,vegetation,vegetation.tree.brachychiton.discolor.vswir.jpl102.jpl.asd.spectrum.txt,0.004246,0.999008,1.000000,0.001568,0.853185,1.000000,0.002131,0.999709,1.000000,0.000725,1.000000,0.000000,0.000520,1.000000,0.000000
"Brachychiton rupestris (JPL084)",JPL084,becknic,vegetation,vegetation.tree.brachychiton.rupestris.tir.jpl084.jpl.nicolet.spectrum.txt,0.000109,1.000000,0.000000,0.000152,1.000000,0.000000,0.000117,1.000000,0.000000,0.002318,0.638877,0.999750,0.000814,0.746665,1.000000
"Brachychiton rupestris (JPL085)",JPL085,becknic,vegetation,vegetation.tree.brachychiton.rupestris.tir.jpl085.jpl.nicolet.spectrum.txt,0.000107,1.000000,0.000000,0.000148,1.000000,0.000000,0.000114,1.000000,0.000000,0.002412,0.597204,0.999750,0.001123,0.586383,1.000000
"Brachychiton rupestris (JPL086)",JPL086,becknic,vegetation,vegetation.tree.brachychiton.rupestris.tir.jpl086.jpl.nicolet.spectrum.txt,0.000107,1.000000,0.000000,0.000148,1.000000,0.000000,0.000114,1.000000,0.000000,0.002652,0.566906,0.999750,0.001169,0.710078,1.000000
"Brachychiton rupestris (JPL084)",JPL084,becknic,vegetation,vegetation.tree.brachychiton.rupestris.vswir.jpl084.jpl.asd.spectrum.txt,0.003430,0.999209,1.000000,0.001298,0.919991,1.000000,0.001517,0.999844,1.000000,0.000534,1.000000,0.000000,0.000345,1.000000,0.000000
"Brachychiton rupestris (JPL085)",JPL085,becknic,vegetation,vegetation.tree.brachychiton.rupestris.vswir.jpl085.jpl.asd.spectrum.txt,0.002868,0.999401,1.000000,0.001503,0.895707,1.000000,0.001415,0.999834,1.000000,0.000411,1.000000,0.000000,0.000260,1.000000,0.000000
"Brachychiton rupestris (JPL086)",JPL086,becknic,vegetation,vegetation.tree.brachychiton.rupestris.vswir.jpl086.jpl.asd.spectrum.txt,0.002641,0.999596,1.000000,0.001113,0.952608,1.000000,0.001735,0.999821,1.000000,0.000499,1.000000,0.000000,0.000302,1.000000,0.000000
"Caesalpina cacalaco (JPL138)",JPL138,becknic,vegetation,vegetation.tree.caesalpina.cacalaco.vswir.jpl138.jpl.asd.spectrum.txt,0.002122,0.999811,1.000000,0.001525,0.971798,1.000000,0.001409,0.999904,1.000000,0.000257,1.000000,0.000000,0.000270,1.000000,0.000000
"Caesalpinia cacalaco (JPL067)",JPL067,becknic,vegetation,vegetation.tree.caesalpinia.cacalaco.tir.jpl067.jpl.nicolet.spectrum.txt,0.000120,1.000000,0.000000,0.000166,1.000000,0.000000,0.000128,1.000000,0.000000,0.001696,0.868672,0.999750,0.001181,0.899099,1.000000
"Caesalpinia cacalaco (JPL071)",JPL071,becknic,vegetation,vegetation.tree.caesalpinia.cacalaco.tir.jpl071.jpl.nicolet.spectrum.txt,0.000127,1.000000,0.000000,0.000176,1.000000,0.000000,0.000136,1.000000,0.000000,0.002180,0.866977,0.999750,0.001091,0.934345,1.000000
"Caesalpinia cacalaco (JPL241)",JPL241,becknic,vegetation,vegetation.tree.caesalpinia.cacalaco.tir.jpl241.jpl.nicolet.spectrum.txt,0.000097,1.000000,0.000000,0.000135,1.000000,0.000000,0.000104,1.000000,0.000000,0.002977,0.767052,0.999750,0.001575,0.858074,1.000000
"Caesalpinia cacalaco (JPL067)",JPL067,becknic,vegetation,vegetation.tree.caesalpinia.cacalaco.vswir.jpl067.jpl.asd.spectrum.txt,0.002253,0.999765,1.000000,0.001146,0.962653,1.000000,0.001653,0.999869,1.000000,0.000326,1.000000,0.000000,0.000293,1.000000,0.000000
"Caesalpinia cacalaco (JPL071)",JPL071,becknic,vegetation,vegetation.tree.caesalpinia.cacalaco.vswir.jpl071.jpl.asd.spectrum.txt,0.001839,0.999849,1.000000,0.001210,0.948083,1.000000,0.001488,0.999901,1.000000,0.000279,1.000000,0.000000,0.000273,1.000000,0.000000
"Caesalpinia cacalaco (JPL241)",JPL241,becknic,vegetation,vegetation.tree.caesalpinia.cacalaco.vswir.jpl241.jpl.asd.spectrum.txt,0.001339,0.999928,1.000000,0.002298,0.929548,1.000000,0.001212,0.999942,1.000000,0.000351,1.000000,0.000000,0.000310,1.000000,0.000000
"Calocedrus decrruens 1 (VH049)",VH049,becknic,vegetation,vegetation.tree.calocedrus.decurrens.tir.vh049.ucsb.nicolet.spectrum.txt,0.000127,1.000000,0.000000,0.000245,1.000000,0.000000,0.000190,1.000000,0.000000,0.002145,0.917318,0.999750,0.001413,0.598388,1.000000
"Calocedrus decrruens 1 (VH050)",VH050,becknic,vegetation,vegetation.tree.calocedrus.decurrens.tir.vh050.ucsb.nicolet.spectrum.txt,0.000127,1.000000,0.000000,0.000224,1.000000,0.000000,0.000173,1.000000,0.000000,0.002082,0.874119,0.999750,0.001414,0.638710,1.000000
"Calocedrus decrruens 2 (VH055)",VH055,becknic,vegetation,vegetation.tree.calocedrus.decurrens.tir.vh055.ucsb.nicolet.spectrum.txt,0.000128,1.000000,0.000000,0.000247,1.000000,0.000000,0.000192,1.000000,0.000000,0.002305,0.889816,0.999750,0.001764,0.630590,1.000000
"Calocedrus decrruens 2 (VH056)",VH056,becknic,vegetation,vegetation.tree.calocedrus.decurrens.tir.vh056.ucsb.nicolet.spectrum.txt,0.000151,1.000000,0.000000,0.000270,1.000000,0.000000,0.000210,1.000000,0.000000,0.002847,0.893607,0.999750,0.001861,0.638990,1.000000
"Calocedrus decrruens 3 (VH059)",VH059,becknic,vegetation,vegetation.tree.calocedrus.decurrens.tir.vh059.ucsb.nicolet.spectrum.txt,0.000132,1.000000,0.000000,0.000253,1.000000,0.000000,0.000196,1.000000,0.000000,0.001751,0.949337,0.999750,0.001131,0.801863,1.000000
"Calocedrus decrruens 3 (VH060)",VH060,becknic,vegetation,vegetation.tree.calocedrus.decurrens.tir.vh060.ucsb.nicolet.spectrum.txt,0.000126,1.000000,0.000000,0.000209,1.000000,0.000000,0.000161,1.000000,0.000000,0.001994,0.856497,0.999750,0.001348,0.566890,1.000000
"Calocedrus decrruens 1 (VH145)",VH145,becknic,vegetation,vegetation.tree.calocedrus.decurrens.tir.vh145.ucsb.nicolet.spectrum.txt,0.000126,1.000000,0.000000,0.000235,1.000000,0.000000,0.000182,1.000000,0.000000,0.002271,0.889210,0.999750,0.001824,0.685448,1.000000
"Calocedrus decrruens 1 (VH146)",VH146,becknic,vegetation,vegetation.tree.calocedrus.decurrens.tir.vh146.ucsb.nicolet.spectrum.txt,0.000127,1.000000,0.000000,0.000226,1.000000,0.000000,0.000174,1.000000,0.000000,0.002028,0.907589,0.999750,0.001507,0.630675,1.000000
"Calocedrus decrruens 2 (VH151)",VH151,becknic,vegetation,vegetation.tree.calocedrus.decurrens.tir.vh151.ucsb.nicolet.spectrum.txt,0.000171,1.000000,0.000000,0.000283,1.000000,0.000000,0.000220,1.000000,0.000000,0.002702,0.902670,0.999750,0.001832,0.639176,1.000000
"Calocedrus decrruens 2 (VH152)",VH152,becknic,vegetation,vegetation.tree.calocedrus.decurrens.tir.vh152.ucsb.nicolet.spectrum.txt,0.000142,1.000000,0.000000,0.000264,1.000000,0.000000,0.000205,1.000000,0.000000,0.002907,0.895014,0.999750,0.001603,0.707095,1.000000
"Calocedrus decrruens 3 (VH155)",VH155,becknic,vegetation,vegetation.tree.calocedrus.decurrens.tir.vh155.ucsb.nicolet.spectrum.txt,0.000127,1.000000,0.000000,0.000202,1.000000,0.000000,0.000156,1.000000,0.000000,0.002298,0.832355,0.999750,0.001311,0.590628,1.000000
"Calocedrus decrruens 3 (VH156)",VH156,becknic,vegetation,vegetation.tree.calocedrus.decurrens.tir.vh156.ucsb.nicolet.spectrum.txt,0.000126,1.000000,0.000000,0.000238,1.000000,0.000000,0.000184,1.000000,0.000000,0.002483,0.881296,0.999750,0.001452,0.588656,1.000000
"Calocedrus decrruens 1 (VH241)",VH241,becknic,vegetation,vegetation.tree.calocedrus.decurrens.tir.vh241.ucsb.nicolet.spectrum.txt,0.000172,1.000000,0.000000,0.000284,1.000000,0.000000,0.000221,1.000000,0.000000,0.002854,0.835158,0.999750,0.001736,0.680503,1.000000
"Calocedrus decrruens 1 (VH242)",VH242,becknic,vegetation,vegetation.tree.calocedrus.decurrens.tir.vh242.ucsb.nicolet.spectrum.txt,0.000202,1.000000,0.000000,0.000298,1.000000,0.000000,0.000234,1.000000,0.000000,0.002661,0.876404,0.999750,0.001628,0.647813,1.000000
"Calocedrus decrruens 2 (VH247)",VH247,becknic,vegetation,vegetation.tree.calocedrus.decurrens.tir.vh247.ucsb.nicolet.spectrum.txt,0.000231,1.000000,0.000000,0.000310,1.000000,0.000000,0.000245,1.000000,0.000000,0.002540,0.915690,0.999750,0.001763,0.561784,1.000000
"Calocedrus decrruens 2 (VH248)",VH248,becknic,vegetation,vegetation.tree.calocedrus.decurrens.tir.vh248.ucsb.nicolet.spectrum.txt,0.000480,1.000000,0.000000,0.000359,1.000000,0.000000,0.000326,1.000000,0.000000,0.002720,0.903500,0.999750,0.001904,0.610576,1.000000
"Calocedrus decrruens 3 (VH251)",VH251,becknic,vegetation,vegetation.tree.calocedrus.decurrens.tir.vh251.ucsb.nicolet.spectrum.txt,0.000128,1.000000,0.000000,0.000217,1.000000,0.000000,0.000167,1.000000,0.000000,0.002268,0.845426,0.999750,0.001992,0.640205,1.000000
"Calocedrus decrruens 3 (VH252)",VH252,becknic,vegetation,vegetation.tree.calocedrus.decurrens.tir.vh252.ucsb.nicolet.spectrum.txt,0.000530,1.000000,0.000000,0.000418,1.000000,0.000000,0.000458,1.000000,0.000000,0.002502,0.841401,0.999750,0.001423,0.797346,1.000000
"Calocedrus decrruens 1 (VH049)",VH049,becknic,vegetation,vegetation.tree.calocedrus.decurrens.vswir.vh049.ucsb.asd.spectrum.txt,0.001179,0.999938,1.000000,0.000842,0.994935,1.000000,0.001655,0.999868,1.000000,0.000299,1.000000,0.000000,0.000279,1.000000,0.000000
"Calocedrus decrruens 1 (VH050)",VH050,becknic,vegetation,vegetation.tree.calocedrus.decurrens.vswir.vh050.ucsb.asd.spectrum.txt,0.001924,0.999891,1.000000,0.001235,0.994839,1.000000,0.002249,0.999802,1.000000,0.000323,1.000000,0.000000,0.000292,1.000000,0.000000
"Calocedrus decrruens 2 (VH055)",VH055,becknic,vegetation,vegetation.tree.calocedrus.decurrens.vswir.vh055.ucsb.asd.spectrum.txt,0.000931,0.999970,1.000000,0.001086,0.994011,1.000000,0.001711,0.999895,1.000000,0.000316,1.000000,0.000000,0.000288,1.000000,0.000000
"Calocedrus decrruens 2 (VH056)",VH056,becknic,vegetation,vegetation.tree.calocedrus.decurrens.vswir.vh056.ucsb.asd.spectrum.txt,0.001852,0.999880,1.000000,0.001471,0.982350,1.000000,0.001602,0.999890,1.000000,0.000315,1.000000,0.000000,0.000288,1.000000,0.000000
"Calocedrus decrruens 3 (VH059)",VH059,becknic,vegetation,vegetation.tree.calocedrus.decurrens.vswir.vh059.ucsb.asd.spectrum.txt,0.001295,0.999930,1.000000,0.001213,0.992912,1.000000,0.001785,0.999863,1.000000,0.000338,1.000000,0.000000,0.000299,1.000000,0.000000
"Calocedrus decrruens 3 (VH060)",VH060,becknic,vegetation,vegetation.tree.calocedrus.decurrens.vswir.vh060.ucsb.asd.spectrum.txt,0.001086,0.999955,1.000000,0.000996,0.994814,1.000000,0.002000,0.999833,1.000000,0.000240,1.000000,0.000000,0.000267,1.000000,0.000000
"Calocedrus decrruens 1 (VH145)",VH145,becknic,vegetation,vegetation.tree.calocedrus.decurrens.vswir.vh145.ucsb.asd.spectrum.txt,0.001051,0.999945,1.000000,0.001918,0.951198,1.000000,0.001351,0.999902,1.000000,0.000246,1.000000,0.000000,0.000268,1.000000,0.000000
"Calocedrus decrruens 1 (VH146)",VH146,becknic,vegetation,vegetation.tree.calocedrus.decurrens.vswir.vh146.ucsb.asd.spectrum.txt,0.003431,0.999637,1.000000,0.001574,0.991331,1.000000,0.001668,0.999884,1.000000,0.000274,1.000000,0.000000,0.000272,1.000000,0.000000
"Calocedrus decrruens 2 (VH151)",VH151,becknic,vegetation,vegetation.tree.calocedrus.decurrens.vswir.vh151.ucsb.asd.spectrum.txt,0.001401,0.999925,1.000000,0.001373,0.986550,1.000000,0.001257,0.999938,1.000000,0.000468,1.000000,0.000000,0.000271,1.000000,0.000000
"Calocedrus decrruens 2 (VH152)",VH152,becknic,vegetation,vegetation.tree.calocedrus.decurrens.vswir.vh152.ucsb.asd.spectrum.txt,0.002777,0.999793,1.000000,0.001497,0.992167,1.000000,0.002202,0.999834,1.000000,0.000306,1.000000,0.000000,0.000283,1.000000,0.000000
"Calocedrus decrruens 3 (VH155)",VH155,becknic,vegetation,vegetation.tree.calocedrus.decurrens.vswir.vh155.ucsb.asd.spectrum.txt,0.002003,0.999849,1.000000,0.002181,0.967338,1.000000,0.001886,0.999856,1.000000,0.000333,1.000000,0.000000,0.000297,1.000000,0.000000
"Calocedrus decrruens 3 (VH156)",VH156,becknic,vegetation,vegetation.tree.calocedrus.decurrens.vswir.vh156.ucsb.asd.spectrum.txt,0.001869,0.999873,1.000000,0.001256,0.988876,1.000000,0.001670,0.999883,1.000000,0.000339,1.000000,0.000000,0.000300,1.000000,0.000000
"Calocedrus decrruens 1 (VH241)",VH241,becknic,vegetation,vegetation.tree.calocedrus.decurrens.vswir.vh241.ucsb.asd.spectrum.txt,0.001337,0.999937,1.000000,0.000886,0.995620,1.000000,0.001444,0.999918,1.000000,0.000463,1.000000,0.000000,0.000267,1.000000,0.000000
"Calocedrus decrruens 1 (VH242)",VH242,becknic,vegetation,vegetation.tree.calocedrus.decurrens.vswir.vh242.ucsb.asd.spectrum.txt,0.001110,0.999952,1.000000,0.001441,0.982086,1.000000,0.001221,0.999932,1.000000,0.000293,1.000000,0.000000,0.000276,1.000000,0.000000
"Calocedrus decrruens 2 (VH247)",VH247,becknic,vegetation,vegetation.tree.calocedrus.decurrens.vswir.vh247.ucsb.asd.spectrum.txt,0.001000,0.999967,1.000000,0.000857,0.994098,1.000000,0.001417,0.999922,1.000000,0.000381,1.000000,0.000000,0.000289,1.000000,0.000000
"Calocedrus decrruens 2 (VH248)",VH248,becknic,vegetation,vegetation.tree.calocedrus.decurrens.vswir.vh248.ucsb.asd.spectrum.txt,0.001456,0.999933,1.000000,0.002114,0.959323,1.000000,0.000988,0.999962,1.000000,0.000317,1.000000,0.000000,0.000289,1.000000,0.000000
"Calocedrus decrruens 3 (VH251)",VH251,becknic,vegetation,vegetation.tree.calocedrus.decurrens.vswir.vh251.ucsb.asd.spectrum.txt,0.001093,0.999949,1.000000,0.001101,0.992876,1.000000,0.001504,0.999899,1.000000,0.000285,1.000000,0.000000,0.000274,1.000000,0.000000
"Calocedrus decrruens 3 (VH252)",VH252,becknic,vegetation,vegetation.tree.calocedrus.decurrens.vswir.vh252.ucsb.asd.spectrum.txt,0.000841,0.999974,1.000000,0.002253,0.973476,1.000000,0.001494,0.999905,1.000000,0.000317,1.000000,0.000000,0.000289,1.000000,0.000000
"Calodendrum capense (JPL193)",JPL193,becknic,vegetation,vegetation.tree.calodendrum.capense.tir.jpl193.jpl.nicolet.spectrum.txt,0.000124,1.000000,0.000000,0.000171,1.000000,0.000000,0.000132,1.000000,0.000000,0.001066,0.911570,0.999750,0.000735,0.980390,1.000000
"Calodendrum capense (JPL123)",JPL123,becknic,vegetation,vegetation.tree.calodendrum.capense.vswir.jpl123.jpl.asd.spectrum.txt,0.001101,0.999925,1.000000,0.002401,0.904414,1.000000,0.001522,0.999823,1.000000,0.000550,1.000000,0.000000,0.000347,1.000000,0.000000
"Calodendrum capense (JPL193)",JPL193,becknic,vegetation,vegetation.tree.calodendrum.capense.vswir.jpl193.jpl.asd.spectrum.txt,0.001922,0.999795,1.000000,0.001293,0.938021,1.000000,0.001432,0.999867,1.000000,0.000533,1.000000,0.000000,0.000337,1.000000,0.000000
"Casimiroa edulis (JPL217)",JPL217,becknic,vegetation,vegetation.tree.casimiroa.edulis.tir.jpl217.jpl.nicolet.spectrum.txt,0.000117,1.000000,0.000000,0.000162,1.000000,0.000000,0.000125,1.000000,0.000000,0.001217,0.889139,0.999750,0.000720,0.961208,1.000000
"Casimiroa edulis (JPL144)",JPL144,becknic,vegetation,vegetation.tree.casimiroa.edulis.vswir.jpl144.jpl.asd.spectrum.txt,0.000837,0.999942,1.000000,0.001143,0.946382,1.000000,0.001063,0.999896,1.000000,0.000225,1.000000,0.000000,0.000247,1.000000,0.000000
"Casimiroa edulis (JPL217)",JPL217,becknic,vegetation,vegetation.tree.casimiroa.edulis.vswir.jpl217.jpl.asd.spectrum.txt,0.000606,0.999978,1.000000,0.001482,0.926493,1.000000,0.001284,0.999898,1.000000,0.000425,1.000000,0.000000,0.000253,1.000000,0.000000
"Cassia leptophylla (JPL092)",JPL092,becknic,vegetation,vegetation.tree.cassia.leptophylla.tir.jpl092.jpl.nicolet.spectrum.txt,0.000228,1.000000,0.000000,0.000308,1.000000,0.000000,0.000244,1.000000,0.000000,0.001693,0.971103,0.999750,0.000982,0.981637,1.000000
"Cassia leptophylla (JPL253)",JPL253,becknic,vegetation,vegetation.tree.cassia.leptophylla.tir.jpl253.jpl.nicolet.spectrum.txt,0.000126,1.000000,0.000000,0.000232,1.000000,0.000000,0.000179,1.000000,0.000000,0.002170,0.872777,0.999750,0.000828,0.986150,1.000000
"Cassia leptophylla (JPL254)",JPL254,becknic,vegetation,vegetation.tree.cassia.leptophylla.tir.jpl254.jpl.nicolet.spectrum.txt,0.000135,1.000000,0.000000,0.000256,1.000000,0.000000,0.000199,1.000000,0.000000,0.001354,0.969513,0.999750,0.000725,0.983769,1.000000
"Cassia leptophylla (JPL092)",JPL092,becknic,vegetation,vegetation.tree.cassia.leptophylla.vswir.jpl092.jpl.asd.spectrum.txt,0.002574,0.999670,1.000000,0.001401,0.878543,1.000000,0.001702,0.999785,1.000000,0.000515,1.000000,0.000000,0.000339,1.000000,0.000000
"Cassia leptophylla (JPL253)",JPL253,becknic,vegetation,vegetation.tree.cassia.leptophylla.vswir.jpl253.jpl.asd.spectrum.txt,0.001159,0.999919,1.000000,0.000866,0.889651,1.000000,0.001350,0.999866,1.000000,0.000500,1.000000,0.000000,0.000303,1.000000,0.000000
"Cassia leptophylla (JPL254)",JPL254,becknic,vegetation,vegetation.tree.cassia.leptophylla.vswir.jpl254.jpl.asd.spectrum.txt,0.001176,0.999930,1.000000,0.003280,0.905136,1.000000,0.001419,0.999886,1.000000,0.000549,1.000000,0.000000,0.000358,1.000000,0.000000
"Cedrus atlantica (JPL222)",JPL222,becknic,vegetation,vegetation.tree.cedrus.atlantica.tir.jpl222.jpl.nicolet.spectrum.txt,0.000126,1.000000,0.000000,0.000227,1.000000,0.000000,0.000175,1.000000,0.000000,0.000625,0.972495,0.999750,0.000636,0.773196,1.000000
"Cedrus atlantica (JPL109)",JPL109,becknic,vegetation,vegetation.tree.cedrus.atlantica.vswir.jpl109.jpl.asd.spectrum.txt,0.001705,0.999534,1.000000,0.002150,0.969212,1.000000,0.000778,0.999939,1.000000,0.000258,1.000000,0.000000,0.000227,1.000000,0.000000
"Cedrus atlantica (JPL152)",JPL152,becknic,vegetation,vegetation.tree.cedrus.atlantica.vswir.jpl152.jpl.asd.spectrum.txt,0.001504,0.999775,1.000000,0.001428,0.961679,1.000000,0.000753,0.999950,1.000000,0.000227,1.000000,0.000000,0.000208,1.000000,0.000000
"Cedrus atlantica (JPL222)",JPL222,becknic,vegetation,vegetation.tree.cedrus.atlantica.vswir.jpl222.jpl.asd.spectrum.txt,0.001216,0.999818,1.000000,0.001292,0.964105,1.000000,0.000694,0.999951,1.000000,0.000250,1.000000,0.000000,0.000223,1.000000,0.000000
"Cedrus atlantica 'glauca' (JPL177)",JPL177,becknic,vegetation,vegetation.tree.cedrus.atlantica_glauca.tir.jpl177.jpl.nicolet.spectrum.txt,0.000126,1.000000,0.000000,0.000228,1.000000,0.000000,0.000176,1.000000,0.000000,0.000675,0.972145,0.999750,0.000633,0.741940,1.000000
"Cedrus atlantica 'glauca' (JPL177)",JPL177,becknic,vegetation,vegetation.tree.cedrus.atlantica_glauca.vswir.jpl177.jpl.asd.spectrum.txt,0.002180,0.999425,1.000000,0.001814,0.969987,1.000000,0.000975,0.999914,1.000000,0.000222,1.000000,0.000000,0.000205,1.000000,0.000000
"Cedrus deodara (JPL103)",JPL103,becknic,vegetation,vegetation.tree.cedrus.deodara.tir.jpl103.jpl.nicolet.spectrum.txt,0.000129,1.000000,0.000000,0.000196,1.000000,0.000000,0.000151,1.000000,0.000000,0.000917,0.856591,0.999750,0.000667,0.808762,1.000000
"Cedrus deodara (JPL104)",JPL104,becknic,vegetation,vegetation.tree.cedrus.deodara.tir.jpl104.jpl.nicolet.spectrum.txt,0.000126,1.000000,0.000000,0.000175,1.000000,0.000000,0.000135,1.000000,0.000000,0.000954,0.869074,0.999750,0.000816,0.713909,1.000000
"Cedrus deodara (JPL105)",JPL105,becknic,vegetation,vegetation.tree.cedrus.deodara.tir.jpl105.jpl.nicolet.spectrum.txt,0.000126,1.000000,0.000000,0.000209,1.000000,0.000000,0.000161,1.000000,0.000000,0.000875,0.925850,0.999750,0.000748,0.935147,1.000000
"Cedrus deodara (JPL212)",JPL212,becknic,vegetation,vegetation.tree.cedrus.deodara.tir.jpl212.jpl.nicolet.spectrum.txt,0.000128,1.000000,0.000000,0.000213,1.000000,0.000000,0.000164,1.000000,0.000000,0.001017,0.921669,0.999750,0.000834,0.746213,1.000000
"Cedrus deodara (JPL103)",JPL103,becknic,vegetation,vegetation.tree.cedrus.deodara.vswir.jpl103.jpl.asd.spectrum.txt,0.003036,0.999099,1.000000,0.001991,0.958922,1.000000,0.001123,0.999888,1.000000,0.000235,1.000000,0.000000,0.000267,1.000000,0.000000
"Cedrus deodara (JPL104)",JPL104,becknic,vegetation,vegetation.tree.cedrus.deodara.vswir.jpl104.jpl.asd.spectrum.txt,0.003625,0.998640,1.000000,0.002074,0.945276,1.000000,0.000958,0.999914,1.000000,0.000258,1.000000,0.000000,0.000227,1.000000,0.000000
"Cedrus deodara (JPL105)",JPL105,becknic,vegetation,vegetation.tree.cedrus.deodara.vswir.jpl105.jpl.asd.spectrum.txt,0.001932,0.999712,1.000000,0.002149,0.948571,1.000000,0.001177,0.999891,1.000000,0.000256,1.000000,0.000000,0.000270,1.000000,0.000000
"Cedrus deodara (JPL212)",JPL212,becknic,vegetation,vegetation.tree.cedrus.deodara.vswir.jpl212.jpl.asd.spectrum.txt,0.001516,0.999775,1.000000,0.001540,0.973655,1.000000,0.000978,0.999914,1.000000,0.000312,1.000000,0.000000,0.000286,1.000000,0.000000
"Cercidium pennisulare (JPL141)",JPL141,becknic,vegetation,vegetation.tree.cercidium.pennisulare.vswir.jpl141.jpl.asd.spectrum.txt,0.001402,0.999675,1.000000,0.000990,0.978489,1.000000,0.000795,0.999911,1.000000,0.000226,1.000000,0.000000,0.000208,1.000000,0.000000
"Chorisia insignis (JPL240)",JPL240,becknic,vegetation,vegetation.tree.chorisia.insignis.tir.jpl240.jpl.nicolet.spectrum.txt,0.000124,1.000000,0.000000,0.000172,1.000000,0.000000,0.000133,1.000000,0.000000,0.002492,0.699057,0.999750,0.001165,0.974018,1.000000
"Chorisia insignis (JPL243)",JPL243,becknic,vegetation,vegetation.tree.chorisia.insignis.tir.jpl243.jpl.nicolet.spectrum.txt,0.000122,1.000000,0.000000,0.000170,1.000000,0.000000,0.000131,1.000000,0.000000,0.003171,0.640698,0.999750,0.001201,0.979209,1.000000
"Chorisia insignis (JPL258)",JPL258,becknic,vegetation,vegetation.tree.chorisia.insignis.tir.jpl258.jpl.nicolet.spectrum.txt,0.000123,1.000000,0.000000,0.000170,1.000000,0.000000,0.000131,1.000000,0.000000,0.002109,0.888395,0.999750,0.000833,0.986264,1.000000
"Chorisia insignis (JPL136)",JPL136,becknic,vegetation,vegetation.tree.chorisia.insignis.vswir.jpl136.jpl.asd.spectrum.txt,0.001149,0.999854,1.000000,0.001299,0.900066,1.000000,0.001163,0.999840,1.000000,0.000356,1.000000,0.000000,0.000314,1.000000,0.000000
"Chorisia insignis (JPL240)",JPL240,becknic,vegetation,vegetation.tree.chorisia.insignis.vswir.jpl240.jpl.asd.spectrum.txt,0.001339,0.999863,1.000000,0.001848,0.897537,1.000000,0.001390,0.999807,1.000000,0.000543,1.000000,0.000000,0.000353,1.000000,0.000000
"Chorisia insignis (JPL243)",JPL243,becknic,vegetation,vegetation.tree.chorisia.insignis.vswir.jpl243.jpl.asd.spectrum.txt,0.000960,0.999914,1.000000,0.000867,0.969646,1.000000,0.001124,0.999863,1.000000,0.000288,1.000000,0.000000,0.000275,1.000000,0.000000
"Chorisia insignis (JPL258)",JPL258,becknic,vegetation,vegetation.tree.chorisia.insignis.vswir.jpl258.jpl.asd.spectrum.txt,0.001380,0.999893,1.000000,0.001455,0.899296,1.000000,0.001535,0.999789,1.000000,0.000724,1.000000,0.000000,0.000536,1.000000,0.000000
"Chorisia speciosa (JPL239)",JPL239,becknic,vegetation,vegetation.tree.chorisia.speciosa.tir.jpl239.jpl.nicolet.spectrum.txt,0.000123,1.000000,0.000000,0.000171,1.000000,0.000000,0.000131,1.000000,0.000000,0.002371,0.705174,0.999750,0.001022,0.990017,1.000000
"Chorisia speciosa (JPL242)",JPL242,becknic,vegetation,vegetation.tree.chorisia.speciosa.tir.jpl242.jpl.nicolet.spectrum.txt,0.000118,1.000000,0.000000,0.000164,1.000000,0.000000,0.000126,1.000000,0.000000,0.002528,0.670361,0.999750,0.000954,0.973818,1.000000
"Chorisia speciosa (JPL257)",JPL257,becknic,vegetation,vegetation.tree.chorisia.speciosa.tir.jpl257.jpl.nicolet.spectrum.txt,0.000128,1.000000,0.000000,0.000199,1.000000,0.000000,0.000153,1.000000,0.000000,0.002006,0.799279,0.999750,0.000997,0.985468,1.000000
"Chorisia speciosa (JPL137)",JPL137,becknic,vegetation,vegetation.tree.chorisia.speciosa.vswir.jpl137.jpl.asd.spectrum.txt,0.001057,0.999922,1.000000,0.001213,0.942635,1.000000,0.001159,0.999888,1.000000,0.000466,1.000000,0.000000,0.000269,1.000000,0.000000
"Chorisia speciosa (JPL239)",JPL239,becknic,vegetation,vegetation.tree.chorisia.speciosa.vswir.jpl239.jpl.asd.spectrum.txt,0.001308,0.999867,1.000000,0.001507,0.899408,1.000000,0.001243,0.999861,1.000000,0.000532,1.000000,0.000000,0.000334,1.000000,0.000000
"Chorisia speciosa (JPL242)",JPL242,becknic,vegetation,vegetation.tree.chorisia.speciosa.vswir.jpl242.jpl.asd.spectrum.txt,0.003616,0.998962,1.000000,0.001768,0.888849,1.000000,0.001202,0.999856,1.000000,0.000485,1.000000,0.000000,0.000290,1.000000,0.000000
"Chorisia speciosa (JPL257)",JPL257,becknic,vegetation,vegetation.tree.chorisia.speciosa.vswir.jpl257.jpl.asd.spectrum.txt,0.001667,0.999769,1.000000,0.001840,0.903921,1.000000,0.001209,0.999867,1.000000,0.000288,1.000000,0.000000,0.000275,1.000000,0.000000
"Citharexylum montevidense (JPL200)",JPL200,becknic,vegetation,vegetation.tree.citharexylum.montevidense.tir.jpl200.jpl.nicolet.spectrum.txt,0.000111,1.000000,0.000000,0.000154,1.000000,0.000000,0.000118,1.000000,0.000000,0.001534,0.921574,0.999750,0.001576,0.974647,1.000000
"Citharexylum montevidense (JPL160)",JPL160,becknic,vegetation,vegetation.tree.citharexylum.montevidense.vswir.jpl160.jpl.asd.spectrum.txt,0.002375,0.999649,1.000000,0.001423,0.956932,1.000000,0.001219,0.999898,1.000000,0.000249,1.000000,0.000000,0.000268,1.000000,0.000000
"Citharexylum montevidense (JPL200)",JPL200,becknic,vegetation,vegetation.tree.citharexylum.montevidense.vswir.jpl200.jpl.asd.spectrum.txt,0.001552,0.999861,1.000000,0.001400,0.960736,1.000000,0.001148,0.999915,1.000000,0.000347,1.000000,0.000000,0.000306,1.000000,0.000000
"Ehretia austin-smithii (JPL210)",JPL210,becknic,vegetation,vegetation.tree.ehretia.austin-smithii.tir.jpl210.jpl.nicolet.spectrum.txt,0.000141,1.000000,0.000000,0.000262,1.000000,0.000000,0.000204,1.000000,0.000000,0.001948,0.950616,0.999750,0.000955,0.979287,1.000000
"Ehretia austin-smithii (JPL172)",JPL172,becknic,vegetation,vegetation.tree.ehretia.austin-smithii.vswir.jpl172.jpl.asd.spectrum.txt,0.001107,0.999848,1.000000,0.003322,0.985956,1.000000,0.001464,0.999794,1.000000,0.000523,1.000000,0.000000,0.000340,1.000000,0.000000
"Ehretia austin-smithii (JPL210)",JPL210,becknic,vegetation,vegetation.tree.ehretia.austin-smithii.vswir.jpl210.jpl.asd.spectrum.txt,0.001132,0.999899,1.000000,0.000871,0.961603,1.000000,0.001070,0.999899,1.000000,0.000551,1.000000,0.000000,0.000350,1.000000,0.000000
"Eucalyptus ficifolia (JPL202)",JPL202,becknic,vegetation,vegetation.tree.eucalyptus.ficifolia.tir.jpl202.jpl.nicolet.spectrum.txt,0.000084,1.000000,0.000000,0.000117,1.000000,0.000000,0.000090,1.000000,0.000000,0.001037,0.783489,0.999750,0.000636,0.972590,1.000000
"Eucalyptus ficifolia (JPL157)",JPL157,becknic,vegetation,vegetation.tree.eucalyptus.ficifolia.vswir.jpl157.jpl.asd.spectrum.txt,0.001407,0.999832,1.000000,0.000953,0.971533,1.000000,0.001153,0.999882,1.000000,0.000216,1.000000,0.000000,0.000271,1.000000,0.000000
"Eucalyptus ficifolia (JPL202)",JPL202,becknic,vegetation,vegetation.tree.eucalyptus.ficifolia.vswir.jpl202.jpl.asd.spectrum.txt,0.001556,0.999823,1.000000,0.001585,0.949694,1.000000,0.001268,0.999873,1.000000,0.000418,1.000000,0.000000,0.000256,1.000000,0.000000
"Eucalyptus kartzoffiana (JPL221)",JPL221,becknic,vegetation,vegetation.tree.eucalyptus.kartzoffiana.tir.jpl221.jpl.nicolet.spectrum.txt,0.000126,1.000000,0.000000,0.000235,1.000000,0.000000,0.000182,1.000000,0.000000,0.000963,0.881404,0.999750,0.000626,0.944374,1.000000
"Eucalyptus kartzoffiana (JPL151)",JPL151,becknic,vegetation,vegetation.tree.eucalyptus.kartzoffiana.vswir.jpl151.jpl.asd.spectrum.txt,0.001846,0.999722,1.000000,0.001450,0.938152,1.000000,0.001210,0.999890,1.000000,0.000232,1.000000,0.000000,0.000267,1.000000,0.000000
"Eucalyptus kartzoffiana (JPL221)",JPL221,becknic,vegetation,vegetation.tree.eucalyptus.kartzoffiana.vswir.jpl221.jpl.asd.spectrum.txt,0.001314,0.999874,1.000000,0.000980,0.981105,1.000000,0.001125,0.999905,1.000000,0.000298,1.000000,0.000000,0.000278,1.000000,0.000000
"Eucalyptus maculata (JPL087)",JPL087,becknic,vegetation,vegetation.tree.eucalyptus.maculata.tir.jpl087.jpl.nicolet.spectrum.txt,0.000130,1.000000,0.000000,0.000193,1.000000,0.000000,0.000149,1.000000,0.000000,0.000838,0.910350,0.999750,0.000728,0.911010,1.000000
"Eucalyptus maculata (JPL088)",JPL088,becknic,vegetation,vegetation.tree.eucalyptus.maculata.tir.jpl088.jpl.nicolet.spectrum.txt,0.000132,1.000000,0.000000,0.000184,1.000000,0.000000,0.000141,1.000000,0.000000,0.000978,0.925400,0.999750,0.000783,0.899135,1.000000
"Eucalyptus maculata (JPL087)",JPL087,becknic,vegetation,vegetation.tree.eucalyptus.maculata.vswir.jpl087.jpl.asd.spectrum.txt,0.001787,0.999757,1.000000,0.000859,0.970714,1.000000,0.001360,0.999852,1.000000,0.000362,1.000000,0.000000,0.000314,1.000000,0.000000
"Eucalyptus maculata (JPL088)",JPL088,becknic,vegetation,vegetation.tree.eucalyptus.maculata.vswir.jpl088.jpl.asd.spectrum.txt,0.002172,0.999544,1.000000,0.001381,0.870706,1.000000,0.001305,0.999835,1.000000,0.000453,1.000000,0.000000,0.000260,1.000000,0.000000
"Eucalyptus rudis (JPL148)",JPL148,becknic,vegetation,vegetation.tree.eucalyptus.rudis.vswir.jpl148.jpl.asd.spectrum.txt,0.001060,0.999903,1.000000,0.001048,0.968616,1.000000,0.001341,0.999826,1.000000,0.000259,1.000000,0.000000,0.000270,1.000000,0.000000
"Eucalyptus rudius (JPL218)",JPL218,becknic,vegetation,vegetation.tree.eucalyptus.rudius.tir.jpl218.jpl.nicolet.spectrum.txt,0.000108,1.000000,0.000000,0.000150,1.000000,0.000000,0.000116,1.000000,0.000000,0.001118,0.904094,0.999750,0.000713,0.934851,1.000000
"Eucalyptus rudius (JPL218)",JPL218,becknic,vegetation,vegetation.tree.eucalyptus.rudius.vswir.jpl218.jpl.asd.spectrum.txt,0.001255,0.999899,1.000000,0.000823,0.983774,1.000000,0.001385,0.999869,1.000000,0.000313,1.000000,0.000000,0.000286,1.000000,0.000000
"Eucalyptus saligna (JPL224)",JPL224,becknic,vegetation,vegetation.tree.eucalyptus.saligna.tir.jpl224.jpl.nicolet.spectrum.txt,0.000101,1.000000,0.000000,0.000141,1.000000,0.000000,0.000108,1.000000,0.000000,0.001204,0.840576,0.999750,0.000747,0.945990,1.000000
"Eucalyptus saligna (JPL154)",JPL154,becknic,vegetation,vegetation.tree.eucalyptus.saligna.vswir.jpl154.jpl.asd.spectrum.txt,0.002757,0.999510,1.000000,0.000957,0.950485,1.000000,0.001321,0.999891,1.000000,0.000281,1.000000,0.000000,0.000274,1.000000,0.000000
"Eucalyptus saligna (JPL224)",JPL224,becknic,vegetation,vegetation.tree.eucalyptus.saligna.vswir.jpl224.jpl.asd.spectrum.txt,0.001462,0.999842,1.000000,0.000956,0.968218,1.000000,0.001366,0.999849,1.000000,0.000375,1.000000,0.000000,0.000297,1.000000,0.000000
"Fagus grandifolia (FAGR-1-39)",FAGR-1-39,becknic,vegetation,vegetation.tree.fagus.grandifolia.tir.fagr-1-39.ucsb.nicolet.spectrum.txt,0.000506,1.000000,0.000000,0.000454,1.000000,0.000000,0.000572,1.000000,0.000000,0.004424,0.947290,0.999750,0.001983,0.975199,1.000000
"Fagus grandifolia (FAGR-1-41)",FAGR-1-41,becknic,vegetation,vegetation.tree.fagus.grandifolia.tir.fagr-1-41.ucsb.nicolet.spectrum.txt,0.000470,1.000000,0.000000,0.000521,1.000000,0.000000,0.000905,1.000000,0.000000,0.005097,0.976465,0.999750,0.002159,0.983689,1.000000
"Fagus grandifolia (FAGR-2-43)",FAGR-2-43,becknic,vegetation,vegetation.tree.fagus.grandifolia.tir.fagr-2-43.ucsb.nicolet.spectrum.txt,0.000492,1.000000,0.000000,0.000371,1.000000,0.000000,0.000345,1.000000,0.000000,0.003830,0.893391,0.999750,0.001651,0.930404,1.000000
"Fagus grandifolia (FAGR-2-45)",FAGR-2-45,becknic,vegetation,vegetation.tree.fagus.grandifolia.tir.fagr-2-45.ucsb.nicolet.spectrum.txt,0.000473,1.000000,0.000000,0.000549,1.000000,0.000000,0.000835,1.000000,0.000000,0.005210,0.965818,0.999750,0.002665,0.964086,1.000000
"Fagus grandifolia (FAGR-1-39)",FAGR-1-39,becknic,vegetation,vegetation.tree.fagus.grandifolia.vswir.fagr-1-39.ucsb.asd.spectrum.txt,0.002393,0.999638,1.000000,0.000977,0.845168,1.000000,0.001540,0.999772,1.000000,0.000550,1.000000,0.000000,0.000355,1.000000,0.000000
"Fagus grandifolia (FAGR-1-41)",FAGR-1-41,becknic,vegetation,vegetation.tree.fagus.grandifolia.vswir.fagr-1-41.ucsb.asd.spectrum.txt,0.002185,0.999671,1.000000,0.000452,0.983988,1.000000,0.002003,0.999454,1.000000,0.000504,1.000000,0.000000,0.000356,1.000000,0.000000
"Fagus grandifolia (FAGR-2-43)",FAGR-2-43,becknic,vegetation,vegetation.tree.fagus.grandifolia.vswir.fagr-2-43.ucsb.asd.spectrum.txt,0.001796,0.999813,1.000000,0.001229,0.939246,1.000000,0.001499,0.999826,1.000000,0.000598,1.000000,0.000000,0.000451,1.000000,0.000000
"Fagus grandifolia (FAGR-2-45)",FAGR-2-45,becknic,vegetation,vegetation.tree.fagus.grandifolia.vswir.fagr-2-45.ucsb.asd.spectrum.txt,0.002283,0.999645,1.000000,0.000550,0.813553,1.000000,0.001562,0.999719,1.000000,0.000512,1.000000,0.000000,0.000339,1.000000,0.000000
"Fagus sylvatica 'atropurpurea' (JPL180)",JPL180,becknic,vegetation,vegetation.tree.fagus.sylvatica_atropurpurea.tir.jpl180.jpl.nicolet.spectrum.txt,0.000250,1.000000,0.000000,0.000317,1.000000,0.000000,0.000251,1.000000,0.000000,0.001780,0.967869,0.999750,0.000809,0.941383,1.000000
"Fagus sylvatica 'atropurpurea' (JPL113)",JPL113,becknic,vegetation,vegetation.tree.fagus.sylvatica_atropurpurea.vswir.jpl113.jpl.asd.spectrum.txt,0.001601,0.999778,1.000000,0.000677,0.985192,1.000000,0.001137,0.999881,1.000000,0.000485,1.000000,0.000000,0.000290,1.000000,0.000000
"Fagus sylvatica 'atropurpurea' (JPL180)",JPL180,becknic,vegetation,vegetation.tree.fagus.sylvatica_atropurpurea.vswir.jpl180.jpl.asd.spectrum.txt,0.001196,0.999828,1.000000,0.000595,0.957368,1.000000,0.001076,0.999846,1.000000,0.000468,1.000000,0.000000,0.000271,1.000000,0.000000
"Ficus craterostoma (JPL091)",JPL091,becknic,vegetation,vegetation.tree.ficus.craterostoma.tir.jpl091.jpl.nicolet.spectrum.txt,0.000126,1.000000,0.000000,0.000208,1.000000,0.000000,0.000160,1.000000,0.000000,0.001393,0.639788,0.999750,0.000702,0.978190,1.000000
"Ficus craterostoma (JPL195)",JPL195,becknic,vegetation,vegetation.tree.ficus.craterostoma.tir.jpl195.jpl.nicolet.spectrum.txt,0.000119,1.000000,0.000000,0.000165,1.000000,0.000000,0.000127,1.000000,0.000000,0.002661,0.647405,0.999750,0.001191,0.988520,1.000000
"Ficus craterostoma (JPL091)",JPL091,becknic,vegetation,vegetation.tree.ficus.craterostoma.vswir.jpl091.jpl.asd.spectrum.txt,0.002632,0.999737,1.000000,0.002085,0.972055,1.000000,0.002471,0.999730,1.000000,0.000298,1.000000,0.000000,0.000278,1.000000,0.000000
"Ficus craterostoma (JPL158)",JPL158,becknic,vegetation,vegetation.tree.ficus.craterostoma.vswir.jpl158.jpl.asd.spectrum.txt,0.002276,0.999783,1.000000,0.001300,0.977591,1.000000,0.001725,0.999855,1.000000,0.000523,1.000000,0.000000,0.000406,1.000000,0.000000
"Ficus craterostoma (JPL195)",JPL195,becknic,vegetation,vegetation.tree.ficus.craterostoma.vswir.jpl195.jpl.asd.spectrum.txt,0.001515,0.999903,1.000000,0.001140,0.977380,1.000000,0.001879,0.999816,1.000000,0.000510,1.000000,0.000000,0.000383,1.000000,0.000000
"Ficus macrophylla f. columnaris (JPL094)",JPL094,becknic,vegetation,vegetation.tree.ficus.macrophylla_columnaris.tir.jpl094.jpl.nicolet.spectrum.txt,0.000093,1.000000,0.000000,0.000129,1.000000,0.000000,0.000100,1.000000,0.000000,0.002431,0.512247,0.999750,0.000975,0.930554,1.000000
"Ficus macrophylla f. columnaris (JPL095)",JPL095,becknic,vegetation,vegetation.tree.ficus.macrophylla_columnaris.tir.jpl095.jpl.nicolet.spectrum.txt,0.000093,1.000000,0.000000,0.000128,1.000000,0.000000,0.000099,1.000000,0.000000,0.002330,0.523516,0.999750,0.000849,0.908220,1.000000
"Ficus macrophylla f. columnaris (JPL096)",JPL096,becknic,vegetation,vegetation.tree.ficus.macrophylla_columnaris.tir.jpl096.jpl.nicolet.spectrum.txt,0.000093,1.000000,0.000000,0.000129,1.000000,0.000000,0.000099,1.000000,0.000000,0.002345,0.525952,0.999750,0.001167,0.913785,1.000000
"Ficus macrophylla f. columnaris (JPL094)",JPL094,becknic,vegetation,vegetation.tree.ficus.macrophylla_columnaris.vswir.jpl094.jpl.asd.spectrum.txt,0.003777,0.999425,1.000000,0.001244,0.979843,1.000000,0.001449,0.999908,1.000000,0.000512,1.000000,0.000000,0.000378,1.000000,0.000000
"Ficus macrophylla f. columnaris (JPL095)",JPL095,becknic,vegetation,vegetation.tree.ficus.macrophylla_columnaris.vswir.jpl095.jpl.asd.spectrum.txt,0.002675,0.999686,1.000000,0.001178,0.978709,1.000000,0.001458,0.999891,1.000000,0.000550,1.000000,0.000000,0.000355,1.000000,0.000000
"Ficus macrophylla f. columnaris (JPL096)",JPL096,becknic,vegetation,vegetation.tree.ficus.macrophylla_columnaris.vswir.jpl096.jpl.asd.spectrum.txt,0.002607,0.999690,1.000000,0.001995,0.915942,1.000000,0.002012,0.999762,1.000000,0.000779,1.000000,0.000000,0.000600,1.000000,0.000000
"Ficus platypoda (JPL194)",JPL194,becknic,vegetation,vegetation.tree.ficus.platypoda.tir.jpl194.jpl.nicolet.spectrum.txt,0.000089,1.000000,0.000000,0.000123,1.000000,0.000000,0.000095,1.000000,0.000000,0.002057,0.557783,0.999750,0.000732,0.948280,1.000000
"Ficus platypoda (JPL122)",JPL122,becknic,vegetation,vegetation.tree.ficus.platypoda.vswir.jpl122.jpl.asd.spectrum.txt,0.003164,0.999515,1.000000,0.001144,0.972887,1.000000,0.001295,0.999910,1.000000,0.000499,1.000000,0.000000,0.000342,1.000000,0.000000
"Ficus platypoda (JPL194)",JPL194,becknic,vegetation,vegetation.tree.ficus.platypoda.vswir.jpl194.jpl.asd.spectrum.txt,0.001784,0.999848,1.000000,0.001792,0.956135,1.000000,0.001574,0.999865,1.000000,0.000550,1.000000,0.000000,0.000356,1.000000,0.000000
"Ficus socotrana (JPL093)",JPL093,becknic,vegetation,vegetation.tree.ficus.socotrana.tir.jpl093.jpl.nicolet.spectrum.txt,0.000125,1.000000,0.000000,0.000173,1.000000,0.000000,0.000133,1.000000,0.000000,0.002240,0.686505,0.999750,0.000861,0.979865,1.000000
"Ficus socotrana (JPL093)",JPL093,becknic,vegetation,vegetation.tree.ficus.socotrana.vswir.jpl093.jpl.asd.spectrum.txt,0.001945,0.999790,1.000000,0.001287,0.923565,1.000000,0.001577,0.999813,1.000000,0.000550,1.000000,0.000000,0.000347,1.000000,0.000000
"Ficus thonningii (JPL099)",JPL099,becknic,vegetation,vegetation.tree.ficus.thonningii.tir.jpl099.jpl.nicolet.spectrum.txt,0.000127,1.000000,0.000000,0.000211,1.000000,0.000000,0.000163,1.000000,0.000000,0.001882,0.910336,0.999750,0.001073,0.974948,1.000000
"Ficus thonningii (JPL100)",JPL100,becknic,vegetation,vegetation.tree.ficus.thonningii.tir.jpl100.jpl.nicolet.spectrum.txt,0.000129,1.000000,0.000000,0.000197,1.000000,0.000000,0.000151,1.000000,0.000000,0.001945,0.813334,0.999750,0.001045,0.985442,1.000000
"Ficus thonningii (JPL101)",JPL101,becknic,vegetation,vegetation.tree.ficus.thonningii.tir.jpl101.jpl.nicolet.spectrum.txt,0.000127,1.000000,0.000000,0.000210,1.000000,0.000000,0.000162,1.000000,0.000000,0.001703,0.905256,0.999750,0.000906,0.989368,1.000000
"Ficus thonningii (JPL099)",JPL099,becknic,vegetation,vegetation.tree.ficus.thonningii.vswir.jpl099.jpl.asd.spectrum.txt,0.002710,0.999586,1.000000,0.001232,0.888175,1.000000,0.001511,0.999823,1.000000,0.000718,1.000000,0.000000,0.000546,1.000000,0.000000
"Ficus thonningii (JPL100)",JPL100,becknic,vegetation,vegetation.tree.ficus.thonningii.vswir.jpl100.jpl.asd.spectrum.txt,0.002687,0.999608,1.000000,0.001099,0.959158,1.000000,0.001447,0.999878,1.000000,0.000529,1.000000,0.000000,0.000341,1.000000,0.000000
"Ficus thonningii (JPL101)",JPL101,becknic,vegetation,vegetation.tree.ficus.thonningii.vswir.jpl101.jpl.asd.spectrum.txt,0.003094,0.999490,1.000000,0.000937,0.946341,1.000000,0.001705,0.999774,1.000000,0.000719,1.000000,0.000000,0.000584,1.000000,0.000000
"Ginkgo biloba (JPL208)",JPL208,becknic,vegetation,vegetation.tree.ginkgo.biloba.tir.jpl208.jpl.nicolet.spectrum.txt,0.000126,1.000000,0.000000,0.000239,1.000000,0.000000,0.000185,1.000000,0.000000,0.001452,0.962283,0.999750,0.000780,0.973764,1.000000
"Ginkgo biloba (JPL208)",JPL208,becknic,vegetation,vegetation.tree.ginkgo.biloba.vswir.jpl208.jpl.asd.spectrum.txt,0.003966,0.999361,1.000000,0.001056,0.979406,1.000000,0.001418,0.999907,1.000000,0.000500,1.000000,0.000000,0.000303,1.000000,0.000000
"Ginko biloba (JPL170)",JPL170,becknic,vegetation,vegetation.tree.ginko.biloba.vswir.jpl170.jpl.asd.spectrum.txt,0.001307,0.999910,1.000000,0.001168,0.966496,1.000000,0.001460,0.999873,1.000000,0.000325,1.000000,0.000000,0.000293,1.000000,0.000000
"Hetrosideros excelsa (JPL171)",JPL171,becknic,vegetation,vegetation.tree.hetrosideros.excelsa.vswir.jpl171.jpl.asd.spectrum.txt,0.002254,0.999739,1.000000,0.000621,0.993414,1.000000,0.001288,0.999906,1.000000,0.000549,1.000000,0.000000,0.000345,1.000000,0.000000
"Jacaranda mimosifolia (JPL201)",JPL201,becknic,vegetation,vegetation.tree.jacaranda.mimosifolia.tir.jpl201.jpl.nicolet.spectrum.txt,0.000482,1.000000,0.000000,0.000530,1.000000,0.000000,0.000787,1.000000,0.000000,0.005628,0.820329,0.999750,0.002448,0.824586,1.000000
"Jacaranda mimosifolia (JPL203)",JPL203,becknic,vegetation,vegetation.tree.jacaranda.mimosifolia.tir.jpl203.jpl.nicolet.spectrum.txt,0.000507,1.000000,0.000000,0.000456,1.000000,0.000000,0.000579,1.000000,0.000000,0.003692,0.869723,0.999750,0.001639,0.855514,1.000000
"Jacaranda mimosifolia (JPL204)",JPL204,becknic,vegetation,vegetation.tree.jacaranda.mimosifolia.tir.jpl204.jpl.nicolet.spectrum.txt,0.000303,1.000000,0.000000,0.000337,1.000000,0.000000,0.000270,1.000000,0.000000,0.002569,0.891853,0.999750,0.001139,0.901754,1.000000
"Jacaranda mimosifolia (JPL161)",JPL161,becknic,vegetation,vegetation.tree.jacaranda.mimosifolia.vswir.jpl161.jpl.asd.spectrum.txt,0.000921,0.999909,1.000000,0.000749,0.853259,1.000000,0.001332,0.999778,1.000000,0.000222,1.000000,0.000000,0.000271,1.000000,0.000000
"Jacaranda mimosifolia (JPL167)",JPL167,becknic,vegetation,vegetation.tree.jacaranda.mimosifolia.vswir.jpl167.jpl.asd.spectrum.txt,0.001266,0.999809,1.000000,0.001217,0.827149,1.000000,0.001108,0.999837,1.000000,0.000235,1.000000,0.000000,0.000216,1.000000,0.000000
"Jacaranda mimosifolia (JPL168)",JPL168,becknic,vegetation,vegetation.tree.jacaranda.mimosifolia.vswir.jpl168.jpl.asd.spectrum.txt,0.001543,0.999794,1.000000,0.000982,0.871165,1.000000,0.001492,0.999777,1.000000,0.000224,1.000000,0.000000,0.000270,1.000000,0.000000
"Jacaranda mimosifolia (JPL201)",JPL201,becknic,vegetation,vegetation.tree.jacaranda.mimosifolia.vswir.jpl201.jpl.asd.spectrum.txt,0.001042,0.999840,1.000000,0.000763,0.847431,1.000000,0.001085,0.999787,1.000000,0.000234,1.000000,0.000000,0.000267,1.000000,0.000000
"Jacaranda mimosifolia (JPL203)",JPL203,becknic,vegetation,vegetation.tree.jacaranda.mimosifolia.vswir.jpl203.jpl.asd.spectrum.txt,0.000857,0.999908,1.000000,0.000825,0.826278,1.000000,0.001050,0.999844,1.000000,0.000229,1.000000,0.000000,0.000268,1.000000,0.000000
"Jacaranda mimosifolia (JPL204)",JPL204,becknic,vegetation,vegetation.tree.jacaranda.mimosifolia.vswir.jpl204.jpl.asd.spectrum.txt,0.001022,0.999898,1.000000,0.001343,0.906928,1.000000,0.001333,0.999813,1.000000,0.000232,1.000000,0.000000,0.000267,1.000000,0.000000
"Lagerstroemia indica (JPL219)",JPL219,becknic,vegetation,vegetation.tree.lagerstroemia.indica.tir.jpl219.jpl.nicolet.spectrum.txt,0.000126,1.000000,0.000000,0.000244,1.000000,0.000000,0.000189,1.000000,0.000000,0.001025,0.853945,0.999750,0.000952,0.934466,1.000000
"Lagerstroemia indica (JPL220)",JPL220,becknic,vegetation,vegetation.tree.lagerstroemia.indica.tir.jpl220.jpl.nicolet.spectrum.txt,0.000112,1.000000,0.000000,0.000156,1.000000,0.000000,0.000120,1.000000,0.000000,0.000860,0.908469,0.999750,0.000823,0.966963,1.000000
"Lagerstroemia indica (JPL227)",JPL227,becknic,vegetation,vegetation.tree.lagerstroemia.indica.tir.jpl227.jpl.nicolet.spectrum.txt,0.000116,1.000000,0.000000,0.000161,1.000000,0.000000,0.000124,1.000000,0.000000,0.001250,0.759713,0.999750,0.000817,0.962240,1.000000
"Lagerstroemia indica (JPL149)",JPL149,becknic,vegetation,vegetation.tree.lagerstroemia.indica.vswir.jpl149.jpl.asd.spectrum.txt,0.001822,0.999817,1.000000,0.000996,0.968106,1.000000,0.001412,0.999888,1.000000,0.000214,1.000000,0.000000,0.000269,1.000000,0.000000
"Lagerstroemia indica (JPL150)",JPL150,becknic,vegetation,vegetation.tree.lagerstroemia.indica.vswir.jpl150.jpl.asd.spectrum.txt,0.002547,0.999637,1.000000,0.002063,0.948570,1.000000,0.001366,0.999896,1.000000,0.000330,1.000000,0.000000,0.000295,1.000000,0.000000
"Lagerstroemia indica (JPL219)",JPL219,becknic,vegetation,vegetation.tree.lagerstroemia.indica.vswir.jpl219.jpl.asd.spectrum.txt,0.001588,0.999867,1.000000,0.001906,0.948435,1.000000,0.001321,0.999912,1.000000,0.000214,1.000000,0.000000,0.000257,1.000000,0.000000
"Lagerstroemia indica (JPL220)",JPL220,becknic,vegetation,vegetation.tree.lagerstroemia.indica.vswir.jpl220.jpl.asd.spectrum.txt,0.003317,0.999340,1.000000,0.003105,0.957363,1.000000,0.001207,0.999918,1.000000,0.000507,1.000000,0.000000,0.000309,1.000000,0.000000
"Lagerstroemia indica (JPL227)",JPL227,becknic,vegetation,vegetation.tree.lagerstroemia.indica.vswir.jpl227.jpl.asd.spectrum.txt,0.000842,0.999951,1.000000,0.001648,0.952984,1.000000,0.001738,0.999782,1.000000,0.000243,1.000000,0.000000,0.000267,1.000000,0.000000
"Macadamia integrifolia (JPL205)",JPL205,becknic,vegetation,vegetation.tree.macadamia.integrifolia.tir.jpl205.jpl.nicolet.spectrum.txt,0.000133,1.000000,0.000000,0.000184,1.000000,0.000000,0.000142,1.000000,0.000000,0.001891,0.680421,0.999750,0.000819,0.937073,1.000000
"Macadamia integrifolia (JPL211)",JPL211,becknic,vegetation,vegetation.tree.macadamia.integrifolia.tir.jpl211.jpl.nicolet.spectrum.txt,0.000114,1.000000,0.000000,0.000157,1.000000,0.000000,0.000121,1.000000,0.000000,0.001503,0.827825,0.999750,0.000744,0.931169,1.000000
"Macadamia integrifolia (JPL165)",JPL165,becknic,vegetation,vegetation.tree.macadamia.integrifolia.vswir.jpl165.jpl.asd.spectrum.txt,0.001762,0.999879,1.000000,0.001529,0.949032,1.000000,0.001500,0.999885,1.000000,0.000582,1.000000,0.000000,0.000446,1.000000,0.000000
"Macadamia integrifolia (JPL205)",JPL205,becknic,vegetation,vegetation.tree.macadamia.integrifolia.vswir.jpl205.jpl.asd.spectrum.txt,0.001420,0.999908,1.000000,0.001910,0.943591,1.000000,0.001405,0.999895,1.000000,0.000419,1.000000,0.000000,0.000256,1.000000,0.000000
"Macadamia integrifolia (JPL211)",JPL211,becknic,vegetation,vegetation.tree.macadamia.integrifolia.vswir.jpl211.jpl.asd.spectrum.txt,0.001480,0.999898,1.000000,0.000973,0.972233,1.000000,0.001291,0.999895,1.000000,0.000512,1.000000,0.000000,0.000339,1.000000,0.000000
"Magnolia grandiflora (JPL182)",JPL182,becknic,vegetation,vegetation.tree.magnolia.grandiflora.tir.jpl182.jpl.nicolet.spectrum.txt,0.000085,1.000000,0.000000,0.000118,1.000000,0.000000,0.000091,1.000000,0.000000,0.001505,0.714565,0.999750,0.000899,0.932522,1.000000
"Magnolia grandiflora (JPL230)",JPL230,becknic,vegetation,vegetation.tree.magnolia.grandiflora.tir.jpl230.jpl.nicolet.spectrum.txt,0.000087,1.000000,0.000000,0.000121,1.000000,0.000000,0.000093,1.000000,0.000000,0.002074,0.629425,0.999750,0.000651,0.945481,1.000000
"Magnolia grandiflora (JPL231)",JPL231,becknic,vegetation,vegetation.tree.magnolia.grandiflora.tir.jpl231.jpl.nicolet.spectrum.txt,0.000089,1.000000,0.000000,0.000123,1.000000,0.000000,0.000095,1.000000,0.000000,0.001913,0.653937,0.999750,0.000978,0.926635,1.000000
"Magnolia grandiflora (JPL115)",JPL115,becknic,vegetation,vegetation.tree.magnolia.grandiflora.vswir.jpl115.jpl.asd.spectrum.txt,0.001971,0.999771,1.000000,0.000970,0.981281,1.000000,0.001406,0.999890,1.000000,0.000334,1.000000,0.000000,0.000297,1.000000,0.000000
"Magnolia grandiflora (JPL116)",JPL116,becknic,vegetation,vegetation.tree.magnolia.grandiflora.vswir.jpl116.jpl.asd.spectrum.txt,0.000724,0.999979,1.000000,0.001632,0.977402,1.000000,0.002916,0.999627,1.000000,0.000522,1.000000,0.000000,0.000405,1.000000,0.000000
"Magnolia grandiflora (JPL132)",JPL132,becknic,vegetation,vegetation.tree.magnolia.grandiflora.vswir.jpl132.jpl.asd.spectrum.txt,0.001349,0.999913,1.000000,0.001128,0.981592,1.000000,0.002072,0.999798,1.000000,0.000456,1.000000,0.000000,0.000262,1.000000,0.000000
"Magnolia grandiflora (JPL182)",JPL182,becknic,vegetation,vegetation.tree.magnolia.grandiflora.vswir.jpl182.jpl.asd.spectrum.txt,0.004552,0.998819,1.000000,0.000944,0.986108,1.000000,0.003559,0.999307,1.000000,0.000165,1.000000,0.000000,0.000164,1.000000,0.000000
"Magnolia grandiflora (JPL230)",JPL230,becknic,vegetation,vegetation.tree.magnolia.grandiflora.vswir.jpl230.jpl.asd.spectrum.txt,0.000757,0.999975,1.000000,0.002502,0.972583,1.000000,0.002793,0.999647,1.000000,0.000256,1.000000,0.000000,0.000226,1.000000,0.000000
"Magnolia grandiflora (JPL231)",JPL231,becknic,vegetation,vegetation.tree.magnolia.grandiflora.vswir.jpl231.jpl.asd.spectrum.txt,0.003330,0.999454,1.000000,0.000851,0.991217,1.000000,0.005051,0.998686,1.000000,0.000090,1.000000,0.000000,0.000089,1.000000,0.000000
"Melaleuca linariifolia (JPL197)",JPL197,becknic,vegetation,vegetation.tree.melaleuca.linariifolia.tir.jpl197.jpl.nicolet.spectrum.txt,0.000125,1.000000,0.000000,0.000174,1.000000,0.000000,0.000134,1.000000,0.000000,0.000499,0.986986,0.999750,0.000676,0.935185,1.000000
"Melaleuca linariifolia (JPL198)",JPL198,becknic,vegetation,vegetation.tree.melaleuca.linariifolia.tir.jpl198.jpl.nicolet.spectrum.txt,0.000127,1.000000,0.000000,0.000209,1.000000,0.000000,0.000161,1.000000,0.000000,0.000902,0.966588,0.999750,0.000714,0.931686,1.000000
"Melaleuca linariifolia (JPL199)",JPL199,becknic,vegetation,vegetation.tree.melaleuca.linariifolia.tir.jpl199.jpl.nicolet.spectrum.txt,0.000129,1.000000,0.000000,0.000179,1.000000,0.000000,0.000138,1.000000,0.000000,0.000776,0.955031,0.999750,0.000613,0.831285,1.000000
"Melaleuca linariifolia (JPL162)",JPL162,becknic,vegetation,vegetation.tree.melaleuca.linariifolia.vswir.jpl162.jpl.asd.spectrum.txt,0.002887,0.999521,1.000000,0.001063,0.985656,1.000000,0.000864,0.999951,1.000000,0.000229,1.000000,0.000000,0.000210,1.000000,0.000000
"Melaleuca linariifolia (JPL163)",JPL163,becknic,vegetation,vegetation.tree.melaleuca.linariifolia.vswir.jpl163.jpl.asd.spectrum.txt,0.001344,0.999835,1.000000,0.002031,0.880820,1.000000,0.001029,0.999900,1.000000,0.000236,1.000000,0.000000,0.000216,1.000000,0.000000
"Melaleuca linariifolia (JPL164)",JPL164,becknic,vegetation,vegetation.tree.melaleuca.linariifolia.vswir.jpl164.jpl.asd.spectrum.txt,0.001084,0.999833,1.000000,0.001558,0.815401,1.000000,0.000894,0.999895,1.000000,0.000227,1.000000,0.000000,0.000209,1.000000,0.000000
"Melaleuca linariifolia (JPL197)",JPL197,becknic,vegetation,vegetation.tree.melaleuca.linariifolia.vswir.jpl197.jpl.asd.spectrum.txt,0.001782,0.999791,1.000000,0.000593,0.989544,1.000000,0.000938,0.999946,1.000000,0.000244,1.000000,0.000000,0.000220,1.000000,0.000000
"Melaleuca linariifolia (JPL198)",JPL198,becknic,vegetation,vegetation.tree.melaleuca.linariifolia.vswir.jpl198.jpl.asd.spectrum.txt,0.002077,0.999504,1.000000,0.001527,0.951606,1.000000,0.000992,0.999906,1.000000,0.000257,1.000000,0.000000,0.000227,1.000000,0.000000
"Melaleuca linariifolia (JPL199)",JPL199,becknic,vegetation,vegetation.tree.melaleuca.linariifolia.vswir.jpl199.jpl.asd.spectrum.txt,0.001872,0.999713,1.000000,0.000838,0.983746,1.000000,0.000886,0.999938,1.000000,0.000221,1.000000,0.000000,0.000204,1.000000,0.000000
"Melateuca lanceolata (JPL223)",JPL223,becknic,vegetation,vegetation.tree.melateuca.lanceolata.tir.jpl223.jpl.nicolet.spectrum.txt,0.000130,1.000000,0.000000,0.000194,1.000000,0.000000,0.000149,1.000000,0.000000,0.000730,0.978018,0.999750,0.000647,0.854208,1.000000
"Melateuca lanceolata (JPL153)",JPL153,becknic,vegetation,vegetation.tree.melateuca.lanceolata.vswir.jpl153.jpl.asd.spectrum.txt,0.001370,0.999870,1.000000,0.001772,0.932642,1.000000,0.000867,0.999941,1.000000,0.000216,1.000000,0.000000,0.000255,1.000000,0.000000
"Melateuca lanceolata (JPL223)",JPL223,becknic,vegetation,vegetation.tree.melateuca.lanceolata.vswir.jpl223.jpl.asd.spectrum.txt,0.000873,0.999946,1.000000,0.001421,0.974020,1.000000,0.000911,0.999939,1.000000,0.000216,1.000000,0.000000,0.000271,1.000000,0.000000
"Metrosideros excelsa (JPL209)",JPL209,becknic,vegetation,vegetation.tree.metrosideros.excelsa.tir.jpl209.jpl.nicolet.spectrum.txt,0.000109,1.000000,0.000000,0.000152,1.000000,0.000000,0.000117,1.000000,0.000000,0.002229,0.790721,0.999750,0.000816,0.948803,1.000000
"Metrosideros excelsa (JPL209)",JPL209,becknic,vegetation,vegetation.tree.metrosideros.excelsa.vswir.jpl209.jpl.asd.spectrum.txt,0.002840,0.999597,1.000000,0.002117,0.926151,1.000000,0.001314,0.999914,1.000000,0.000422,1.000000,0.000000,0.000254,1.000000,0.000000
"Olea africana (JPL226)",JPL226,becknic,vegetation,vegetation.tree.olea.africana.tir.jpl226.jpl.nicolet.spectrum.txt,0.000126,1.000000,0.000000,0.000240,1.000000,0.000000,0.000186,1.000000,0.000000,0.001261,0.871341,0.999750,0.000687,0.941224,1.000000
"Olea africana (JPL121)",JPL121,becknic,vegetation,vegetation.tree.olea.africana.vswir.jpl121.jpl.asd.spectrum.txt,0.001494,0.999890,1.000000,0.000767,0.970665,1.000000,0.001177,0.999925,1.000000,0.000486,1.000000,0.000000,0.000290,1.000000,0.000000
"Olea africana (JPL226)",JPL226,becknic,vegetation,vegetation.tree.olea.africana.vswir.jpl226.jpl.asd.spectrum.txt,0.000943,0.999948,1.000000,0.002187,0.933764,1.000000,0.000981,0.999942,1.000000,0.000424,1.000000,0.000000,0.000253,1.000000,0.000000
"Ombu tree (JPL166)",JPL166,becknic,vegetation,vegetation.tree.ombu.tree.vswir.jpl166.jpl.asd.spectrum.txt,0.002268,0.999629,1.000000,0.001068,0.973870,1.000000,0.001623,0.999807,1.000000,0.000236,1.000000,0.000000,0.000242,1.000000,0.000000
"Peltophorum africanum (JPL259)",JPL259,becknic,vegetation,vegetation.tree.peltophorum.africanum.tir.jpl259.jpl.nicolet.spectrum.txt,0.000128,1.000000,0.000000,0.000218,1.000000,0.000000,0.000168,1.000000,0.000000,0.001776,0.894781,0.999750,0.000725,0.946154,1.000000
"Peltophorum africanum (JPL260)",JPL260,becknic,vegetation,vegetation.tree.peltophorum.africanum.tir.jpl260.jpl.nicolet.spectrum.txt,0.000161,1.000000,0.000000,0.000277,1.000000,0.000000,0.000215,1.000000,0.000000,0.000839,0.971630,0.999750,0.000599,0.920833,1.000000
"Peltophorum africanum (JPL261)",JPL261,becknic,vegetation,vegetation.tree.peltophorum.africanum.tir.jpl261.jpl.nicolet.spectrum.txt,0.000375,1.000000,0.000000,0.000342,1.000000,0.000000,0.000292,1.000000,0.000000,0.001772,0.913519,0.999750,0.000865,0.968278,1.000000
"Peltophorum africanum (JPL259)",JPL259,becknic,vegetation,vegetation.tree.peltophorum.africanum.vswir.jpl259.jpl.asd.spectrum.txt,0.002132,0.999576,1.000000,0.001368,0.945296,1.000000,0.001105,0.999871,1.000000,0.000266,1.000000,0.000000,0.000272,1.000000,0.000000
"Peltophorum africanum (JPL260)",JPL260,becknic,vegetation,vegetation.tree.peltophorum.africanum.vswir.jpl260.jpl.asd.spectrum.txt,0.000545,0.999961,1.000000,0.001046,0.966356,1.000000,0.000913,0.999895,1.000000,0.000229,1.000000,0.000000,0.000210,1.000000,0.000000
"Peltophorum africanum (JPL261)",JPL261,becknic,vegetation,vegetation.tree.peltophorum.africanum.vswir.jpl261.jpl.asd.spectrum.txt,0.002325,0.999573,1.000000,0.001215,0.907970,1.000000,0.001364,0.999827,1.000000,0.000235,1.000000,0.000000,0.000267,1.000000,0.000000
"Peltophorum dubium (JPL206)",JPL206,becknic,vegetation,vegetation.tree.peltophorum.dubium.tir.jpl206.jpl.nicolet.spectrum.txt,0.000160,1.000000,0.000000,0.000276,1.000000,0.000000,0.000215,1.000000,0.000000,0.001830,0.885373,0.999750,0.000965,0.831776,1.000000
"Peltophorum dubium (JPL169)",JPL169,becknic,vegetation,vegetation.tree.peltophorum.dubium.vswir.jpl169.jpl.asd.spectrum.txt,0.001316,0.999773,1.000000,0.000920,0.902482,1.000000,0.001196,0.999781,1.000000,0.000236,1.000000,0.000000,0.000267,1.000000,0.000000
"Peltophorum dubium (JPL206)",JPL206,becknic,vegetation,vegetation.tree.peltophorum.dubium.vswir.jpl206.jpl.asd.spectrum.txt,0.001155,0.999902,1.000000,0.000787,0.958987,1.000000,0.001282,0.999850,1.000000,0.000365,1.000000,0.000000,0.000312,1.000000,0.000000
"Phyllostachys aurea (JPL089)",JPL089,becknic,vegetation,vegetation.tree.phyllostachys.aurea.tir.jpl089.jpl.nicolet.spectrum.txt,0.000348,1.000000,0.000000,0.000341,1.000000,0.000000,0.000284,1.000000,0.000000,0.002368,0.968575,0.999750,0.000768,0.952485,1.000000
"Phyllostachys aurea (JPL090)",JPL090,becknic,vegetation,vegetation.tree.phyllostachys.aurea.tir.jpl090.jpl.nicolet.spectrum.txt,0.000235,1.000000,0.000000,0.000311,1.000000,0.000000,0.000246,1.000000,0.000000,0.001769,0.968036,0.999750,0.000787,0.962168,1.000000
"Phyllostachys aurea (JPL089)",JPL089,becknic,vegetation,vegetation.tree.phyllostachys.aurea.vswir.jpl089.jpl.asd.spectrum.txt,0.002581,0.999429,1.000000,0.000987,0.857283,1.000000,0.002001,0.999469,1.000000,0.000544,1.000000,0.000000,0.000354,1.000000,0.000000
"Phyllostachys aurea (JPL090)",JPL090,becknic,vegetation,vegetation.tree.phyllostachys.aurea.vswir.jpl090.jpl.asd.spectrum.txt,0.002566,0.999474,1.000000,0.000847,0.921027,1.000000,0.002060,0.999500,1.000000,0.000552,1.000000,0.000000,0.000360,1.000000,0.000000
"Phyllostachys vivax (JPL124)",JPL124,becknic,vegetation,vegetation.tree.phyllostachys.vivax.vswir.jpl124.jpl.asd.spectrum.txt,0.001416,0.999833,1.000000,0.000980,0.967601,1.000000,0.001340,0.999788,1.000000,0.000552,1.000000,0.000000,0.000360,1.000000,0.000000
"Phyllostachys vivax (JPL125)",JPL125,becknic,vegetation,vegetation.tree.phyllostachys.vivax.vswir.jpl125.jpl.asd.spectrum.txt,0.001361,0.999842,1.000000,0.001281,0.838585,1.000000,0.001360,0.999751,1.000000,0.000552,1.000000,0.000000,0.000435,1.000000,0.000000
"Phyllostachys vivax (JPL126)",JPL126,becknic,vegetation,vegetation.tree.phyllostachys.vivax.vswir.jpl126.jpl.asd.spectrum.txt,0.001346,0.999830,1.000000,0.001111,0.870328,1.000000,0.001763,0.999504,1.000000,0.000526,1.000000,0.000000,0.000415,1.000000,0.000000
"Phytolacca dioica (JPL207)",JPL207,becknic,vegetation,vegetation.tree.phytolacca.dioica.tir.jpl207.jpl.nicolet.spectrum.txt,0.000100,1.000000,0.000000,0.000139,1.000000,0.000000,0.000107,1.000000,0.000000,0.001744,0.744148,0.999750,0.000724,0.936200,1.000000
"Phytolacca dioica (JPL207)",JPL207,becknic,vegetation,vegetation.tree.phytolacca.dioica.vswir.jpl207.jpl.asd.spectrum.txt,0.001148,0.999912,1.000000,0.000750,0.988735,1.000000,0.001350,0.999862,1.000000,0.000213,1.000000,0.000000,0.000265,1.000000,0.000000
"Pinus lambertiana 1 (VH051)",VH051,becknic,vegetation,vegetation.tree.pinus.lambertiana.tir.vh051.ucsb.nicolet.spectrum.txt,0.000110,1.000000,0.000000,0.000153,1.000000,0.000000,0.000118,1.000000,0.000000,0.001784,0.807169,0.999750,0.001284,0.689841,1.000000
"Pinus lambertiana 1 (VH052)",VH052,becknic,vegetation,vegetation.tree.pinus.lambertiana.tir.vh052.ucsb.nicolet.spectrum.txt,0.000127,1.000000,0.000000,0.000206,1.000000,0.000000,0.000159,1.000000,0.000000,0.001678,0.797709,0.999750,0.001137,0.827406,1.000000
"Pinus lambertiana 2 (VH065)",VH065,becknic,vegetation,vegetation.tree.pinus.lambertiana.tir.vh065.ucsb.nicolet.spectrum.txt,0.000108,1.000000,0.000000,0.000150,1.000000,0.000000,0.000115,1.000000,0.000000,0.001664,0.826588,0.999750,0.001134,0.684098,1.000000
"Pinus lambertiana 2 (VH066)",VH066,becknic,vegetation,vegetation.tree.pinus.lambertiana.tir.vh066.ucsb.nicolet.spectrum.txt,0.000096,1.000000,0.000000,0.000134,1.000000,0.000000,0.000103,1.000000,0.000000,0.001673,0.802612,0.999750,0.001246,0.828905,1.000000
"Pinus lambertiana 3 (VH069)",VH069,becknic,vegetation,vegetation.tree.pinus.lambertiana.tir.vh069.ucsb.nicolet.spectrum.txt,0.000133,1.000000,0.000000,0.000185,1.000000,0.000000,0.000142,1.000000,0.000000,0.001659,0.833828,0.999750,0.001231,0.757195,1.000000
"Pinus lambertiana 3 (VH070)",VH070,becknic,vegetation,vegetation.tree.pinus.lambertiana.tir.vh070.ucsb.nicolet.spectrum.txt,0.000079,1.000000,0.000000,0.000109,1.000000,0.000000,0.000084,1.000000,0.000000,0.001361,0.758106,0.999750,0.001497,0.633365,1.000000
"Pinus lambertiana 1 (VH147)",VH147,becknic,vegetation,vegetation.tree.pinus.lambertiana.tir.vh147.ucsb.nicolet.spectrum.txt,0.000130,1.000000,0.000000,0.000180,1.000000,0.000000,0.000139,1.000000,0.000000,0.002336,0.761264,0.999750,0.001229,0.737246,1.000000
"Pinus lambertiana 1 (VH148)",VH148,becknic,vegetation,vegetation.tree.pinus.lambertiana.tir.vh148.ucsb.nicolet.spectrum.txt,0.000119,1.000000,0.000000,0.000165,1.000000,0.000000,0.000127,1.000000,0.000000,0.002327,0.730054,0.999750,0.001213,0.802928,1.000000
"Pinus lambertiana 2 (VH161)",VH161,becknic,vegetation,vegetation.tree.pinus.lambertiana.tir.vh161.ucsb.nicolet.spectrum.txt,0.000128,1.000000,0.000000,0.000222,1.000000,0.000000,0.000171,1.000000,0.000000,0.002367,0.777960,0.999750,0.001304,0.791916,1.000000
"Pinus lambertiana 2 (VH162)",VH162,becknic,vegetation,vegetation.tree.pinus.lambertiana.tir.vh162.ucsb.nicolet.spectrum.txt,0.000122,1.000000,0.000000,0.000169,1.000000,0.000000,0.000130,1.000000,0.000000,0.002080,0.742374,0.999750,0.001237,0.901969,1.000000
"Pinus lambertiana 3 (VH165)",VH165,becknic,vegetation,vegetation.tree.pinus.lambertiana.tir.vh165.ucsb.nicolet.spectrum.txt,0.000130,1.000000,0.000000,0.000193,1.000000,0.000000,0.000149,1.000000,0.000000,0.002714,0.720314,0.999750,0.001393,0.740034,1.000000
"Pinus lambertiana 3 (VH166)",VH166,becknic,vegetation,vegetation.tree.pinus.lambertiana.tir.vh166.ucsb.nicolet.spectrum.txt,0.000097,1.000000,0.000000,0.000134,1.000000,0.000000,0.000104,1.000000,0.000000,0.001955,0.706273,0.999750,0.001468,0.701464,1.000000
"Pinus lambertiana 1 (VH243)",VH243,becknic,vegetation,vegetation.tree.pinus.lambertiana.tir.vh243.ucsb.nicolet.spectrum.txt,0.000128,1.000000,0.000000,0.000214,1.000000,0.000000,0.000165,1.000000,0.000000,0.000445,1.000000,0.999750,0.000208,0.959679,1.000000
"Pinus lambertiana 1 (VH244)",VH244,becknic,vegetation,vegetation.tree.pinus.lambertiana.tir.vh244.ucsb.nicolet.spectrum.txt,0.000280,1.000000,0.000000,0.000328,1.000000,0.000000,0.000262,1.000000,0.000000,0.002046,0.693386,0.999750,0.001709,0.730867,1.000000
"Pinus lambertiana 2 (VH258)",VH258,becknic,vegetation,vegetation.tree.pinus.lambertiana.tir.vh258.ucsb.nicolet.spectrum.txt,0.000495,1.000000,0.000000,0.000496,1.000000,0.000000,0.000725,1.000000,0.000000,0.002293,0.925636,0.999750,0.001803,0.837834,1.000000
"Pinus lambertiana 2 (VH259)",VH259,becknic,vegetation,vegetation.tree.pinus.lambertiana.tir.vh259.ucsb.nicolet.spectrum.txt,0.000533,1.000000,0.000000,0.000422,1.000000,0.000000,0.000469,1.000000,0.000000,0.001714,0.843344,0.999750,0.001894,0.708524,1.000000
"Pinus lambertiana 3 (VH262)",VH262,becknic,vegetation,vegetation.tree.pinus.lambertiana.tir.vh262.ucsb.nicolet.spectrum.txt,0.000092,1.000000,0.000000,0.000127,1.000000,0.000000,0.000098,1.000000,0.000000,0.001872,0.688696,0.999750,0.001648,0.487919,1.000000
"Pinus lambertiana 3 (VH263)",VH263,becknic,vegetation,vegetation.tree.pinus.lambertiana.tir.vh263.ucsb.nicolet.spectrum.txt,0.000171,1.000000,0.000000,0.000283,1.000000,0.000000,0.000221,1.000000,0.000000,0.002365,0.709633,0.999750,0.001361,0.902507,1.000000
"Pinus lambertiana 1 (VH051)",VH051,becknic,vegetation,vegetation.tree.pinus.lambertiana.vswir.vh051.ucsb.asd.spectrum.txt,0.001165,0.999931,1.000000,0.003596,0.924187,1.000000,0.002004,0.999776,1.000000,0.000249,1.000000,0.000000,0.000268,1.000000,0.000000
"Pinus lambertiana 1 (VH052)",VH052,becknic,vegetation,vegetation.tree.pinus.lambertiana.vswir.vh052.ucsb.asd.spectrum.txt,0.001738,0.999874,1.000000,0.001423,0.993661,1.000000,0.002034,0.999795,1.000000,0.000296,1.000000,0.000000,0.000277,1.000000,0.000000
"Pinus lambertiana 2 (VH065)",VH065,becknic,vegetation,vegetation.tree.pinus.lambertiana.vswir.vh065.ucsb.asd.spectrum.txt,0.001533,0.999907,1.000000,0.001829,0.987199,1.000000,0.002095,0.999823,1.000000,0.000213,1.000000,0.000000,0.000258,1.000000,0.000000
"Pinus lambertiana 2 (VH066)",VH066,becknic,vegetation,vegetation.tree.pinus.lambertiana.vswir.vh066.ucsb.asd.spectrum.txt,0.002617,0.999764,1.000000,0.001318,0.995663,1.000000,0.002274,0.999793,1.000000,0.000255,1.000000,0.000000,0.000270,1.000000,0.000000
"Pinus lambertiana 3 (VH069)",VH069,becknic,vegetation,vegetation.tree.pinus.lambertiana.vswir.vh069.ucsb.asd.spectrum.txt,0.001365,0.999927,1.000000,0.001481,0.989877,1.000000,0.001881,0.999851,1.000000,0.000360,1.000000,0.000000,0.000315,1.000000,0.000000
"Pinus lambertiana 3 (VH070)",VH070,becknic,vegetation,vegetation.tree.pinus.lambertiana.vswir.vh070.ucsb.asd.spectrum.txt,0.003235,0.999695,1.000000,0.001483,0.996610,1.000000,0.003135,0.999663,1.000000,0.000306,1.000000,0.000000,0.000282,1.000000,0.000000
"Pinus lambertiana 1 (VH147)",VH147,becknic,vegetation,vegetation.tree.pinus.lambertiana.vswir.vh147.ucsb.asd.spectrum.txt,0.001099,0.999942,1.000000,0.001650,0.986595,1.000000,0.001860,0.999828,1.000000,0.000515,1.000000,0.000000,0.000316,1.000000,0.000000
"Pinus lambertiana 1 (VH148)",VH148,becknic,vegetation,vegetation.tree.pinus.lambertiana.vswir.vh148.ucsb.asd.spectrum.txt,0.002214,0.999834,1.000000,0.001352,0.994961,1.000000,0.002414,0.999787,1.000000,0.000385,1.000000,0.000000,0.000283,1.000000,0.000000
"Pinus lambertiana 2 (VH161)",VH161,becknic,vegetation,vegetation.tree.pinus.lambertiana.vswir.vh161.ucsb.asd.spectrum.txt,0.000899,0.999965,1.000000,0.001895,0.985672,1.000000,0.001896,0.999845,1.000000,0.000346,1.000000,0.000000,0.000305,1.000000,0.000000
"Pinus lambertiana 2 (VH162)",VH162,becknic,vegetation,vegetation.tree.pinus.lambertiana.vswir.vh162.ucsb.asd.spectrum.txt,0.002542,0.999771,1.000000,0.001258,0.996863,1.000000,0.002542,0.999723,1.000000,0.000384,1.000000,0.000000,0.000284,1.000000,0.000000
"Pinus lambertiana 3 (VH165)",VH165,becknic,vegetation,vegetation.tree.pinus.lambertiana.vswir.vh165.ucsb.asd.spectrum.txt,0.001407,0.999910,1.000000,0.001767,0.989504,1.000000,0.001918,0.999829,1.000000,0.000346,1.000000,0.000000,0.000305,1.000000,0.000000
"Pinus lambertiana 3 (VH166)",VH166,becknic,vegetation,vegetation.tree.pinus.lambertiana.vswir.vh166.ucsb.asd.spectrum.txt,0.002443,0.999806,1.000000,0.001628,0.994546,1.000000,0.002796,0.999708,1.000000,0.000321,1.000000,0.000000,0.000291,1.000000,0.000000
"Pinus lambertiana 1 (VH243)",VH243,becknic,vegetation,vegetation.tree.pinus.lambertiana.vswir.vh243.ucsb.asd.spectrum.txt,0.000698,0.999970,1.000000,0.001369,0.978300,1.000000,0.001310,0.999884,1.000000,0.000304,1.000000,0.000000,0.000281,1.000000,0.000000
"Pinus lambertiana 1 (VH244)",VH244,becknic,vegetation,vegetation.tree.pinus.lambertiana.vswir.vh244.ucsb.asd.spectrum.txt,0.001028,0.999944,1.000000,0.001290,0.987835,1.000000,0.001316,0.999898,1.000000,0.000230,1.000000,0.000000,0.000268,1.000000,0.000000
"Pinus lambertiana 2 (VH258)",VH258,becknic,vegetation,vegetation.tree.pinus.lambertiana.vswir.vh258.ucsb.asd.spectrum.txt,0.000762,0.999968,1.000000,0.001004,0.991720,1.000000,0.001277,0.999904,1.000000,0.000344,1.000000,0.000000,0.000303,1.000000,0.000000
"Pinus lambertiana 2 (VH259)",VH259,becknic,vegetation,vegetation.tree.pinus.lambertiana.vswir.vh259.ucsb.asd.spectrum.txt,0.000974,0.999956,1.000000,0.001030,0.994120,1.000000,0.001466,0.999885,1.000000,0.000348,1.000000,0.000000,0.000307,1.000000,0.000000
"Pinus lambertiana 3 (VH262)",VH262,becknic,vegetation,vegetation.tree.pinus.lambertiana.vswir.vh262.ucsb.asd.spectrum.txt,0.000817,0.999960,1.000000,0.000784,0.993547,1.000000,0.001311,0.999887,1.000000,0.000314,1.000000,0.000000,0.000287,1.000000,0.000000
"Pinus lambertiana 3 (VH263)",VH263,becknic,vegetation,vegetation.tree.pinus.lambertiana.vswir.vh263.ucsb.asd.spectrum.txt,0.001095,0.999950,1.000000,0.001013,0.996314,1.000000,0.001828,0.999828,1.000000,0.000269,1.000000,0.000000,0.000272,1.000000,0.000000
"Pinus ponderosa 1 (VH057)",VH057,becknic,vegetation,vegetation.tree.pinus.ponderosa.tir.vh057.ucsb.nicolet.spectrum.txt,0.000132,1.000000,0.000000,0.000183,1.000000,0.000000,0.000141,1.000000,0.000000,0.002854,0.759739,0.999750,0.001658,0.685454,1.000000
"Pinus ponderosa 1 (VH058)",VH058,becknic,vegetation,vegetation.tree.pinus.ponderosa.tir.vh058.ucsb.nicolet.spectrum.txt,0.000107,1.000000,0.000000,0.000148,1.000000,0.000000,0.000114,1.000000,0.000000,0.001870,0.787039,0.999750,0.001164,0.783557,1.000000
"Pinus ponderosa 2 (VH061)",VH061,becknic,vegetation,vegetation.tree.pinus.ponderosa.tir.vh061.ucsb.nicolet.spectrum.txt,0.000116,1.000000,0.000000,0.000161,1.000000,0.000000,0.000124,1.000000,0.000000,0.002184,0.733767,0.999750,0.001130,0.748183,1.000000
"Pinus ponderosa 2 (VH062)",VH062,becknic,vegetation,vegetation.tree.pinus.ponderosa.tir.vh062.ucsb.nicolet.spectrum.txt,0.000110,1.000000,0.000000,0.000152,1.000000,0.000000,0.000117,1.000000,0.000000,0.002156,0.755750,0.999750,0.001168,0.764201,1.000000
"Pinus ponderosa 3 (VH067)",VH067,becknic,vegetation,vegetation.tree.pinus.ponderosa.tir.vh067.ucsb.nicolet.spectrum.txt,0.000133,1.000000,0.000000,0.000187,1.000000,0.000000,0.000144,1.000000,0.000000,0.002805,0.759567,0.999750,0.001255,0.824871,1.000000
"Pinus ponderosa 3 (VH068)",VH068,becknic,vegetation,vegetation.tree.pinus.ponderosa.tir.vh068.ucsb.nicolet.spectrum.txt,0.000091,1.000000,0.000000,0.000126,1.000000,0.000000,0.000097,1.000000,0.000000,0.001762,0.759544,0.999750,0.001252,0.600434,1.000000
"Pinus ponderosa 1 (VH153)",VH153,becknic,vegetation,vegetation.tree.pinus.ponderosa.tir.vh153.ucsb.nicolet.spectrum.txt,0.000121,1.000000,0.000000,0.000168,1.000000,0.000000,0.000129,1.000000,0.000000,0.002566,0.713122,0.999750,0.001517,0.631525,1.000000
"Pinus ponderosa 1 (VH154)",VH154,becknic,vegetation,vegetation.tree.pinus.ponderosa.tir.vh154.ucsb.nicolet.spectrum.txt,0.000128,1.000000,0.000000,0.000198,1.000000,0.000000,0.000152,1.000000,0.000000,0.001979,0.814083,0.999750,0.001304,0.940286,1.000000
"Pinus ponderosa 2 (VH157)",VH157,becknic,vegetation,vegetation.tree.pinus.ponderosa.tir.vh157.ucsb.nicolet.spectrum.txt,0.000122,1.000000,0.000000,0.000169,1.000000,0.000000,0.000130,1.000000,0.000000,0.002684,0.705397,0.999750,0.001387,0.649136,1.000000
"Pinus ponderosa 2 (VH158)",VH158,becknic,vegetation,vegetation.tree.pinus.ponderosa.tir.vh158.ucsb.nicolet.spectrum.txt,0.000133,1.000000,0.000000,0.000184,1.000000,0.000000,0.000142,1.000000,0.000000,0.002050,0.763000,0.999750,0.001224,0.918019,1.000000
"Pinus ponderosa 3 (VH163)",VH163,becknic,vegetation,vegetation.tree.pinus.ponderosa.tir.vh163.ucsb.nicolet.spectrum.txt,0.000132,1.000000,0.000000,0.000189,1.000000,0.000000,0.000145,1.000000,0.000000,0.003087,0.724127,0.999750,0.001486,0.745274,1.000000
"Pinus ponderosa 3 (VH164)",VH164,becknic,vegetation,vegetation.tree.pinus.ponderosa.tir.vh164.ucsb.nicolet.spectrum.txt,0.000131,1.000000,0.000000,0.000182,1.000000,0.000000,0.000140,1.000000,0.000000,0.003049,0.548542,0.999750,0.001584,0.940473,1.000000
"Pinus ponderosa 1 (VH249)",VH249,becknic,vegetation,vegetation.tree.pinus.ponderosa.tir.vh249.ucsb.nicolet.spectrum.txt,0.000125,1.000000,0.000000,0.000173,1.000000,0.000000,0.000133,1.000000,0.000000,0.002333,0.787876,0.999750,0.001620,0.724722,1.000000
"Pinus ponderosa 1 (VH250)",VH250,becknic,vegetation,vegetation.tree.pinus.ponderosa.tir.vh250.ucsb.nicolet.spectrum.txt,0.000114,1.000000,0.000000,0.000157,1.000000,0.000000,0.000121,1.000000,0.000000,0.002449,0.711245,0.999750,0.001397,0.785519,1.000000
"Pinus ponderosa 2 (VH254)",VH254,becknic,vegetation,vegetation.tree.pinus.ponderosa.tir.vh254.ucsb.nicolet.spectrum.txt,0.000055,1.000000,0.000000,0.000077,1.000000,0.000000,0.000059,1.000000,0.000000,0.000250,1.000000,0.999750,0.000143,1.000000,1.000000
"Pinus ponderosa 2 (VH255)",VH255,becknic,vegetation,vegetation.tree.pinus.ponderosa.tir.vh255.ucsb.nicolet.spectrum.txt,0.000100,1.000000,0.000000,0.000138,1.000000,0.000000,0.000107,1.000000,0.000000,0.001986,0.721520,0.999750,0.001914,0.765979,1.000000
"Pinus ponderosa 3 (VH260)",VH260,becknic,vegetation,vegetation.tree.pinus.ponderosa.tir.vh260.ucsb.nicolet.spectrum.txt,0.000105,1.000000,0.000000,0.000145,1.000000,0.000000,0.000112,1.000000,0.000000,0.002261,0.742198,0.999750,0.001810,0.608691,1.000000
"Pinus ponderosa 3 (VH261)",VH261,becknic,vegetation,vegetation.tree.pinus.ponderosa.tir.vh261.ucsb.nicolet.spectrum.txt,0.000094,1.000000,0.000000,0.000131,1.000000,0.000000,0.000101,1.000000,0.000000,0.002432,0.664950,0.999750,0.001630,0.718086,1.000000
"Pinus ponderosa 1 (VH057)",VH057,becknic,vegetation,vegetation.tree.pinus.ponderosa.vswir.vh057.ucsb.asd.spectrum.txt,0.002927,0.999625,1.000000,0.002061,0.984937,1.000000,0.002549,0.999683,1.000000,0.000358,1.000000,0.000000,0.000316,1.000000,0.000000
"Pinus ponderosa 1 (VH058)",VH058,becknic,vegetation,vegetation.tree.pinus.ponderosa.vswir.vh058.ucsb.asd.spectrum.txt,0.003968,0.999259,1.000000,0.001894,0.990983,1.000000,0.003024,0.999530,1.000000,0.000244,1.000000,0.000000,0.000267,1.000000,0.000000
"Pinus ponderosa 2 (VH061)",VH061,becknic,vegetation,vegetation.tree.pinus.ponderosa.vswir.vh061.ucsb.asd.spectrum.txt,0.002559,0.999661,1.000000,0.001811,0.986869,1.000000,0.002352,0.999678,1.000000,0.000304,1.000000,0.000000,0.000282,1.000000,0.000000
"Pinus ponderosa 2 (VH062)",VH062,becknic,vegetation,vegetation.tree.pinus.ponderosa.vswir.vh062.ucsb.asd.spectrum.txt,0.003606,0.999571,1.000000,0.001865,0.994138,1.000000,0.003410,0.999531,1.000000,0.000410,1.000000,0.000000,0.000261,1.000000,0.000000
"Pinus ponderosa 3 (VH067)",VH067,becknic,vegetation,vegetation.tree.pinus.ponderosa.vswir.vh067.ucsb.asd.spectrum.txt,0.003788,0.999525,1.000000,0.001789,0.993629,1.000000,0.003212,0.999629,1.000000,0.000396,1.000000,0.000000,0.000271,1.000000,0.000000
"Pinus ponderosa 3 (VH068)",VH068,becknic,vegetation,vegetation.tree.pinus.ponderosa.vswir.vh068.ucsb.asd.spectrum.txt,0.003559,0.999617,1.000000,0.001940,0.993440,1.000000,0.003260,0.999629,1.000000,0.000355,1.000000,0.000000,0.000313,1.000000,0.000000
"Pinus ponderosa 1 (VH153)",VH153,becknic,vegetation,vegetation.tree.pinus.ponderosa.vswir.vh153.ucsb.asd.spectrum.txt,0.003410,0.999488,1.000000,0.001129,0.996851,1.000000,0.002817,0.999653,1.000000,0.000296,1.000000,0.000000,0.000278,1.000000,0.000000
"Pinus ponderosa 1 (VH154)",VH154,becknic,vegetation,vegetation.tree.pinus.ponderosa.vswir.vh154.ucsb.asd.spectrum.txt,0.002299,0.999814,1.000000,0.002500,0.993009,1.000000,0.002930,0.999559,1.000000,0.000497,1.000000,0.000000,0.000300,1.000000,0.000000
"Pinus ponderosa 2 (VH157)",VH157,becknic,vegetation,vegetation.tree.pinus.ponderosa.vswir.vh157.ucsb.asd.spectrum.txt,0.003074,0.999642,1.000000,0.001625,0.993566,1.000000,0.002937,0.999646,1.000000,0.000352,1.000000,0.000000,0.000311,1.000000,0.000000
"Pinus ponderosa 2 (VH158)",VH158,becknic,vegetation,vegetation.tree.pinus.ponderosa.vswir.vh158.ucsb.asd.spectrum.txt,0.002813,0.999764,1.000000,0.001903,0.996819,1.000000,0.003267,0.999520,1.000000,0.000426,1.000000,0.000000,0.000253,1.000000,0.000000
"Pinus ponderosa 3 (VH163)",VH163,becknic,vegetation,vegetation.tree.pinus.ponderosa.vswir.vh163.ucsb.asd.spectrum.txt,0.002937,0.999684,1.000000,0.001466,0.994975,1.000000,0.002987,0.999649,1.000000,0.000391,1.000000,0.000000,0.000277,1.000000,0.000000
"Pinus ponderosa 3 (VH164)",VH164,becknic,vegetation,vegetation.tree.pinus.ponderosa.vswir.vh164.ucsb.asd.spectrum.txt,0.002394,0.999826,1.000000,0.001964,0.996791,1.000000,0.003456,0.999433,1.000000,0.000297,1.000000,0.000000,0.000278,1.000000,0.000000
"Pinus ponderosa 1 (VH249)",VH249,becknic,vegetation,vegetation.tree.pinus.ponderosa.vswir.vh249.ucsb.asd.spectrum.txt,0.001179,0.999932,1.000000,0.001671,0.985249,1.000000,0.002389,0.999662,1.000000,0.000428,1.000000,0.000000,0.000252,1.000000,0.000000
"Pinus ponderosa 1 (VH250)",VH250,becknic,vegetation,vegetation.tree.pinus.ponderosa.vswir.vh250.ucsb.asd.spectrum.txt,0.000508,0.999988,1.000000,0.001848,0.983489,1.000000,0.001881,0.999788,1.000000,0.000413,1.000000,0.000000,0.000259,1.000000,0.000000
"Pinus ponderosa 2 (VH254)",VH254,becknic,vegetation,vegetation.tree.pinus.ponderosa.vswir.vh254.ucsb.asd.spectrum.txt,0.001345,0.999915,1.000000,0.001527,0.991521,1.000000,0.002052,0.999765,1.000000,0.000270,1.000000,0.000000,0.000272,1.000000,0.000000
"Pinus ponderosa 2 (VH255)",VH255,becknic,vegetation,vegetation.tree.pinus.ponderosa.vswir.vh255.ucsb.asd.spectrum.txt,0.000838,0.999972,1.000000,0.001900,0.990417,1.000000,0.001812,0.999815,1.000000,0.000358,1.000000,0.000000,0.000316,1.000000,0.000000
"Pinus ponderosa 3 (VH260)",VH260,becknic,vegetation,vegetation.tree.pinus.ponderosa.vswir.vh260.ucsb.asd.spectrum.txt,0.001505,0.999907,1.000000,0.001509,0.991725,1.000000,0.002210,0.999754,1.000000,0.000420,1.000000,0.000000,0.000255,1.000000,0.000000
"Pinus ponderosa 3 (VH261)",VH261,becknic,vegetation,vegetation.tree.pinus.ponderosa.vswir.vh261.ucsb.asd.spectrum.txt,0.000969,0.999965,1.000000,0.001122,0.996167,1.000000,0.001827,0.999841,1.000000,0.000328,1.000000,0.000000,0.000294,1.000000,0.000000
"Pinus strobus (PIST-1-25)",PIST-1-25,becknic,vegetation,vegetation.tree.pinus.strobus.tir.pist-1-25.ucsb.nicolet.spectrum.txt,0.000094,1.000000,0.000000,0.000130,1.000000,0.000000,0.000100,1.000000,0.000000,0.002698,0.602704,0.999750,0.001668,0.695402,1.000000
"Pinus strobus (PIST-2-27)",PIST-2-27,becknic,vegetation,vegetation.tree.pinus.strobus.tir.pist-2-27.ucsb.nicolet.spectrum.txt,0.000129,1.000000,0.000000,0.000179,1.000000,0.000000,0.000138,1.000000,0.000000,0.003434,0.478799,0.999750,0.002506,0.549323,1.000000
"Pinus strobus (PIST-3-29)",PIST-3-29,becknic,vegetation,vegetation.tree.pinus.strobus.tir.pist-3-29.ucsb.nicolet.spectrum.txt,0.000108,1.000000,0.000000,0.000150,1.000000,0.000000,0.000115,1.000000,0.000000,0.003402,0.539631,0.999750,0.002330,0.677318,1.000000
"Pinus strobus (PIST-1-25)",PIST-1-25,becknic,vegetation,vegetation.tree.pinus.strobus.vswir.pist-1-25.ucsb.asd.spectrum.txt,0.001637,0.999873,1.000000,0.000936,0.992506,1.000000,0.001290,0.999911,1.000000,0.000275,1.000000,0.000000,0.000272,1.000000,0.000000
"Pinus strobus (PIST-2-27)",PIST-2-27,becknic,vegetation,vegetation.tree.pinus.strobus.vswir.pist-2-27.ucsb.asd.spectrum.txt,0.001613,0.999878,1.000000,0.000853,0.993993,1.000000,0.001317,0.999912,1.000000,0.000213,1.000000,0.000000,0.000259,1.000000,0.000000
"Pinus strobus (PIST-3-29)",PIST-3-29,becknic,vegetation,vegetation.tree.pinus.strobus.vswir.pist-3-29.ucsb.asd.spectrum.txt,0.001446,0.999891,1.000000,0.000697,0.993841,1.000000,0.000799,0.999965,1.000000,0.000407,1.000000,0.000000,0.000262,1.000000,0.000000
"Podocarpus gracilior (JPL187)",JPL187,becknic,vegetation,vegetation.tree.podocarpus.gracilior.tir.jpl187.jpl.nicolet.spectrum.txt,0.000251,1.000000,0.000000,0.000317,1.000000,0.000000,0.000252,1.000000,0.000000,0.001448,0.952196,0.999750,0.001084,0.923673,1.000000
"Podocarpus gracilior (JPL188)",JPL188,becknic,vegetation,vegetation.tree.podocarpus.gracilior.tir.jpl188.jpl.nicolet.spectrum.txt,0.000509,1.000000,0.000000,0.000391,1.000000,0.000000,0.000386,1.000000,0.000000,0.001667,0.953036,0.999750,0.001051,0.924368,1.000000
"Podocarpus gracilior (JPL233)",JPL233,becknic,vegetation,vegetation.tree.podocarpus.gracilior.tir.jpl233.jpl.nicolet.spectrum.txt,0.000239,1.000000,0.000000,0.000313,1.000000,0.000000,0.000248,1.000000,0.000000,0.001635,0.937605,0.999750,0.000942,0.942004,1.000000
"Podocarpus gracilior (JPL127)",JPL127,becknic,vegetation,vegetation.tree.podocarpus.gracilior.vswir.jpl127.jpl.asd.spectrum.txt,0.002189,0.999748,1.000000,0.002067,0.903681,1.000000,0.001404,0.999859,1.000000,0.000513,1.000000,0.000000,0.000376,1.000000,0.000000
"Podocarpus gracilior (JPL155)",JPL155,becknic,vegetation,vegetation.tree.podocarpus.gracilior.vswir.jpl155.jpl.asd.spectrum.txt,0.001099,0.999878,1.000000,0.000974,0.961235,1.000000,0.001133,0.999859,1.000000,0.000548,1.000000,0.000000,0.000357,1.000000,0.000000
"Podocarpus gracilior (JPL173)",JPL173,becknic,vegetation,vegetation.tree.podocarpus.gracilior.vswir.jpl173.jpl.asd.spectrum.txt,0.001808,0.999783,1.000000,0.003103,0.918521,1.000000,0.001360,0.999841,1.000000,0.000513,1.000000,0.000000,0.000339,1.000000,0.000000
"Podocarpus gracilior (JPL187)",JPL187,becknic,vegetation,vegetation.tree.podocarpus.gracilior.vswir.jpl187.jpl.asd.spectrum.txt,0.001943,0.999801,1.000000,0.000739,0.983059,1.000000,0.001257,0.999886,1.000000,0.000517,1.000000,0.000000,0.000361,1.000000,0.000000
"Podocarpus gracilior (JPL188)",JPL188,becknic,vegetation,vegetation.tree.podocarpus.gracilior.vswir.jpl188.jpl.asd.spectrum.txt,0.001802,0.999872,1.000000,0.002251,0.940998,1.000000,0.001316,0.999906,1.000000,0.000552,1.000000,0.000000,0.000435,1.000000,0.000000
"Podocarpus gracilior (JPL233)",JPL233,becknic,vegetation,vegetation.tree.podocarpus.gracilior.vswir.jpl233.jpl.asd.spectrum.txt,0.002043,0.999818,1.000000,0.002052,0.931283,1.000000,0.001172,0.999925,1.000000,0.000519,1.000000,0.000000,0.000340,1.000000,0.000000
"Prosopis articulata (JPL142)",JPL142,becknic,vegetation,vegetation.tree.prosopis.articulata.vswir.jpl142.jpl.asd.spectrum.txt,0.001731,0.999518,1.000000,0.000557,0.975503,1.000000,0.000708,0.999924,1.000000,0.000160,1.000000,0.000000,0.000159,1.000000,0.000000
"Prunus serotina (PRSE-2-65)",PRSE-2-65,becknic,vegetation,vegetation.tree.prunus.serotina.tir.prse-2-65.ucsb.nicolet.spectrum.txt,0.000342,1.000000,0.000000,0.000341,1.000000,0.000000,0.000282,1.000000,0.000000,0.003109,0.915339,0.999750,0.002271,0.954909,1.000000
"Prunus serotina (PRSE-1-63)",PRSE-1-63,becknic,vegetation,vegetation.tree.prunus.serotina.vswir.prse-1-63.ucsb.asd.spectrum.txt,0.004314,0.998545,1.000000,0.000747,0.942310,1.000000,0.001071,0.999883,1.000000,0.000327,1.000000,0.000000,0.000294,1.000000,0.000000
"Prunus serotina (PRSE-2-65)",PRSE-2-65,becknic,vegetation,vegetation.tree.prunus.serotina.vswir.prse-2-65.ucsb.asd.spectrum.txt,0.002439,0.999587,1.000000,0.001180,0.888066,1.000000,0.001227,0.999868,1.000000,0.000404,1.000000,0.000000,0.000265,1.000000,0.000000
"Pyllostachys vivax (JPL190)",JPL190,becknic,vegetation,vegetation.tree.pyllostachys.vivax.tir.jpl190.jpl.nicolet.spectrum.txt,0.000177,1.000000,0.000000,0.000286,1.000000,0.000000,0.000223,1.000000,0.000000,0.002632,0.912459,0.999750,0.000947,0.983844,1.000000
"Pyllostachys vivax (JPL191)",JPL191,becknic,vegetation,vegetation.tree.pyllostachys.vivax.tir.jpl191.jpl.nicolet.spectrum.txt,0.000274,1.000000,0.000000,0.000326,1.000000,0.000000,0.000260,1.000000,0.000000,0.002982,0.926204,0.999750,0.000866,0.928638,1.000000
"Pyllostachys vivax (JPL192)",JPL192,becknic,vegetation,vegetation.tree.pyllostachys.vivax.tir.jpl192.jpl.nicolet.spectrum.txt,0.000152,1.000000,0.000000,0.000271,1.000000,0.000000,0.000211,1.000000,0.000000,0.002484,0.905784,0.999750,0.000799,0.971284,1.000000
"Pyllostachys vivax (JPL190)",JPL190,becknic,vegetation,vegetation.tree.pyllostachys.vivax.vswir.jpl190.jpl.asd.spectrum.txt,0.001472,0.999835,1.000000,0.001228,0.848501,1.000000,0.001355,0.999812,1.000000,0.000492,1.000000,0.000000,0.000351,1.000000,0.000000
"Pyllostachys vivax (JPL191)",JPL191,becknic,vegetation,vegetation.tree.pyllostachys.vivax.vswir.jpl191.jpl.asd.spectrum.txt,0.001384,0.999821,1.000000,0.001923,0.805327,1.000000,0.001818,0.999470,1.000000,0.000569,1.000000,0.000000,0.000441,1.000000,0.000000
"Pyllostachys vivax (JPL192)",JPL192,becknic,vegetation,vegetation.tree.pyllostachys.vivax.vswir.jpl192.jpl.asd.spectrum.txt,0.001318,0.999875,1.000000,0.001838,0.844990,1.000000,0.001379,0.999804,1.000000,0.000518,1.000000,0.000000,0.000369,1.000000,0.000000
"Quercus agrifolia (JPL176)",JPL176,becknic,vegetation,vegetation.tree.quercus.agrifolia.tir.jpl176.jpl.nicolet.spectrum.txt,0.000120,1.000000,0.000000,0.000167,1.000000,0.000000,0.000129,1.000000,0.000000,0.002232,0.691283,0.999750,0.001009,0.750095,1.000000
"Quercus agrifolia (JPL179)",JPL179,becknic,vegetation,vegetation.tree.quercus.agrifolia.tir.jpl179.jpl.nicolet.spectrum.txt,0.000127,1.000000,0.000000,0.000210,1.000000,0.000000,0.000162,1.000000,0.000000,0.002106,0.738681,0.999750,0.000953,0.809855,1.000000
"Quercus agrifolia (JPL181)",JPL181,becknic,vegetation,vegetation.tree.quercus.agrifolia.tir.jpl181.jpl.nicolet.spectrum.txt,0.000127,1.000000,0.000000,0.000203,1.000000,0.000000,0.000156,1.000000,0.000000,0.001792,0.702144,0.999750,0.000877,0.739756,1.000000
"Quercus agrifolia 1 (VH075)",VH075,becknic,vegetation,vegetation.tree.quercus.agrifolia.tir.vh075.ucsb.nicolet.spectrum.txt,0.000129,1.000000,0.000000,0.000249,1.000000,0.000000,0.000193,1.000000,0.000000,0.001590,0.833661,0.999750,0.001155,0.763867,1.000000
"Quercus agrifolia 1 (VH076)",VH076,becknic,vegetation,vegetation.tree.quercus.agrifolia.tir.vh076.ucsb.nicolet.spectrum.txt,0.000126,1.000000,0.000000,0.000228,1.000000,0.000000,0.000176,1.000000,0.000000,0.002212,0.580799,0.999750,0.001254,0.811067,1.000000
"Quercus agrifolia 2 (VH079)",VH079,becknic,vegetation,vegetation.tree.quercus.agrifolia.tir.vh079.ucsb.nicolet.spectrum.txt,0.000476,1.000000,0.000000,0.000356,1.000000,0.000000,0.000321,1.000000,0.000000,0.002514,0.839502,0.999750,0.001577,0.884219,1.000000
"Quercus agrifolia 2 (VH080)",VH080,becknic,vegetation,vegetation.tree.quercus.agrifolia.tir.vh080.ucsb.nicolet.spectrum.txt,0.000126,1.000000,0.000000,0.000240,1.000000,0.000000,0.000186,1.000000,0.000000,0.003124,0.691705,0.999750,0.001680,0.678986,1.000000
"Quercus agrifolia 3 (VH083)",VH083,becknic,vegetation,vegetation.tree.quercus.agrifolia.tir.vh083.ucsb.nicolet.spectrum.txt,0.000236,1.000000,0.000000,0.000312,1.000000,0.000000,0.000247,1.000000,0.000000,0.002233,0.701234,0.999750,0.001597,0.583460,1.000000
"Quercus agrifolia 3 (VH084)",VH084,becknic,vegetation,vegetation.tree.quercus.agrifolia.tir.vh084.ucsb.nicolet.spectrum.txt,0.000127,1.000000,0.000000,0.000207,1.000000,0.000000,0.000159,1.000000,0.000000,0.002032,0.738353,0.999750,0.001356,0.719259,1.000000
"Quercus agrifolia 1 (VH171)",VH171,becknic,vegetation,vegetation.tree.quercus.agrifolia.tir.vh171.ucsb.nicolet.spectrum.txt,0.000129,1.000000,0.000000,0.000197,1.000000,0.000000,0.000152,1.000000,0.000000,0.002309,0.537402,0.999750,0.001320,0.667238,1.000000
"Quercus agrifolia 1 (VH172)",VH172,becknic,vegetation,vegetation.tree.quercus.agrifolia.tir.vh172.ucsb.nicolet.spectrum.txt,0.000327,1.000000,0.000000,0.000341,1.000000,0.000000,0.000277,1.000000,0.000000,0.003256,0.668800,0.999750,0.001629,0.591808,1.000000
"Quercus agrifolia 2 (VH175)",VH175,becknic,vegetation,vegetation.tree.quercus.agrifolia.tir.vh175.ucsb.nicolet.spectrum.txt,0.000141,1.000000,0.000000,0.000262,1.000000,0.000000,0.000204,1.000000,0.000000,0.003433,0.648006,0.999750,0.002092,0.771922,1.000000
"Quercus agrifolia 2 (VH176)",VH176,becknic,vegetation,vegetation.tree.quercus.agrifolia.tir.vh176.ucsb.nicolet.spectrum.txt,0.000127,1.000000,0.000000,0.000205,1.000000,0.000000,0.000158,1.000000,0.000000,0.002103,0.723442,0.999750,0.001654,0.691186,1.000000
"Quercus agrifolia 3 (VH179)",VH179,becknic,vegetation,vegetation.tree.quercus.agrifolia.tir.vh179.ucsb.nicolet.spectrum.txt,0.000144,1.000000,0.000000,0.000264,1.000000,0.000000,0.000205,1.000000,0.000000,0.002601,0.649875,0.999750,0.001483,0.700255,1.000000
"Quercus agrifolia 3 (VH180)",VH180,becknic,vegetation,vegetation.tree.quercus.agrifolia.tir.vh180.ucsb.nicolet.spectrum.txt,0.000126,1.000000,0.000000,0.000233,1.000000,0.000000,0.000180,1.000000,0.000000,0.001876,0.788307,0.999750,0.001352,0.761169,1.000000
"Quercus agrifolia 1 (VH271)",VH271,becknic,vegetation,vegetation.tree.quercus.agrifolia.tir.vh271.ucsb.nicolet.spectrum.txt,0.000143,1.000000,0.000000,0.000264,1.000000,0.000000,0.000205,1.000000,0.000000,0.002574,0.927484,0.999750,0.001399,0.730597,1.000000
"Quercus agrifolia 1 (VH272)",VH272,becknic,vegetation,vegetation.tree.quercus.agrifolia.tir.vh272.ucsb.nicolet.spectrum.txt,0.000128,1.000000,0.000000,0.000248,1.000000,0.000000,0.000192,1.000000,0.000000,0.002719,0.696271,0.999750,0.001458,0.690218,1.000000
"Quercus agrifolia 2 (VH275)",VH275,becknic,vegetation,vegetation.tree.quercus.agrifolia.tir.vh275.ucsb.nicolet.spectrum.txt,0.000127,1.000000,0.000000,0.000246,1.000000,0.000000,0.000190,1.000000,0.000000,0.003161,0.630158,0.999750,0.002127,0.408522,1.000000
"Quercus agrifolia 2 (VH276)",VH276,becknic,vegetation,vegetation.tree.quercus.agrifolia.tir.vh276.ucsb.nicolet.spectrum.txt,0.000209,1.000000,0.000000,0.000301,1.000000,0.000000,0.000237,1.000000,0.000000,0.003766,0.846995,0.999750,0.002015,0.720597,1.000000
"Quercus agrifolia 3 (VH279)",VH279,becknic,vegetation,vegetation.tree.quercus.agrifolia.tir.vh279.ucsb.nicolet.spectrum.txt,0.000132,1.000000,0.000000,0.000254,1.000000,0.000000,0.000197,1.000000,0.000000,0.003086,0.711479,0.999750,0.001740,0.803940,1.000000
"Quercus agrifolia 3 (VH280)",VH280,becknic,vegetation,vegetation.tree.quercus.agrifolia.tir.vh280.ucsb.nicolet.spectrum.txt,0.000132,1.000000,0.000000,0.000189,1.000000,0.000000,0.000145,1.000000,0.000000,0.002607,0.665081,0.999750,0.001602,0.531509,1.000000
"Quercus agrifolia (JPL108)",JPL108,becknic,vegetation,vegetation.tree.quercus.agrifolia.vswir.jpl108.jpl.asd.spectrum.txt,0.000950,0.999919,1.000000,0.000455,0.971792,1.000000,0.001069,0.999886,1.000000,0.000410,1.000000,0.000000,0.000261,1.000000,0.000000
"Quercus agrifolia (JPL111)",JPL111,becknic,vegetation,vegetation.tree.quercus.agrifolia.vswir.jpl111.jpl.asd.spectrum.txt,0.001580,0.999810,1.000000,0.004257,0.918539,1.000000,0.001444,0.999862,1.000000,0.000421,1.000000,0.000000,0.000254,1.000000,0.000000
"Quercus agrifolia (JPL112)",JPL112,becknic,vegetation,vegetation.tree.quercus.agrifolia.vswir.jpl112.jpl.asd.spectrum.txt,0.000822,0.999933,1.000000,0.000419,0.989657,1.000000,0.001046,0.999898,1.000000,0.000321,1.000000,0.000000,0.000291,1.000000,0.000000
"Quercus agrifolia (JPL176)",JPL176,becknic,vegetation,vegetation.tree.quercus.agrifolia.vswir.jpl176.jpl.asd.spectrum.txt,0.000863,0.999938,1.000000,0.002752,0.906720,1.000000,0.001046,0.999908,1.000000,0.000515,1.000000,0.000000,0.000316,1.000000,0.000000
"Quercus agrifolia (JPL179)",JPL179,becknic,vegetation,vegetation.tree.quercus.agrifolia.vswir.jpl179.jpl.asd.spectrum.txt,0.000680,0.999969,1.000000,0.001554,0.932492,1.000000,0.001284,0.999885,1.000000,0.000421,1.000000,0.000000,0.000254,1.000000,0.000000
"Quercus agrifolia (JPL181)",JPL181,becknic,vegetation,vegetation.tree.quercus.agrifolia.vswir.jpl181.jpl.asd.spectrum.txt,0.002123,0.999687,1.000000,0.001352,0.940723,1.000000,0.001451,0.999859,1.000000,0.000437,1.000000,0.000000,0.000253,1.000000,0.000000
"Quercus agrifolia 1 (VH075)",VH075,becknic,vegetation,vegetation.tree.quercus.agrifolia.vswir.vh075.ucsb.asd.spectrum.txt,0.000679,0.999960,1.000000,0.000573,0.984530,1.000000,0.001200,0.999893,1.000000,0.000240,1.000000,0.000000,0.000240,1.000000,0.000000
"Quercus agrifolia 1 (VH076)",VH076,becknic,vegetation,vegetation.tree.quercus.agrifolia.vswir.vh076.ucsb.asd.spectrum.txt,0.001855,0.999792,1.000000,0.000753,0.987403,1.000000,0.001199,0.999906,1.000000,0.000241,1.000000,0.000000,0.000240,1.000000,0.000000
"Quercus agrifolia 2 (VH079)",VH079,becknic,vegetation,vegetation.tree.quercus.agrifolia.vswir.vh079.ucsb.asd.spectrum.txt,0.001330,0.999883,1.000000,0.000855,0.906741,1.000000,0.001278,0.999892,1.000000,0.000375,1.000000,0.000000,0.000297,1.000000,0.000000
"Quercus agrifolia 2 (VH080)",VH080,becknic,vegetation,vegetation.tree.quercus.agrifolia.vswir.vh080.ucsb.asd.spectrum.txt,0.001078,0.999890,1.000000,0.000483,0.947456,1.000000,0.001000,0.999903,1.000000,0.000475,1.000000,0.000000,0.000280,1.000000,0.000000
"Quercus agrifolia 3 (VH083)",VH083,becknic,vegetation,vegetation.tree.quercus.agrifolia.vswir.vh083.ucsb.asd.spectrum.txt,0.001641,0.999777,1.000000,0.000376,0.987574,1.000000,0.001164,0.999895,1.000000,0.000221,1.000000,0.000000,0.000250,1.000000,0.000000
"Quercus agrifolia 3 (VH084)",VH084,becknic,vegetation,vegetation.tree.quercus.agrifolia.vswir.vh084.ucsb.asd.spectrum.txt,0.001187,0.999886,1.000000,0.000276,0.994905,1.000000,0.001198,0.999892,1.000000,0.000262,1.000000,0.000000,0.000271,1.000000,0.000000
"Quercus agrifolia 1 (VH171)",VH171,becknic,vegetation,vegetation.tree.quercus.agrifolia.vswir.vh171.ucsb.asd.spectrum.txt,0.000943,0.999893,1.000000,0.000820,0.926393,1.000000,0.001020,0.999881,1.000000,0.000200,1.000000,0.000000,0.000190,1.000000,0.000000
"Quercus agrifolia 1 (VH172)",VH172,becknic,vegetation,vegetation.tree.quercus.agrifolia.vswir.vh172.ucsb.asd.spectrum.txt,0.001124,0.999838,1.000000,0.000563,0.961202,1.000000,0.001143,0.999837,1.000000,0.000256,1.000000,0.000000,0.000226,1.000000,0.000000
"Quercus agrifolia 2 (VH175)",VH175,becknic,vegetation,vegetation.tree.quercus.agrifolia.vswir.vh175.ucsb.asd.spectrum.txt,0.002337,0.999646,1.000000,0.000765,0.975093,1.000000,0.001366,0.999880,1.000000,0.000474,1.000000,0.000000,0.000278,1.000000,0.000000
"Quercus agrifolia 2 (VH176)",VH176,becknic,vegetation,vegetation.tree.quercus.agrifolia.vswir.vh176.ucsb.asd.spectrum.txt,0.001476,0.999842,1.000000,0.000740,0.973392,1.000000,0.001105,0.999917,1.000000,0.000261,1.000000,0.000000,0.000271,1.000000,0.000000
"Quercus agrifolia 3 (VH179)",VH179,becknic,vegetation,vegetation.tree.quercus.agrifolia.vswir.vh179.ucsb.asd.spectrum.txt,0.000914,0.999941,1.000000,0.001187,0.974427,1.000000,0.001140,0.999919,1.000000,0.000304,1.000000,0.000000,0.000282,1.000000,0.000000
"Quercus agrifolia 3 (VH180)",VH180,becknic,vegetation,vegetation.tree.quercus.agrifolia.vswir.vh180.ucsb.asd.spectrum.txt,0.001028,0.999881,1.000000,0.000596,0.987331,1.000000,0.001084,0.999890,1.000000,0.000259,1.000000,0.000000,0.000228,1.000000,0.000000
"Quercus agrifolia 1 (VH271)",VH271,becknic,vegetation,vegetation.tree.quercus.agrifolia.vswir.vh271.ucsb.asd.spectrum.txt,0.001706,0.999812,1.000000,0.000724,0.978047,1.000000,0.001501,0.999853,1.000000,0.000427,1.000000,0.000000,0.000252,1.000000,0.000000
"Quercus agrifolia 1 (VH272)",VH272,becknic,vegetation,vegetation.tree.quercus.agrifolia.vswir.vh272.ucsb.asd.spectrum.txt,0.001376,0.999888,1.000000,0.001719,0.927708,1.000000,0.001495,0.999864,1.000000,0.000488,1.000000,0.000000,0.000292,1.000000,0.000000
"Quercus agrifolia 2 (VH275)",VH275,becknic,vegetation,vegetation.tree.quercus.agrifolia.vswir.vh275.ucsb.asd.spectrum.txt,0.002544,0.999626,1.000000,0.001009,0.946944,1.000000,0.001320,0.999888,1.000000,0.000541,1.000000,0.000000,0.000352,1.000000,0.000000
"Quercus agrifolia 2 (VH276)",VH276,becknic,vegetation,vegetation.tree.quercus.agrifolia.vswir.vh276.ucsb.asd.spectrum.txt,0.003192,0.999560,1.000000,0.001216,0.926077,1.000000,0.001741,0.999841,1.000000,0.000526,1.000000,0.000000,0.000340,1.000000,0.000000
"Quercus agrifolia 3 (VH279)",VH279,becknic,vegetation,vegetation.tree.quercus.agrifolia.vswir.vh279.ucsb.asd.spectrum.txt,0.003139,0.999537,1.000000,0.001423,0.918543,1.000000,0.001654,0.999844,1.000000,0.000525,1.000000,0.000000,0.000363,1.000000,0.000000
"Quercus agrifolia 3 (VH280)",VH280,becknic,vegetation,vegetation.tree.quercus.agrifolia.vswir.vh280.ucsb.asd.spectrum.txt,0.003163,0.999531,1.000000,0.001791,0.953923,1.000000,0.001442,0.999900,1.000000,0.000427,1.000000,0.000000,0.000252,1.000000,0.000000
"Quercus douglasii 1 (VH073)",VH073,becknic,vegetation,vegetation.tree.quercus.douglasii.tir.vh073.ucsb.nicolet.spectrum.txt,0.000137,1.000000,0.000000,0.000259,1.000000,0.000000,0.000201,1.000000,0.000000,0.001746,0.966110,0.999750,0.001249,0.951743,1.000000
"Quercus douglasii 1 (VH074)",VH074,becknic,vegetation,vegetation.tree.quercus.douglasii.tir.vh074.ucsb.nicolet.spectrum.txt,0.000128,1.000000,0.000000,0.000247,1.000000,0.000000,0.000191,1.000000,0.000000,0.001758,0.966983,0.999750,0.001260,0.941510,1.000000
"Quercus douglasii 2 (VH077)",VH077,becknic,vegetation,vegetation.tree.quercus.douglasii.tir.vh077.ucsb.nicolet.spectrum.txt,0.000173,1.000000,0.000000,0.000284,1.000000,0.000000,0.000222,1.000000,0.000000,0.001654,0.945756,0.999750,0.001093,0.946296,1.000000
"Quercus douglasii 2 (VH078)",VH078,becknic,vegetation,vegetation.tree.quercus.douglasii.tir.vh078.ucsb.nicolet.spectrum.txt,0.000127,1.000000,0.000000,0.000210,1.000000,0.000000,0.000162,1.000000,0.000000,0.001302,0.935845,0.999750,0.001041,0.926625,1.000000
"Quercus douglasii 3 (VH081)",VH081,becknic,vegetation,vegetation.tree.quercus.douglasii.tir.vh081.ucsb.nicolet.spectrum.txt,0.000128,1.000000,0.000000,0.000219,1.000000,0.000000,0.000169,1.000000,0.000000,0.001382,0.970476,0.999750,0.001203,0.963555,1.000000
"Quercus douglasii 3 (VH082)",VH082,becknic,vegetation,vegetation.tree.quercus.douglasii.tir.vh082.ucsb.nicolet.spectrum.txt,0.000218,1.000000,0.000000,0.000305,1.000000,0.000000,0.000240,1.000000,0.000000,0.001289,0.976768,0.999750,0.001148,0.970094,1.000000
"Quercus douglasii 1 (VH169)",VH169,becknic,vegetation,vegetation.tree.quercus.douglasii.tir.vh169.ucsb.nicolet.spectrum.txt,0.000242,1.000000,0.000000,0.000314,1.000000,0.000000,0.000249,1.000000,0.000000,0.002017,0.971901,0.999750,0.001309,0.943615,1.000000
"Quercus douglasii 1 (VH170)",VH170,becknic,vegetation,vegetation.tree.quercus.douglasii.tir.vh170.ucsb.nicolet.spectrum.txt,0.000148,1.000000,0.000000,0.000268,1.000000,0.000000,0.000208,1.000000,0.000000,0.002465,0.945748,0.999750,0.001431,0.925036,1.000000
"Quercus douglasii 2 (VH173)",VH173,becknic,vegetation,vegetation.tree.quercus.douglasii.tir.vh173.ucsb.nicolet.spectrum.txt,0.000136,1.000000,0.000000,0.000257,1.000000,0.000000,0.000200,1.000000,0.000000,0.002284,0.846834,0.999750,0.001426,0.902098,1.000000
"Quercus douglasii 2 (VH174)",VH174,becknic,vegetation,vegetation.tree.quercus.douglasii.tir.vh174.ucsb.nicolet.spectrum.txt,0.000188,1.000000,0.000000,0.000292,1.000000,0.000000,0.000228,1.000000,0.000000,0.002084,0.940909,0.999750,0.001362,0.960168,1.000000
"Quercus douglasii 3 (VH177)",VH177,becknic,vegetation,vegetation.tree.quercus.douglasii.tir.vh177.ucsb.nicolet.spectrum.txt,0.000126,1.000000,0.000000,0.000236,1.000000,0.000000,0.000183,1.000000,0.000000,0.002556,0.844185,0.999750,0.001459,0.925505,1.000000
"Quercus douglasii 3 (VH178)",VH178,becknic,vegetation,vegetation.tree.quercus.douglasii.tir.vh178.ucsb.nicolet.spectrum.txt,0.000152,1.000000,0.000000,0.000271,1.000000,0.000000,0.000211,1.000000,0.000000,0.002058,0.955587,0.999750,0.001322,0.968554,1.000000
"Quercus douglasii 1 (VH269)",VH269,becknic,vegetation,vegetation.tree.quercus.douglasii.tir.vh269.ucsb.nicolet.spectrum.txt,0.000176,1.000000,0.000000,0.000286,1.000000,0.000000,0.000223,1.000000,0.000000,0.001865,0.960840,0.999750,0.001600,0.869316,1.000000
"Quercus douglasii 1 (VH270)",VH270,becknic,vegetation,vegetation.tree.quercus.douglasii.tir.vh270.ucsb.nicolet.spectrum.txt,0.000494,1.000000,0.000000,0.000500,1.000000,0.000000,0.000734,1.000000,0.000000,0.002726,0.985149,0.999750,0.001360,0.900719,1.000000
"Quercus douglasii 2 (VH273)",VH273,becknic,vegetation,vegetation.tree.quercus.douglasii.tir.vh273.ucsb.nicolet.spectrum.txt,0.000505,1.000000,0.000000,0.000384,1.000000,0.000000,0.000369,1.000000,0.000000,0.002171,0.974066,0.999750,0.001499,0.976394,1.000000
"Quercus douglasii 2 (VH274)",VH274,becknic,vegetation,vegetation.tree.quercus.douglasii.tir.vh274.ucsb.nicolet.spectrum.txt,0.000522,1.000000,0.000000,0.000409,1.000000,0.000000,0.000432,1.000000,0.000000,0.002253,0.987410,0.999750,0.001792,0.925298,1.000000
"Quercus douglasii 3 (VH277)",VH277,becknic,vegetation,vegetation.tree.quercus.douglasii.tir.vh277.ucsb.nicolet.spectrum.txt,0.000187,1.000000,0.000000,0.000291,1.000000,0.000000,0.000228,1.000000,0.000000,0.002074,0.935781,0.999750,0.001611,0.958132,1.000000
"Quercus douglasii 3 (VH278)",VH278,becknic,vegetation,vegetation.tree.quercus.douglasii.tir.vh278.ucsb.nicolet.spectrum.txt,0.000525,1.000000,0.000000,0.000436,1.000000,0.000000,0.000515,1.000000,0.000000,0.002415,0.986765,0.999750,0.001539,0.962992,1.000000
"Quercus douglasii 1 (VH073)",VH073,becknic,vegetation,vegetation.tree.quercus.douglasii.vswir.vh073.ucsb.asd.spectrum.txt,0.001487,0.999843,1.000000,0.000791,0.965076,1.000000,0.001193,0.999904,1.000000,0.000215,1.000000,0.000000,0.000270,1.000000,0.000000
"Quercus douglasii 1 (VH074)",VH074,becknic,vegetation,vegetation.tree.quercus.douglasii.vswir.vh074.ucsb.asd.spectrum.txt,0.001436,0.999861,1.000000,0.001132,0.955094,1.000000,0.001228,0.999906,1.000000,0.000276,1.000000,0.000000,0.000273,1.000000,0.000000
"Quercus douglasii 2 (VH077)",VH077,becknic,vegetation,vegetation.tree.quercus.douglasii.vswir.vh077.ucsb.asd.spectrum.txt,0.001143,0.999918,1.000000,0.001167,0.958237,1.000000,0.001239,0.999908,1.000000,0.000371,1.000000,0.000000,0.000304,1.000000,0.000000
"Quercus douglasii 2 (VH078)",VH078,becknic,vegetation,vegetation.tree.quercus.douglasii.vswir.vh078.ucsb.asd.spectrum.txt,0.001154,0.999921,1.000000,0.000697,0.976033,1.000000,0.001207,0.999915,1.000000,0.000259,1.000000,0.000000,0.000270,1.000000,0.000000
"Quercus douglasii 3 (VH081)",VH081,becknic,vegetation,vegetation.tree.quercus.douglasii.vswir.vh081.ucsb.asd.spectrum.txt,0.001898,0.999758,1.000000,0.000744,0.959359,1.000000,0.001213,0.999905,1.000000,0.000277,1.000000,0.000000,0.000273,1.000000,0.000000
"Quercus douglasii 3 (VH082)",VH082,becknic,vegetation,vegetation.tree.quercus.douglasii.vswir.vh082.ucsb.asd.spectrum.txt,0.002427,0.999624,1.000000,0.000765,0.971460,1.000000,0.001163,0.999919,1.000000,0.000218,1.000000,0.000000,0.000252,1.000000,0.000000
"Quercus douglasii 1 (VH169)",VH169,becknic,vegetation,vegetation.tree.quercus.douglasii.vswir.vh169.ucsb.asd.spectrum.txt,0.001244,0.999865,1.000000,0.000610,0.952601,1.000000,0.001028,0.999910,1.000000,0.000307,1.000000,0.000000,0.000283,1.000000,0.000000
"Quercus douglasii 1 (VH170)",VH170,becknic,vegetation,vegetation.tree.quercus.douglasii.vswir.vh170.ucsb.asd.spectrum.txt,0.001789,0.999678,1.000000,0.000829,0.932835,1.000000,0.001010,0.999893,1.000000,0.000320,1.000000,0.000000,0.000290,1.000000,0.000000
"Quercus douglasii 2 (VH173)",VH173,becknic,vegetation,vegetation.tree.quercus.douglasii.vswir.vh173.ucsb.asd.spectrum.txt,0.001077,0.999928,1.000000,0.000834,0.953748,1.000000,0.001104,0.999927,1.000000,0.000421,1.000000,0.000000,0.000254,1.000000,0.000000
"Quercus douglasii 2 (VH174)",VH174,becknic,vegetation,vegetation.tree.quercus.douglasii.vswir.vh174.ucsb.asd.spectrum.txt,0.001174,0.999909,1.000000,0.000704,0.959301,1.000000,0.001114,0.999915,1.000000,0.000423,1.000000,0.000000,0.000253,1.000000,0.000000
"Quercus douglasii 3 (VH177)",VH177,becknic,vegetation,vegetation.tree.quercus.douglasii.vswir.vh177.ucsb.asd.spectrum.txt,0.000812,0.999954,1.000000,0.000628,0.971468,1.000000,0.001043,0.999929,1.000000,0.000230,1.000000,0.000000,0.000267,1.000000,0.000000
"Quercus douglasii 3 (VH178)",VH178,becknic,vegetation,vegetation.tree.quercus.douglasii.vswir.vh178.ucsb.asd.spectrum.txt,0.001366,0.999897,1.000000,0.002080,0.974925,1.000000,0.001108,0.999944,1.000000,0.000318,1.000000,0.000000,0.000289,1.000000,0.000000
"Quercus douglasii 1 (VH269)",VH269,becknic,vegetation,vegetation.tree.quercus.douglasii.vswir.vh269.ucsb.asd.spectrum.txt,0.001927,0.999753,1.000000,0.001195,0.877426,1.000000,0.001178,0.999903,1.000000,0.000357,1.000000,0.000000,0.000315,1.000000,0.000000
"Quercus douglasii 1 (VH270)",VH270,becknic,vegetation,vegetation.tree.quercus.douglasii.vswir.vh270.ucsb.asd.spectrum.txt,0.005357,0.998503,1.000000,0.000767,0.991172,1.000000,0.001400,0.999872,1.000000,0.000519,1.000000,0.000000,0.000319,1.000000,0.000000
"Quercus douglasii 2 (VH273)",VH273,becknic,vegetation,vegetation.tree.quercus.douglasii.vswir.vh273.ucsb.asd.spectrum.txt,0.002357,0.999750,1.000000,0.001199,0.959118,1.000000,0.001296,0.999923,1.000000,0.000551,1.000000,0.000000,0.000359,1.000000,0.000000
"Quercus douglasii 2 (VH274)",VH274,becknic,vegetation,vegetation.tree.quercus.douglasii.vswir.vh274.ucsb.asd.spectrum.txt,0.005735,0.998679,1.000000,0.000982,0.988222,1.000000,0.001269,0.999939,1.000000,0.000356,1.000000,0.000000,0.000314,1.000000,0.000000
"Quercus douglasii 3 (VH277)",VH277,becknic,vegetation,vegetation.tree.quercus.douglasii.vswir.vh277.ucsb.asd.spectrum.txt,0.003430,0.999533,1.000000,0.001059,0.988007,1.000000,0.001363,0.999922,1.000000,0.000550,1.000000,0.000000,0.000358,1.000000,0.000000
"Quercus douglasii 3 (VH278)",VH278,becknic,vegetation,vegetation.tree.quercus.douglasii.vswir.vh278.ucsb.asd.spectrum.txt,0.007263,0.997970,1.000000,0.000986,0.946754,1.000000,0.001168,0.999933,1.000000,0.000540,1.000000,0.000000,0.000351,1.000000,0.000000
"Quercus ilex (JPL232)",JPL232,becknic,vegetation,vegetation.tree.quercus.ilex.tir.jpl232.jpl.nicolet.spectrum.txt,0.000154,1.000000,0.000000,0.000272,1.000000,0.000000,0.000212,1.000000,0.000000,0.002060,0.806759,0.999750,0.000890,0.903462,1.000000
"Quercus ilex (JPL255)",JPL255,becknic,vegetation,vegetation.tree.quercus.ilex.tir.jpl255.jpl.nicolet.spectrum.txt,0.000126,1.000000,0.000000,0.000239,1.000000,0.000000,0.000185,1.000000,0.000000,0.002089,0.958009,0.999750,0.000858,0.970788,1.000000
"Quercus ilex (JPL256)",JPL256,becknic,vegetation,vegetation.tree.quercus.ilex.tir.jpl256.jpl.nicolet.spectrum.txt,0.000129,1.000000,0.000000,0.000180,1.000000,0.000000,0.000138,1.000000,0.000000,0.001925,0.858484,0.999750,0.000941,0.846702,1.000000
"Quercus ilex (JPL114)",JPL114,becknic,vegetation,vegetation.tree.quercus.ilex.vswir.jpl114.jpl.asd.spectrum.txt,0.001820,0.999767,1.000000,0.004595,0.942845,1.000000,0.001308,0.999899,1.000000,0.000551,1.000000,0.000000,0.000348,1.000000,0.000000
"Quercus ilex (JPL232)",JPL232,becknic,vegetation,vegetation.tree.quercus.ilex.vswir.jpl232.jpl.asd.spectrum.txt,0.003250,0.999234,1.000000,0.001541,0.985683,1.000000,0.001697,0.999818,1.000000,0.000498,1.000000,0.000000,0.000342,1.000000,0.000000
"Quercus ilex (JPL255)",JPL255,becknic,vegetation,vegetation.tree.quercus.ilex.vswir.jpl255.jpl.asd.spectrum.txt,0.002508,0.999598,1.000000,0.001572,0.969913,1.000000,0.001157,0.999923,1.000000,0.000533,1.000000,0.000000,0.000335,1.000000,0.000000
"Quercus ilex (JPL256)",JPL256,becknic,vegetation,vegetation.tree.quercus.ilex.vswir.jpl256.jpl.asd.spectrum.txt,0.003049,0.999386,1.000000,0.000854,0.985047,1.000000,0.001309,0.999897,1.000000,0.000507,1.000000,0.000000,0.000309,1.000000,0.000000
"Quercus lobata 1 (VH085)",VH085,becknic,vegetation,vegetation.tree.quercus.lobata.tir.vh085.ucsb.nicolet.spectrum.txt,0.000202,1.000000,0.000000,0.000298,1.000000,0.000000,0.000234,1.000000,0.000000,0.001558,0.978321,0.999750,0.001362,0.980702,1.000000
"Quercus lobata 1 (VH086)",VH086,becknic,vegetation,vegetation.tree.quercus.lobata.tir.vh086.ucsb.nicolet.spectrum.txt,0.000219,1.000000,0.000000,0.000305,1.000000,0.000000,0.000241,1.000000,0.000000,0.001675,0.983115,0.999750,0.001808,0.964212,1.000000
"Quercus lobata 2 (VH087)",VH087,becknic,vegetation,vegetation.tree.quercus.lobata.tir.vh087.ucsb.nicolet.spectrum.txt,0.000274,1.000000,0.000000,0.000326,1.000000,0.000000,0.000260,1.000000,0.000000,0.001638,0.982411,0.999750,0.001364,0.968174,1.000000
"Quercus lobata 2 (VH088)",VH088,becknic,vegetation,vegetation.tree.quercus.lobata.tir.vh088.ucsb.nicolet.spectrum.txt,0.000168,1.000000,0.000000,0.000281,1.000000,0.000000,0.000219,1.000000,0.000000,0.001651,0.981859,0.999750,0.001459,0.945193,1.000000
"Quercus lobata 3 (VH089)",VH089,becknic,vegetation,vegetation.tree.quercus.lobata.tir.vh089.ucsb.nicolet.spectrum.txt,0.000476,1.000000,0.000000,0.000355,1.000000,0.000000,0.000321,1.000000,0.000000,0.001788,0.985604,0.999750,0.001404,0.974103,1.000000
"Quercus lobata 3 (VH090)",VH090,becknic,vegetation,vegetation.tree.quercus.lobata.tir.vh090.ucsb.nicolet.spectrum.txt,0.000456,1.000000,0.000000,0.000349,1.000000,0.000000,0.000314,1.000000,0.000000,0.002088,0.985967,0.999750,0.001718,0.983299,1.000000
"Quercus lobata 1 (VH181)",VH181,becknic,vegetation,vegetation.tree.quercus.lobata.tir.vh181.ucsb.nicolet.spectrum.txt,0.000281,1.000000,0.000000,0.000329,1.000000,0.000000,0.000262,1.000000,0.000000,0.002083,0.981951,0.999750,0.001495,0.948069,1.000000
"Quercus lobata 1 (VH182)",VH182,becknic,vegetation,vegetation.tree.quercus.lobata.tir.vh182.ucsb.nicolet.spectrum.txt,0.000380,1.000000,0.000000,0.000343,1.000000,0.000000,0.000294,1.000000,0.000000,0.002279,0.969926,0.999750,0.001784,0.923769,1.000000
"Quercus lobata 2 (VH183)",VH183,becknic,vegetation,vegetation.tree.quercus.lobata.tir.vh183.ucsb.nicolet.spectrum.txt,0.000278,1.000000,0.000000,0.000328,1.000000,0.000000,0.000261,1.000000,0.000000,0.002228,0.967177,0.999750,0.001542,0.925635,1.000000
"Quercus lobata 2 (VH184)",VH184,becknic,vegetation,vegetation.tree.quercus.lobata.tir.vh184.ucsb.nicolet.spectrum.txt,0.000485,1.000000,0.000000,0.000365,1.000000,0.000000,0.000335,1.000000,0.000000,0.002262,0.984193,0.999750,0.001402,0.962466,1.000000
"Quercus lobata 3 (VH185)",VH185,becknic,vegetation,vegetation.tree.quercus.lobata.tir.vh185.ucsb.nicolet.spectrum.txt,0.000295,1.000000,0.000000,0.000334,1.000000,0.000000,0.000267,1.000000,0.000000,0.002208,0.974022,0.999750,0.001509,0.947282,1.000000
"Quercus lobata 3 (VH186)",VH186,becknic,vegetation,vegetation.tree.quercus.lobata.tir.vh186.ucsb.nicolet.spectrum.txt,0.000429,1.000000,0.000000,0.000344,1.000000,0.000000,0.000307,1.000000,0.000000,0.002230,0.984937,0.999750,0.001542,0.966123,1.000000
"Quercus lobata 1 (VH281)",VH281,becknic,vegetation,vegetation.tree.quercus.lobata.tir.vh281.ucsb.nicolet.spectrum.txt,0.000488,1.000000,0.000000,0.000368,1.000000,0.000000,0.000339,1.000000,0.000000,0.001893,0.985160,0.999750,0.001690,0.923994,1.000000
"Quercus lobata 1 (VH282)",VH282,becknic,vegetation,vegetation.tree.quercus.lobata.tir.vh282.ucsb.nicolet.spectrum.txt,0.000389,1.000000,0.000000,0.000343,1.000000,0.000000,0.000296,1.000000,0.000000,0.001976,0.974819,0.999750,0.001695,0.906910,1.000000
"Quercus lobata 2 (VH283)",VH283,becknic,vegetation,vegetation.tree.quercus.lobata.tir.vh283.ucsb.nicolet.spectrum.txt,0.000389,1.000000,0.000000,0.000343,1.000000,0.000000,0.000296,1.000000,0.000000,0.002040,0.973942,0.999750,0.001658,0.923618,1.000000
"Quercus lobata 2 (VH284)",VH284,becknic,vegetation,vegetation.tree.quercus.lobata.tir.vh284.ucsb.nicolet.spectrum.txt,0.000493,1.000000,0.000000,0.000502,1.000000,0.000000,0.000739,1.000000,0.000000,0.002376,0.991901,0.999750,0.002021,0.934969,1.000000
"Quercus lobata 3 (VH285)",VH285,becknic,vegetation,vegetation.tree.quercus.lobata.tir.vh285.ucsb.nicolet.spectrum.txt,0.000416,1.000000,0.000000,0.000343,1.000000,0.000000,0.000304,1.000000,0.000000,0.002522,0.938839,0.999750,0.001653,0.953034,1.000000
"Quercus lobata 3 (VH286)",VH286,becknic,vegetation,vegetation.tree.quercus.lobata.tir.vh286.ucsb.nicolet.spectrum.txt,0.000505,1.000000,0.000000,0.000450,1.000000,0.000000,0.000559,1.000000,0.000000,0.002164,0.991454,0.999750,0.001753,0.928792,1.000000
"Quercus lobata 1 (VH085)",VH085,becknic,vegetation,vegetation.tree.quercus.lobata.vswir.vh085.ucsb.asd.spectrum.txt,0.001748,0.999723,1.000000,0.000691,0.959222,1.000000,0.001207,0.999855,1.000000,0.000456,1.000000,0.000000,0.000262,1.000000,0.000000
"Quercus lobata 1 (VH086)",VH086,becknic,vegetation,vegetation.tree.quercus.lobata.vswir.vh086.ucsb.asd.spectrum.txt,0.001409,0.999891,1.000000,0.000623,0.984749,1.000000,0.001146,0.999927,1.000000,0.000299,1.000000,0.000000,0.000279,1.000000,0.000000
"Quercus lobata 2 (VH087)",VH087,becknic,vegetation,vegetation.tree.quercus.lobata.vswir.vh087.ucsb.asd.spectrum.txt,0.002056,0.999704,1.000000,0.001270,0.923670,1.000000,0.001117,0.999906,1.000000,0.000547,1.000000,0.000000,0.000356,1.000000,0.000000
"Quercus lobata 2 (VH088)",VH088,becknic,vegetation,vegetation.tree.quercus.lobata.vswir.vh088.ucsb.asd.spectrum.txt,0.001881,0.999779,1.000000,0.000756,0.959683,1.000000,0.001101,0.999921,1.000000,0.000496,1.000000,0.000000,0.000299,1.000000,0.000000
"Quercus lobata 3 (VH089)",VH089,becknic,vegetation,vegetation.tree.quercus.lobata.vswir.vh089.ucsb.asd.spectrum.txt,0.002565,0.999606,1.000000,0.000794,0.960792,1.000000,0.001199,0.999906,1.000000,0.000542,1.000000,0.000000,0.000353,1.000000,0.000000
"Quercus lobata 3 (VH090)",VH090,becknic,vegetation,vegetation.tree.quercus.lobata.vswir.vh090.ucsb.asd.spectrum.txt,0.002014,0.999771,1.000000,0.001475,0.926210,1.000000,0.001187,0.999915,1.000000,0.000534,1.000000,0.000000,0.000344,1.000000,0.000000
"Quercus lobata 1 (VH181)",VH181,becknic,vegetation,vegetation.tree.quercus.lobata.vswir.vh181.ucsb.asd.spectrum.txt,0.000869,0.999935,1.000000,0.000483,0.978304,1.000000,0.001092,0.999899,1.000000,0.000386,1.000000,0.000000,0.000282,1.000000,0.000000
"Quercus lobata 1 (VH182)",VH182,becknic,vegetation,vegetation.tree.quercus.lobata.vswir.vh182.ucsb.asd.spectrum.txt,0.000867,0.999938,1.000000,0.000700,0.982136,1.000000,0.001096,0.999907,1.000000,0.000400,1.000000,0.000000,0.000268,1.000000,0.000000
"Quercus lobata 2 (VH183)",VH183,becknic,vegetation,vegetation.tree.quercus.lobata.vswir.vh183.ucsb.asd.spectrum.txt,0.002238,0.999674,1.000000,0.001539,0.900826,1.000000,0.001047,0.999922,1.000000,0.000534,1.000000,0.000000,0.000344,1.000000,0.000000
"Quercus lobata 2 (VH184)",VH184,becknic,vegetation,vegetation.tree.quercus.lobata.vswir.vh184.ucsb.asd.spectrum.txt,0.002262,0.999646,1.000000,0.001350,0.932938,1.000000,0.001236,0.999890,1.000000,0.000409,1.000000,0.000000,0.000261,1.000000,0.000000
"Quercus lobata 3 (VH185)",VH185,becknic,vegetation,vegetation.tree.quercus.lobata.vswir.vh185.ucsb.asd.spectrum.txt,0.001125,0.999920,1.000000,0.000530,0.981407,1.000000,0.001239,0.999899,1.000000,0.000427,1.000000,0.000000,0.000252,1.000000,0.000000
"Quercus lobata 3 (VH186)",VH186,becknic,vegetation,vegetation.tree.quercus.lobata.vswir.vh186.ucsb.asd.spectrum.txt,0.001826,0.999772,1.000000,0.000688,0.958153,1.000000,0.001160,0.999902,1.000000,0.000409,1.000000,0.000000,0.000261,1.000000,0.000000
"Quercus lobata 1 (VH281)",VH281,becknic,vegetation,vegetation.tree.quercus.lobata.vswir.vh281.ucsb.asd.spectrum.txt,0.001767,0.999821,1.000000,0.001770,0.972444,1.000000,0.001042,0.999947,1.000000,0.000504,1.000000,0.000000,0.000306,1.000000,0.000000
"Quercus lobata 1 (VH282)",VH282,becknic,vegetation,vegetation.tree.quercus.lobata.vswir.vh282.ucsb.asd.spectrum.txt,0.005949,0.998704,1.000000,0.000709,0.993725,1.000000,0.001605,0.999884,1.000000,0.000506,1.000000,0.000000,0.000357,1.000000,0.000000
"Quercus lobata 2 (VH283)",VH283,becknic,vegetation,vegetation.tree.quercus.lobata.vswir.vh283.ucsb.asd.spectrum.txt,0.002506,0.999721,1.000000,0.001236,0.960878,1.000000,0.001331,0.999913,1.000000,0.000534,1.000000,0.000000,0.000342,1.000000,0.000000
"Quercus lobata 2 (VH284)",VH284,becknic,vegetation,vegetation.tree.quercus.lobata.vswir.vh284.ucsb.asd.spectrum.txt,0.004835,0.998887,1.000000,0.001315,0.891737,1.000000,0.001497,0.999853,1.000000,0.000492,1.000000,0.000000,0.000345,1.000000,0.000000
"Quercus lobata 3 (VH285)",VH285,becknic,vegetation,vegetation.tree.quercus.lobata.vswir.vh285.ucsb.asd.spectrum.txt,0.002210,0.999759,1.000000,0.001113,0.937555,1.000000,0.001459,0.999870,1.000000,0.000489,1.000000,0.000000,0.000348,1.000000,0.000000
"Quercus lobata 3 (VH286)",VH286,becknic,vegetation,vegetation.tree.quercus.lobata.vswir.vh286.ucsb.asd.spectrum.txt,0.002644,0.999508,1.000000,0.001658,0.934682,1.000000,0.001091,0.999907,1.000000,0.000529,1.000000,0.000000,0.000328,1.000000,0.000000
"Quercus robur (JPL178)",JPL178,becknic,vegetation,vegetation.tree.quercus.robur.tir.jpl178.jpl.nicolet.spectrum.txt,0.000130,1.000000,0.000000,0.000193,1.000000,0.000000,0.000149,1.000000,0.000000,0.001085,0.957759,0.999750,0.000869,0.987069,1.000000
"Quercus robur (JPL247)",JPL247,becknic,vegetation,vegetation.tree.quercus.robur.tir.jpl247.jpl.nicolet.spectrum.txt,0.000127,1.000000,0.000000,0.000227,1.000000,0.000000,0.000175,1.000000,0.000000,0.001605,0.912404,0.999750,0.000906,0.986642,1.000000
"Quercus robur (JPL250)",JPL250,becknic,vegetation,vegetation.tree.quercus.robur.tir.jpl250.jpl.nicolet.spectrum.txt,0.000138,1.000000,0.000000,0.000260,1.000000,0.000000,0.000202,1.000000,0.000000,0.001474,0.960918,0.999750,0.000980,0.983386,1.000000
"Quercus robur (JPL110)",JPL110,becknic,vegetation,vegetation.tree.quercus.robur.vswir.jpl110.jpl.asd.spectrum.txt,0.001649,0.999780,1.000000,0.000487,0.978559,1.000000,0.000985,0.999924,1.000000,0.000279,1.000000,0.000000,0.000273,1.000000,0.000000
"Quercus robur (JPL178)",JPL178,becknic,vegetation,vegetation.tree.quercus.robur.vswir.jpl178.jpl.asd.spectrum.txt,0.001012,0.999930,1.000000,0.001050,0.917379,1.000000,0.001060,0.999914,1.000000,0.000336,1.000000,0.000000,0.000298,1.000000,0.000000
"Quercus robur (JPL247)",JPL247,becknic,vegetation,vegetation.tree.quercus.robur.vswir.jpl247.jpl.asd.spectrum.txt,0.003034,0.999364,1.000000,0.001038,0.892175,1.000000,0.001338,0.999868,1.000000,0.000481,1.000000,0.000000,0.000286,1.000000,0.000000
"Quercus robur (JPL250)",JPL250,becknic,vegetation,vegetation.tree.quercus.robur.vswir.jpl250.jpl.asd.spectrum.txt,0.001797,0.999761,1.000000,0.000517,0.966719,1.000000,0.001192,0.999865,1.000000,0.000453,1.000000,0.000000,0.000260,1.000000,0.000000
"Quercus rubra (JPL189)",JPL189,becknic,vegetation,vegetation.tree.quercus.rubra.tir.jpl189.jpl.nicolet.spectrum.txt,0.000132,1.000000,0.000000,0.000190,1.000000,0.000000,0.000146,1.000000,0.000000,0.001490,0.906779,0.999750,0.000833,0.961767,1.000000
"Quercus rubra (QURU-1-1)",QURU-1-1,becknic,vegetation,vegetation.tree.quercus.rubra.tir.quru-1-1.ucsb.nicolet.spectrum.txt,0.000175,1.000000,0.000000,0.000285,1.000000,0.000000,0.000223,1.000000,0.000000,0.004789,0.530558,0.999750,0.002340,0.987061,1.000000
"Quercus rubra (QURU-1-3)",QURU-1-3,becknic,vegetation,vegetation.tree.quercus.rubra.tir.quru-1-3.ucsb.nicolet.spectrum.txt,0.000243,1.000000,0.000000,0.000314,1.000000,0.000000,0.000249,1.000000,0.000000,0.003517,0.803786,0.999750,0.001912,0.985757,1.000000
"Quercus rubra (QURU-2-5)",QURU-2-5,becknic,vegetation,vegetation.tree.quercus.rubra.tir.quru-2-5.ucsb.nicolet.spectrum.txt,0.000202,1.000000,0.000000,0.000298,1.000000,0.000000,0.000234,1.000000,0.000000,0.003293,0.784846,0.999750,0.002411,0.912570,1.000000
"Quercus rubra (QURU-2-7)",QURU-2-7,becknic,vegetation,vegetation.tree.quercus.rubra.tir.quru-2-7.ucsb.nicolet.spectrum.txt,0.000508,1.000000,0.000000,0.000390,1.000000,0.000000,0.000383,1.000000,0.000000,0.004502,0.887857,0.999750,0.002016,0.977514,1.000000
"Quercus rubra (QURU-3-11)",QURU-3-11,becknic,vegetation,vegetation.tree.quercus.rubra.tir.quru-3-11.ucsb.nicolet.spectrum.txt,0.000126,1.000000,0.000000,0.000235,1.000000,0.000000,0.000181,1.000000,0.000000,0.003392,0.523647,0.999750,0.001796,0.941459,1.000000
"Quercus rubra (QURU-3-9)",QURU-3-9,becknic,vegetation,vegetation.tree.quercus.rubra.tir.quru-3-9.ucsb.nicolet.spectrum.txt,0.000128,1.000000,0.000000,0.000212,1.000000,0.000000,0.000163,1.000000,0.000000,0.002961,0.537419,0.999750,0.002153,0.833186,1.000000
"Quercus rubra (JPL156)",JPL156,becknic,vegetation,vegetation.tree.quercus.rubra.vswir.jpl156.jpl.asd.spectrum.txt,0.002052,0.999804,1.000000,0.002681,0.907290,1.000000,0.001395,0.999860,1.000000,0.000725,1.000000,0.000000,0.000585,1.000000,0.000000
"Quercus rubra (JPL189)",JPL189,becknic,vegetation,vegetation.tree.quercus.rubra.vswir.jpl189.jpl.asd.spectrum.txt,0.000692,0.999953,1.000000,0.000659,0.916520,1.000000,0.001109,0.999874,1.000000,0.000447,1.000000,0.000000,0.000257,1.000000,0.000000
"Quercus rubra (QURU-1-1)",QURU-1-1,becknic,vegetation,vegetation.tree.quercus.rubra.vswir.quru-1-1.ucsb.asd.spectrum.txt,0.001403,0.999882,1.000000,0.000471,0.984115,1.000000,0.001164,0.999916,1.000000,0.000294,1.000000,0.000000,0.000277,1.000000,0.000000
"Quercus rubra (QURU-1-3)",QURU-1-3,becknic,vegetation,vegetation.tree.quercus.rubra.vswir.quru-1-3.ucsb.asd.spectrum.txt,0.001747,0.999813,1.000000,0.000777,0.959892,1.000000,0.001071,0.999912,1.000000,0.000540,1.000000,0.000000,0.000351,1.000000,0.000000
"Quercus rubra (QURU-2-5)",QURU-2-5,becknic,vegetation,vegetation.tree.quercus.rubra.vswir.quru-2-5.ucsb.asd.spectrum.txt,0.001595,0.999823,1.000000,0.000647,0.969801,1.000000,0.001117,0.999906,1.000000,0.000530,1.000000,0.000000,0.000330,1.000000,0.000000
"Quercus rubra (QURU-2-7)",QURU-2-7,becknic,vegetation,vegetation.tree.quercus.rubra.vswir.quru-2-7.ucsb.asd.spectrum.txt,0.001393,0.999855,1.000000,0.000753,0.898692,1.000000,0.001050,0.999891,1.000000,0.000482,1.000000,0.000000,0.000287,1.000000,0.000000
"Quercus rubra (QURU-3-11)",QURU-3-11,becknic,vegetation,vegetation.tree.quercus.rubra.vswir.quru-3-11.ucsb.asd.spectrum.txt,0.000731,0.999966,1.000000,0.000208,0.997077,1.000000,0.001163,0.999910,1.000000,0.000421,1.000000,0.000000,0.000254,1.000000,0.000000
"Quercus rubra (QURU-3-9)",QURU-3-9,becknic,vegetation,vegetation.tree.quercus.rubra.vswir.quru-3-9.ucsb.asd.spectrum.txt,0.001244,0.999892,1.000000,0.000540,0.975982,1.000000,0.001310,0.999883,1.000000,0.000259,1.000000,0.000000,0.000228,1.000000,0.000000
"Quercus suber (JPL175)",JPL175,becknic,vegetation,vegetation.tree.quercus.suber.tir.jpl175.jpl.nicolet.spectrum.txt,0.000126,1.000000,0.000000,0.000227,1.000000,0.000000,0.000175,1.000000,0.000000,0.001975,0.872921,0.999750,0.000861,0.945332,1.000000
"Quercus suber (JPL248)",JPL248,becknic,vegetation,vegetation.tree.quercus.suber.tir.jpl248.jpl.nicolet.spectrum.txt,0.000133,1.000000,0.000000,0.000187,1.000000,0.000000,0.000144,1.000000,0.000000,0.003063,0.599927,0.999750,0.001209,0.787643,1.000000
"Quercus suber (JPL249)",JPL249,becknic,vegetation,vegetation.tree.quercus.suber.tir.jpl249.jpl.nicolet.spectrum.txt,0.000127,1.000000,0.000000,0.000205,1.000000,0.000000,0.000157,1.000000,0.000000,0.001630,0.903996,0.999750,0.000750,0.970279,1.000000
"Quercus suber (JPL106b)",JPL106b,becknic,vegetation,vegetation.tree.quercus.suber.vswir.jpl106b.jpl.asd.spectrum.txt,0.000882,0.999929,1.000000,0.001042,0.972284,1.000000,0.001448,0.999821,1.000000,0.000485,1.000000,0.000000,0.000290,1.000000,0.000000
"Quercus suber (JPL175)",JPL175,becknic,vegetation,vegetation.tree.quercus.suber.vswir.jpl175.jpl.asd.spectrum.txt,0.001407,0.999888,1.000000,0.001586,0.966168,1.000000,0.001654,0.999820,1.000000,0.000514,1.000000,0.000000,0.000360,1.000000,0.000000
"Quercus suber (JPL248)",JPL248,becknic,vegetation,vegetation.tree.quercus.suber.vswir.jpl248.jpl.asd.spectrum.txt,0.001519,0.999850,1.000000,0.000938,0.926351,1.000000,0.001298,0.999891,1.000000,0.000500,1.000000,0.000000,0.000303,1.000000,0.000000
"Quercus suber (JPL249)",JPL249,becknic,vegetation,vegetation.tree.quercus.suber.vswir.jpl249.jpl.asd.spectrum.txt,0.001492,0.999845,1.000000,0.003014,0.921360,1.000000,0.001536,0.999838,1.000000,0.000510,1.000000,0.000000,0.000312,1.000000,0.000000
"Quercus virginana (JPL174)",JPL174,becknic,vegetation,vegetation.tree.quercus.virginana.tir.jpl174.jpl.nicolet.spectrum.txt,0.000132,1.000000,0.000000,0.000190,1.000000,0.000000,0.000146,1.000000,0.000000,0.000703,0.903967,0.999750,0.000611,0.934926,1.000000
"Quercus virginana (JPL186)",JPL186,becknic,vegetation,vegetation.tree.quercus.virginana.tir.jpl186.jpl.nicolet.spectrum.txt,0.000127,1.000000,0.000000,0.000176,1.000000,0.000000,0.000135,1.000000,0.000000,0.001200,0.896471,0.999750,0.000810,0.969435,1.000000
"Quercus virginana (JPL234)",JPL234,becknic,vegetation,vegetation.tree.quercus.virginana.tir.jpl234.jpl.nicolet.spectrum.txt,0.000115,1.000000,0.000000,0.000159,1.000000,0.000000,0.000122,1.000000,0.000000,0.001282,0.853052,0.999750,0.000671,0.975410,1.000000
"Quercus virginana (JPL107)",JPL107,becknic,vegetation,vegetation.tree.quercus.virginana.vswir.jpl107.jpl.asd.spectrum.txt,0.001895,0.999762,1.000000,0.002044,0.942498,1.000000,0.001239,0.999905,1.000000,0.000552,1.000000,0.000000,0.000361,1.000000,0.000000
"Quercus virginana (JPL128)",JPL128,becknic,vegetation,vegetation.tree.quercus.virginana.vswir.jpl128.jpl.asd.spectrum.txt,0.002183,0.999654,1.000000,0.001073,0.925404,1.000000,0.001158,0.999889,1.000000,0.000552,1.000000,0.000000,0.000361,1.000000,0.000000
"Quercus virginana (JPL174)",JPL174,becknic,vegetation,vegetation.tree.quercus.virginana.vswir.jpl174.jpl.asd.spectrum.txt,0.001620,0.999832,1.000000,0.001729,0.955668,1.000000,0.001214,0.999914,1.000000,0.000546,1.000000,0.000000,0.000355,1.000000,0.000000
"Quercus virginana (JPL186)",JPL186,becknic,vegetation,vegetation.tree.quercus.virginana.vswir.jpl186.jpl.asd.spectrum.txt,0.001893,0.999782,1.000000,0.001080,0.910184,1.000000,0.001227,0.999902,1.000000,0.000539,1.000000,0.000000,0.000350,1.000000,0.000000
"Quercus virginana (JPL234)",JPL234,becknic,vegetation,vegetation.tree.quercus.virginana.vswir.jpl234.jpl.asd.spectrum.txt,0.002115,0.999723,1.000000,0.000982,0.913608,1.000000,0.001285,0.999892,1.000000,0.000547,1.000000,0.000000,0.000356,1.000000,0.000000
"Rubus occidentalis (RUOC-1-71)",RUOC-1-71,becknic,vegetation,vegetation.tree.rubus.occidentalis.tir.ruoc-1-71.ucsb.nicolet.spectrum.txt,0.000504,1.000000,0.000000,0.000477,1.000000,0.000000,0.000678,1.000000,0.000000,0.004120,0.955685,0.999750,0.003315,0.864833,1.000000
"Rubus occidentalis (RUOC-1-73)",RUOC-1-73,becknic,vegetation,vegetation.tree.rubus.occidentalis.tir.ruoc-1-73.ucsb.nicolet.spectrum.txt,0.000501,1.000000,0.000000,0.000484,1.000000,0.000000,0.000701,1.000000,0.000000,0.004734,0.954596,0.999750,0.003534,0.813601,1.000000
"Rubus occidentalis (RUOC-1-71)",RUOC-1-71,becknic,vegetation,vegetation.tree.rubus.occidentalis.vswir.ruoc-1-71.ucsb.asd.spectrum.txt,0.003528,0.999185,1.000000,0.000621,0.906809,1.000000,0.001307,0.999837,1.000000,0.000520,1.000000,0.000000,0.000320,1.000000,0.000000
"Rubus occidentalis (RUOC-1-73)",RUOC-1-73,becknic,vegetation,vegetation.tree.rubus.occidentalis.vswir.ruoc-1-73.ucsb.asd.spectrum.txt,0.002900,0.999382,1.000000,0.000833,0.784391,1.000000,0.001347,0.999794,1.000000,0.000514,1.000000,0.000000,0.000315,1.000000,0.000000
"Salix babylonica (JPL183)",JPL183,becknic,vegetation,vegetation.tree.salix.babylonica.tir.jpl183.jpl.nicolet.spectrum.txt,0.000132,1.000000,0.000000,0.000254,1.000000,0.000000,0.000197,1.000000,0.000000,0.001564,0.910899,0.999750,0.001256,0.974717,1.000000
"Salix babylonica (JPL184)",JPL184,becknic,vegetation,vegetation.tree.salix.babylonica.tir.jpl184.jpl.nicolet.spectrum.txt,0.000122,1.000000,0.000000,0.000169,1.000000,0.000000,0.000130,1.000000,0.000000,0.001035,0.911629,0.999750,0.001026,0.978149,1.000000
"Salix babylonica (JPL185)",JPL185,becknic,vegetation,vegetation.tree.salix.babylonica.tir.jpl185.jpl.nicolet.spectrum.txt,0.000115,1.000000,0.000000,0.000159,1.000000,0.000000,0.000122,1.000000,0.000000,0.000899,0.951472,0.999750,0.001038,0.977584,1.000000
"Salix babylonica (JPL129)",JPL129,becknic,vegetation,vegetation.tree.salix.babylonica.vswir.jpl129.jpl.asd.spectrum.txt,0.001416,0.999841,1.000000,0.001355,0.953212,1.000000,0.001246,0.999857,1.000000,0.000305,1.000000,0.000000,0.000282,1.000000,0.000000
"Salix babylonica (JPL130)",JPL130,becknic,vegetation,vegetation.tree.salix.babylonica.vswir.jpl130.jpl.asd.spectrum.txt,0.001254,0.999877,1.000000,0.001020,0.963240,1.000000,0.001280,0.999837,1.000000,0.000481,1.000000,0.000000,0.000287,1.000000,0.000000
"Salix babylonica (JPL131)",JPL131,becknic,vegetation,vegetation.tree.salix.babylonica.vswir.jpl131.jpl.asd.spectrum.txt,0.001264,0.999866,1.000000,0.002226,0.895476,1.000000,0.001303,0.999843,1.000000,0.000511,1.000000,0.000000,0.000313,1.000000,0.000000
"Salix babylonica (JPL183)",JPL183,becknic,vegetation,vegetation.tree.salix.babylonica.vswir.jpl183.jpl.asd.spectrum.txt,0.002260,0.999662,1.000000,0.001103,0.931074,1.000000,0.001181,0.999902,1.000000,0.000477,1.000000,0.000000,0.000282,1.000000,0.000000
"Salix babylonica (JPL184)",JPL184,becknic,vegetation,vegetation.tree.salix.babylonica.vswir.jpl184.jpl.asd.spectrum.txt,0.001544,0.999834,1.000000,0.001297,0.914182,1.000000,0.001232,0.999868,1.000000,0.000480,1.000000,0.000000,0.000285,1.000000,0.000000
"Salix babylonica (JPL185)",JPL185,becknic,vegetation,vegetation.tree.salix.babylonica.vswir.jpl185.jpl.asd.spectrum.txt,0.002055,0.999716,1.000000,0.001934,0.922979,1.000000,0.001319,0.999878,1.000000,0.000366,1.000000,0.000000,0.000312,1.000000,0.000000
"Taxodium mucronatum (JPL213)",JPL213,becknic,vegetation,vegetation.tree.taxodium.mucronatum.tir.jpl213.jpl.nicolet.spectrum.txt,0.000487,1.000000,0.000000,0.000366,1.000000,0.000000,0.000337,1.000000,0.000000,0.001418,0.798978,0.999750,0.000983,0.801235,1.000000
"Taxodium mucronatum (JPL228)",JPL228,becknic,vegetation,vegetation.tree.taxodium.mucronatum.tir.jpl228.jpl.nicolet.spectrum.txt,0.000439,1.000000,0.000000,0.000346,1.000000,0.000000,0.000310,1.000000,0.000000,0.001086,0.937115,0.999750,0.000809,0.946834,1.000000
"Taxodium mucronatum (JPL229)",JPL229,becknic,vegetation,vegetation.tree.taxodium.mucronatum.tir.jpl229.jpl.nicolet.spectrum.txt,0.000221,1.000000,0.000000,0.000306,1.000000,0.000000,0.000241,1.000000,0.000000,0.001494,0.903119,0.999750,0.000965,0.937335,1.000000
"Taxodium mucronatum (JPL117)",JPL117,becknic,vegetation,vegetation.tree.taxodium.mucronatum.vswir.jpl117.jpl.asd.spectrum.txt,0.000666,0.999921,1.000000,0.000732,0.976974,1.000000,0.000845,0.999872,1.000000,0.000261,1.000000,0.000000,0.000230,1.000000,0.000000
"Taxodium mucronatum (JPL118)",JPL118,becknic,vegetation,vegetation.tree.taxodium.mucronatum.vswir.jpl118.jpl.asd.spectrum.txt,0.000862,0.999901,1.000000,0.001288,0.956165,1.000000,0.000852,0.999903,1.000000,0.000246,1.000000,0.000000,0.000221,1.000000,0.000000
"Taxodium mucronatum (JPL119)",JPL119,becknic,vegetation,vegetation.tree.taxodium.mucronatum.vswir.jpl119.jpl.asd.spectrum.txt,0.001010,0.999849,1.000000,0.000955,0.960014,1.000000,0.000852,0.999889,1.000000,0.000245,1.000000,0.000000,0.000221,1.000000,0.000000
"Taxodium mucronatum (JPL213)",JPL213,becknic,vegetation,vegetation.tree.taxodium.mucronatum.vswir.jpl213.jpl.asd.spectrum.txt,0.001245,0.999820,1.000000,0.001128,0.966901,1.000000,0.000675,0.999943,1.000000,0.000191,1.000000,0.000000,0.000184,1.000000,0.000000
"Taxodium mucronatum (JPL228)",JPL228,becknic,vegetation,vegetation.tree.taxodium.mucronatum.vswir.jpl228.jpl.asd.spectrum.txt,0.000979,0.999861,1.000000,0.001555,0.941790,1.000000,0.001028,0.999846,1.000000,0.000216,1.000000,0.000000,0.000254,1.000000,0.000000
"Taxodium mucronatum (JPL229)",JPL229,becknic,vegetation,vegetation.tree.taxodium.mucronatum.vswir.jpl229.jpl.asd.spectrum.txt,0.002415,0.999430,1.000000,0.001160,0.967643,1.000000,0.001288,0.999832,1.000000,0.000239,1.000000,0.000000,0.000267,1.000000,0.000000
"Tipuana tipu (JPL235)",JPL235,becknic,vegetation,vegetation.tree.tipuana.tipu.tir.jpl235.jpl.nicolet.spectrum.txt,0.000125,1.000000,0.000000,0.000173,1.000000,0.000000,0.000133,1.000000,0.000000,0.000967,0.971401,0.999750,0.000706,0.949774,1.000000
"Tipuana tipu (JPL251)",JPL251,becknic,vegetation,vegetation.tree.tipuana.tipu.tir.jpl251.jpl.nicolet.spectrum.txt,0.000114,1.000000,0.000000,0.000158,1.000000,0.000000,0.000122,1.000000,0.000000,0.001073,0.958338,0.999750,0.000728,0.959784,1.000000
"Tipuana tipu (JPL252)",JPL252,becknic,vegetation,vegetation.tree.tipuana.tipu.tir.jpl252.jpl.nicolet.spectrum.txt,0.000092,1.000000,0.000000,0.000128,1.000000,0.000000,0.000099,1.000000,0.000000,0.000734,0.968275,0.999750,0.000660,0.956969,1.000000
"Tipuana tipu (JPL235)",JPL235,becknic,vegetation,vegetation.tree.tipuana.tipu.vswir.jpl235.jpl.asd.spectrum.txt,0.002056,0.999712,1.000000,0.001111,0.915808,1.000000,0.001152,0.999908,1.000000,0.000274,1.000000,0.000000,0.000272,1.000000,0.000000
"Tipuana tipu (JPL251)",JPL251,becknic,vegetation,vegetation.tree.tipuana.tipu.vswir.jpl251.jpl.asd.spectrum.txt,0.003502,0.999227,1.000000,0.001209,0.948276,1.000000,0.001214,0.999906,1.000000,0.000214,1.000000,0.000000,0.000268,1.000000,0.000000
"Tipuana tipu (JPL252)",JPL252,becknic,vegetation,vegetation.tree.tipuana.tipu.vswir.jpl252.jpl.asd.spectrum.txt,0.001628,0.999837,1.000000,0.001051,0.944694,1.000000,0.001140,0.999924,1.000000,0.000223,1.000000,0.000000,0.000248,1.000000,0.000000
"Tsuga canadensis (TSCA-1-47)",TSCA-1-47,becknic,vegetation,vegetation.tree.tsuga.canadensis.tir.tsca-1-47.ucsb.nicolet.spectrum.txt,0.000128,1.000000,0.000000,0.000177,1.000000,0.000000,0.000137,1.000000,0.000000,0.002899,0.698692,0.999750,0.001777,0.670724,1.000000
"Tsuga canadensis (TSCA-1-49)",TSCA-1-49,becknic,vegetation,vegetation.tree.tsuga.canadensis.tir.tsca-1-49.ucsb.nicolet.spectrum.txt,0.000131,1.000000,0.000000,0.000191,1.000000,0.000000,0.000147,1.000000,0.000000,0.003850,0.564510,0.999750,0.001863,0.858646,1.000000
"Tsuga canadensis (TSCA-2-51)",TSCA-2-51,becknic,vegetation,vegetation.tree.tsuga.canadensis.tir.tsca-2-51.ucsb.nicolet.spectrum.txt,0.000102,1.000000,0.000000,0.000142,1.000000,0.000000,0.000109,1.000000,0.000000,0.003560,0.502187,0.999750,0.001847,0.857796,1.000000
"Tsuga canadensis (TSCA-2-53)",TSCA-2-53,becknic,vegetation,vegetation.tree.tsuga.canadensis.tir.tsca-2-53.ucsb.nicolet.spectrum.txt,0.000108,1.000000,0.000000,0.000149,1.000000,0.000000,0.000115,1.000000,0.000000,0.002661,0.576946,0.999750,0.001751,0.712724,1.000000
"Tsuga canadensis (TSCA-1-47)",TSCA-1-47,becknic,vegetation,vegetation.tree.tsuga.canadensis.vswir.tsca-1-47.ucsb.asd.spectrum.txt,0.002415,0.999634,1.000000,0.000776,0.991489,1.000000,0.001027,0.999934,1.000000,0.000204,1.000000,0.000000,0.000193,1.000000,0.000000
"Tsuga canadensis (TSCA-1-49)",TSCA-1-49,becknic,vegetation,vegetation.tree.tsuga.canadensis.vswir.tsca-1-49.ucsb.asd.spectrum.txt,0.001640,0.999849,1.000000,0.001868,0.953415,1.000000,0.001309,0.999905,1.000000,0.000223,1.000000,0.000000,0.000270,1.000000,0.000000
"Tsuga canadensis (TSCA-2-51)",TSCA-2-51,becknic,vegetation,vegetation.tree.tsuga.canadensis.vswir.tsca-2-51.ucsb.asd.spectrum.txt,0.001984,0.999793,1.000000,0.000494,0.996041,1.000000,0.001071,0.999942,1.000000,0.000221,1.000000,0.000000,0.000250,1.000000,0.000000
"Tsuga canadensis (TSCA-2-53)",TSCA-2-53,becknic,vegetation,vegetation.tree.tsuga.canadensis.vswir.tsca-2-53.ucsb.asd.spectrum.txt,0.003159,0.999470,1.000000,0.000718,0.994503,1.000000,0.001303,0.999915,1.000000,0.000212,1.000000,0.000000,0.000198,1.000000,0.000000
"Conifer (conifer)",conifer,becknic,vegetation,vegetation.tree.unknown.unknown.all.conifer.jhu.becknic.spectrum.txt,0.002744,0.999609,1.000000,0.001663,0.983534,1.000000,0.009822,0.994668,1.000000,0.000672,0.985934,1.000000,0.000144,0.979776,0.882353
"Decidous (decidous)",decidous,becknic,vegetation,vegetation.tree.unknown.unknown.all.deciduous.jhu.becknic.spectrum.txt,0.001789,0.999848,1.000000,0.001107,0.989377,1.000000,0.012045,0.993449,1.000000,0.000975,0.986183,1.000000,0.000533,0.982768,0.882353
"Uvularia sessifolia (UVSE-1-75)",UVSE-1-75,becknic,vegetation,vegetation.tree.uvularia.sessifolia.tir.uvse-1-75.ucsb.nicolet.spectrum.txt,0.000302,1.000000,0.000000,0.000336,1.000000,0.000000,0.000269,1.000000,0.000000,0.003837,0.885704,0.999750,0.003552,0.895566,1.000000
"Uvularia sessifolia (UVSE-2-77)",UVSE-2-77,becknic,vegetation,vegetation.tree.uvularia.sessifolia.tir.uvse-2-77.ucsb.nicolet.spectrum.txt,0.000182,1.000000,0.000000,0.000288,1.000000,0.000000,0.000226,1.000000,0.000000,0.003127,0.907710,0.999750,0.002123,0.927925,1.000000
"Uvularia sessifolia (UVSE-1-75)",UVSE-1-75,becknic,vegetation,vegetation.tree.uvularia.sessifolia.vswir.uvse-1-75.ucsb.asd.spectrum.txt,0.001860,0.999645,1.000000,0.000904,0.929021,1.000000,0.001165,0.999852,1.000000,0.000253,1.000000,0.000000,0.000236,1.000000,0.000000
"Uvularia sessifolia (UVSE-2-77)",UVSE-2-77,becknic,vegetation,vegetation.tree.uvularia.sessifolia.vswir.uvse-2-77.ucsb.asd.spectrum.txt,0.001967,0.999656,1.000000,0.000650,0.912396,1.000000,0.001216,0.999845,1.000000,0.000239,1.000000,0.000000,0.000267,1.000000,0.000000
"Distilled Water (distwatr)",distwatr,becknic,water,water.distilledwater.none.liquid.tir.distwatr.jhu.becknic.spectrum.txt,0.000052,1.000000,0.000000,0.000072,1.000000,0.000000,0.000142,1.000000,0.300357,0.001024,0.979391,1.000000,0.000393,0.998351,0.883671
"Frost (FROST_SNW_)",FROST_SNW_,becknic,water,water.frost.none.fine.all.frost_snw_.jhu.becknic.spectrum.txt,0.000926,0.980188,1.000000,0.004736,0.974415,1.000000,0.012811,0.996740,1.000000,0.008801,0.974600,1.000000,0.000245,0.998650,0.883529
"Ice (ICE_DAT_)",ICE_DAT_,becknic,water,water.ice.none.solid.all.ice_dat_.jhu.becknic.spectrum.txt,0.000099,1.000000,1.000000,0.000033,1.000000,1.000000,0.000132,0.994375,1.000000,0.005415,0.877558,1.000000,0.000646,0.998993,1.000000
"Sea Foam (seafoam)",seafoam,becknic,water,water.seawater.none.liquid.tir.seafoam.jhu.becknic.spectrum.txt,0.000123,1.000000,0.000000,0.000171,1.000000,0.000000,0.000693,0.993225,0.300357,0.001015,0.981917,1.000000,0.000377,0.997350,0.883671
"Sea water (seawater)",seawater,becknic,water,water.seawater.none.liquid.tir.seawater.jhu.becknic.spectrum.txt,0.000055,1.000000,0.000000,0.000076,1.000000,0.000000,0.000096,0.990982,0.300357,0.001155,0.973037,1.000000,0.000516,0.996610,0.883671
"Coarse Granular Snow (COARSE_SNW_)",COARSE_SNW_,becknic,water,water.snow.coarsegranular.coarse.all.coarse_snw_.jhu.becknic.spectrum.txt,0.002059,0.994597,1.000000,0.017060,0.973028,1.000000,0.023977,0.979509,1.000000,0.003973,0.857529,1.000000,0.000378,0.999248,0.883529
"Fine Snow (FINE_SNW_)",FINE_SNW_,becknic,water,water.snow.finegranular.fine.all.fine_snw_.jhu.becknic.spectrum.txt,0.001139,0.989807,1.000000,0.007769,0.973567,1.000000,0.015797,0.995856,1.000000,0.002700,0.922071,1.000000,0.000138,0.998086,0.883529
"Medium Granular Snow (MEDGRAN_SNW_)",MEDGRAN_SNW_,becknic,water,water.snow.mediumgranular.medium.all.medgran_snw_.jhu.becknic.spectrum.txt,0.001539,0.993699,1.000000,0.013331,0.971085,1.000000,0.018125,0.992440,1.000000,0.002086,0.849435,1.000000,0.000180,0.999309,0.883529
"Tap water (tapwater)",tapwater,becknic,water,water.tapwater.none.liquid.all.tapwater.jhu.becknic.spectrum.txt,0.000721,1.000000,0.883721,0.000598,0.661526,1.000000,0.000627,0.886681,1.000000,0.001024,0.979390,1.000000,0.000393,0.998351,0.883647
