name,record_id,instrument,chapter,filename,VIS_rmse,VIS_variance,VIS_coverage,NIR_rmse,NIR_variance,NIR_coverage,SWIR_rmse,SWIR_variance,SWIR_coverage,MWIR_rmse,MWIR_variance,MWIR_coverage,LWIR_rmse,LWIR_variance,LWIR_coverage
"Construction  Concrete (0598UUUCNC)",0598UUUCNC,becknic,manmade,manmade.concrete.constructionconcrete.solid.all.0598uuucnc.jhu.becknic.spectrum.txt,0.002134,0.998815,1.000000,0.000588,0.993836,1.000000,0.000959,0.998625,1.000000,0.001807,0.998929,1.000000,0.001242,0.999106,1.000000
"Construction  Concrete (0092UUU_CNC)",0092UUU_CNC,becknic,manmade,manmade.concrete.pavingconcrete.solid.all.0092uuu_cnc.jhu.becknic.spectrum.txt,0.001691,0.995898,0.837209,0.000651,0.826392,1.000000,0.001144,0.999291,1.000000,0.002302,0.996875,1.000000,0.001452,0.989286,0.882353
"Construction Concrete (0397UUUCNC)",0397UUUCNC,becknic,manmade,manmade.concrete.pavingconcrete.solid.all.0397uuucnc.jhu.becknic.spectrum.txt,0.001793,0.995120,0.837209,0.001161,0.951277,1.000000,0.001157,0.999556,1.000000,0.000776,0.999311,1.000000,0.001550,0.998234,0.882353
"Construction  Concrete (0424UUUCNC)",0424UUUCNC,becknic,manmade,manmade.concrete.pavingconcrete.solid.all.0424uuucnc.jhu.becknic.spectrum.txt,0.001807,0.999075,0.837209,0.000897,0.991940,1.000000,0.001681,0.999412,1.000000,0.001668,0.997719,1.000000,0.001300,0.997247,0.882353
"Asphaltic concrete (0425UUUASP)",0425UUUASP,becknic,manmade,manmade.concrete.pavingconcrete.solid.all.0425uuuasp.jhu.becknic.spectrum.txt,0.002740,0.995082,0.837209,0.000898,0.996428,1.000000,0.002079,0.995718,1.000000,0.003467,0.996242,1.000000,0.001484,0.997017,0.882353
"Red smooth-faced Brick (0097UUUBRK)",0097UUUBRK,becknic,manmade,manmade.generalconstructionmaterial.brick.solid.all.0097uuubrk.jhu.becknic.spectrum.txt,0.001534,0.999440,1.000000,0.001504,0.995103,1.000000,0.000864,0.980650,1.000000,0.003274,0.999152,1.000000,0.001287,0.998658,0.705882
"Weathered Red Brick (0412UUUBRK)",0412UUUBRK,becknic,manmade,manmade.generalconstructionmaterial.brick.solid.all.0412uuubrk.jhu.becknic.spectrum.txt,0.001073,0.999855,1.000000,0.001332,0.999547,1.000000,0.001721,0.993333,1.000000,0.003333,0.999404,1.000000,0.000968,0.997380,0.705882
"Bare Red Brick (0413UUUBRK)",0413UUUBRK,becknic,manmade,manmade.generalconstructionmaterial.brick.solid.all.0413uuubrk.jhu.becknic.spectrum.txt,0.001088,0.999853,1.000000,0.001333,0.999646,1.000000,0.001774,0.992725,1.000000,0.003463,0.999412,1.000000,0.001215,0.996895,0.705882
"Construction Concrete (0432UUUCNC)",0432UUUCNC,becknic,manmade,manmade.generalconstructionmaterial.cementcinderblock.solid.all.0432uuucnc.jhu.becknic.spectrum.txt,0.001752,0.998601,0.837209,0.000777,0.990101,1.000000,0.001357,0.995676,1.000000,0.002754,0.997377,1.000000,0.003221,0.980255,0.882353
"Cinders, ashen (0101UUUCIN)",0101UUUCIN,becknic,manmade,manmade.generalconstructionmaterial.cinder.solid.all.0101uuucin.jhu.becknic.spectrum.txt,0.000285,0.995629,1.000000,0.000300,0.977051,1.000000,0.000377,0.985866,1.000000,0.000852,0.989685,1.000000,0.001283,0.984520,0.705882
"Plate Window Glass (0796UUUGLS)",0796UUUGLS,becknic,manmade,manmade.generalconstructionmaterial.glas.solid.all.0796uuugls.jhu.becknic.spectrum.txt,0.001485,0.971691,1.000000,0.000497,0.988730,1.000000,0.000781,0.957731,1.000000,0.000722,0.996570,1.000000,0.002569,0.999006,0.882353
"White Marble (0722UUUMBL)",0722UUUMBL,becknic,manmade,manmade.generalconstructionmaterial.marble.solid.all.0722uuumbl.jhu.becknic.spectrum.txt,0.012449,0.989210,1.000000,0.000880,0.946549,1.000000,0.018857,0.994407,1.000000,0.015914,0.938739,1.000000,0.004530,0.994839,0.882353
"Olive green gloss paint (0385UUUPNT)",0385UUUPNT,becknic,manmade,manmade.generalconstructionmaterial.paint.solid.all.0385uuupnt.jhu.becknic.spectrum.txt,0.021588,0.920085,1.000000,0.001805,0.996761,1.000000,0.003550,0.992162,1.000000,0.022930,0.989645,1.000000,0.020751,0.927052,0.705882
"Olive green gloss paint (0386UUUPNT)",0386UUUPNT,becknic,manmade,manmade.generalconstructionmaterial.paint.solid.all.0386uuupnt.jhu.becknic.spectrum.txt,0.024976,0.906160,1.000000,0.003438,0.984128,1.000000,0.006061,0.994509,1.000000,0.016574,0.988920,1.000000,0.006553,0.944091,0.705882
"Black gloss paint (0402UUUPNT)",0402UUUPNT,becknic,manmade,manmade.generalconstructionmaterial.paint.solid.all.0402uuupnt.jhu.becknic.spectrum.txt,0.001015,0.915142,0.837209,0.000083,1.000000,1.000000,0.000300,0.995128,1.000000,0.001655,0.984680,1.000000,0.003299,0.980302,0.882353
"Black gloss paint (0403UUUPNT)",0403UUUPNT,becknic,manmade,manmade.generalconstructionmaterial.paint.solid.all.0403uuupnt.jhu.becknic.spectrum.txt,0.000529,0.892151,0.837209,0.000188,1.000000,1.000000,0.000258,1.000000,1.000000,0.001551,0.859787,1.000000,0.001276,0.981514,0.882353
"Black gloss paint (0405UUUPNT)",0405UUUPNT,becknic,manmade,manmade.generalconstructionmaterial.paint.solid.all.0405uuupnt.jhu.becknic.spectrum.txt,0.001232,0.959594,0.837209,0.000134,1.000000,1.000000,0.000259,1.000000,1.000000,0.001379,0.856069,1.000000,0.001016,0.979084,0.882353
"Black paint (0406UUUPNT)",0406UUUPNT,becknic,manmade,manmade.generalconstructionmaterial.paint.solid.all.0406uuupnt.jhu.becknic.spectrum.txt,0.000850,0.920790,0.837209,0.000191,1.000000,1.000000,0.000280,1.000000,1.000000,0.001467,0.794969,1.000000,0.001080,0.976400,0.882353
"Olive green paint (0407UUUPNT)",0407UUUPNT,becknic,manmade,manmade.generalconstructionmaterial.paint.solid.all.0407uuupnt.jhu.becknic.spectrum.txt,0.039714,0.860663,1.000000,0.006980,0.976144,1.000000,0.005074,0.999285,1.000000,0.003659,0.995100,1.000000,0.001744,0.974968,0.705882
"Olive green paint (0408UUUPNT)",0408UUUPNT,becknic,manmade,manmade.generalconstructionmaterial.paint.solid.all.0408uuupnt.jhu.becknic.spectrum.txt,0.035903,0.868130,1.000000,0.007263,0.973391,1.000000,0.005045,0.999209,1.000000,0.003133,0.996030,1.000000,0.001226,0.987547,0.705882
"Metallic Silver Paint (1246)",1246,becknic,manmade,manmade.generalconstructionmaterial.paint.solid.tir.1246.jpl.nicolet.spectrum.txt,0.000382,1.000000,0.000000,0.000494,1.000000,0.000000,0.002169,0.802888,0.356929,0.004781,0.888595,1.000000,0.002149,0.964393,0.883894
"Gloss Black Paint (1247)",1247,becknic,manmade,manmade.generalconstructionmaterial.paint.solid.tir.1247.jpl.nicolet.spectrum.txt,0.000135,1.000000,0.000000,0.000107,1.000000,0.000000,0.000780,1.000000,0.356929,0.001347,0.881275,1.000000,0.003273,0.939477,0.883894
"Flat Black Paint (1249)",1249,becknic,manmade,manmade.generalconstructionmaterial.paint.solid.tir.1249.jpl.nicolet.spectrum.txt,0.000174,1.000000,0.000000,0.000138,1.000000,0.000000,0.000860,0.609875,0.356929,0.001034,0.712000,1.000000,0.002701,0.971968,0.883894
"Glossy Black Paint (1601)",1601,becknic,manmade,manmade.generalconstructionmaterial.paint.solid.tir.1601.jpl.nicolet.spectrum.txt,0.000108,1.000000,0.000000,0.000086,1.000000,0.000000,0.000841,0.583176,0.356929,0.002222,0.682363,1.000000,0.001482,0.953635,0.883894
"Ultra Flat Black Paint (1602)",1602,becknic,manmade,manmade.generalconstructionmaterial.paint.solid.tir.1602.jpl.nicolet.spectrum.txt,0.000112,1.000000,0.000000,0.000089,1.000000,0.000000,0.000903,1.000000,0.356929,0.002769,0.586828,1.000000,0.001054,0.969293,0.883894
"Flat Black Paint (1949)",1949,becknic,manmade,manmade.generalconstructionmaterial.paint.solid.tir.1949.jpl.nicolet.spectrum.txt,0.000173,1.000000,0.000000,0.000137,1.000000,0.000000,0.000882,0.493694,0.356929,0.001311,0.769994,1.000000,0.002177,0.963777,0.883894
"Black Nextel Paint (3101-c10)",3101-c10,becknic,manmade,manmade.generalconstructionmaterial.paint.solid.tir.3101-c10.jpl.nicolet.spectrum.txt,0.000100,1.000000,0.000000,0.000079,1.000000,0.000000,0.000906,0.473907,0.356929,0.001706,0.880718,1.000000,0.000961,0.925766,1.000000
"Flat Black Paint (7211)",7211,becknic,manmade,manmade.generalconstructionmaterial.paint.solid.tir.7211.jpl.nicolet.spectrum.txt,0.000148,1.000000,0.000000,0.000117,1.000000,0.000000,0.000846,1.000000,0.356929,0.001263,0.727362,1.000000,0.003364,0.922090,0.883894
"Lamp (Ebony) Black Paint (DA67)",DA67,becknic,manmade,manmade.generalconstructionmaterial.paint.solid.tir.da67.jpl.nicolet.spectrum.txt,0.000163,1.000000,0.000000,0.000130,1.000000,0.000000,0.000951,0.377513,0.356929,0.003498,0.941191,1.000000,0.003830,0.907313,0.883894
"Glossy Black Paint (DM625)",DM625,becknic,manmade,manmade.generalconstructionmaterial.paint.solid.tir.dm625.jpl.nicolet.spectrum.txt,0.000118,1.000000,0.000000,0.000094,1.000000,0.000000,0.000898,0.544424,0.356929,0.004875,0.959083,1.000000,0.011032,0.976926,0.883894
"Flat Black Paint (DM725)",DM725,becknic,manmade,manmade.generalconstructionmaterial.paint.solid.tir.dm725.jpl.nicolet.spectrum.txt,0.000171,1.000000,0.000000,0.000136,1.000000,0.000000,0.000938,0.568196,0.356929,0.004881,0.942401,1.000000,0.006681,0.990562,0.883894
"Pine Wood (0404UUUWOD)",0404UUUWOD,becknic,manmade,manmade.generalconstructionmaterial.wood.solid.all.0404uuuwod.jhu.becknic.spectrum.txt,0.006208,0.999529,1.000000,0.003302,0.901309,1.000000,0.005403,0.999071,1.000000,0.004110,0.996870,1.000000,0.002649,0.977591,0.705882
"Pine Wood (0410UUUWOD)",0410UUUWOD,becknic,manmade,manmade.generalconstructionmaterial.wood.solid.all.0410uuuwod.jhu.becknic.spectrum.txt,0.002927,0.999854,0.837209,0.003794,0.905384,1.000000,0.004685,0.999262,1.000000,0.004478,0.994870,1.000000,0.001852,0.984755,0.882353
"Gold plate (001682)",001682,becknic,manmade,manmade.reflectancetarget.none.solid.tir.001682.jpl.nicolet.spectrum.txt,0.000216,1.000000,0.000000,0.000596,1.000000,0.000000,0.000752,0.927183,0.356929,0.002184,0.952660,1.000000,0.002226,0.978143,1.000000
"Brass plate (ILF-17464-2-1-bc)",ILF-17464-2-1-bc,becknic,manmade,manmade.reflectancetarget.none.solid.tir.ilf-17464-2-1-bc.jpl.nicolet.spectrum.txt,0.000179,1.000000,0.000000,0.000505,1.000000,0.000000,0.000886,0.814223,0.356929,0.002061,0.655030,1.000000,0.002016,0.889926,1.000000
"Brass plate (ILF-17464-2-1-c)",ILF-17464-2-1-c,becknic,manmade,manmade.reflectancetarget.none.solid.tir.ilf-17464-2-1-c.jpl.nicolet.spectrum.txt,0.000191,1.000000,0.000000,0.000512,1.000000,0.000000,0.000824,1.000000,0.356929,0.001973,0.214910,1.000000,0.002224,0.875755,1.000000
"Brass plate (ILF-17464-2-1-cl)",ILF-17464-2-1-cl,becknic,manmade,manmade.reflectancetarget.none.solid.tir.ilf-17464-2-1-cl.jpl.nicolet.spectrum.txt,0.000224,1.000000,0.000000,0.000621,1.000000,0.000000,0.001553,0.000000,0.356929,0.002183,0.206895,1.000000,0.002080,0.858418,1.000000
"Brass plate (ILF-17464-2-1-tc)",ILF-17464-2-1-tc,becknic,manmade,manmade.reflectancetarget.none.solid.tir.ilf-17464-2-1-tc.jpl.nicolet.spectrum.txt,0.000197,1.000000,0.000000,0.000533,1.000000,0.000000,0.001089,0.000000,0.356929,0.002126,0.038903,1.000000,0.002050,0.860420,1.000000
"Brass plate (ILF-17464-2-1-tl)",ILF-17464-2-1-tl,becknic,manmade,manmade.reflectancetarget.none.solid.tir.ilf-17464-2-1-tl.jpl.nicolet.spectrum.txt,0.000215,1.000000,0.000000,0.000591,1.000000,0.000000,0.000833,0.334526,0.356929,0.002157,0.263636,1.000000,0.002151,0.837257,1.000000
"Brass plate (ILF-17464-2-2-bc)",ILF-17464-2-2-bc,becknic,manmade,manmade.reflectancetarget.none.solid.tir.ilf-17464-2-2-bc.jpl.nicolet.spectrum.txt,0.000179,1.000000,0.000000,0.000504,1.000000,0.000000,0.001096,0.947325,0.356929,0.002451,0.793230,1.000000,0.001953,0.972395,1.000000
"Brass plate (ILF-17464-2-2-bl)",ILF-17464-2-2-bl,becknic,manmade,manmade.reflectancetarget.none.solid.tir.ilf-17464-2-2-bl.jpl.nicolet.spectrum.txt,0.000187,1.000000,0.000000,0.000634,1.000000,0.000000,0.001147,0.939108,0.356929,0.001962,0.908935,1.000000,0.001873,0.977641,1.000000
"Brass plate (ILF-17464-2-2-br)",ILF-17464-2-2-br,becknic,manmade,manmade.reflectancetarget.none.solid.tir.ilf-17464-2-2-br.jpl.nicolet.spectrum.txt,0.000193,1.000000,0.000000,0.000519,1.000000,0.000000,0.000940,0.949908,0.356929,0.002187,0.877409,1.000000,0.002144,0.972846,1.000000
"Brass plate (ILF-17464-2-2-c)",ILF-17464-2-2-c,becknic,manmade,manmade.reflectancetarget.none.solid.tir.ilf-17464-2-2-c.jpl.nicolet.spectrum.txt,0.000207,1.000000,0.000000,0.000564,1.000000,0.000000,0.000832,0.847175,0.356929,0.001261,0.941059,1.000000,0.002342,0.963482,1.000000
"Brass plate (ILF-17464-2-2-cl)",ILF-17464-2-2-cl,becknic,manmade,manmade.reflectancetarget.none.solid.tir.ilf-17464-2-2-cl.jpl.nicolet.spectrum.txt,0.000195,1.000000,0.000000,0.000524,1.000000,0.000000,0.000914,0.926466,0.356929,0.001384,0.933237,1.000000,0.002137,0.967562,1.000000
"Brass plate (ILF-17464-2-2-cr)",ILF-17464-2-2-cr,becknic,manmade,manmade.reflectancetarget.none.solid.tir.ilf-17464-2-2-cr.jpl.nicolet.spectrum.txt,0.000179,1.000000,0.000000,0.000509,1.000000,0.000000,0.000995,0.839925,0.356929,0.001900,0.752616,1.000000,0.001693,0.973549,1.000000
"Brass plate (ILF-17464-2-2-tc)",ILF-17464-2-2-tc,becknic,manmade,manmade.reflectancetarget.none.solid.tir.ilf-17464-2-2-tc.jpl.nicolet.spectrum.txt,0.000188,1.000000,0.000000,0.000500,1.000000,0.000000,0.001035,0.933758,0.356929,0.001631,0.848188,1.000000,0.002241,0.956489,1.000000
"Brass plate (ILF-17464-2-2-tl)",ILF-17464-2-2-tl,becknic,manmade,manmade.reflectancetarget.none.solid.tir.ilf-17464-2-2-tl.jpl.nicolet.spectrum.txt,0.000195,1.000000,0.000000,0.000525,1.000000,0.000000,0.000965,0.887346,0.356929,0.001293,0.916064,1.000000,0.002270,0.953950,1.000000
"Brass plate (ILF-17464-2-2-tr)",ILF-17464-2-2-tr,becknic,manmade,manmade.reflectancetarget.none.solid.tir.ilf-17464-2-2-tr.jpl.nicolet.spectrum.txt,0.000183,1.000000,0.000000,0.000489,1.000000,0.000000,0.000997,0.914260,0.356929,0.002002,0.741661,1.000000,0.002224,0.954493,1.000000
"Brass plate (SN)",SN,becknic,manmade,manmade.reflectancetarget.none.solid.tir.sn.jpl.nicolet.spectrum.txt,0.000183,1.000000,0.000000,0.000488,1.000000,0.000000,0.000874,0.704065,0.356929,0.001688,0.437488,1.000000,0.002335,0.804431,1.000000
"Construction Asphalt (0095UUUASP)",0095UUUASP,becknic,manmade,manmade.road.pavingasphalt.solid.all.0095uuuasp.jhu.becknic.spectrum.txt,0.001180,0.996780,0.837209,0.000199,0.999107,1.000000,0.000717,0.991049,1.000000,0.001506,0.997143,1.000000,0.000956,0.994771,0.882353
"Construction Asphalt (0096UUUASP)",0096UUUASP,becknic,manmade,manmade.road.pavingasphalt.solid.all.0096uuuasp.jhu.becknic.spectrum.txt,0.000856,0.996565,0.837209,0.000179,0.998821,1.000000,0.000758,0.990881,1.000000,0.001498,0.994814,1.000000,0.001256,0.984921,0.882353
"Construction Asphalt (0674UUUASP)",0674UUUASP,becknic,manmade,manmade.road.pavingasphalt.solid.all.0674uuuasp.jhu.becknic.spectrum.txt,0.000348,0.996159,1.000000,0.000465,1.000000,1.000000,0.000537,0.977664,1.000000,0.000772,0.993612,1.000000,0.000868,0.995788,0.705882
"Construction Tar (0099UUUTAR)",0099UUUTAR,becknic,manmade,manmade.road.tar.solid.all.0099uuutar.jhu.becknic.spectrum.txt,0.000599,0.931102,0.837209,0.000095,1.000000,1.000000,0.000263,1.000000,1.000000,0.000444,0.991690,1.000000,0.000479,0.936959,0.882353
"Construction Tar (0100UUUTAR)",0100UUUTAR,becknic,manmade,manmade.road.tar.solid.all.0100uuutar.jhu.becknic.spectrum.txt,0.001033,0.969382,0.837209,0.000155,1.000000,1.000000,0.000359,0.875778,1.000000,0.000483,0.958603,1.000000,0.000740,0.941757,0.882353
"Aluminum Metal (0384UUUALM)",0384UUUALM,becknic,manmade,manmade.roofingmaterial.metal.solid.all.0384uuualm.jhu.becknic.spectrum.txt,0.003398,0.995843,1.000000,0.004675,0.995425,1.000000,0.001733,0.998337,1.000000,0.001989,0.987633,1.000000,0.002215,0.810710,0.705882
"Galvanized Steel Metal (0525UUUSTLa)",0525UUUSTLa,becknic,manmade,manmade.roofingmaterial.metal.solid.all.0525uuustla.jhu.becknic.spectrum.txt,0.000885,0.999110,1.000000,0.001038,0.989118,1.000000,0.001372,0.994625,1.000000,0.000763,0.995627,1.000000,0.000692,0.994773,0.705882
"Galvanized Steel Metal (0525UUUSTLb)",0525UUUSTLb,becknic,manmade,manmade.roofingmaterial.metal.solid.all.0525uuustlb.jhu.becknic.spectrum.txt,0.005094,0.911356,1.000000,0.008043,0.882698,1.000000,0.002467,0.999204,1.000000,0.004759,0.998021,1.000000,0.005281,0.995185,0.705882
"Oxidized Galvanized Steel Metal (0526UUUSTLa)",0526UUUSTLa,becknic,manmade,manmade.roofingmaterial.metal.solid.all.0526uuustla.jhu.becknic.spectrum.txt,0.001927,0.995107,1.000000,0.002350,0.983907,1.000000,0.001376,0.999280,1.000000,0.009083,0.991642,1.000000,0.008717,0.980938,0.705882
"Copper Metal (0681UUUCOP)",0681UUUCOP,becknic,manmade,manmade.roofingmaterial.metal.solid.all.0681uuucop.jhu.becknic.spectrum.txt,0.001301,0.997713,1.000000,0.000687,0.970470,1.000000,0.000611,0.998437,1.000000,0.000704,0.997946,1.000000,0.000706,0.986130,0.705882
"Copper Metal (0682UUUCOP)",0682UUUCOP,becknic,manmade,manmade.roofingmaterial.metal.solid.all.0682uuucop.jhu.becknic.spectrum.txt,0.003483,0.999423,1.000000,0.002084,0.998790,1.000000,0.001670,0.999164,1.000000,0.007127,0.961326,1.000000,0.003177,0.933851,0.705882
"Copper Metal (0692UUUCOP)",0692UUUCOP,becknic,manmade,manmade.roofingmaterial.metal.solid.all.0692uuucop.jhu.becknic.spectrum.txt,0.009703,0.987334,1.000000,0.001434,0.996527,1.000000,0.001482,0.996951,1.000000,0.004550,0.993806,1.000000,0.006019,0.966435,0.705882
"Black tar paper (0522UUUTAR)",0522UUUTAR,becknic,manmade,manmade.roofingmaterial.roofingpaper.solid.all.0522uuutar.jhu.becknic.spectrum.txt,0.000119,0.996634,1.000000,0.000108,0.993159,1.000000,0.000391,0.907268,1.000000,0.000505,0.989908,1.000000,0.000643,0.984738,0.705882
"Black tar paper (0523UUUTAR)",0523UUUTAR,becknic,manmade,manmade.roofingmaterial.roofingpaper.solid.all.0523uuutar.jhu.becknic.spectrum.txt,0.000273,1.000000,1.000000,0.000143,0.989734,1.000000,0.000511,0.996036,1.000000,0.001480,0.972490,1.000000,0.000592,0.989755,0.705882
"Asphalt Shingle (0490UUUASP)",0490UUUASP,becknic,manmade,manmade.roofingmaterial.roofingshingle.solid.all.0490uuuasp.jhu.becknic.spectrum.txt,0.007893,0.986990,1.000000,0.000799,0.993964,1.000000,0.001463,0.997213,1.000000,0.001358,0.998149,1.000000,0.000561,0.998022,1.000000
"White rubberized coating (0795UUURBR)",0795UUURBR,becknic,manmade,manmade.roofingmaterial.rubber.solid.all.0795uuurbr.jhu.becknic.spectrum.txt,0.006387,0.998149,1.000000,0.001383,0.982703,1.000000,0.006811,0.997635,1.000000,0.001852,0.997415,1.000000,0.001521,0.989814,0.882353
"Black unspecified rubber (0833UUURBR)",0833UUURBR,becknic,manmade,manmade.roofingmaterial.rubber.solid.all.0833uuurbr.jhu.becknic.spectrum.txt,0.000369,0.983776,1.000000,0.000600,0.683305,1.000000,0.000440,1.000000,1.000000,0.000684,0.852949,1.000000,0.001241,0.995013,0.882353
"White fiberglass unspecified rubber (0834UUURBR)",0834UUURBR,becknic,manmade,manmade.roofingmaterial.rubber.solid.all.0834uuurbr.jhu.becknic.spectrum.txt,0.011056,0.996390,1.000000,0.000865,0.988745,1.000000,0.008537,0.997485,1.000000,0.002169,0.996748,1.000000,0.001560,0.991612,0.882353
"Asphalt roofing shingle (0597UUUASP)",0597UUUASP,becknic,manmade,manmade.roofingmaterial.shingle.solid.all.0597uuuasp.jhu.becknic.spectrum.txt,0.004756,0.993738,1.000000,0.000768,0.985299,1.000000,0.000830,0.998745,1.000000,0.001256,0.998695,1.000000,0.000738,0.998950,1.000000
"Reddish Asphalt roofing shingle (0672UUUASP)",0672UUUASP,becknic,manmade,manmade.roofingmaterial.shingle.solid.all.0672uuuasp.jhu.becknic.spectrum.txt,0.000212,0.999802,1.000000,0.000651,1.000000,1.000000,0.000467,0.972956,1.000000,0.000863,0.996245,1.000000,0.000849,0.997015,0.705882
"Slate stone Shingle (0680UUUSTO)",0680UUUSTO,becknic,manmade,manmade.roofingmaterial.shingle.solid.all.0680uuusto.jhu.becknic.spectrum.txt,0.001664,0.991520,1.000000,0.001408,0.722143,1.000000,0.000760,0.986808,1.000000,0.001737,0.998350,1.000000,0.002335,0.999188,0.882353
"Reddish asphalt Shingle (0683UUUASP)",0683UUUASP,becknic,manmade,manmade.roofingmaterial.shingle.solid.all.0683uuuasp.jhu.becknic.spectrum.txt,0.001852,0.999216,1.000000,0.001888,0.851441,1.000000,0.001039,0.997318,1.000000,0.001415,0.996221,1.000000,0.000978,0.997508,0.705882
"Terra cotta Tiles (0484UUUPOT)",0484UUUPOT,becknic,manmade,manmade.roofingmaterial.tile.solid.all.0484uuupot.jhu.becknic.spectrum.txt,0.000763,0.999375,1.000000,0.000673,0.970338,1.000000,0.000858,0.985428,1.000000,0.001109,0.998743,1.000000,0.001093,0.998135,0.705882
"ALH 84007 (ALH84007)",ALH84007,becknic,meteorites,meteorites.achondrite.aubrite.fine.tir.alh84007.jhu.becknic.spectrum.txt,0.000304,1.000000,0.000000,0.000205,1.000000,0.000000,0.000504,1.000000,0.300357,0.001020,0.996270,1.000000,0.000927,0.989568,1.000000
"ALHA 77256 (ALHA77256)",ALHA77256,becknic,meteorites,meteorites.achondrite.diogenite.fine.tir.alha77256.jhu.becknic.spectrum.txt,0.000308,1.000000,0.000000,0.000206,1.000000,0.000000,0.000643,0.998133,0.300357,0.001604,0.995922,1.000000,0.000981,0.996031,1.000000
"Johnstown (Johnstown)",Johnstown,becknic,meteorites,meteorites.achondrite.diogenite.fine.tir.johnstown.jhu.becknic.spectrum.txt,0.000184,1.000000,0.000000,0.000147,1.000000,0.000000,0.000469,0.997910,0.300357,0.001130,0.996434,1.000000,0.000789,0.995388,1.000000
"Haraiya (Haraiya)",Haraiya,becknic,meteorites,meteorites.achondrite.eucrite.fine.tir.haraiya.jhu.becknic.spectrum.txt,0.000193,1.000000,0.000000,0.000155,1.000000,0.000000,0.000362,0.993827,0.300357,0.001157,0.994953,1.000000,0.000436,0.998266,1.000000
"Yamato 791192 (Yamato791192)",Yamato791192,becknic,meteorites,meteorites.achondrite.eucrite.fine.tir.yamato791192.jhu.becknic.spectrum.txt,0.000162,1.000000,0.000000,0.000129,1.000000,0.000000,0.000386,0.996280,0.300357,0.001271,0.994244,1.000000,0.000666,0.997964,1.000000
"Yamato 791195 (Yamato791195)",Yamato791195,becknic,meteorites,meteorites.achondrite.eucrite.fine.tir.yamato791195.jhu.becknic.spectrum.txt,0.000219,1.000000,0.000000,0.000174,1.000000,0.000000,0.000460,0.997215,0.300357,0.001063,0.997322,1.000000,0.000398,0.999239,1.000000
"Bholghati (Bholghati)",Bholghati,becknic,meteorites,meteorites.achondrite.howardite.fine.tir.bholghati.jhu.becknic.spectrum.txt,0.000127,1.000000,0.000000,0.000101,1.000000,0.000000,0.000225,0.992975,0.300357,0.000649,0.993492,1.000000,0.000302,0.998936,1.000000
"Bialystok (Bialystok)",Bialystok,becknic,meteorites,meteorites.achondrite.howardite.fine.tir.bialystok.jhu.becknic.spectrum.txt,0.000184,1.000000,0.000000,0.000147,1.000000,0.000000,0.000419,0.997414,0.300357,0.000900,0.997536,1.000000,0.000270,0.999283,1.000000
"Bununu (Bununu)",Bununu,becknic,meteorites,meteorites.achondrite.howardite.fine.tir.bununu.jhu.becknic.spectrum.txt,0.000110,1.000000,0.000000,0.000087,1.000000,0.000000,0.000232,0.996724,0.300357,0.001020,0.989473,1.000000,0.000309,0.999171,1.000000
"Petersburg (Petersburg)",Petersburg,becknic,meteorites,meteorites.achondrite.howardite.fine.tir.petersburg.jhu.becknic.spectrum.txt,0.000181,1.000000,0.000000,0.000144,1.000000,0.000000,0.000370,0.996829,0.300357,0.000822,0.997216,1.000000,0.000315,0.999170,1.000000
"ALHA 77005 (ALHA77005)",ALHA77005,becknic,meteorites,meteorites.achondrite.shergottite.fine.tir.alha77005.jhu.becknic.spectrum.txt,0.000363,1.000000,0.000000,0.000220,1.000000,0.000000,0.000419,0.985820,0.300357,0.000905,0.997803,1.000000,0.000469,0.999220,1.000000
"EETA 79001 (EETA79001)",EETA79001,becknic,meteorites,meteorites.achondrite.shergottite.fine.tir.eeta79001.jhu.becknic.spectrum.txt,0.000179,1.000000,0.000000,0.000143,1.000000,0.000000,0.000381,0.995804,0.300357,0.000708,0.998608,1.000000,0.000341,0.999095,1.000000
"Dingo Pup Donga (DingoPupDonga)",DingoPupDonga,becknic,meteorites,meteorites.achondrite.urelite.fine.tir.dingopupdonga.jhu.becknic.spectrum.txt,0.000068,1.000000,0.000000,0.000054,1.000000,0.000000,0.000116,1.000000,0.300357,0.000239,0.991952,1.000000,0.000190,0.997443,1.000000
"PCA 82506 (PCA82506)",PCA82506,becknic,meteorites,meteorites.achondrite.urelite.fine.tir.pca82506.jhu.becknic.spectrum.txt,0.000063,1.000000,0.000000,0.000050,1.000000,0.000000,0.000133,1.000000,0.300357,0.000213,0.975556,1.000000,0.000185,0.997952,1.000000
"Tierra Blanca (TierraBlanca)",TierraBlanca,becknic,meteorites,meteorites.anomalou.none.fine.tir.tierrablanca.jhu.becknic.spectrum.txt,0.000124,1.000000,0.000000,0.000098,1.000000,0.000000,0.000190,1.000000,0.300357,0.000450,0.997323,1.000000,0.000293,0.998610,1.000000
"Winona (Winona)",Winona,becknic,meteorites,meteorites.anomalou.none.fine.tir.winona.jhu.becknic.spectrum.txt,0.000101,1.000000,0.000000,0.000080,1.000000,0.000000,0.000207,1.000000,0.300357,0.000328,0.995701,1.000000,0.000315,0.994011,1.000000
"Karoonda1 (Karoonda1)",Karoonda1,becknic,meteorites,meteorites.carbonaceouschondrite.c4.fine.tir.karoonda1.jhu.becknic.spectrum.txt,0.000041,1.000000,0.000000,0.000033,1.000000,0.000000,0.000065,1.000000,0.300357,0.000177,0.983616,1.000000,0.000203,0.997334,1.000000
"Karoonda2 (Karoonda2)",Karoonda2,becknic,meteorites,meteorites.carbonaceouschondrite.c4.fine.tir.karoonda2.jhu.becknic.spectrum.txt,0.000045,1.000000,0.000000,0.000036,1.000000,0.000000,0.000068,1.000000,0.300357,0.000181,0.982235,1.000000,0.000230,0.996712,1.000000
"Karoonda3 (Karoonda3)",Karoonda3,becknic,meteorites,meteorites.carbonaceouschondrite.c4.fine.tir.karoonda3.jhu.becknic.spectrum.txt,0.000045,1.000000,0.000000,0.000036,1.000000,0.000000,0.000073,1.000000,0.300357,0.000158,1.000000,1.000000,0.000190,0.996959,1.000000
"Alais (24)",24,becknic,meteorites,meteorites.carbonaceouschondrite.ci.fine.tir.24.jhu.becknic.spectrum.txt,0.000043,1.000000,0.000000,0.000034,1.000000,0.000000,0.000093,1.000000,0.300357,0.000222,0.996977,1.000000,0.000104,0.998192,1.000000
"Ivuna (Ivuna)",Ivuna,becknic,meteorites,meteorites.carbonaceouschondrite.ci.fine.tir.ivuna.jhu.becknic.spectrum.txt,0.000110,1.000000,0.000000,0.000087,1.000000,0.000000,0.000131,1.000000,0.300357,0.000397,0.997462,1.000000,0.000213,0.998693,1.000000
"Orgueil.1 (Orgueil_1)",Orgueil_1,becknic,meteorites,meteorites.carbonaceouschondrite.ci.fine.tir.orgueil_1.jhu.becknic.spectrum.txt,0.000039,1.000000,0.000000,0.000031,1.000000,0.000000,0.000089,1.000000,0.300357,0.000172,0.997152,1.000000,0.000077,0.998018,1.000000
"Orgueil.2 (Orgueil_2)",Orgueil_2,becknic,meteorites,meteorites.carbonaceouschondrite.ci.fine.tir.orgueil_2.jhu.becknic.spectrum.txt,0.000043,1.000000,0.000000,0.000034,1.000000,0.000000,0.000080,1.000000,0.300357,0.000235,0.997277,1.000000,0.000107,0.998328,1.000000
"Orgueil.3 (Orgueil_3)",Orgueil_3,becknic,meteorites,meteorites.carbonaceouschondrite.ci.fine.tir.orgueil_3.jhu.becknic.spectrum.txt,0.000041,1.000000,0.000000,0.000032,1.000000,0.000000,0.000063,1.000000,0.300357,0.000205,0.997866,1.000000,0.000077,0.999060,1.000000
"ALH 83100 (ALH83100)",ALH83100,becknic,meteorites,meteorites.carbonaceouschondrite.cm2.fine.tir.alh83100.jhu.becknic.spectrum.txt,0.000055,1.000000,0.000000,0.000044,1.000000,0.000000,0.000111,1.000000,0.300357,0.000346,0.992733,1.000000,0.000081,0.999450,1.000000
"ALH 83102 (ALH83102)",ALH83102,becknic,meteorites,meteorites.carbonaceouschondrite.cm2.fine.tir.alh83102.jhu.becknic.spectrum.txt,0.000035,1.000000,0.000000,0.000028,1.000000,0.000000,0.000063,1.000000,0.300357,0.000290,0.993396,1.000000,0.000081,0.999240,1.000000
"Murchison.1 (Murchison_1)",Murchison_1,becknic,meteorites,meteorites.carbonaceouschondrite.cm2.fine.tir.murchison_1.jhu.becknic.spectrum.txt,0.000048,1.000000,0.000000,0.000038,1.000000,0.000000,0.000075,1.000000,0.300357,0.000180,0.995624,1.000000,0.000095,0.998975,1.000000
"Murchison.2 (Murchison_2)",Murchison_2,becknic,meteorites,meteorites.carbonaceouschondrite.cm2.fine.tir.murchison_2.jhu.becknic.spectrum.txt,0.000034,1.000000,0.000000,0.000027,1.000000,0.000000,0.000078,1.000000,0.300357,0.000119,0.997780,1.000000,0.000077,0.999195,1.000000
"Murray (Murray)",Murray,becknic,meteorites,meteorites.carbonaceouschondrite.cm2.fine.tir.murray.jhu.becknic.spectrum.txt,0.000035,1.000000,0.000000,0.000028,1.000000,0.000000,0.000059,1.000000,0.300357,0.000158,0.996759,1.000000,0.000087,0.999200,1.000000
"ALH 83108 (ALH83108)",ALH83108,becknic,meteorites,meteorites.carbonaceouschondrite.co.fine.tir.alh83108.jhu.becknic.spectrum.txt,0.000072,1.000000,0.000000,0.000057,1.000000,0.000000,0.000107,1.000000,0.300357,0.000245,0.992446,1.000000,0.000198,0.998755,1.000000
"Lance1 (Lance1)",Lance1,becknic,meteorites,meteorites.carbonaceouschondrite.co.fine.tir.lance1.jhu.becknic.spectrum.txt,0.000067,1.000000,0.000000,0.000053,1.000000,0.000000,0.000145,1.000000,0.300357,0.000203,0.984899,1.000000,0.000192,0.998529,1.000000
"Lance2 (Lance2)",Lance2,becknic,meteorites,meteorites.carbonaceouschondrite.co.fine.tir.lance2.jhu.becknic.spectrum.txt,0.000067,1.000000,0.000000,0.000053,1.000000,0.000000,0.000106,1.000000,0.300357,0.000246,0.992234,1.000000,0.000232,0.998139,1.000000
"Ornans (Ornans)",Ornans,becknic,meteorites,meteorites.carbonaceouschondrite.co.fine.tir.ornans.jhu.becknic.spectrum.txt,0.000058,1.000000,0.000000,0.000046,1.000000,0.000000,0.000144,1.000000,0.300357,0.000207,0.985871,1.000000,0.000154,0.998633,1.000000
"Warrenton (Warrenton)",Warrenton,becknic,meteorites,meteorites.carbonaceouschondrite.co.fine.tir.warrenton.jhu.becknic.spectrum.txt,0.000078,1.000000,0.000000,0.000062,1.000000,0.000000,0.000155,1.000000,0.300357,0.000231,0.991322,1.000000,0.000213,0.998286,1.000000
"ALHA 77003 (ALHA77003)",ALHA77003,becknic,meteorites,meteorites.carbonaceouschondrite.co3.fine.tir.alha77003.jhu.becknic.spectrum.txt,0.000093,1.000000,0.000000,0.000074,1.000000,0.000000,0.000144,1.000000,0.300357,0.000333,0.991296,1.000000,0.000385,0.998155,1.000000
"Isna (Isna)",Isna,becknic,meteorites,meteorites.carbonaceouschondrite.co3.fine.tir.isna.jhu.becknic.spectrum.txt,0.000079,1.000000,0.000000,0.000063,1.000000,0.000000,0.000123,1.000000,0.300357,0.000260,0.992343,1.000000,0.000226,0.998425,1.000000
"Allende2 (Allende1)",Allende1,becknic,meteorites,meteorites.carbonaceouschondrite.cv3.fine.tir.allende1.jhu.becknic.spectrum.txt,0.000026,1.000000,0.000000,0.000021,1.000000,0.000000,0.000042,1.000000,0.300357,0.000231,0.971897,1.000000,0.000170,0.997502,1.000000
"Allende3 (Allende3)",Allende3,becknic,meteorites,meteorites.carbonaceouschondrite.cv3.fine.tir.allende3.jhu.becknic.spectrum.txt,0.000042,1.000000,0.000000,0.000034,1.000000,0.000000,0.000078,1.000000,0.300357,0.000143,0.985140,1.000000,0.000220,0.997307,1.000000
"Allende4 (Allende4)",Allende4,becknic,meteorites,meteorites.carbonaceouschondrite.cv3.fine.tir.allende4.jhu.becknic.spectrum.txt,0.000036,1.000000,0.000000,0.000029,1.000000,0.000000,0.000091,1.000000,0.300357,0.000128,1.000000,1.000000,0.000199,0.997191,1.000000
"Happy Canyon (HappyCanyon)",HappyCanyon,becknic,meteorites,meteorites.enstatitechondrite.e6.fine.tir.happycanyon.jhu.becknic.spectrum.txt,0.000162,1.000000,0.000000,0.000129,1.000000,0.000000,0.000314,1.000000,0.300357,0.000487,0.997295,1.000000,0.000276,0.998808,1.000000
"ALHA 77299 (ALHA77299)",ALHA77299,becknic,meteorites,meteorites.ordinarychondrite.h3.fine.tir.alha77299.jhu.becknic.spectrum.txt,0.000092,1.000000,0.000000,0.000073,1.000000,0.000000,0.000147,1.000000,0.300357,0.000374,0.995189,1.000000,0.000351,0.992532,1.000000
"ALHA 77294 (ALHA77294)",ALHA77294,becknic,meteorites,meteorites.ordinarychondrite.h4.fine.tir.alha77294.jhu.becknic.spectrum.txt,0.000168,1.000000,0.000000,0.000134,1.000000,0.000000,0.000251,0.972236,0.300357,0.000576,0.995797,1.000000,0.000342,0.998916,1.000000
"Marilia (Marilia)",Marilia,becknic,meteorites,meteorites.ordinarychondrite.h4.fine.tir.marilia.jhu.becknic.spectrum.txt,0.000132,1.000000,0.000000,0.000105,1.000000,0.000000,0.000214,1.000000,0.300357,0.000415,0.994941,1.000000,0.000288,0.998326,1.000000
"Millen1 (Millen5822)",Millen5822,becknic,meteorites,meteorites.ordinarychondrite.h4.fine.tir.millen5822.jhu.becknic.spectrum.txt,0.000128,1.000000,0.000000,0.000102,1.000000,0.000000,0.000191,1.000000,0.300357,0.000428,0.998101,1.000000,0.000238,0.999209,1.000000
"Millen2 (Millen5823)",Millen5823,becknic,meteorites,meteorites.ordinarychondrite.h4.fine.tir.millen5823.jhu.becknic.spectrum.txt,0.000075,1.000000,0.000000,0.000060,1.000000,0.000000,0.000132,1.000000,0.300357,0.000288,0.997202,1.000000,0.000221,0.999144,1.000000
"Sao Jose do Rio Preto (SaoJosedoRioPreto)",SaoJosedoRioPreto,becknic,meteorites,meteorites.ordinarychondrite.h4.fine.tir.saojosedoriopreto.jhu.becknic.spectrum.txt,0.000160,1.000000,0.000000,0.000128,1.000000,0.000000,0.000247,1.000000,0.300357,0.000714,0.996210,1.000000,0.000483,0.995509,1.000000
"Uberaba (Uberaba)",Uberaba,becknic,meteorites,meteorites.ordinarychondrite.h5.fine.tir.uberaba.jhu.becknic.spectrum.txt,0.000151,1.000000,0.000000,0.000120,1.000000,0.000000,0.000297,1.000000,0.300357,0.000501,0.995294,1.000000,0.000346,0.998735,1.000000
"Ucera (Ucera)",Ucera,becknic,meteorites,meteorites.ordinarychondrite.h5.fine.tir.ucera.jhu.becknic.spectrum.txt,0.000128,1.000000,0.000000,0.000101,1.000000,0.000000,0.000197,1.000000,0.300357,0.000484,0.993338,1.000000,0.000306,0.998751,1.000000
"ALHA 77271 (ALHA77256)",ALHA77256,becknic,meteorites,meteorites.ordinarychondrite.h6.fine.tir.alha77256.jhu.becknic.spectrum.txt,0.000155,1.000000,0.000000,0.000123,1.000000,0.000000,0.000253,0.950911,0.300357,0.000526,0.994821,1.000000,0.000334,0.998193,1.000000
"ALHA 77214 (ALHA77214)",ALHA77214,becknic,meteorites,meteorites.ordinarychondrite.l3.fine.tir.alha77214.jhu.becknic.spectrum.txt,0.000096,1.000000,0.000000,0.000076,1.000000,0.000000,0.000143,1.000000,0.300357,0.000270,0.996495,1.000000,0.000208,0.998036,1.000000
"ALHA 77216 (ALHA77216)",ALHA77216,becknic,meteorites,meteorites.ordinarychondrite.l3.fine.tir.alha77216.jhu.becknic.spectrum.txt,0.000098,1.000000,0.000000,0.000078,1.000000,0.000000,0.000174,0.976513,0.300357,0.000417,0.994813,1.000000,0.000341,0.998607,1.000000
"Shelburn (Shelburn)",Shelburn,becknic,meteorites,meteorites.ordinarychondrite.l5.fine.tir.shelburn.jhu.becknic.spectrum.txt,0.000209,1.000000,0.000000,0.000168,1.000000,0.000000,0.000279,0.977440,0.300357,0.000823,0.995915,1.000000,0.000460,0.997754,1.000000
"ALHA 77155 (ALHA77155)",ALHA77155,becknic,meteorites,meteorites.ordinarychondrite.l6.fine.tir.alha77155.jhu.becknic.spectrum.txt,0.000204,1.000000,0.000000,0.000164,1.000000,0.000000,0.000293,0.984300,0.300357,0.000625,0.996952,1.000000,0.000364,0.998830,1.000000
"ALHA 77231 (ALHA77231)",ALHA77231,becknic,meteorites,meteorites.ordinarychondrite.l6.fine.tir.alha77231.jhu.becknic.spectrum.txt,0.000205,1.000000,0.000000,0.000165,1.000000,0.000000,0.000296,0.989086,0.300357,0.000653,0.996951,1.000000,0.000382,0.998814,1.000000
"La Criolla (LaCriolla)",LaCriolla,becknic,meteorites,meteorites.ordinarychondrite.l6.fine.tir.lacriolla.jhu.becknic.spectrum.txt,0.000149,1.000000,0.000000,0.000118,1.000000,0.000000,0.000236,1.000000,0.300357,0.000495,0.997074,1.000000,0.000302,0.997834,1.000000
"New Concord (Murray)",Murray,becknic,meteorites,meteorites.ordinarychondrite.l6.fine.tir.murray.jhu.becknic.spectrum.txt,0.000183,1.000000,0.000000,0.000146,1.000000,0.000000,0.000278,0.972471,0.300357,0.000760,0.995150,1.000000,0.000357,0.998659,1.000000
"Olivenza (Olivenza)",Olivenza,becknic,meteorites,meteorites.ordinarychondrite.ll6.fine.tir.olivenza.jhu.becknic.spectrum.txt,0.000175,1.000000,0.000000,0.000140,1.000000,0.000000,0.000346,1.000000,0.300357,0.000610,0.996480,1.000000,0.000326,0.998985,1.000000
"PCA 82507 (PCA82507)",PCA82507,becknic,meteorites,meteorites.ordinarychondrite.ll6.fine.tir.pca82507.jhu.becknic.spectrum.txt,0.000176,1.000000,0.000000,0.000140,1.000000,0.000000,0.000276,0.990706,0.300357,0.000623,0.996107,1.000000,0.000385,0.998955,1.000000
"TIL 82402 (TIL82402)",TIL82402,becknic,meteorites,meteorites.ordinarychondrite.ll6.fine.tir.til82402.jhu.becknic.spectrum.txt,0.000177,1.000000,0.000000,0.000141,1.000000,0.000000,0.000283,0.971667,0.300357,0.000526,0.996002,1.000000,0.000342,0.999080,1.000000
"Mimetite Pb_5(AsO_4)_3Cl (A-1A)",A-1A,becknic,mineral,mineral.arsenate.none.coarse.tir.a-1a.jpl.nicolet.spectrum.txt,0.000221,1.000000,0.000000,0.000870,1.000000,0.000000,0.001292,0.983996,0.356929,0.012259,0.995975,1.000000,0.012597,0.953688,1.000000
"Scorodite Fe^3+AsO_4.2H_2O (A-2A)",A-2A,becknic,mineral,mineral.arsenate.none.coarse.tir.a-2a.jpl.nicolet.spectrum.txt,0.000242,1.000000,0.000000,0.000185,1.000000,0.000000,0.001526,0.988154,0.356929,0.000870,0.960384,1.000000,0.016938,0.941571,1.000000
"Mimetite Pb_5(AsO_4)_3Cl (A-1A)",A-1A,becknic,mineral,mineral.arsenate.none.coarse.vswir.a-1a.jpl.beckman.spectrum.txt,0.004281,0.999703,0.883721,0.000956,0.997369,1.000000,0.002346,0.998580,1.000000,0.000597,1.000000,0.000000,0.000758,1.000000,0.000000
"Mimetite Pb_5(AsO_4)_3Cl (A-1A)",A-1A,becknic,mineral,mineral.arsenate.none.coarse.vswir.a-1a.jpl.perkin.spectrum.txt,0.004134,0.999726,0.883721,0.001952,0.973939,1.000000,0.001907,0.998916,1.000000,0.000610,1.000000,0.000000,0.000745,1.000000,0.000000
"Scorodite Fe^3+AsO_4.2H_2O (A-2A)",A-2A,becknic,mineral,mineral.arsenate.none.coarse.vswir.a-2a.jpl.beckman.spectrum.txt,0.004453,0.997407,0.883721,0.002557,0.997020,1.000000,0.010019,0.995823,1.000000,0.000246,1.000000,0.000000,0.000250,1.000000,0.000000
"Scorodite Fe^3+AsO_4.2H_2O (A-2A)",A-2A,becknic,mineral,mineral.arsenate.none.coarse.vswir.a-2a.jpl.perkin.spectrum.txt,0.004282,0.997998,0.883721,0.003542,0.993613,1.000000,0.011265,0.995138,1.000000,0.000225,1.000000,0.000000,0.000221,1.000000,0.000000
"Mimetite Pb_5(AsO_4)_3Cl (A-1A)",A-1A,becknic,mineral,mineral.arsenate.none.fine.tir.a-1a.jpl.nicolet.spectrum.txt,0.000367,1.000000,0.000000,0.000701,1.000000,0.000000,0.001353,0.881970,0.356929,0.009111,0.996783,1.000000,0.019313,0.988067,1.000000
"Scorodite Fe^3+AsO_4.2H_2O (A-2A)",A-2A,becknic,mineral,mineral.arsenate.none.fine.tir.a-2a.jpl.nicolet.spectrum.txt,0.000849,1.000000,0.000000,0.000865,1.000000,0.000000,0.003510,0.985601,0.356929,0.009164,0.987399,1.000000,0.001852,0.993784,1.000000
"Mimetite Pb_5(AsO_4)_3Cl (A-1A)",A-1A,becknic,mineral,mineral.arsenate.none.fine.vswir.a-1a.jpl.beckman.spectrum.txt,0.002151,0.999697,0.883721,0.000913,0.984602,1.000000,0.001172,0.986506,1.000000,0.000800,1.000000,0.000000,0.001443,0.000000,0.000000
"Mimetite Pb_5(AsO_4)_3Cl (A-1A)",A-1A,becknic,mineral,mineral.arsenate.none.fine.vswir.a-1a.jpl.perkin.spectrum.txt,0.002344,0.999742,0.883721,0.003455,0.780941,1.000000,0.001654,0.993464,1.000000,0.000596,1.000000,0.000000,0.001100,0.000000,0.000000
"Scorodite Fe^3+AsO_4.2H_2O (A-2A)",A-2A,becknic,mineral,mineral.arsenate.none.fine.vswir.a-2a.jpl.beckman.spectrum.txt,0.006744,0.998309,0.883721,0.000818,0.997849,1.000000,0.006479,0.997009,1.000000,0.000700,1.000000,0.000000,0.000556,1.000000,0.000000
"Scorodite Fe^3+AsO_4.2H_2O (A-2A)",A-2A,becknic,mineral,mineral.arsenate.none.fine.vswir.a-2a.jpl.perkin.spectrum.txt,0.006296,0.998603,0.883721,0.001491,0.993799,1.000000,0.007619,0.996077,1.000000,0.000713,1.000000,0.000000,0.000770,1.000000,0.000000
"Mimetite Pb_5(AsO_4)_3Cl (A-1A)",A-1A,becknic,mineral,mineral.arsenate.none.medium.tir.a-1a.jpl.nicolet.spectrum.txt,0.000181,1.000000,0.000000,0.000487,1.000000,0.000000,0.001094,0.969908,0.356929,0.010751,0.997424,1.000000,0.017966,0.951945,1.000000
"Scorodite Fe^3+AsO_4.2H_2O (A-2A)",A-2A,becknic,mineral,mineral.arsenate.none.medium.tir.a-2a.jpl.nicolet.spectrum.txt,0.000524,1.000000,0.000000,0.000378,1.000000,0.000000,0.003357,0.986357,0.356929,0.001274,0.992383,1.000000,0.015056,0.944326,1.000000
"Mimetite Pb_5(AsO_4)_3Cl (A-1A)",A-1A,becknic,mineral,mineral.arsenate.none.medium.vswir.a-1a.jpl.beckman.spectrum.txt,0.003795,0.999720,0.883721,0.000804,0.994481,1.000000,0.001269,0.998447,1.000000,0.000488,1.000000,0.000000,0.000553,1.000000,0.000000
"Mimetite Pb_5(AsO_4)_3Cl (A-1A)",A-1A,becknic,mineral,mineral.arsenate.none.medium.vswir.a-1a.jpl.perkin.spectrum.txt,0.003863,0.999736,0.883721,0.000825,0.992290,1.000000,0.001611,0.998511,1.000000,0.000409,1.000000,0.000000,0.000666,1.000000,0.000000
"Scorodite Fe^3+AsO_4.2H_2O (A-2A)",A-2A,becknic,mineral,mineral.arsenate.none.medium.vswir.a-2a.jpl.beckman.spectrum.txt,0.005425,0.998438,0.883721,0.002268,0.997372,1.000000,0.009699,0.996835,1.000000,0.000304,1.000000,0.000000,0.000362,1.000000,0.000000
"Scorodite Fe^3+AsO_4.2H_2O (A-2A)",A-2A,becknic,mineral,mineral.arsenate.none.medium.vswir.a-2a.jpl.perkin.spectrum.txt,0.005408,0.998496,0.883721,0.003216,0.995046,1.000000,0.011677,0.995814,1.000000,0.000294,1.000000,0.000000,0.000357,1.000000,0.000000
"Gaylussite Na2Ca(CO3)2 * 5H2O (NMNH102876-2)",NMNH102876-2,becknic,mineral,mineral.borate.none.coarse.all.nmnh102876-2.usgs.perknic.spectrum.txt,0.001378,0.997384,0.883721,0.001659,0.844531,1.000000,0.003162,0.999053,1.000000,0.000781,0.993006,1.000000,0.010213,0.720071,0.870588
"Pinnoite MgB2O4 * 3H2O (NMNH123943)",NMNH123943,becknic,mineral,mineral.borate.none.coarse.all.nmnh123943.usgs.perknic.spectrum.txt,0.000725,0.955850,0.883721,0.002446,0.639493,1.000000,0.009119,0.993700,1.000000,0.002791,0.989267,1.000000,0.001084,0.960184,0.870588
"Inderite MgB3O3(OH)5 * 5H2O (NMNH137833)",NMNH137833,becknic,mineral,mineral.borate.none.coarse.all.nmnh137833.usgs.perknic.spectrum.txt,0.000495,0.999789,0.883721,0.002749,0.827384,1.000000,0.006415,0.998162,1.000000,0.001297,0.995477,1.000000,0.001645,0.970013,0.870588
"Kaliborite KHMg2B12O16(OH)10 * 4H2O (NMNH160075)",NMNH160075,becknic,mineral,mineral.borate.none.coarse.all.nmnh160075.usgs.perknic.spectrum.txt,0.000987,0.999161,0.883721,0.000965,0.883495,1.000000,0.002445,0.999507,1.000000,0.000647,0.993312,1.000000,0.003387,0.894817,0.870588
"Rivadavite Na6MgB24O40 * 22H2O (NMNH170164)",NMNH170164,becknic,mineral,mineral.borate.none.coarse.all.nmnh170164.usgs.perknic.spectrum.txt,0.001363,0.967016,0.883721,0.008760,0.965739,1.000000,0.005737,0.998094,1.000000,0.001168,0.990284,1.000000,0.011891,0.771456,0.870588
"Meyerhofferite Ca2B6O6(OH)10 * H2O (NMNH96075-3)",NMNH96075-3,becknic,mineral,mineral.borate.none.coarse.all.nmnh96075-3.usgs.perknic.spectrum.txt,0.001765,0.998896,0.883721,0.003200,0.893956,1.000000,0.010310,0.995117,1.000000,0.002516,0.993019,1.000000,0.002613,0.910199,0.870588
"Kernite  Na2B4O6(OH)2 * 3H2O (None)",None,becknic,mineral,mineral.borate.none.coarse.all.none.usgs.perknic.spectrum.txt,0.000690,0.956329,0.883721,0.005064,0.733424,1.000000,0.007696,0.997108,1.000000,0.003756,0.995108,1.000000,0.007205,0.903440,0.870588
"Ulexite NaCaB5O6(OH)6 * 5H2O (Ulexite)",Ulexite,becknic,mineral,mineral.borate.none.coarse.all.ulexite.usgs.perknic.spectrum.txt,0.000446,0.991278,0.883721,0.004910,0.944723,1.000000,0.005758,0.998914,1.000000,0.001410,0.993699,1.000000,0.002457,0.907842,0.870588
"Colemanite Ca_2B_6O_11.5H_2O (B-1A)",B-1A,becknic,mineral,mineral.borate.none.coarse.tir.b-1a.jpl.nicolet.spectrum.txt,0.000339,1.000000,0.000000,0.000290,1.000000,0.000000,0.005376,0.955589,0.356929,0.001012,0.976544,1.000000,0.014604,0.913738,1.000000
"Kernite Na_2B_4O_6(OH)_2.3H_2O (B-2A)",B-2A,becknic,mineral,mineral.borate.none.coarse.tir.b-2a.jpl.nicolet.spectrum.txt,0.000499,1.000000,0.000000,0.000744,1.000000,0.000000,0.005119,0.986541,0.356929,0.004958,0.992838,1.000000,0.010888,0.880864,1.000000
"Ulexite NaCaB_5O_6(OH)_6.5H_2O (B-3A)",B-3A,becknic,mineral,mineral.borate.none.coarse.tir.b-3a.jpl.nicolet.spectrum.txt,0.000156,1.000000,0.000000,0.000124,1.000000,0.000000,0.001958,0.976782,0.356929,0.001004,0.951953,1.000000,0.005456,0.904485,1.000000
"Tincalconite Na_2B_4O_5(OH)_4.3H_2O (B-4A)",B-4A,becknic,mineral,mineral.borate.none.coarse.tir.b-4a.jpl.nicolet.spectrum.txt,0.000493,1.000000,0.000000,0.000462,1.000000,0.000000,0.002259,0.990505,0.356929,0.002341,0.986899,1.000000,0.007397,0.800371,1.000000
"Howlite Ca_2B_5SiO_9(OH)_5 (B-5A)",B-5A,becknic,mineral,mineral.borate.none.coarse.tir.b-5a.jpl.nicolet.spectrum.txt,0.000698,1.000000,0.000000,0.000894,1.000000,0.000000,0.010339,0.995452,0.356929,0.003885,0.986648,1.000000,0.007048,0.959539,1.000000
"Borax Na_2B_4O_5(OH)_4.8H_2O (B-6A)",B-6A,becknic,mineral,mineral.borate.none.coarse.tir.b-6a.jpl.nicolet.spectrum.txt,0.000492,1.000000,0.000000,0.000442,1.000000,0.000000,0.002129,0.991581,0.356929,0.002230,0.986661,1.000000,0.005721,0.813393,1.000000
"Colemanite Ca_2B_6O_11.5H_2O (B-1A)",B-1A,becknic,mineral,mineral.borate.none.coarse.vswir.b-1a.jpl.beckman.spectrum.txt,0.001793,0.997827,0.883721,0.007559,0.876309,1.000000,0.011356,0.997842,1.000000,0.000217,1.000000,0.000000,0.000216,1.000000,0.000000
"Colemanite Ca_2B_6O_11.5H_2O (B-1A)",B-1A,becknic,mineral,mineral.borate.none.coarse.vswir.b-1a.jpl.perkin.spectrum.txt,0.001445,0.998590,0.883721,0.008619,0.856972,1.000000,0.011328,0.997725,1.000000,0.000248,1.000000,0.000000,0.000259,1.000000,0.000000
"Kernite Na_2B_4O_6(OH)_2.3H_2O (B-2A)",B-2A,becknic,mineral,mineral.borate.none.coarse.vswir.b-2a.jpl.beckman.spectrum.txt,0.001985,0.987664,0.883721,0.003961,0.875644,1.000000,0.009270,0.997767,1.000000,0.000799,1.000000,0.000000,0.000752,1.000000,0.000000
"Kernite Na_2B_4O_6(OH)_2.3H_2O (B-2A)",B-2A,becknic,mineral,mineral.borate.none.coarse.vswir.b-2a.jpl.perkin.spectrum.txt,0.000960,0.996307,0.883721,0.003895,0.888304,1.000000,0.010171,0.997231,1.000000,0.000634,1.000000,0.000000,0.000564,1.000000,0.000000
"Ulexite NaCaB_5O_6(OH)_6.5H_2O (B-3A)",B-3A,becknic,mineral,mineral.borate.none.coarse.vswir.b-3a.jpl.beckman.spectrum.txt,0.002099,0.991544,0.883721,0.003062,0.989966,1.000000,0.008043,0.998807,1.000000,0.000097,1.000000,0.000000,0.000105,1.000000,0.000000
"Ulexite NaCaB_5O_6(OH)_6.5H_2O (B-3A)",B-3A,becknic,mineral,mineral.borate.none.coarse.vswir.b-3a.jpl.perkin.spectrum.txt,0.000798,0.998951,0.883721,0.005202,0.978063,1.000000,0.009107,0.998494,1.000000,0.000099,1.000000,0.000000,0.000106,1.000000,0.000000
"Tincalconite Na_2B_4O_5(OH)_4.3H_2O (B-4A)",B-4A,becknic,mineral,mineral.borate.none.coarse.vswir.b-4a.jpl.beckman.spectrum.txt,0.001812,0.997033,0.883721,0.001511,0.993545,1.000000,0.004052,0.999683,1.000000,0.000459,1.000000,0.000000,0.000385,1.000000,0.000000
"Tincalconite Na_2B_4O_5(OH)_4.3H_2O (B-4A)",B-4A,becknic,mineral,mineral.borate.none.coarse.vswir.b-4a.jpl.perkin.spectrum.txt,0.000606,0.999640,0.883721,0.001650,0.986080,1.000000,0.006267,0.999251,1.000000,0.000478,1.000000,0.000000,0.000369,1.000000,0.000000
"Howlite Ca_2B_5SiO_9(OH)_5 (B-5A)",B-5A,becknic,mineral,mineral.borate.none.coarse.vswir.b-5a.jpl.beckman.spectrum.txt,0.002017,0.998570,0.883721,0.003282,0.949270,1.000000,0.013237,0.997009,1.000000,0.000485,1.000000,0.000000,0.000510,1.000000,0.000000
"Howlite Ca_2B_5SiO_9(OH)_5 (B-5A)",B-5A,becknic,mineral,mineral.borate.none.coarse.vswir.b-5a.jpl.perkin.spectrum.txt,0.000882,0.999656,0.883721,0.003636,0.937474,1.000000,0.014415,0.996177,1.000000,0.000487,1.000000,0.000000,0.000515,1.000000,0.000000
"Borax Na_2B_4O_5(OH)_4.8H_2O (B-6A)",B-6A,becknic,mineral,mineral.borate.none.coarse.vswir.b-6a.jpl.beckman.spectrum.txt,0.001199,0.966724,0.883721,0.002046,0.997246,1.000000,0.005785,0.999337,1.000000,0.000221,1.000000,0.000000,0.000311,1.000000,0.000000
"Borax Na_2B_4O_5(OH)_4.8H_2O (B-6A)",B-6A,becknic,mineral,mineral.borate.none.coarse.vswir.b-6a.jpl.perkin.spectrum.txt,0.000569,0.984838,0.883721,0.001769,0.974729,1.000000,0.005870,0.999305,1.000000,0.000480,1.000000,0.000000,0.000368,1.000000,0.000000
"Colemanite Ca_2B_6O_11.5H_2O (B-1A)",B-1A,becknic,mineral,mineral.borate.none.fine.tir.b-1a.jpl.nicolet.spectrum.txt,0.000389,1.000000,0.000000,0.000949,1.000000,0.000000,0.009383,0.962022,0.356929,0.007814,0.989496,1.000000,0.005037,0.915181,1.000000
"Kernite Na_2B_4O_6(OH)_2.3H_2O (B-2A)",B-2A,becknic,mineral,mineral.borate.none.fine.tir.b-2a.jpl.nicolet.spectrum.txt,0.000652,1.000000,0.000000,0.000903,1.000000,0.000000,0.004919,0.982028,0.356929,0.007466,0.995431,1.000000,0.004735,0.923558,1.000000
"Ulexite NaCaB_5O_6(OH)_6.5H_2O (B-3A)",B-3A,becknic,mineral,mineral.borate.none.fine.tir.b-3a.jpl.nicolet.spectrum.txt,0.000962,1.000000,0.000000,0.000834,1.000000,0.000000,0.004243,0.985129,0.356929,0.007198,0.989579,1.000000,0.002811,0.901244,1.000000
"Tincalconite Na_2B_4O_5(OH)_4.3H_2O (B-4A)",B-4A,becknic,mineral,mineral.borate.none.fine.tir.b-4a.jpl.nicolet.spectrum.txt,0.000952,1.000000,0.000000,0.000544,1.000000,0.000000,0.003057,0.988747,0.356929,0.005938,0.986395,1.000000,0.003965,0.793243,1.000000
"Howlite Ca_2B_5SiO_9(OH)_5 (B-5A)",B-5A,becknic,mineral,mineral.borate.none.fine.tir.b-5a.jpl.nicolet.spectrum.txt,0.000178,1.000000,0.000000,0.000533,1.000000,0.000000,0.010304,0.990092,0.356929,0.012393,0.992857,1.000000,0.008178,0.883881,1.000000
"Borax Na_2B_4O_5(OH)_4.8H_2O (B-6A)",B-6A,becknic,mineral,mineral.borate.none.fine.tir.b-6a.jpl.nicolet.spectrum.txt,0.000566,1.000000,0.000000,0.000530,1.000000,0.000000,0.003063,0.988130,0.356929,0.005207,0.986771,1.000000,0.005287,0.793768,1.000000
"Colemanite Ca_2B_6O_11.5H_2O (B-1A)",B-1A,becknic,mineral,mineral.borate.none.fine.vswir.b-1a.jpl.beckman.spectrum.txt,0.001927,0.991819,0.883721,0.002106,0.857043,1.000000,0.010562,0.996062,1.000000,0.000721,1.000000,0.000000,0.000531,1.000000,0.000000
"Colemanite Ca_2B_6O_11.5H_2O (B-1A)",B-1A,becknic,mineral,mineral.borate.none.fine.vswir.b-1a.jpl.perkin.spectrum.txt,0.001207,0.996945,0.883721,0.002864,0.749057,1.000000,0.012322,0.994799,1.000000,0.000641,1.000000,0.000000,0.000683,1.000000,0.000000
"Kernite Na_2B_4O_6(OH)_2.3H_2O (B-2A)",B-2A,becknic,mineral,mineral.borate.none.fine.vswir.b-2a.jpl.beckman.spectrum.txt,0.002138,0.989879,0.883721,0.002239,0.781038,1.000000,0.006933,0.997292,1.000000,0.000706,1.000000,0.000000,0.000589,1.000000,0.000000
"Kernite Na_2B_4O_6(OH)_2.3H_2O (B-2A)",B-2A,becknic,mineral,mineral.borate.none.fine.vswir.b-2a.jpl.perkin.spectrum.txt,0.000600,0.999434,0.883721,0.002201,0.881314,1.000000,0.007516,0.997372,1.000000,0.000700,1.000000,0.000000,0.000566,1.000000,0.000000
"Ulexite NaCaB_5O_6(OH)_6.5H_2O (B-3A)",B-3A,becknic,mineral,mineral.borate.none.fine.vswir.b-3a.jpl.beckman.spectrum.txt,0.001971,0.991607,0.883721,0.002041,0.895180,1.000000,0.009363,0.997406,1.000000,0.000706,1.000000,0.000000,0.000763,1.000000,0.000000
"Ulexite NaCaB_5O_6(OH)_6.5H_2O (B-3A)",B-3A,becknic,mineral,mineral.borate.none.fine.vswir.b-3a.jpl.perkin.spectrum.txt,0.000702,0.998773,0.883721,0.002416,0.898317,1.000000,0.010058,0.997129,1.000000,0.000807,1.000000,0.000000,0.000761,1.000000,0.000000
"Tincalconite Na_2B_4O_5(OH)_4.3H_2O (B-4A)",B-4A,becknic,mineral,mineral.borate.none.fine.vswir.b-4a.jpl.beckman.spectrum.txt,0.001969,0.995059,0.883721,0.001498,0.941622,1.000000,0.004480,0.999453,1.000000,0.000809,1.000000,0.000000,0.000766,1.000000,0.000000
"Tincalconite Na_2B_4O_5(OH)_4.3H_2O (B-4A)",B-4A,becknic,mineral,mineral.borate.none.fine.vswir.b-4a.jpl.perkin.spectrum.txt,0.000596,0.999282,0.883721,0.000711,0.986337,1.000000,0.004676,0.999406,1.000000,0.000678,1.000000,0.000000,0.000613,1.000000,0.000000
"Howlite Ca_2B_5SiO_9(OH)_5 (B-5A)",B-5A,becknic,mineral,mineral.borate.none.fine.vswir.b-5a.jpl.beckman.spectrum.txt,0.002098,0.990488,0.883721,0.001685,0.735165,1.000000,0.007085,0.997133,1.000000,0.000632,1.000000,0.000000,0.000609,1.000000,0.000000
"Howlite Ca_2B_5SiO_9(OH)_5 (B-5A)",B-5A,becknic,mineral,mineral.borate.none.fine.vswir.b-5a.jpl.perkin.spectrum.txt,0.000902,0.997499,0.883721,0.000907,0.904646,1.000000,0.008645,0.995756,1.000000,0.000755,1.000000,0.000000,0.000607,1.000000,0.000000
"Borax Na_2B_4O_5(OH)_4.8H_2O (B-6A)",B-6A,becknic,mineral,mineral.borate.none.fine.vswir.b-6a.jpl.beckman.spectrum.txt,0.000866,0.995875,0.883721,0.001481,0.905507,1.000000,0.004194,0.999507,1.000000,0.000690,1.000000,0.000000,0.000636,1.000000,0.000000
"Borax Na_2B_4O_5(OH)_4.8H_2O (B-6A)",B-6A,becknic,mineral,mineral.borate.none.fine.vswir.b-6a.jpl.perkin.spectrum.txt,0.000383,0.999018,0.883721,0.000684,0.941291,1.000000,0.004744,0.999396,1.000000,0.000434,1.000000,0.000000,0.000530,1.000000,0.000000
"Colemanite Ca_2B_6O_11.5H_2O (B-1A)",B-1A,becknic,mineral,mineral.borate.none.medium.tir.b-1a.jpl.nicolet.spectrum.txt,0.000500,1.000000,0.000000,0.000752,1.000000,0.000000,0.009894,0.948574,0.356929,0.002680,0.982045,1.000000,0.013759,0.906332,1.000000
"Kernite Na_2B_4O_6(OH)_2.3H_2O (B-2A)",B-2A,becknic,mineral,mineral.borate.none.medium.tir.b-2a.jpl.nicolet.spectrum.txt,0.000654,1.000000,0.000000,0.000533,1.000000,0.000000,0.005335,0.985749,0.356929,0.005841,0.994599,1.000000,0.008869,0.899357,1.000000
"Ulexite NaCaB_5O_6(OH)_6.5H_2O (B-3A)",B-3A,becknic,mineral,mineral.borate.none.medium.tir.b-3a.jpl.nicolet.spectrum.txt,0.000354,1.000000,0.000000,0.000329,1.000000,0.000000,0.003603,0.981721,0.356929,0.002302,0.976752,1.000000,0.004475,0.904370,1.000000
"Tincalconite Na_2B_4O_5(OH)_4.3H_2O (B-4A)",B-4A,becknic,mineral,mineral.borate.none.medium.tir.b-4a.jpl.nicolet.spectrum.txt,0.000497,1.000000,0.000000,0.000917,1.000000,0.000000,0.002981,0.988836,0.356929,0.003794,0.988462,1.000000,0.005034,0.801596,1.000000
"Howlite Ca_2B_5SiO_9(OH)_5 (B-5A)",B-5A,becknic,mineral,mineral.borate.none.medium.tir.b-5a.jpl.nicolet.spectrum.txt,0.000316,1.000000,0.000000,0.000253,1.000000,0.000000,0.012004,0.994730,0.356929,0.008676,0.984542,1.000000,0.006617,0.959476,1.000000
"Borax Na_2B_4O_5(OH)_4.8H_2O (B-6A)",B-6A,becknic,mineral,mineral.borate.none.medium.tir.b-6a.jpl.nicolet.spectrum.txt,0.000494,1.000000,0.000000,0.000830,1.000000,0.000000,0.003069,0.988154,0.356929,0.004145,0.987689,1.000000,0.004976,0.818875,1.000000
"Colemanite Ca_2B_6O_11.5H_2O (B-1A)",B-1A,becknic,mineral,mineral.borate.none.medium.vswir.b-1a.jpl.beckman.spectrum.txt,0.002180,0.995165,0.883721,0.005137,0.904500,1.000000,0.011297,0.997751,1.000000,0.000491,1.000000,0.000000,0.000404,1.000000,0.000000
"Colemanite Ca_2B_6O_11.5H_2O (B-1A)",B-1A,becknic,mineral,mineral.borate.none.medium.vswir.b-1a.jpl.perkin.spectrum.txt,0.001385,0.998227,0.883721,0.005496,0.891091,1.000000,0.012562,0.996951,1.000000,0.000515,1.000000,0.000000,0.000489,1.000000,0.000000
"Kernite Na_2B_4O_6(OH)_2.3H_2O (B-2A)",B-2A,becknic,mineral,mineral.borate.none.medium.vswir.b-2a.jpl.beckman.spectrum.txt,0.001969,0.991170,0.883721,0.002691,0.902369,1.000000,0.009072,0.997439,1.000000,0.000669,1.000000,0.000000,0.000606,1.000000,0.000000
"Kernite Na_2B_4O_6(OH)_2.3H_2O (B-2A)",B-2A,becknic,mineral,mineral.borate.none.medium.vswir.b-2a.jpl.perkin.spectrum.txt,0.000839,0.997482,0.883721,0.003020,0.877901,1.000000,0.008890,0.997409,1.000000,0.000659,1.000000,0.000000,0.000711,1.000000,0.000000
"Ulexite NaCaB_5O_6(OH)_6.5H_2O (B-3A)",B-3A,becknic,mineral,mineral.borate.none.medium.vswir.b-3a.jpl.beckman.spectrum.txt,0.002249,0.988466,0.883721,0.001762,0.993337,1.000000,0.008368,0.998891,1.000000,0.000241,1.000000,0.000000,0.000331,1.000000,0.000000
"Ulexite NaCaB_5O_6(OH)_6.5H_2O (B-3A)",B-3A,becknic,mineral,mineral.borate.none.medium.vswir.b-3a.jpl.perkin.spectrum.txt,0.000547,0.999352,0.883721,0.003085,0.981619,1.000000,0.008806,0.998702,1.000000,0.000252,1.000000,0.000000,0.000338,1.000000,0.000000
"Tincalconite Na_2B_4O_5(OH)_4.3H_2O (B-4A)",B-4A,becknic,mineral,mineral.borate.none.medium.vswir.b-4a.jpl.beckman.spectrum.txt,0.001966,0.993966,0.883721,0.001231,0.983095,1.000000,0.004584,0.999541,1.000000,0.000462,1.000000,0.000000,0.000525,1.000000,0.000000
"Tincalconite Na_2B_4O_5(OH)_4.3H_2O (B-4A)",B-4A,becknic,mineral,mineral.borate.none.medium.vswir.b-4a.jpl.perkin.spectrum.txt,0.000389,0.999685,0.883721,0.001674,0.967035,1.000000,0.005699,0.999278,1.000000,0.000364,1.000000,0.000000,0.000550,1.000000,0.000000
"Howlite Ca_2B_5SiO_9(OH)_5 (B-5A)",B-5A,becknic,mineral,mineral.borate.none.medium.vswir.b-5a.jpl.beckman.spectrum.txt,0.001714,0.995229,0.883721,0.001524,0.909979,1.000000,0.009560,0.997282,1.000000,0.000609,1.000000,0.000000,0.000558,1.000000,0.000000
"Howlite Ca_2B_5SiO_9(OH)_5 (B-5A)",B-5A,becknic,mineral,mineral.borate.none.medium.vswir.b-5a.jpl.perkin.spectrum.txt,0.000526,0.999578,0.883721,0.001155,0.953353,1.000000,0.011514,0.996570,1.000000,0.000736,1.000000,0.000000,0.000699,1.000000,0.000000
"Borax Na_2B_4O_5(OH)_4.8H_2O (B-6A)",B-6A,becknic,mineral,mineral.borate.none.medium.vswir.b-6a.jpl.beckman.spectrum.txt,0.000915,0.963589,0.883721,0.001796,0.976746,1.000000,0.004742,0.999489,1.000000,0.000477,1.000000,0.000000,0.000521,1.000000,0.000000
"Borax Na_2B_4O_5(OH)_4.8H_2O (B-6A)",B-6A,becknic,mineral,mineral.borate.none.medium.vswir.b-6a.jpl.perkin.spectrum.txt,0.000395,0.996361,0.883721,0.000880,0.976959,1.000000,0.005497,0.999291,1.000000,0.000431,1.000000,0.000000,0.000533,1.000000,0.000000
"Natron Na2CO3�10H2O (Natron)",Natron,becknic,mineral,mineral.carbonate.none.coarse.all.natron.usgs.perknic.spectrum.txt,0.001177,0.996026,0.883721,0.005253,0.980271,1.000000,0.006515,0.998651,1.000000,0.001095,0.990271,1.000000,0.001863,0.879181,0.888353
"Burkeite Na6(CO3)(SO4)2 (NMNH105598)",NMNH105598,becknic,mineral,mineral.carbonate.none.coarse.all.nmnh105598.usgs.perknic.spectrum.txt,0.001403,0.999196,0.883721,0.001165,0.844683,1.000000,0.003342,0.997699,1.000000,0.017628,0.974393,1.000000,0.005967,0.970717,0.870588
"Trona Na3(CO)(HCO3) * 2H2O (Traonac)",Traonac,becknic,mineral,mineral.carbonate.none.coarse.all.traonac.usgs.perknic.spectrum.txt,0.000597,1.000000,0.883721,0.001492,0.000000,1.000000,0.011113,0.998305,1.000000,0.002150,0.987707,1.000000,0.003350,0.790146,0.870588
"Aragonite CaCO3 (aragonite_1)",aragonite_1,becknic,mineral,mineral.carbonate.none.coarse.tir.aragonite_1.jhu.nicolet.spectrum.txt,0.000365,1.000000,0.000000,0.000332,1.000000,0.000000,0.000669,0.988267,0.300357,0.005854,0.981281,1.000000,0.005340,0.960884,1.000000
"Cerussite PbCO_3 (C-10A)",C-10A,becknic,mineral,mineral.carbonate.none.coarse.tir.c-10a.jpl.nicolet.spectrum.txt,0.000194,1.000000,0.000000,0.000777,1.000000,0.000000,0.004296,0.996184,0.356929,0.019671,0.978462,1.000000,0.011670,0.746167,1.000000
"Smithsonite PbCO_3 (C-11A)",C-11A,becknic,mineral,mineral.carbonate.none.coarse.tir.c-11a.jpl.nicolet.spectrum.txt,0.000354,1.000000,0.000000,0.000907,1.000000,0.000000,0.005569,0.994542,0.356929,0.010654,0.986349,1.000000,0.014163,0.961434,1.000000
"Azurite Cu_3(CO_3)_2(OH)_2 (C-12A)",C-12A,becknic,mineral,mineral.carbonate.none.coarse.tir.c-12a.jpl.nicolet.spectrum.txt,0.000500,1.000000,0.000000,0.000365,1.000000,0.000000,0.003702,0.988804,0.356929,0.001347,0.985866,1.000000,0.001246,0.994419,1.000000
"Strontianite SrCO_3 (C-1A)",C-1A,becknic,mineral,mineral.carbonate.none.coarse.tir.c-1a.jpl.nicolet.spectrum.txt,0.000187,1.000000,0.000000,0.000651,1.000000,0.000000,0.007115,0.992582,0.356929,0.025907,0.981118,1.000000,0.020286,0.941549,1.000000
"Witherite BaCO_3 (C-2A)",C-2A,becknic,mineral,mineral.carbonate.none.coarse.tir.c-2a.jpl.nicolet.spectrum.txt,0.000182,1.000000,0.000000,0.000487,1.000000,0.000000,0.013346,0.969776,0.356929,0.036261,0.970635,1.000000,0.018567,0.955585,1.000000
"Calcite CaCO_3 (C-3A)",C-3A,becknic,mineral,mineral.carbonate.none.coarse.tir.c-3a.jpl.nicolet.spectrum.txt,0.000199,1.000000,0.000000,0.000819,1.000000,0.000000,0.004822,0.996029,0.356929,0.013130,0.993045,1.000000,0.006516,0.980292,1.000000
"Calcite CaCO_3 (C-3D)",C-3D,becknic,mineral,mineral.carbonate.none.coarse.tir.c-3d.jpl.nicolet.spectrum.txt,0.000187,1.000000,0.000000,0.000498,1.000000,0.000000,0.003148,0.993623,0.356929,0.008660,0.998380,1.000000,0.004880,0.980117,1.000000
"Calcite CaCO_3 (C-3E)",C-3E,becknic,mineral,mineral.carbonate.none.coarse.tir.c-3e.jpl.nicolet.spectrum.txt,0.000181,1.000000,0.000000,0.000578,1.000000,0.000000,0.006418,0.995661,0.356929,0.027504,0.985253,1.000000,0.011374,0.979533,1.000000
"Trona Na_3(CO_3)(HCO_3).2H_2O (C-4A)",C-4A,becknic,mineral,mineral.carbonate.none.coarse.tir.c-4a.jpl.nicolet.spectrum.txt,0.000187,1.000000,0.000000,0.000149,1.000000,0.000000,0.001532,0.964057,0.356929,0.001301,0.935377,1.000000,0.008952,0.728143,1.000000
"Dolomite CaMg(CO_3)_2 (C-5A)",C-5A,becknic,mineral,mineral.carbonate.none.coarse.tir.c-5a.jpl.nicolet.spectrum.txt,0.000330,1.000000,0.000000,0.000848,1.000000,0.000000,0.004451,0.991726,0.356929,0.017020,0.983811,1.000000,0.004930,0.985336,1.000000
"Dolomite CaMg(CO_3)_2 (C-5C)",C-5C,becknic,mineral,mineral.carbonate.none.coarse.tir.c-5c.jpl.nicolet.spectrum.txt,0.000196,1.000000,0.000000,0.000797,1.000000,0.000000,0.006969,0.996238,0.356929,0.022581,0.980296,1.000000,0.013225,0.971754,1.000000
"Magnesite MgCO_3 (C-6A)",C-6A,becknic,mineral,mineral.carbonate.none.coarse.tir.c-6a.jpl.nicolet.spectrum.txt,0.000379,1.000000,0.000000,0.000529,1.000000,0.000000,0.003689,0.994285,0.356929,0.015128,0.978329,1.000000,0.003343,0.974918,1.000000
"Malachite Cu_2(CO_3)(OH)_2 (C-7A)",C-7A,becknic,mineral,mineral.carbonate.none.coarse.tir.c-7a.jpl.nicolet.spectrum.txt,0.000481,1.000000,0.000000,0.000491,1.000000,0.000000,0.003448,0.992849,0.356929,0.002236,0.990994,1.000000,0.001949,0.968599,1.000000
"Rhodochrosite MnCO_3 (C-8A)",C-8A,becknic,mineral,mineral.carbonate.none.coarse.tir.c-8a.jpl.nicolet.spectrum.txt,0.000340,1.000000,0.000000,0.000204,1.000000,0.000000,0.008832,0.984555,0.356929,0.018453,0.978288,1.000000,0.009008,0.979086,1.000000
"Siderite Fe^2+CO_3 (C-9A)",C-9A,becknic,mineral,mineral.carbonate.none.coarse.tir.c-9a.jpl.nicolet.spectrum.txt,0.000356,1.000000,0.000000,0.000713,1.000000,0.000000,0.002024,0.998601,0.356929,0.008839,0.992828,1.000000,0.006262,0.987434,1.000000
"Calcite CaCO3 (calcite_1)",calcite_1,becknic,mineral,mineral.carbonate.none.coarse.tir.calcite_1.jhu.nicolet.spectrum.txt,0.000395,1.000000,0.000000,0.000340,1.000000,0.000000,0.001004,0.989497,0.300357,0.003956,0.992413,1.000000,0.002191,0.989299,1.000000
"Calcite CaCO3 (calcite_2)",calcite_2,becknic,mineral,mineral.carbonate.none.coarse.tir.calcite_2.jhu.nicolet.spectrum.txt,0.000222,1.000000,0.000000,0.000175,1.000000,0.000000,0.000544,0.988185,0.300357,0.001595,0.993186,1.000000,0.001580,0.969258,1.000000
"Cerussite, PbCO3 (cerussite_1)",cerussite_1,becknic,mineral,mineral.carbonate.none.coarse.tir.cerussite_1.jhu.nicolet.spectrum.txt,0.000477,1.000000,0.000000,0.000241,1.000000,0.000000,0.000483,0.979612,0.300357,0.002298,0.993327,1.000000,0.002777,0.857543,1.000000
"Dolomite CaMg(CO3)2 (dolomite_1)",dolomite_1,becknic,mineral,mineral.carbonate.none.coarse.tir.dolomite_1.jhu.nicolet.spectrum.txt,0.000415,1.000000,0.000000,0.000227,1.000000,0.000000,0.000962,0.982081,0.300357,0.004391,0.978579,1.000000,0.001931,0.976128,1.000000
"Dolomite CaMg(CO3)2 (dolomite_2)",dolomite_2,becknic,mineral,mineral.carbonate.none.coarse.tir.dolomite_2.jhu.nicolet.spectrum.txt,0.000406,1.000000,0.000000,0.000224,1.000000,0.000000,0.000710,0.988979,0.300357,0.003672,0.979282,1.000000,0.001421,0.975940,1.000000
"Dolomite CaMg(CO3)2 (dolomite_3)",dolomite_3,becknic,mineral,mineral.carbonate.none.coarse.tir.dolomite_3.jhu.nicolet.spectrum.txt,0.000388,1.000000,0.000000,0.000224,1.000000,0.000000,0.000707,0.990919,0.300357,0.003176,0.984646,1.000000,0.001874,0.973999,1.000000
"Cerussite PbCO_3 (C-10A)",C-10A,becknic,mineral,mineral.carbonate.none.coarse.vswir.c-10a.jpl.beckman.spectrum.txt,0.002213,0.997094,0.883721,0.001966,0.911177,1.000000,0.004771,0.997828,1.000000,0.000720,1.000000,0.000000,0.000598,1.000000,0.000000
"Cerussite PbCO_3 (C-10A)",C-10A,becknic,mineral,mineral.carbonate.none.coarse.vswir.c-10a.jpl.perkin.spectrum.txt,0.001373,0.997717,0.883721,0.001073,0.850070,1.000000,0.003999,0.997984,1.000000,0.000754,1.000000,0.000000,0.000607,1.000000,0.000000
"Smithsonite PbCO_3 (C-11A)",C-11A,becknic,mineral,mineral.carbonate.none.coarse.vswir.c-11a.jpl.beckman.spectrum.txt,0.007332,0.977574,0.883721,0.002984,0.994280,1.000000,0.003990,0.999093,1.000000,0.000730,1.000000,0.000000,0.000694,1.000000,0.000000
"Smithsonite PbCO_3 (C-11A)",C-11A,becknic,mineral,mineral.carbonate.none.coarse.vswir.c-11a.jpl.perkin.spectrum.txt,0.004651,0.985460,0.883721,0.002594,0.996126,1.000000,0.005369,0.998230,1.000000,0.000724,1.000000,0.000000,0.000677,1.000000,0.000000
"Azurite Cu_3(CO_3)_2(OH)_2 (C-12A)",C-12A,becknic,mineral,mineral.carbonate.none.coarse.vswir.c-12a.jpl.beckman.spectrum.txt,0.004821,0.993452,0.883721,0.001087,0.996805,1.000000,0.003915,0.996014,1.000000,0.000390,1.000000,0.000000,0.000388,1.000000,0.000000
"Azurite Cu_3(CO_3)_2(OH)_2 (C-12A)",C-12A,becknic,mineral,mineral.carbonate.none.coarse.vswir.c-12a.jpl.perkin.spectrum.txt,0.003815,0.995144,0.883721,0.000750,0.998321,1.000000,0.003912,0.995933,1.000000,0.000299,1.000000,0.000000,0.000360,1.000000,0.000000
"Strontianite SrCO_3 (C-1A)",C-1A,becknic,mineral,mineral.carbonate.none.coarse.vswir.c-1a.jpl.beckman.spectrum.txt,0.002121,0.998724,0.883721,0.000896,0.981742,1.000000,0.004063,0.998273,1.000000,0.000726,1.000000,0.000000,0.000542,1.000000,0.000000
"Strontianite SrCO_3 (C-1A)",C-1A,becknic,mineral,mineral.carbonate.none.coarse.vswir.c-1a.jpl.perkin.spectrum.txt,0.001306,0.999478,0.883721,0.002155,0.918251,1.000000,0.006123,0.996832,1.000000,0.000694,1.000000,0.000000,0.000572,1.000000,0.000000
"Witherite BaCO_3 (C-2A)",C-2A,becknic,mineral,mineral.carbonate.none.coarse.vswir.c-2a.jpl.beckman.spectrum.txt,0.001593,0.999356,0.883721,0.001336,0.928038,1.000000,0.006616,0.993673,1.000000,0.000666,1.000000,0.000000,0.000560,1.000000,0.000000
"Witherite BaCO_3 (C-2A)",C-2A,becknic,mineral,mineral.carbonate.none.coarse.vswir.c-2a.jpl.perkin.spectrum.txt,0.001201,0.999709,0.883721,0.000584,0.992032,1.000000,0.010925,0.987308,1.000000,0.000597,1.000000,0.000000,0.000639,1.000000,0.000000
"Calcite CaCO_3 (C-3A)",C-3A,becknic,mineral,mineral.carbonate.none.coarse.vswir.c-3a.jpl.beckman.spectrum.txt,0.001591,0.999828,0.883721,0.001786,0.904045,1.000000,0.004307,0.998598,1.000000,0.000697,1.000000,0.000000,0.000561,1.000000,0.000000
"Calcite CaCO_3 (C-3A)",C-3A,becknic,mineral,mineral.carbonate.none.coarse.vswir.c-3a.jpl.perkin.spectrum.txt,0.001215,0.999911,0.883721,0.001502,0.918004,1.000000,0.004329,0.998787,1.000000,0.000746,1.000000,0.000000,0.000514,1.000000,0.000000
"Calcite CaCO_3 (C-3D)",C-3D,becknic,mineral,mineral.carbonate.none.coarse.vswir.c-3d.jpl.beckman.spectrum.txt,0.001862,0.999551,0.883721,0.000777,0.998070,1.000000,0.001951,0.998970,1.000000,0.000679,1.000000,0.000000,0.000550,1.000000,0.000000
"Calcite CaCO_3 (C-3D)",C-3D,becknic,mineral,mineral.carbonate.none.coarse.vswir.c-3d.jpl.perkin.spectrum.txt,0.001198,0.999830,0.883721,0.001031,0.996266,1.000000,0.002687,0.998448,1.000000,0.000599,1.000000,0.000000,0.000609,1.000000,0.000000
"Calcite CaCO_3 (C-3E)",C-3E,becknic,mineral,mineral.carbonate.none.coarse.vswir.c-3e.jpl.beckman.spectrum.txt,0.002363,0.998911,0.883721,0.001286,0.996957,1.000000,0.004806,0.998342,1.000000,0.000651,1.000000,0.000000,0.000708,1.000000,0.000000
"Calcite CaCO_3 (C-3E)",C-3E,becknic,mineral,mineral.carbonate.none.coarse.vswir.c-3e.jpl.perkin.spectrum.txt,0.001048,0.999669,0.883721,0.000967,0.994809,1.000000,0.006044,0.997199,1.000000,0.000659,1.000000,0.000000,0.000621,1.000000,0.000000
"Trona Na_3(CO_3)(HCO_3).2H_2O (C-4A)",C-4A,becknic,mineral,mineral.carbonate.none.coarse.vswir.c-4a.jpl.beckman.spectrum.txt,0.001468,0.999754,0.883721,0.001854,0.820098,1.000000,0.010806,0.997834,1.000000,0.000238,1.000000,0.000000,0.000278,1.000000,0.000000
"Trona Na_3(CO_3)(HCO_3).2H_2O (C-4A)",C-4A,becknic,mineral,mineral.carbonate.none.coarse.vswir.c-4a.jpl.perkin.spectrum.txt,0.001270,0.999837,0.883721,0.001423,0.828053,1.000000,0.012367,0.997541,1.000000,0.000248,1.000000,0.000000,0.000260,1.000000,0.000000
"Dolomite CaMg(CO_3)_2 (C-5A)",C-5A,becknic,mineral,mineral.carbonate.none.coarse.vswir.c-5a.jpl.beckman.spectrum.txt,0.002245,0.999682,0.883721,0.002006,0.997380,1.000000,0.002127,0.997556,1.000000,0.000781,1.000000,0.000000,0.000804,1.000000,0.000000
"Dolomite CaMg(CO_3)_2 (C-5A)",C-5A,becknic,mineral,mineral.carbonate.none.coarse.vswir.c-5a.jpl.perkin.spectrum.txt,0.002207,0.999753,0.883721,0.002925,0.995053,1.000000,0.003114,0.996345,1.000000,0.000698,1.000000,0.000000,0.000755,1.000000,0.000000
"Dolomite CaMg(CO_3)_2 (C-5C)",C-5C,becknic,mineral,mineral.carbonate.none.coarse.vswir.c-5c.jpl.beckman.spectrum.txt,0.001721,0.999416,0.883721,0.000882,0.948369,1.000000,0.005400,0.998632,1.000000,0.000723,1.000000,0.000000,0.000680,1.000000,0.000000
"Dolomite CaMg(CO_3)_2 (C-5C)",C-5C,becknic,mineral,mineral.carbonate.none.coarse.vswir.c-5c.jpl.perkin.spectrum.txt,0.001075,0.999789,0.883721,0.002860,0.793748,1.000000,0.007837,0.997486,1.000000,0.000747,1.000000,0.000000,0.000707,1.000000,0.000000
"Magnesite MgCO_3 (C-6A)",C-6A,becknic,mineral,mineral.carbonate.none.coarse.vswir.c-6a.jpl.beckman.spectrum.txt,0.001981,0.999347,0.883721,0.001057,0.955948,1.000000,0.003648,0.999310,1.000000,0.000662,1.000000,0.000000,0.000713,1.000000,0.000000
"Magnesite MgCO_3 (C-6A)",C-6A,becknic,mineral,mineral.carbonate.none.coarse.vswir.c-6a.jpl.perkin.spectrum.txt,0.001316,0.999733,0.883721,0.001636,0.870940,1.000000,0.004271,0.999200,1.000000,0.000641,1.000000,0.000000,0.000679,1.000000,0.000000
"Malachite Cu_2(CO_3)(OH)_2 (C-7A)",C-7A,becknic,mineral,mineral.carbonate.none.coarse.vswir.c-7a.jpl.beckman.spectrum.txt,0.007864,0.995113,0.883721,0.001028,0.997533,1.000000,0.003564,0.997287,1.000000,0.000485,1.000000,0.000000,0.000508,1.000000,0.000000
"Malachite Cu_2(CO_3)(OH)_2 (C-7A)",C-7A,becknic,mineral,mineral.carbonate.none.coarse.vswir.c-7a.jpl.perkin.spectrum.txt,0.007013,0.996276,0.883721,0.001081,0.997419,1.000000,0.003672,0.996986,1.000000,0.000518,1.000000,0.000000,0.000493,1.000000,0.000000
"Rhodochrosite MnCO_3 (C-8A)",C-8A,becknic,mineral,mineral.carbonate.none.coarse.vswir.c-8a.jpl.beckman.spectrum.txt,0.021538,0.972864,0.883721,0.001143,0.985454,1.000000,0.004740,0.996673,1.000000,0.000670,1.000000,0.000000,0.000604,1.000000,0.000000
"Rhodochrosite MnCO_3 (C-8A)",C-8A,becknic,mineral,mineral.carbonate.none.coarse.vswir.c-8a.jpl.perkin.spectrum.txt,0.016197,0.986971,0.883721,0.000740,0.994184,1.000000,0.005863,0.995810,1.000000,0.000662,1.000000,0.000000,0.000713,1.000000,0.000000
"Siderite Fe^2+CO_3 (C-9A)",C-9A,becknic,mineral,mineral.carbonate.none.coarse.vswir.c-9a.jpl.beckman.spectrum.txt,0.008155,0.995075,0.883721,0.008511,0.983329,1.000000,0.007291,0.998432,1.000000,0.000822,1.000000,0.000000,0.000822,1.000000,0.000000
"Siderite Fe^2+CO_3 (C-9A)",C-9A,becknic,mineral,mineral.carbonate.none.coarse.vswir.c-9a.jpl.perkin.spectrum.txt,0.006603,0.997453,0.883721,0.008281,0.989548,1.000000,0.007968,0.998390,1.000000,0.000646,1.000000,0.000000,0.000706,1.000000,0.000000
"Aragonite CaCO3 (aragonite_1)",aragonite_1,becknic,mineral,mineral.carbonate.none.fine.tir.aragonite_1.jhu.nicolet.spectrum.txt,0.000275,1.000000,0.000000,0.000729,1.000000,0.000000,0.001065,0.972765,0.300357,0.015079,0.986775,1.000000,0.029469,0.985164,1.000000
"Cerussite PbCO_3 (C-10A)",C-10A,becknic,mineral,mineral.carbonate.none.fine.tir.c-10a.jpl.nicolet.spectrum.txt,0.000399,1.000000,0.000000,0.000694,1.000000,0.000000,0.001977,0.992986,0.356929,0.025517,0.989152,1.000000,0.029603,0.957340,1.000000
"Smithsonite PbCO_3 (C-11A)",C-11A,becknic,mineral,mineral.carbonate.none.fine.tir.c-11a.jpl.nicolet.spectrum.txt,0.000196,1.000000,0.000000,0.000527,1.000000,0.000000,0.002758,0.991658,0.356929,0.022655,0.988354,1.000000,0.016628,0.954218,1.000000
"Azurite Cu_3(CO_3)_2(OH)_2 (C-12A)",C-12A,becknic,mineral,mineral.carbonate.none.fine.tir.c-12a.jpl.nicolet.spectrum.txt,0.000338,1.000000,0.000000,0.000876,1.000000,0.000000,0.007636,0.967632,0.356929,0.004096,0.998320,1.000000,0.002200,0.984732,1.000000
"Strontianite SrCO_3 (C-1A)",C-1A,becknic,mineral,mineral.carbonate.none.fine.tir.c-1a.jpl.nicolet.spectrum.txt,0.000265,1.000000,0.000000,0.000733,1.000000,0.000000,0.002588,0.983905,0.356929,0.038144,0.981227,1.000000,0.027469,0.968383,1.000000
"Witherite BaCO_3 (C-2A)",C-2A,becknic,mineral,mineral.carbonate.none.fine.tir.c-2a.jpl.nicolet.spectrum.txt,0.000264,1.000000,0.000000,0.000733,1.000000,0.000000,0.004113,0.937969,0.356929,0.030418,0.987533,1.000000,0.029303,0.973766,1.000000
"Calcite CaCO_3 (C-3A)",C-3A,becknic,mineral,mineral.carbonate.none.fine.tir.c-3a.jpl.nicolet.spectrum.txt,0.000265,1.000000,0.000000,0.000733,1.000000,0.000000,0.002080,0.994111,0.356929,0.010110,0.998491,1.000000,0.010863,0.991371,1.000000
"Calcite CaCO_3 (C-3D)",C-3D,becknic,mineral,mineral.carbonate.none.fine.tir.c-3d.jpl.nicolet.spectrum.txt,0.000333,1.000000,0.000000,0.000710,1.000000,0.000000,0.002051,0.994743,0.356929,0.010611,0.998194,1.000000,0.009259,0.984967,1.000000
"Calcite CaCO_3 (C-3E)",C-3E,becknic,mineral,mineral.carbonate.none.fine.tir.c-3e.jpl.nicolet.spectrum.txt,0.000335,1.000000,0.000000,0.000709,1.000000,0.000000,0.002268,0.994332,0.356929,0.011909,0.998271,1.000000,0.011116,0.992981,1.000000
"Trona Na_3(CO_3)(HCO_3).2H_2O (C-4A)",C-4A,becknic,mineral,mineral.carbonate.none.fine.tir.c-4a.jpl.nicolet.spectrum.txt,0.000887,1.000000,0.000000,0.000537,1.000000,0.000000,0.003769,0.975309,0.356929,0.006825,0.986115,1.000000,0.004934,0.723237,1.000000
"Dolomite CaMg(CO_3)_2 (C-5A)",C-5A,becknic,mineral,mineral.carbonate.none.fine.tir.c-5a.jpl.nicolet.spectrum.txt,0.000179,1.000000,0.000000,0.000545,1.000000,0.000000,0.002190,0.984748,0.356929,0.016336,0.994888,1.000000,0.016391,0.932703,1.000000
"Dolomite CaMg(CO_3)_2 (C-5C)",C-5C,becknic,mineral,mineral.carbonate.none.fine.tir.c-5c.jpl.nicolet.spectrum.txt,0.000235,1.000000,0.000000,0.000665,1.000000,0.000000,0.003131,0.991929,0.356929,0.014515,0.996820,1.000000,0.013527,0.986839,1.000000
"Magnesite MgCO_3 (C-6A)",C-6A,becknic,mineral,mineral.carbonate.none.fine.tir.c-6a.jpl.nicolet.spectrum.txt,0.000181,1.000000,0.000000,0.000487,1.000000,0.000000,0.001870,0.993583,0.356929,0.022036,0.987297,1.000000,0.012753,0.960002,1.000000
"Malachite Cu_2(CO_3)(OH)_2 (C-7A)",C-7A,becknic,mineral,mineral.carbonate.none.fine.tir.c-7a.jpl.nicolet.spectrum.txt,0.000334,1.000000,0.000000,0.000825,1.000000,0.000000,0.003646,0.991484,0.356929,0.006416,0.996550,1.000000,0.002132,0.988037,1.000000
"Rhodochrosite MnCO_3 (C-8A)",C-8A,becknic,mineral,mineral.carbonate.none.fine.tir.c-8a.jpl.nicolet.spectrum.txt,0.000206,1.000000,0.000000,0.000855,1.000000,0.000000,0.001962,0.966753,0.356929,0.022234,0.990673,1.000000,0.021385,0.944544,1.000000
"Siderite Fe^2+CO_3 (C-9A)",C-9A,becknic,mineral,mineral.carbonate.none.fine.tir.c-9a.jpl.nicolet.spectrum.txt,0.000337,1.000000,0.000000,0.000813,1.000000,0.000000,0.001271,0.967651,0.356929,0.012315,0.994280,1.000000,0.011237,0.960984,1.000000
"Calcite CaCO3 (calcite_1)",calcite_1,becknic,mineral,mineral.carbonate.none.fine.tir.calcite_1.jhu.nicolet.spectrum.txt,0.000597,1.000000,0.000000,0.000644,1.000000,0.000000,0.001411,0.000000,0.300357,0.006612,0.993231,1.000000,0.019892,0.992255,1.000000
"Calcite CaCO3 (calcite_2)",calcite_2,becknic,mineral,mineral.carbonate.none.fine.tir.calcite_2.jhu.nicolet.spectrum.txt,0.000354,1.000000,0.000000,0.000704,1.000000,0.000000,0.000753,0.985217,0.300357,0.004714,0.997513,1.000000,0.012542,0.995594,1.000000
"Cerussite, PbCO3 (cerussite_1)",cerussite_1,becknic,mineral,mineral.carbonate.none.fine.tir.cerussite_1.jhu.nicolet.spectrum.txt,0.000367,1.000000,0.000000,0.000236,1.000000,0.000000,0.001377,0.989043,0.300357,0.004946,0.995779,1.000000,0.018550,0.978822,1.000000
"Dolomite CaMg(CO3)2 (dolomite_1)",dolomite_1,becknic,mineral,mineral.carbonate.none.fine.tir.dolomite_1.jhu.nicolet.spectrum.txt,0.000363,1.000000,0.000000,0.000702,1.000000,0.000000,0.001313,0.917204,0.300357,0.008706,0.993018,1.000000,0.017245,0.994921,1.000000
"Dolomite CaMg(CO3)2 (dolomite_2)",dolomite_2,becknic,mineral,mineral.carbonate.none.fine.tir.dolomite_2.jhu.nicolet.spectrum.txt,0.000278,1.000000,0.000000,0.000728,1.000000,0.000000,0.001083,0.952292,0.300357,0.009807,0.992810,1.000000,0.013703,0.997330,1.000000
"Dolomite CaMg(CO3)2 (dolomite_3)",dolomite_3,becknic,mineral,mineral.carbonate.none.fine.tir.dolomite_3.jhu.nicolet.spectrum.txt,0.000590,1.000000,0.000000,0.000645,1.000000,0.000000,0.000997,0.865391,0.300357,0.008183,0.996113,1.000000,0.011469,0.998149,1.000000
"Cerussite PbCO_3 (C-10A)",C-10A,becknic,mineral,mineral.carbonate.none.fine.vswir.c-10a.jpl.beckman.spectrum.txt,0.001014,0.998767,0.883721,0.000617,0.959654,1.000000,0.002111,0.992773,1.000000,0.000593,1.000000,0.000000,0.001171,0.000000,0.000000
"Cerussite PbCO_3 (C-10A)",C-10A,becknic,mineral,mineral.carbonate.none.fine.vswir.c-10a.jpl.perkin.spectrum.txt,0.000704,0.999625,0.883721,0.001128,-0.269433,1.000000,0.001829,0.997265,1.000000,0.000456,1.000000,0.000000,0.000640,1.000000,0.000000
"Smithsonite PbCO_3 (C-11A)",C-11A,becknic,mineral,mineral.carbonate.none.fine.vswir.c-11a.jpl.beckman.spectrum.txt,0.001042,0.996328,0.883721,0.001199,0.986078,1.000000,0.001813,0.998127,1.000000,0.000485,1.000000,0.000000,0.000604,1.000000,0.000000
"Smithsonite PbCO_3 (C-11A)",C-11A,becknic,mineral,mineral.carbonate.none.fine.vswir.c-11a.jpl.perkin.spectrum.txt,0.001183,0.997256,0.883721,0.001062,0.991741,1.000000,0.002441,0.997643,1.000000,0.000654,1.000000,0.000000,0.000730,1.000000,0.000000
"Azurite Cu_3(CO_3)_2(OH)_2 (C-12A)",C-12A,becknic,mineral,mineral.carbonate.none.fine.vswir.c-12a.jpl.beckman.spectrum.txt,0.004696,0.996614,0.883721,0.002885,0.998688,1.000000,0.004948,0.995574,1.000000,0.000790,1.000000,0.000000,0.000549,1.000000,0.000000
"Azurite Cu_3(CO_3)_2(OH)_2 (C-12A)",C-12A,becknic,mineral,mineral.carbonate.none.fine.vswir.c-12a.jpl.perkin.spectrum.txt,0.004737,0.995808,0.883721,0.002563,0.998913,1.000000,0.006964,0.991949,1.000000,0.000697,1.000000,0.000000,0.000569,1.000000,0.000000
"Strontianite SrCO_3 (C-1A)",C-1A,becknic,mineral,mineral.carbonate.none.fine.vswir.c-1a.jpl.beckman.spectrum.txt,0.002243,0.996685,0.883721,0.001263,0.857412,1.000000,0.001938,0.991681,1.000000,0.000450,1.000000,0.000000,0.000686,1.000000,0.000000
"Strontianite SrCO_3 (C-1A)",C-1A,becknic,mineral,mineral.carbonate.none.fine.vswir.c-1a.jpl.perkin.spectrum.txt,0.000585,0.999717,0.883721,0.000553,0.962023,1.000000,0.001899,0.995456,1.000000,0.000410,1.000000,0.000000,0.000668,1.000000,0.000000
"Witherite BaCO_3 (C-2A)",C-2A,becknic,mineral,mineral.carbonate.none.fine.vswir.c-2a.jpl.beckman.spectrum.txt,0.001459,0.989080,0.883721,0.001099,0.532992,1.000000,0.002520,0.971432,1.000000,0.000412,1.000000,0.000000,0.000638,1.000000,0.000000
"Witherite BaCO_3 (C-2A)",C-2A,becknic,mineral,mineral.carbonate.none.fine.vswir.c-2a.jpl.perkin.spectrum.txt,0.000598,0.999395,0.883721,0.001676,0.000000,1.000000,0.003192,0.981631,1.000000,0.000450,1.000000,0.000000,0.000691,1.000000,0.000000
"Calcite CaCO_3 (C-3A)",C-3A,becknic,mineral,mineral.carbonate.none.fine.vswir.c-3a.jpl.beckman.spectrum.txt,0.002322,0.998185,0.883721,0.000984,0.436048,1.000000,0.001788,0.996925,1.000000,0.000639,1.000000,0.000000,0.000725,1.000000,0.000000
"Calcite CaCO_3 (C-3A)",C-3A,becknic,mineral,mineral.carbonate.none.fine.vswir.c-3a.jpl.perkin.spectrum.txt,0.000805,0.999817,0.883721,0.000723,0.567040,1.000000,0.002002,0.997730,1.000000,0.000565,1.000000,0.000000,0.000730,1.000000,0.000000
"Calcite CaCO_3 (C-3D)",C-3D,becknic,mineral,mineral.carbonate.none.fine.vswir.c-3d.jpl.beckman.spectrum.txt,0.002025,0.998622,0.883721,0.001406,0.973894,1.000000,0.001191,0.998868,1.000000,0.000602,1.000000,0.000000,0.000754,1.000000,0.000000
"Calcite CaCO_3 (C-3D)",C-3D,becknic,mineral,mineral.carbonate.none.fine.vswir.c-3d.jpl.perkin.spectrum.txt,0.000727,0.999916,0.883721,0.000688,0.997823,1.000000,0.002299,0.998226,1.000000,0.000621,1.000000,0.000000,0.000737,1.000000,0.000000
"Calcite CaCO_3 (C-3E)",C-3E,becknic,mineral,mineral.carbonate.none.fine.vswir.c-3e.jpl.beckman.spectrum.txt,0.001684,0.995968,0.883721,0.001346,0.536759,1.000000,0.001824,0.996935,1.000000,0.000595,1.000000,0.000000,0.000728,1.000000,0.000000
"Calcite CaCO_3 (C-3E)",C-3E,becknic,mineral,mineral.carbonate.none.fine.vswir.c-3e.jpl.perkin.spectrum.txt,0.000524,0.999693,0.883721,0.001466,0.757312,1.000000,0.002061,0.997454,1.000000,0.000497,1.000000,0.000000,0.000612,1.000000,0.000000
"Trona Na_3(CO_3)(HCO_3).2H_2O (C-4A)",C-4A,becknic,mineral,mineral.carbonate.none.fine.vswir.c-4a.jpl.beckman.spectrum.txt,0.001742,0.998995,0.883721,0.001286,0.566784,1.000000,0.006934,0.998700,1.000000,0.000821,1.000000,0.000000,0.000829,1.000000,0.000000
"Trona Na_3(CO_3)(HCO_3).2H_2O (C-4A)",C-4A,becknic,mineral,mineral.carbonate.none.fine.vswir.c-4a.jpl.perkin.spectrum.txt,0.000880,0.999853,0.883721,0.000888,0.697436,1.000000,0.009195,0.998223,1.000000,0.000700,1.000000,0.000000,0.000650,1.000000,0.000000
"Dolomite CaMg(CO_3)_2 (C-5A)",C-5A,becknic,mineral,mineral.carbonate.none.fine.vswir.c-5a.jpl.beckman.spectrum.txt,0.003514,0.999534,0.883721,0.001051,0.997745,1.000000,0.001557,0.991258,1.000000,0.000597,1.000000,0.000000,0.000761,1.000000,0.000000
"Dolomite CaMg(CO_3)_2 (C-5C)",C-5C,becknic,mineral,mineral.carbonate.none.fine.vswir.c-5c.jpl.beckman.spectrum.txt,0.001624,0.991823,0.883721,0.000906,0.519925,1.000000,0.002027,0.997228,1.000000,0.000638,1.000000,0.000000,0.000731,1.000000,0.000000
"Dolomite CaMg(CO_3)_2 (C-5C)",C-5C,becknic,mineral,mineral.carbonate.none.fine.vswir.c-5c.jpl.perkin.spectrum.txt,0.001035,0.998341,0.883721,0.001445,0.000000,1.000000,0.002632,0.997110,1.000000,0.000626,1.000000,0.000000,0.000734,1.000000,0.000000
"Magnesite MgCO_3 (C-6A)",C-6A,becknic,mineral,mineral.carbonate.none.fine.vswir.c-6a.jpl.beckman.spectrum.txt,0.001547,0.997318,0.883721,0.001055,0.490060,1.000000,0.001493,0.998983,1.000000,0.000651,1.000000,0.000000,0.000726,1.000000,0.000000
"Magnesite MgCO_3 (C-6A)",C-6A,becknic,mineral,mineral.carbonate.none.fine.vswir.c-6a.jpl.perkin.spectrum.txt,0.000748,0.999749,0.883721,0.001394,-0.142310,1.000000,0.001990,0.999038,1.000000,0.000600,1.000000,0.000000,0.000729,1.000000,0.000000
"Malachite Cu_2(CO_3)(OH)_2 (C-7A)",C-7A,becknic,mineral,mineral.carbonate.none.fine.vswir.c-7a.jpl.beckman.spectrum.txt,0.009479,0.996907,0.883721,0.002729,0.998270,1.000000,0.003653,0.998200,1.000000,0.000806,1.000000,0.000000,0.000549,1.000000,0.000000
"Malachite Cu_2(CO_3)(OH)_2 (C-7A)",C-7A,becknic,mineral,mineral.carbonate.none.fine.vswir.c-7a.jpl.perkin.spectrum.txt,0.010449,0.995926,0.883721,0.003373,0.996838,1.000000,0.004170,0.998004,1.000000,0.000688,1.000000,0.000000,0.000572,1.000000,0.000000
"Rhodochrosite MnCO_3 (C-8A)",C-8A,becknic,mineral,mineral.carbonate.none.fine.vswir.c-8a.jpl.beckman.spectrum.txt,0.006208,0.988265,0.883721,0.001808,0.889987,1.000000,0.001105,0.987344,1.000000,0.000619,1.000000,0.000000,0.000738,1.000000,0.000000
"Rhodochrosite MnCO_3 (C-8A)",C-8A,becknic,mineral,mineral.carbonate.none.fine.vswir.c-8a.jpl.perkin.spectrum.txt,0.003467,0.998405,0.883721,0.001100,0.985559,1.000000,0.001442,0.992029,1.000000,0.000602,1.000000,0.000000,0.000695,1.000000,0.000000
"Siderite Fe^2+CO_3 (C-9A)",C-9A,becknic,mineral,mineral.carbonate.none.fine.vswir.c-9a.jpl.beckman.spectrum.txt,0.002758,0.999531,0.883721,0.002175,0.998912,1.000000,0.002610,0.998830,1.000000,0.000698,1.000000,0.000000,0.000554,1.000000,0.000000
"Siderite Fe^2+CO_3 (C-9A)",C-9A,becknic,mineral,mineral.carbonate.none.fine.vswir.c-9a.jpl.perkin.spectrum.txt,0.002315,0.999786,0.883721,0.002283,0.998966,1.000000,0.003336,0.998488,1.000000,0.000712,1.000000,0.000000,0.000593,1.000000,0.000000
"Cerussite PbCO_3 (C-10A)",C-10A,becknic,mineral,mineral.carbonate.none.medium.tir.c-10a.jpl.nicolet.spectrum.txt,0.000193,1.000000,0.000000,0.000518,1.000000,0.000000,0.002912,0.996018,0.356929,0.023046,0.987384,1.000000,0.017945,0.883434,1.000000
"Smithsonite PbCO_3 (C-11A)",C-11A,becknic,mineral,mineral.carbonate.none.medium.tir.c-11a.jpl.nicolet.spectrum.txt,0.000241,1.000000,0.000000,0.000711,1.000000,0.000000,0.004837,0.993735,0.356929,0.014108,0.989661,1.000000,0.011901,0.971010,1.000000
"Azurite Cu_3(CO_3)_2(OH)_2 (C-12A)",C-12A,becknic,mineral,mineral.carbonate.none.medium.tir.c-12a.jpl.nicolet.spectrum.txt,0.000504,1.000000,0.000000,0.000893,1.000000,0.000000,0.006071,0.983627,0.356929,0.002776,0.992145,1.000000,0.001181,0.993485,1.000000
"Strontianite SrCO_3 (C-1A)",C-1A,becknic,mineral,mineral.carbonate.none.medium.tir.c-1a.jpl.nicolet.spectrum.txt,0.000205,1.000000,0.000000,0.000558,1.000000,0.000000,0.005116,0.992359,0.356929,0.027985,0.987343,1.000000,0.022611,0.969262,1.000000
"Witherite BaCO_3 (C-2A)",C-2A,becknic,mineral,mineral.carbonate.none.medium.tir.c-2a.jpl.nicolet.spectrum.txt,0.000276,1.000000,0.000000,0.000729,1.000000,0.000000,0.009820,0.971779,0.356929,0.028380,0.987864,1.000000,0.020841,0.972601,1.000000
"Calcite CaCO_3 (C-3A)",C-3A,becknic,mineral,mineral.carbonate.none.medium.tir.c-3a.jpl.nicolet.spectrum.txt,0.000178,1.000000,0.000000,0.000519,1.000000,0.000000,0.003500,0.995747,0.356929,0.012452,0.996369,1.000000,0.007439,0.984294,1.000000
"Calcite CaCO_3 (C-3D)",C-3D,becknic,mineral,mineral.carbonate.none.medium.tir.c-3d.jpl.nicolet.spectrum.txt,0.000198,1.000000,0.000000,0.000535,1.000000,0.000000,0.002746,0.993428,0.356929,0.008621,0.998580,1.000000,0.006328,0.989171,1.000000
"Calcite CaCO_3 (C-3E)",C-3E,becknic,mineral,mineral.carbonate.none.medium.tir.c-3e.jpl.nicolet.spectrum.txt,0.000189,1.000000,0.000000,0.000506,1.000000,0.000000,0.004723,0.994565,0.356929,0.019365,0.994662,1.000000,0.011284,0.980178,1.000000
"Trona Na_3(CO_3)(HCO_3).2H_2O (C-4A)",C-4A,becknic,mineral,mineral.carbonate.none.medium.tir.c-4a.jpl.nicolet.spectrum.txt,0.000496,1.000000,0.000000,0.000386,1.000000,0.000000,0.003345,0.965990,0.356929,0.003095,0.976537,1.000000,0.008054,0.721306,1.000000
"Dolomite CaMg(CO_3)_2 (C-5A)",C-5A,becknic,mineral,mineral.carbonate.none.medium.tir.c-5a.jpl.nicolet.spectrum.txt,0.000248,1.000000,0.000000,0.000655,1.000000,0.000000,0.003553,0.992401,0.356929,0.015052,0.993710,1.000000,0.008218,0.967472,1.000000
"Dolomite CaMg(CO_3)_2 (C-5C)",C-5C,becknic,mineral,mineral.carbonate.none.medium.tir.c-5c.jpl.nicolet.spectrum.txt,0.000185,1.000000,0.000000,0.000493,1.000000,0.000000,0.004920,0.996309,0.356929,0.018599,0.992404,1.000000,0.016280,0.962641,1.000000
"Magnesite MgCO_3 (C-6A)",C-6A,becknic,mineral,mineral.carbonate.none.medium.tir.c-6a.jpl.nicolet.spectrum.txt,0.000315,1.000000,0.000000,0.000258,1.000000,0.000000,0.003088,0.994439,0.356929,0.016285,0.984181,1.000000,0.004470,0.957804,1.000000
"Malachite Cu_2(CO_3)(OH)_2 (C-7A)",C-7A,becknic,mineral,mineral.carbonate.none.medium.tir.c-7a.jpl.nicolet.spectrum.txt,0.000501,1.000000,0.000000,0.000953,1.000000,0.000000,0.004044,0.992410,0.356929,0.003722,0.990430,1.000000,0.001949,0.966477,1.000000
"Rhodochrosite MnCO_3 (C-8A)",C-8A,becknic,mineral,mineral.carbonate.none.medium.tir.c-8a.jpl.nicolet.spectrum.txt,0.000205,1.000000,0.000000,0.000853,1.000000,0.000000,0.006832,0.981535,0.356929,0.024324,0.982247,1.000000,0.014162,0.950855,1.000000
"Siderite Fe^2+CO_3 (C-9A)",C-9A,becknic,mineral,mineral.carbonate.none.medium.tir.c-9a.jpl.nicolet.spectrum.txt,0.000341,1.000000,0.000000,0.000204,1.000000,0.000000,0.001601,0.998146,0.356929,0.014728,0.989946,1.000000,0.008848,0.970605,1.000000
"Cerussite PbCO_3 (C-10A)",C-10A,becknic,mineral,mineral.carbonate.none.medium.vswir.c-10a.jpl.beckman.spectrum.txt,0.001363,0.998515,0.883721,0.001240,0.890561,1.000000,0.003522,0.997012,1.000000,0.000599,1.000000,0.000000,0.000726,1.000000,0.000000
"Cerussite PbCO_3 (C-10A)",C-10A,becknic,mineral,mineral.carbonate.none.medium.vswir.c-10a.jpl.perkin.spectrum.txt,0.001203,0.998411,0.883721,0.000702,0.912335,1.000000,0.003105,0.997682,1.000000,0.000602,1.000000,0.000000,0.000704,1.000000,0.000000
"Smithsonite PbCO_3 (C-11A)",C-11A,becknic,mineral,mineral.carbonate.none.medium.vswir.c-11a.jpl.beckman.spectrum.txt,0.002812,0.991183,0.883721,0.002427,0.992662,1.000000,0.003125,0.998942,1.000000,0.000810,1.000000,0.000000,0.000555,1.000000,0.000000
"Smithsonite PbCO_3 (C-11A)",C-11A,becknic,mineral,mineral.carbonate.none.medium.vswir.c-11a.jpl.perkin.spectrum.txt,0.002564,0.992450,0.883721,0.001561,0.997162,1.000000,0.003733,0.998590,1.000000,0.000694,1.000000,0.000000,0.000543,1.000000,0.000000
"Azurite Cu_3(CO_3)_2(OH)_2 (C-12A)",C-12A,becknic,mineral,mineral.carbonate.none.medium.vswir.c-12a.jpl.beckman.spectrum.txt,0.006452,0.993276,0.883721,0.000839,0.999600,1.000000,0.005237,0.995935,1.000000,0.000518,1.000000,0.000000,0.000529,1.000000,0.000000
"Azurite Cu_3(CO_3)_2(OH)_2 (C-12A)",C-12A,becknic,mineral,mineral.carbonate.none.medium.vswir.c-12a.jpl.perkin.spectrum.txt,0.005936,0.993063,0.883721,0.000828,0.999560,1.000000,0.005631,0.995207,1.000000,0.000375,1.000000,0.000000,0.000543,1.000000,0.000000
"Strontianite SrCO_3 (C-1A)",C-1A,becknic,mineral,mineral.carbonate.none.medium.vswir.c-1a.jpl.beckman.spectrum.txt,0.002221,0.997815,0.883721,0.001442,0.904774,1.000000,0.003176,0.998018,1.000000,0.000582,1.000000,0.000000,0.000607,1.000000,0.000000
"Strontianite SrCO_3 (C-1A)",C-1A,becknic,mineral,mineral.carbonate.none.medium.vswir.c-1a.jpl.perkin.spectrum.txt,0.001135,0.999370,0.883721,0.000772,0.978036,1.000000,0.004283,0.996961,1.000000,0.000648,1.000000,0.000000,0.000588,1.000000,0.000000
"Witherite BaCO_3 (C-2A)",C-2A,becknic,mineral,mineral.carbonate.none.medium.vswir.c-2a.jpl.beckman.spectrum.txt,0.001522,0.999118,0.883721,0.000813,0.928721,1.000000,0.004855,0.994262,1.000000,0.000547,1.000000,0.000000,0.000701,1.000000,0.000000
"Witherite BaCO_3 (C-2A)",C-2A,becknic,mineral,mineral.carbonate.none.medium.vswir.c-2a.jpl.perkin.spectrum.txt,0.000803,0.999791,0.883721,0.001191,0.796105,1.000000,0.007689,0.988842,1.000000,0.000447,1.000000,0.000000,0.000634,1.000000,0.000000
"Calcite CaCO_3 (C-3A)",C-3A,becknic,mineral,mineral.carbonate.none.medium.vswir.c-3a.jpl.beckman.spectrum.txt,0.001519,0.999683,0.883721,0.000934,0.914321,1.000000,0.002124,0.999064,1.000000,0.000690,1.000000,0.000000,0.000577,1.000000,0.000000
"Calcite CaCO_3 (C-3A)",C-3A,becknic,mineral,mineral.carbonate.none.medium.vswir.c-3a.jpl.perkin.spectrum.txt,0.000907,0.999908,0.883721,0.001527,0.654290,1.000000,0.003154,0.998470,1.000000,0.000756,1.000000,0.000000,0.000607,1.000000,0.000000
"Calcite CaCO_3 (C-3D)",C-3D,becknic,mineral,mineral.carbonate.none.medium.vswir.c-3d.jpl.beckman.spectrum.txt,0.001595,0.999707,0.883721,0.000932,0.993219,1.000000,0.003548,0.994316,1.000000,0.000606,1.000000,0.000000,0.000724,1.000000,0.000000
"Calcite CaCO_3 (C-3D)",C-3D,becknic,mineral,mineral.carbonate.none.medium.vswir.c-3d.jpl.perkin.spectrum.txt,0.000992,0.999899,0.883721,0.000664,0.995776,1.000000,0.002414,0.998023,1.000000,0.000601,1.000000,0.000000,0.000705,1.000000,0.000000
"Calcite CaCO_3 (C-3E)",C-3E,becknic,mineral,mineral.carbonate.none.medium.vswir.c-3e.jpl.beckman.spectrum.txt,0.001681,0.998666,0.883721,0.001957,0.936201,1.000000,0.002568,0.998957,1.000000,0.000749,1.000000,0.000000,0.000546,1.000000,0.000000
"Calcite CaCO_3 (C-3E)",C-3E,becknic,mineral,mineral.carbonate.none.medium.vswir.c-3e.jpl.perkin.spectrum.txt,0.000660,0.999842,0.883721,0.000781,0.989848,1.000000,0.004336,0.997658,1.000000,0.000693,1.000000,0.000000,0.000581,1.000000,0.000000
"Trona Na_3(CO_3)(HCO_3).2H_2O (C-4A)",C-4A,becknic,mineral,mineral.carbonate.none.medium.vswir.c-4a.jpl.beckman.spectrum.txt,0.001614,0.999569,0.883721,0.001189,0.877492,1.000000,0.009121,0.998507,1.000000,0.000475,1.000000,0.000000,0.000371,1.000000,0.000000
"Trona Na_3(CO_3)(HCO_3).2H_2O (C-4A)",C-4A,becknic,mineral,mineral.carbonate.none.medium.vswir.c-4a.jpl.perkin.spectrum.txt,0.001048,0.999835,0.883721,0.001277,0.857069,1.000000,0.010096,0.998358,1.000000,0.000487,1.000000,0.000000,0.000375,1.000000,0.000000
"Dolomite CaMg(CO_3)_2 (C-5A)",C-5A,becknic,mineral,mineral.carbonate.none.medium.vswir.c-5a.jpl.beckman.spectrum.txt,0.001991,0.999839,0.883721,0.001364,0.998441,1.000000,0.001796,0.997886,1.000000,0.000794,1.000000,0.000000,0.000549,1.000000,0.000000
"Dolomite CaMg(CO_3)_2 (C-5A)",C-5A,becknic,mineral,mineral.carbonate.none.medium.vswir.c-5a.jpl.perkin.spectrum.txt,0.002136,0.999835,0.883721,0.002001,0.996710,1.000000,0.002614,0.996813,1.000000,0.000779,1.000000,0.000000,0.000548,1.000000,0.000000
"Dolomite CaMg(CO_3)_2 (C-5C)",C-5C,becknic,mineral,mineral.carbonate.none.medium.vswir.c-5c.jpl.beckman.spectrum.txt,0.001594,0.998690,0.883721,0.000840,0.754842,1.000000,0.002839,0.999132,1.000000,0.000794,1.000000,0.000000,0.000549,1.000000,0.000000
"Dolomite CaMg(CO_3)_2 (C-5C)",C-5C,becknic,mineral,mineral.carbonate.none.medium.vswir.c-5c.jpl.perkin.spectrum.txt,0.000808,0.999775,0.883721,0.001353,0.000000,1.000000,0.004895,0.998051,1.000000,0.000773,1.000000,0.000000,0.000549,1.000000,0.000000
"Magnesite MgCO_3 (C-6A)",C-6A,becknic,mineral,mineral.carbonate.none.medium.vswir.c-6a.jpl.beckman.spectrum.txt,0.001698,0.999415,0.883721,0.000981,0.953101,1.000000,0.003313,0.999206,1.000000,0.000711,1.000000,0.000000,0.000543,1.000000,0.000000
"Magnesite MgCO_3 (C-6A)",C-6A,becknic,mineral,mineral.carbonate.none.medium.vswir.c-6a.jpl.perkin.spectrum.txt,0.001305,0.999637,0.883721,0.000696,0.975945,1.000000,0.003258,0.999253,1.000000,0.000796,1.000000,0.000000,0.000549,1.000000,0.000000
"Malachite Cu_2(CO_3)(OH)_2 (C-7A)",C-7A,becknic,mineral,mineral.carbonate.none.medium.vswir.c-7a.jpl.beckman.spectrum.txt,0.010547,0.995270,0.883721,0.001133,0.998954,1.000000,0.004194,0.997638,1.000000,0.000586,1.000000,0.000000,0.000551,1.000000,0.000000
"Malachite Cu_2(CO_3)(OH)_2 (C-7A)",C-7A,becknic,mineral,mineral.carbonate.none.medium.vswir.c-7a.jpl.perkin.spectrum.txt,0.008561,0.995870,0.883721,0.001313,0.998191,1.000000,0.003836,0.997855,1.000000,0.000366,1.000000,0.000000,0.000555,1.000000,0.000000
"Rhodochrosite MnCO_3 (C-8A)",C-8A,becknic,mineral,mineral.carbonate.none.medium.vswir.c-8a.jpl.beckman.spectrum.txt,0.021821,0.956993,0.883721,0.000970,0.952587,1.000000,0.003484,0.996194,1.000000,0.000709,1.000000,0.000000,0.000591,1.000000,0.000000
"Rhodochrosite MnCO_3 (C-8A)",C-8A,becknic,mineral,mineral.carbonate.none.medium.vswir.c-8a.jpl.perkin.spectrum.txt,0.018720,0.969585,0.883721,0.001626,0.842524,1.000000,0.004629,0.994090,1.000000,0.000766,1.000000,0.000000,0.000543,1.000000,0.000000
"Siderite Fe^2+CO_3 (C-9A)",C-9A,becknic,mineral,mineral.carbonate.none.medium.vswir.c-9a.jpl.beckman.spectrum.txt,0.006036,0.998142,0.883721,0.005914,0.996460,1.000000,0.007464,0.998573,1.000000,0.000692,1.000000,0.000000,0.000543,1.000000,0.000000
"Siderite Fe^2+CO_3 (C-9A)",C-9A,becknic,mineral,mineral.carbonate.none.medium.vswir.c-9a.jpl.perkin.spectrum.txt,0.004420,0.999054,0.883721,0.004998,0.997611,1.000000,0.007609,0.998556,1.000000,0.000704,1.000000,0.000000,0.000543,1.000000,0.000000
"Dolomite CaMg(CO_3)_2 (C-5A)",C-5A,becknic,mineral,mineral.carbonate.none.none.vswir.c-5a.jpl.perkin.spectrum.txt,0.003314,0.999643,0.883721,0.000871,0.998846,1.000000,0.001427,0.996215,1.000000,0.000600,1.000000,0.000000,0.000754,1.000000,0.000000
"Aragonite CaCO3 (aragonite_1)",aragonite_1,becknic,mineral,mineral.carbonate.none.solid.tir.aragonite_1.jhu.nicolet.spectrum.txt,0.000192,1.000000,0.000000,0.000154,1.000000,0.000000,0.000296,1.000000,0.300357,0.005619,0.979786,1.000000,0.017393,0.925454,1.000000
"Calcite CaCO3 (calcite_1)",calcite_1,becknic,mineral,mineral.carbonate.none.solid.tir.calcite_1.jhu.nicolet.spectrum.txt,0.000374,1.000000,0.000000,0.000222,1.000000,0.000000,0.000546,1.000000,0.300357,0.011536,0.982425,1.000000,0.010909,0.985612,1.000000
"Cerussite, PbCO3 (cerussite_1)",cerussite_1,becknic,mineral,mineral.carbonate.none.solid.tir.cerussite_1.jhu.nicolet.spectrum.txt,0.000128,1.000000,0.000000,0.000102,1.000000,0.000000,0.000248,1.000000,0.300357,0.000749,0.994976,1.000000,0.004944,0.825572,1.000000
"Dolomite CaMg(CO3)2 (dolomite_1)",dolomite_1,becknic,mineral,mineral.carbonate.none.solid.tir.dolomite_1.jhu.nicolet.spectrum.txt,0.000301,1.000000,0.000000,0.000299,1.000000,0.000000,0.000467,0.988667,0.300357,0.014947,0.987630,1.000000,0.012263,0.986861,1.000000
"Dolomite CaMg(CO3)2 (dolomite_2)",dolomite_2,becknic,mineral,mineral.carbonate.none.solid.tir.dolomite_2.jhu.nicolet.spectrum.txt,0.000471,1.000000,0.000000,0.000257,1.000000,0.000000,0.000427,0.867891,0.300357,0.012759,0.985601,1.000000,0.010994,0.988990,1.000000
"Dolomite CaMg(CO3)2 (dolomite_3)",dolomite_3,becknic,mineral,mineral.carbonate.none.solid.tir.dolomite_3.jhu.nicolet.spectrum.txt,0.000133,1.000000,0.000000,0.000106,1.000000,0.000000,0.000314,0.988893,0.300357,0.009536,0.961555,1.000000,0.005906,0.979029,1.000000
"Kainite MgSO4 * KCL * 3H2O (NMNH83904)",NMNH83904,becknic,mineral,mineral.chloride.none.coarse.all.nmnh83904.usgs.perknic.spectrum.txt,0.000849,0.999438,0.883721,0.003735,0.904494,1.000000,0.011800,0.991343,1.000000,0.004266,0.969905,1.000000,0.009633,0.795063,0.870588
"Carnallite KMgCl3 * 6H2O (NMNH98011)",NMNH98011,becknic,mineral,mineral.chloride.none.coarse.all.nmnh98011.usgs.perknic.spectrum.txt,0.001355,0.999683,0.883721,0.002075,0.993590,1.000000,0.009155,0.982127,1.000000,0.008536,0.977455,1.000000,0.001369,0.988919,0.870588
"Graphite C (E-1A)",E-1A,becknic,mineral,mineral.element.none.coarse.tir.e-1a.jpl.nicolet.spectrum.txt,0.000187,1.000000,0.000000,0.000150,1.000000,0.000000,0.000902,0.714068,0.356929,0.000726,0.993682,1.000000,0.000936,0.992883,1.000000
"Sulphur S (E-2A)",E-2A,becknic,mineral,mineral.element.none.coarse.tir.e-2a.jpl.nicolet.spectrum.txt,0.000248,1.000000,0.000000,0.000708,1.000000,0.000000,0.000905,1.000000,0.356929,0.005128,0.929185,1.000000,0.022439,0.989325,1.000000
"Graphite C (E-1A)",E-1A,becknic,mineral,mineral.element.none.coarse.vswir.e-1a.jpl.beckman.spectrum.txt,0.000610,0.975278,0.883721,0.000538,0.731529,1.000000,0.000344,0.993531,1.000000,0.000239,1.000000,0.000000,0.000330,1.000000,0.000000
"Graphite C (E-1A)",E-1A,becknic,mineral,mineral.element.none.coarse.vswir.e-1a.jpl.perkin.spectrum.txt,0.000247,0.992601,0.883721,0.000466,1.000000,1.000000,0.000480,0.988726,1.000000,0.000256,1.000000,0.000000,0.000339,1.000000,0.000000
"Sulphur S (E-2A)",E-2A,becknic,mineral,mineral.element.none.coarse.vswir.e-2a.jpl.beckman.spectrum.txt,0.008066,0.999475,0.883721,0.001062,0.646197,1.000000,0.001376,0.886474,1.000000,0.001000,1.000000,0.000000,0.001708,0.000000,0.000000
"Sulphur S (E-2A)",E-2A,becknic,mineral,mineral.element.none.coarse.vswir.e-2a.jpl.perkin.spectrum.txt,0.009207,0.999243,0.883721,0.001247,0.881187,1.000000,0.001449,0.875334,1.000000,0.000582,1.000000,0.000000,0.001049,0.000000,0.000000
"Graphite C (E-1A)",E-1A,becknic,mineral,mineral.element.none.fine.tir.e-1a.jpl.nicolet.spectrum.txt,0.000179,1.000000,0.000000,0.000143,1.000000,0.000000,0.000819,0.621853,0.356929,0.000854,0.979181,1.000000,0.000914,0.971339,1.000000
"Sulphur S (E-2A)",E-2A,becknic,mineral,mineral.element.none.fine.tir.e-2a.jpl.nicolet.spectrum.txt,0.000218,1.000000,0.000000,0.000601,1.000000,0.000000,0.000735,0.819996,0.356929,0.005032,0.862230,1.000000,0.009643,0.994382,1.000000
"Graphite C (E-1A)",E-1A,becknic,mineral,mineral.element.none.fine.vswir.e-1a.jpl.beckman.spectrum.txt,0.000483,0.962065,0.883721,0.000489,0.772904,1.000000,0.000414,0.989849,1.000000,0.000253,1.000000,0.000000,0.000338,1.000000,0.000000
"Graphite C (E-1A)",E-1A,becknic,mineral,mineral.element.none.fine.vswir.e-1a.jpl.perkin.spectrum.txt,0.000191,0.995950,0.883721,0.000494,0.787352,1.000000,0.000447,0.987359,1.000000,0.000243,1.000000,0.000000,0.000332,1.000000,0.000000
"Sulphur S (E-2A)",E-2A,becknic,mineral,mineral.element.none.fine.vswir.e-2a.jpl.beckman.spectrum.txt,0.009485,0.999151,0.883721,0.002669,-0.279849,1.000000,0.001483,0.889374,1.000000,0.000710,1.000000,0.000000,0.001368,0.000000,0.000000
"Sulphur S (E-2A)",E-2A,becknic,mineral,mineral.element.none.fine.vswir.e-2a.jpl.perkin.spectrum.txt,0.010888,0.998753,0.883721,0.001171,0.583838,1.000000,0.001620,0.900904,1.000000,0.000468,1.000000,0.000000,0.000796,1.000000,0.000000
"Graphite C (E-1A)",E-1A,becknic,mineral,mineral.element.none.medium.tir.e-1a.jpl.nicolet.spectrum.txt,0.000184,1.000000,0.000000,0.000147,1.000000,0.000000,0.000759,0.550122,0.356929,0.000818,0.989540,1.000000,0.001003,0.985237,1.000000
"Sulphur S (E-2A)",E-2A,becknic,mineral,mineral.element.none.medium.tir.e-2a.jpl.nicolet.spectrum.txt,0.000345,1.000000,0.000000,0.000707,1.000000,0.000000,0.000959,1.000000,0.356929,0.005322,0.868284,1.000000,0.010439,0.996319,1.000000
"Graphite C (E-1A)",E-1A,becknic,mineral,mineral.element.none.medium.vswir.e-1a.jpl.beckman.spectrum.txt,0.000432,0.964001,0.883721,0.000465,0.786794,1.000000,0.000354,0.987836,1.000000,0.000214,1.000000,0.000000,0.000329,1.000000,0.000000
"Graphite C (E-1A)",E-1A,becknic,mineral,mineral.element.none.medium.vswir.e-1a.jpl.perkin.spectrum.txt,0.000158,0.996792,0.883721,0.000470,1.000000,1.000000,0.000432,0.984517,1.000000,0.000215,1.000000,0.000000,0.000331,1.000000,0.000000
"Sulphur S (E-2A)",E-2A,becknic,mineral,mineral.element.none.medium.vswir.e-2a.jpl.beckman.spectrum.txt,0.006906,0.999606,0.883721,0.001586,-0.176871,1.000000,0.001320,0.919849,1.000000,0.001053,0.000000,0.000000,0.001790,0.000000,0.000000
"Sulphur S (E-2A)",E-2A,becknic,mineral,mineral.element.none.medium.vswir.e-2a.jpl.perkin.spectrum.txt,0.008085,0.999448,0.883721,0.000557,1.000000,1.000000,0.001373,0.972420,1.000000,0.000613,1.000000,0.000000,0.001267,0.000000,0.000000
"Fluorite CaF2 (flourite_1)",flourite_1,becknic,mineral,mineral.halide.none.coarse.tir.flourite_1.jhu.nicolet.spectrum.txt,0.000220,1.000000,0.000000,0.000174,1.000000,0.000000,0.000280,1.000000,0.300357,0.000329,0.986147,1.000000,0.000578,0.999437,1.000000
"Cryolite Na_3AlF_6 (H-1A)",H-1A,becknic,mineral,mineral.halide.none.coarse.tir.h-1a.jpl.nicolet.spectrum.txt,0.000181,1.000000,0.000000,0.000489,1.000000,0.000000,0.001110,0.974575,0.356929,0.007262,0.996429,1.000000,0.024738,0.977508,1.000000
"Fluorite CaF_2 (H-2A)",H-2A,becknic,mineral,mineral.halide.none.coarse.tir.h-2a.jpl.nicolet.spectrum.txt,0.000179,1.000000,0.000000,0.000544,1.000000,0.000000,0.001004,0.797328,0.356929,0.004907,0.995666,1.000000,0.007495,0.999343,1.000000
"Fluorite CaF_2 (H-2B)",H-2B,becknic,mineral,mineral.halide.none.coarse.tir.h-2b.jpl.nicolet.spectrum.txt,0.000302,1.000000,0.000000,0.000317,1.000000,0.000000,0.002134,0.983827,0.356929,0.004412,0.999390,1.000000,0.005171,0.997586,1.000000
"Halite NaCl (H-3A)",H-3A,becknic,mineral,mineral.halide.none.coarse.tir.h-3a.jpl.nicolet.spectrum.txt,0.000179,1.000000,0.000000,0.000506,1.000000,0.000000,0.001574,0.962384,0.356929,0.004958,0.998477,1.000000,0.003017,0.998737,1.000000
"Atacamite Cu_2Cl(OH)_3 (H-4A)",H-4A,becknic,mineral,mineral.halide.none.coarse.tir.h-4a.jpl.nicolet.spectrum.txt,0.000489,1.000000,0.000000,0.000395,1.000000,0.000000,0.005798,0.979518,0.356929,0.003319,0.962008,1.000000,0.001146,0.994033,1.000000
"Cryolite Na_3AlF_6 (H-1A)",H-1A,becknic,mineral,mineral.halide.none.coarse.vswir.h-1a.jpl.beckman.spectrum.txt,0.000782,0.985143,0.883721,0.000524,0.932990,1.000000,0.001817,0.986861,1.000000,0.000488,1.000000,0.000000,0.000839,1.000000,0.000000
"Cryolite Na_3AlF_6 (H-1A)",H-1A,becknic,mineral,mineral.halide.none.coarse.vswir.h-1a.jpl.perkin.spectrum.txt,0.000493,0.991453,0.883721,0.000678,0.990171,1.000000,0.001679,0.984652,1.000000,0.000540,1.000000,0.000000,0.000497,1.000000,0.000000
"Fluorite CaF_2 (H-2A)",H-2A,becknic,mineral,mineral.halide.none.coarse.vswir.h-2a.jpl.beckman.spectrum.txt,0.002568,0.997603,0.883721,0.000640,0.990129,1.000000,0.000916,0.973014,1.000000,0.000547,1.000000,0.000000,0.000496,1.000000,0.000000
"Fluorite CaF_2 (H-2A)",H-2A,becknic,mineral,mineral.halide.none.coarse.vswir.h-2a.jpl.perkin.spectrum.txt,0.001809,0.998771,0.883721,0.000612,0.989452,1.000000,0.001100,0.986097,1.000000,0.000590,1.000000,0.000000,0.000507,1.000000,0.000000
"Fluorite CaF_2 (H-2B)",H-2B,becknic,mineral,mineral.halide.none.coarse.vswir.h-2b.jpl.beckman.spectrum.txt,0.001367,0.997431,0.883721,0.000831,0.947312,1.000000,0.001378,0.996727,1.000000,0.000617,1.000000,0.000000,0.000603,1.000000,0.000000
"Fluorite CaF_2 (H-2B)",H-2B,becknic,mineral,mineral.halide.none.coarse.vswir.h-2b.jpl.perkin.spectrum.txt,0.001389,0.995352,0.883721,0.001387,0.974548,1.000000,0.001546,0.993136,1.000000,0.000588,1.000000,0.000000,0.000617,1.000000,0.000000
"Halite NaCl (H-3A)",H-3A,becknic,mineral,mineral.halide.none.coarse.vswir.h-3a.jpl.beckman.spectrum.txt,0.000869,0.997767,0.883721,0.001985,0.392753,1.000000,0.001121,0.992098,1.000000,0.000593,1.000000,0.000000,0.001150,0.000000,0.000000
"Halite NaCl (H-3A)",H-3A,becknic,mineral,mineral.halide.none.coarse.vswir.h-3a.jpl.perkin.spectrum.txt,0.000408,0.999407,0.883721,0.001072,0.914252,1.000000,0.002133,0.963804,1.000000,0.000472,1.000000,0.000000,0.000585,1.000000,0.000000
"Atacamite Cu_2Cl(OH)_3 (H-4A)",H-4A,becknic,mineral,mineral.halide.none.coarse.vswir.h-4a.jpl.beckman.spectrum.txt,0.002671,0.996601,0.883721,0.001209,0.995945,1.000000,0.005883,0.993943,1.000000,0.000463,1.000000,0.000000,0.000382,1.000000,0.000000
"Atacamite Cu_2Cl(OH)_3 (H-4A)",H-4A,becknic,mineral,mineral.halide.none.coarse.vswir.h-4a.jpl.perkin.spectrum.txt,0.002689,0.996731,0.883721,0.001155,0.996217,1.000000,0.006546,0.993164,1.000000,0.000467,1.000000,0.000000,0.000379,1.000000,0.000000
"Fluorite CaF2 (flourite_1)",flourite_1,becknic,mineral,mineral.halide.none.fine.tir.flourite_1.jhu.nicolet.spectrum.txt,0.000286,1.000000,0.000000,0.000725,1.000000,0.000000,0.000828,0.739982,0.300357,0.002193,0.977292,1.000000,0.001899,0.958094,1.000000
"Cryolite Na_3AlF_6 (H-1A)",H-1A,becknic,mineral,mineral.halide.none.fine.tir.h-1a.jpl.nicolet.spectrum.txt,0.000357,1.000000,0.000000,0.000704,1.000000,0.000000,0.001185,0.983195,0.356929,0.006404,0.994101,1.000000,0.015923,0.995318,1.000000
"Fluorite CaF_2 (H-2A)",H-2A,becknic,mineral,mineral.halide.none.fine.tir.h-2a.jpl.nicolet.spectrum.txt,0.000370,1.000000,0.000000,0.000700,1.000000,0.000000,0.001050,0.824609,0.356929,0.005283,0.994227,1.000000,0.008520,0.998983,1.000000
"Fluorite CaF_2 (H-2B)",H-2B,becknic,mineral,mineral.halide.none.fine.tir.h-2b.jpl.nicolet.spectrum.txt,0.000338,1.000000,0.000000,0.000876,1.000000,0.000000,0.001622,0.633633,0.356929,0.004387,0.985858,1.000000,0.006029,0.997781,1.000000
"Halite NaCl (H-3A)",H-3A,becknic,mineral,mineral.halide.none.fine.tir.h-3a.jpl.nicolet.spectrum.txt,0.000181,1.000000,0.000000,0.000489,1.000000,0.000000,0.001559,0.957001,0.356929,0.010750,0.995225,1.000000,0.005174,0.995049,1.000000
"AtacamiteCu_2Cl(OH)_3 (H-4A)",H-4A,becknic,mineral,mineral.halide.none.fine.tir.h-4a.jpl.nicolet.spectrum.txt,0.000334,1.000000,0.000000,0.000824,1.000000,0.000000,0.008376,0.958290,0.356929,0.007229,0.996433,1.000000,0.001402,0.998501,1.000000
"Cryolite Na_3AlF_6 (H-1A)",H-1A,becknic,mineral,mineral.halide.none.fine.vswir.h-1a.jpl.beckman.spectrum.txt,0.000924,0.997317,0.883721,0.001403,-0.421504,1.000000,0.001644,0.976648,1.000000,0.000730,1.000000,0.000000,0.001383,0.000000,0.000000
"Cryolite Na_3AlF_6 (H-1A)",H-1A,becknic,mineral,mineral.halide.none.fine.vswir.h-1a.jpl.perkin.spectrum.txt,0.000552,0.999194,0.883721,0.000887,0.332530,1.000000,0.001870,0.990720,1.000000,0.000595,1.000000,0.000000,0.001102,0.000000,0.000000
"Fluorite CaF_2 (H-2A)",H-2A,becknic,mineral,mineral.halide.none.fine.vswir.h-2a.jpl.beckman.spectrum.txt,0.001321,0.995447,0.883721,0.000792,0.908339,1.000000,0.001242,0.869165,1.000000,0.000859,1.000000,0.000000,0.001504,0.000000,0.000000
"Fluorite CaF_2 (H-2A)",H-2A,becknic,mineral,mineral.halide.none.fine.vswir.h-2a.jpl.perkin.spectrum.txt,0.000853,0.998835,0.883721,0.000843,0.322601,1.000000,0.001439,0.982122,1.000000,0.000637,1.000000,0.000000,0.001303,0.000000,0.000000
"Fluorite CaF_2 (H-2B)",H-2B,becknic,mineral,mineral.halide.none.fine.vswir.h-2b.jpl.beckman.spectrum.txt,0.000743,0.985030,0.883721,0.000960,0.788926,1.000000,0.001598,0.906522,1.000000,0.000723,1.000000,0.000000,0.000553,1.000000,0.000000
"Fluorite CaF_2 (H-2B)",H-2B,becknic,mineral,mineral.halide.none.fine.vswir.h-2b.jpl.perkin.spectrum.txt,0.000797,0.993841,0.883721,0.000478,0.985910,1.000000,0.000887,0.984816,1.000000,0.000796,1.000000,0.000000,0.000615,1.000000,0.000000
"Halite NaCl (H-3A)",H-3A,becknic,mineral,mineral.halide.none.fine.vswir.h-3a.jpl.beckman.spectrum.txt,0.000833,0.997468,0.883721,0.002532,0.127855,1.000000,0.001298,0.993738,1.000000,0.000596,1.000000,0.000000,0.001207,0.000000,0.000000
"Halite NaCl (H-3A)",H-3A,becknic,mineral,mineral.halide.none.fine.vswir.h-3a.jpl.perkin.spectrum.txt,0.000999,0.997615,0.883721,0.000911,0.982450,1.000000,0.002207,0.981303,1.000000,0.000392,1.000000,0.000000,0.000638,1.000000,0.000000
"AtacamiteCu_2Cl(OH)_3 (H-4A)",H-4A,becknic,mineral,mineral.halide.none.fine.vswir.h-4a.jpl.beckman.spectrum.txt,0.006953,0.992649,0.883721,0.001471,0.999653,1.000000,0.005816,0.994951,1.000000,0.000827,1.000000,0.000000,0.000549,1.000000,0.000000
"AtacamiteCu_2Cl(OH)_3 (H-4A)",H-4A,becknic,mineral,mineral.halide.none.fine.vswir.h-4a.jpl.perkin.spectrum.txt,0.007028,0.992436,0.883721,0.001053,0.999800,1.000000,0.007342,0.991965,1.000000,0.000705,1.000000,0.000000,0.000543,1.000000,0.000000
"Cryolite Na_3AlF_6 (H-1A)",H-1A,becknic,mineral,mineral.halide.none.medium.tir.h-1a.jpl.nicolet.spectrum.txt,0.000277,1.000000,0.000000,0.000728,1.000000,0.000000,0.001108,0.981811,0.356929,0.004982,0.996467,1.000000,0.016968,0.994147,1.000000
"Fluorite CaF_2 (H-2A)",H-2A,becknic,mineral,mineral.halide.none.medium.tir.h-2a.jpl.nicolet.spectrum.txt,0.000184,1.000000,0.000000,0.000491,1.000000,0.000000,0.000837,0.388636,0.356929,0.006686,0.982887,1.000000,0.008358,0.999306,1.000000
"Fluorite CaF_2 (H-2B)",H-2B,becknic,mineral,mineral.halide.none.medium.tir.h-2b.jpl.nicolet.spectrum.txt,0.000253,1.000000,0.000000,0.000620,1.000000,0.000000,0.001351,0.953040,0.356929,0.005154,0.998420,1.000000,0.007293,0.998037,1.000000
"Halite NaCl (H-3A)",H-3A,becknic,mineral,mineral.halide.none.medium.tir.h-3a.jpl.nicolet.spectrum.txt,0.000194,1.000000,0.000000,0.000521,1.000000,0.000000,0.000765,0.938222,0.356929,0.004942,0.996973,1.000000,0.002993,0.997420,1.000000
"Atacamite Cu_2Cl(OH)_3 (H-4A)",H-4A,becknic,mineral,mineral.halide.none.medium.tir.h-4a.jpl.nicolet.spectrum.txt,0.000501,1.000000,0.000000,0.000954,1.000000,0.000000,0.008286,0.971919,0.356929,0.004854,0.986955,1.000000,0.001183,0.991964,1.000000
"Cryolite Na_3AlF_6 (H-1A)",H-1A,becknic,mineral,mineral.halide.none.medium.vswir.h-1a.jpl.beckman.spectrum.txt,0.000782,0.987549,0.883721,0.001098,0.373114,1.000000,0.001872,0.957088,1.000000,0.000664,1.000000,0.000000,0.001336,0.000000,0.000000
"Cryolite Na_3AlF_6 (H-1A)",H-1A,becknic,mineral,mineral.halide.none.medium.vswir.h-1a.jpl.perkin.spectrum.txt,0.000366,0.999063,0.883721,0.001523,0.469643,1.000000,0.001708,0.991222,1.000000,0.000511,1.000000,0.000000,0.000886,1.000000,0.000000
"Fluorite CaF_2 (H-2A)",H-2A,becknic,mineral,mineral.halide.none.medium.vswir.h-2a.jpl.beckman.spectrum.txt,0.002141,0.997003,0.883721,0.000994,0.945612,1.000000,0.001221,0.915599,1.000000,0.000615,1.000000,0.000000,0.001270,0.000000,0.000000
"Fluorite CaF_2 (H-2A)",H-2A,becknic,mineral,mineral.halide.none.medium.vswir.h-2a.jpl.perkin.spectrum.txt,0.001924,0.997021,0.883721,0.002373,0.318767,1.000000,0.001162,0.980949,1.000000,0.000460,1.000000,0.000000,0.000623,1.000000,0.000000
"Fluorite CaF_2 (H-2B)",H-2B,becknic,mineral,mineral.halide.none.medium.vswir.h-2b.jpl.beckman.spectrum.txt,0.001602,0.992931,0.883721,0.001498,0.213257,1.000000,0.001224,0.981493,1.000000,0.000593,1.000000,0.000000,0.000728,1.000000,0.000000
"Fluorite CaF_2 (H-2B)",H-2B,becknic,mineral,mineral.halide.none.medium.vswir.h-2b.jpl.perkin.spectrum.txt,0.001366,0.996046,0.883721,0.000659,1.000000,1.000000,0.001272,0.991002,1.000000,0.000605,1.000000,0.000000,0.000751,1.000000,0.000000
"Halite NaCl (H-3A)",H-3A,becknic,mineral,mineral.halide.none.medium.vswir.h-3a.jpl.beckman.spectrum.txt,0.000891,0.998062,0.883721,0.003376,-1.000000,1.000000,0.001288,0.955789,1.000000,0.000793,1.000000,0.000000,0.001436,0.000000,0.000000
"Halite NaCl (H-3A)",H-3A,becknic,mineral,mineral.halide.none.medium.vswir.h-3a.jpl.perkin.spectrum.txt,0.000703,0.998825,0.883721,0.001265,0.000000,1.000000,0.001538,0.970022,1.000000,0.000532,1.000000,0.000000,0.000926,1.000000,0.000000
"Atacamite Cu_2Cl(OH)_3 (H-4A)",H-4A,becknic,mineral,mineral.halide.none.medium.vswir.h-4a.jpl.beckman.spectrum.txt,0.004708,0.994222,0.883721,0.001449,0.998622,1.000000,0.006012,0.995614,1.000000,0.000387,1.000000,0.000000,0.000542,1.000000,0.000000
"Atacamite Cu_2Cl(OH)_3 (H-4A)",H-4A,becknic,mineral,mineral.halide.none.medium.vswir.h-4a.jpl.perkin.spectrum.txt,0.005503,0.992360,0.883721,0.001417,0.998674,1.000000,0.006900,0.994894,1.000000,0.000364,1.000000,0.000000,0.000550,1.000000,0.000000
"Fluorite CaF2 (flourite_1)",flourite_1,becknic,mineral,mineral.halide.none.solid.tir.flourite_1.jhu.nicolet.spectrum.txt,0.000052,1.000000,0.000000,0.000041,1.000000,0.000000,0.000165,0.996782,0.300357,0.000599,0.995671,1.000000,0.000601,0.998378,1.000000
"Goethite a-Fe+3O(OH) (goethite_1)",goethite_1,becknic,mineral,mineral.hydroxide.none.coarse.tir.goethite_1.jhu.nicolet.spectrum.txt,0.000438,1.000000,0.000000,0.000233,1.000000,0.000000,0.000727,0.987986,0.300357,0.000981,0.991409,1.000000,0.001278,0.992992,1.000000
"Goethite a-Fe+3O(OH) (goethite_2)",goethite_2,becknic,mineral,mineral.hydroxide.none.coarse.tir.goethite_2.jhu.nicolet.spectrum.txt,0.000331,1.000000,0.000000,0.000212,1.000000,0.000000,0.000698,0.996304,0.300357,0.000392,0.996802,1.000000,0.000219,0.994177,1.000000
"Brucite Mg(OH)_2 (OH-1A)",OH-1A,becknic,mineral,mineral.hydroxide.none.coarse.tir.oh-1a.jpl.nicolet.spectrum.txt,0.000890,1.000000,0.000000,0.000537,1.000000,0.000000,0.007562,0.995852,0.356929,0.006326,0.991944,1.000000,0.003333,0.996185,1.000000
"Brucite Mg(OH)_2 (OH-1A)",OH-1A,becknic,mineral,mineral.hydroxide.none.coarse.vswir.oh-1a.jpl.beckman.spectrum.txt,0.005120,0.999108,0.883721,0.014995,0.729290,1.000000,0.013316,0.997495,1.000000,0.000196,1.000000,0.000000,0.000199,1.000000,0.000000
"Brucite Mg(OH)_2 (OH-1A)",OH-1A,becknic,mineral,mineral.hydroxide.none.coarse.vswir.oh-1a.jpl.perkin.spectrum.txt,0.003744,0.999508,0.883721,0.019990,0.605547,1.000000,0.020112,0.994114,1.000000,0.000211,1.000000,0.000000,0.000211,1.000000,0.000000
"Goethite a-Fe+3O(OH) (goethite_1)",goethite_1,becknic,mineral,mineral.hydroxide.none.fine.tir.goethite_1.jhu.nicolet.spectrum.txt,0.000727,1.000000,0.000000,0.000530,1.000000,0.000000,0.001528,0.989951,0.300357,0.006655,0.995065,1.000000,0.010157,0.990313,1.000000
"Goethite a-Fe+3O(OH) (goethite_2)",goethite_2,becknic,mineral,mineral.hydroxide.none.fine.tir.goethite_2.jhu.nicolet.spectrum.txt,0.000830,1.000000,0.000000,0.000869,1.000000,0.000000,0.002265,0.994194,0.300357,0.006840,0.997307,1.000000,0.004762,0.998438,1.000000
"Brucite Mg(OH)_2 (OH-1A)",OH-1A,becknic,mineral,mineral.hydroxide.none.fine.tir.oh-1a.jpl.nicolet.spectrum.txt,0.000195,1.000000,0.000000,0.000784,1.000000,0.000000,0.010879,0.992728,0.356929,0.015190,0.988346,1.000000,0.002505,0.993498,1.000000
"Gibbsite Al(OH)_3 (OH-3A)",OH-3A,becknic,mineral,mineral.hydroxide.none.fine.tir.oh-3a.jpl.nicolet.spectrum.txt,0.000363,1.000000,0.000000,0.000655,1.000000,0.000000,0.011658,0.994475,0.356929,0.007451,0.988230,1.000000,0.003834,0.966289,1.000000
"Brucite Mg(OH)_2 (OH-1A)",OH-1A,becknic,mineral,mineral.hydroxide.none.fine.vswir.oh-1a.jpl.beckman.spectrum.txt,0.003208,0.997157,0.883721,0.004156,0.592138,1.000000,0.010626,0.995944,1.000000,0.000822,1.000000,0.000000,0.000831,1.000000,0.000000
"Brucite Mg(OH)_2 (OH-1A)",OH-1A,becknic,mineral,mineral.hydroxide.none.fine.vswir.oh-1a.jpl.perkin.spectrum.txt,0.001816,0.999585,0.883721,0.006515,0.438729,1.000000,0.015349,0.993110,1.000000,0.000649,1.000000,0.000000,0.000583,1.000000,0.000000
"Goethite alpha Fe^3+O(OH) (OH-2A)",OH-2A,becknic,mineral,mineral.hydroxide.none.fine.vswir.oh-2a.jpl.beckman.spectrum.txt,0.008746,0.995291,0.883721,0.003613,0.985623,1.000000,0.002651,0.993176,1.000000,0.000766,1.000000,0.000000,0.000604,1.000000,0.000000
"Gibbsite Al(OH)_3 (OH-3A)",OH-3A,becknic,mineral,mineral.hydroxide.none.fine.vswir.oh-3a.jpl.beckman.spectrum.txt,0.001164,0.984427,0.883721,0.004543,0.943767,1.000000,0.020952,0.991496,1.000000,0.000686,1.000000,0.000000,0.000618,1.000000,0.000000
"Gibbsite Al(OH)_3 (OH-3A)",OH-3A,becknic,mineral,mineral.hydroxide.none.fine.vswir.oh-3a.jpl.perkin.spectrum.txt,0.000532,0.997655,0.883721,0.005074,0.937153,1.000000,0.024519,0.989049,1.000000,0.000522,1.000000,0.000000,0.000529,1.000000,0.000000
"Brucite Mg(OH)_2 (OH-1A)",OH-1A,becknic,mineral,mineral.hydroxide.none.medium.tir.oh-1a.jpl.nicolet.spectrum.txt,0.000337,1.000000,0.000000,0.000813,1.000000,0.000000,0.011218,0.994128,0.356929,0.012476,0.989382,1.000000,0.001618,0.998497,1.000000
"Brucite Mg(OH)_2 (OH-1A)",OH-1A,becknic,mineral,mineral.hydroxide.none.medium.vswir.oh-1a.jpl.beckman.spectrum.txt,0.004358,0.998768,0.883721,0.009582,0.659684,1.000000,0.013086,0.997036,1.000000,0.000398,1.000000,0.000000,0.000389,1.000000,0.000000
"Brucite Mg(OH)_2 (OH-1A)",OH-1A,becknic,mineral,mineral.hydroxide.none.medium.vswir.oh-1a.jpl.perkin.spectrum.txt,0.003289,0.999393,0.883721,0.013025,0.561771,1.000000,0.019325,0.993475,1.000000,0.000305,1.000000,0.000000,0.000362,1.000000,0.000000
"Goethite a-Fe+3O(OH) (goethite_1)",goethite_1,becknic,mineral,mineral.hydroxide.none.solid.tir.goethite_1.jhu.nicolet.spectrum.txt,0.000420,1.000000,0.000000,0.000229,1.000000,0.000000,0.000610,0.969828,0.300357,0.000763,0.990080,1.000000,0.004900,0.977347,1.000000
"Goethite a-Fe+3O(OH) (goethite_2)",goethite_2,becknic,mineral,mineral.hydroxide.none.solid.tir.goethite_2.jhu.nicolet.spectrum.txt,0.000329,1.000000,0.000000,0.000293,1.000000,0.000000,0.000533,1.000000,0.300357,0.000803,0.963617,1.000000,0.001403,0.992497,1.000000
"Chromite Fe+2Cr2O4 (chromite_1)",chromite_1,becknic,mineral,mineral.oxide.none.coarse.tir.chromite_1.jhu.nicolet.spectrum.txt,0.000057,1.000000,0.000000,0.000045,1.000000,0.000000,0.000119,1.000000,0.300357,0.001389,0.998389,1.000000,0.003124,0.993942,1.000000
"Hematite a-Fe2O3 (hematite_1)",hematite_1,becknic,mineral,mineral.oxide.none.coarse.tir.hematite_1.jhu.nicolet.spectrum.txt,0.000207,1.000000,0.000000,0.000166,1.000000,0.000000,0.000301,0.991453,0.300357,0.000598,0.997867,1.000000,0.001225,0.992119,1.000000
"Ilmenite Fe+2TiO3 (Ilmenite_1)",Ilmenite_1,becknic,mineral,mineral.oxide.none.coarse.tir.ilmenite_1.jhu.nicolet.spectrum.txt,0.000120,1.000000,0.000000,0.000095,1.000000,0.000000,0.000247,1.000000,0.300357,0.000215,1.000000,1.000000,0.001220,0.998080,1.000000
"Magnetite Fe+2Fe2+3O4 (magnet_1)",magnet_1,becknic,mineral,mineral.oxide.none.coarse.tir.magnet_1.jhu.nicolet.spectrum.txt,0.000170,1.000000,0.000000,0.000135,1.000000,0.000000,0.000269,0.964572,0.300357,0.000444,0.991186,1.000000,0.000430,0.993543,1.000000
"Gahnite ZnAl_2O_4 (O-11A)",O-11A,becknic,mineral,mineral.oxide.none.coarse.tir.o-11a.jpl.nicolet.spectrum.txt,0.000125,1.000000,0.000000,0.000099,1.000000,0.000000,0.000835,1.000000,0.356929,0.016166,0.995257,1.000000,0.013033,0.996062,1.000000
"Corundum Al_2O_3 (O-15A)",O-15A,becknic,mineral,mineral.oxide.none.coarse.tir.o-15a.jpl.nicolet.spectrum.txt,0.000192,1.000000,0.000000,0.000748,1.000000,0.000000,0.001700,0.995966,0.356929,0.006319,0.997497,1.000000,0.003906,0.989332,1.000000
"Hematite alpha Fe_2O_3 (O-1A)",O-1A,becknic,mineral,mineral.oxide.none.coarse.tir.o-1a.jpl.nicolet.spectrum.txt,0.000397,1.000000,0.000000,0.000222,1.000000,0.000000,0.000907,0.374184,0.356929,0.001027,0.994441,1.000000,0.001091,0.998695,1.000000
"Rutile TiO_2 (O-2A)",O-2A,becknic,mineral,mineral.oxide.none.coarse.tir.o-2a.jpl.nicolet.spectrum.txt,0.000479,1.000000,0.000000,0.000496,1.000000,0.000000,0.001158,0.982568,0.356929,0.006467,0.992033,1.000000,0.004304,0.999060,1.000000
"Cassiterite SnO_2 (O-3A)",O-3A,becknic,mineral,mineral.oxide.none.coarse.tir.o-3a.jpl.nicolet.spectrum.txt,0.000158,1.000000,0.000000,0.000126,1.000000,0.000000,0.000781,0.542156,0.356929,0.000981,0.998262,1.000000,0.001592,0.999140,1.000000
"Magnetite Fe^2+Fe_2^3+O_4 (O-4A)",O-4A,becknic,mineral,mineral.oxide.none.coarse.tir.o-4a.jpl.nicolet.spectrum.txt,0.000496,1.000000,0.000000,0.000249,1.000000,0.000000,0.000914,0.928875,0.356929,0.000911,0.990296,1.000000,0.001002,0.993467,1.000000
"Pyrolusite MnO_2 (O-6A)",O-6A,becknic,mineral,mineral.oxide.none.coarse.tir.o-6a.jpl.nicolet.spectrum.txt,0.000511,1.000000,0.000000,0.000367,1.000000,0.000000,0.001069,0.000000,0.356929,0.000943,0.984373,1.000000,0.007932,0.983659,1.000000
"Columbite Fe^2+Nb_2O_6 (O-7A)",O-7A,becknic,mineral,mineral.oxide.none.coarse.tir.o-7a.jpl.nicolet.spectrum.txt,0.000332,1.000000,0.000000,0.000213,1.000000,0.000000,0.000878,0.989048,0.356929,0.001542,0.995753,1.000000,0.002758,0.997888,1.000000
"Magnesiochromite MgCr_2O_4 (O-8A)",O-8A,becknic,mineral,mineral.oxide.none.coarse.tir.o-8a.jpl.nicolet.spectrum.txt,0.000150,1.000000,0.000000,0.000120,1.000000,0.000000,0.000891,0.448122,0.356929,0.004059,0.996127,1.000000,0.011135,0.986223,1.000000
"Rutile TiO2 (rutile_1)",rutile_1,becknic,mineral,mineral.oxide.none.coarse.tir.rutile_1.jhu.nicolet.spectrum.txt,0.000494,1.000000,0.000000,0.000388,1.000000,0.000000,0.000933,0.978568,0.300357,0.006671,0.965528,1.000000,0.001735,0.998973,1.000000
"Gahnite ZnAl_2O_4 (O-11A)",O-11A,becknic,mineral,mineral.oxide.none.coarse.vswir.o-11a.jpl.beckman.spectrum.txt,0.008146,0.978843,0.883721,0.006339,0.990404,1.000000,0.006779,0.998541,1.000000,0.000233,1.000000,0.000000,0.000284,1.000000,0.000000
"Gahnite ZnAl_2O_4 (O-11A)",O-11A,becknic,mineral,mineral.oxide.none.coarse.vswir.o-11a.jpl.perkin.spectrum.txt,0.008334,0.977869,0.883721,0.005855,0.992106,1.000000,0.007531,0.998206,1.000000,0.000225,1.000000,0.000000,0.000221,1.000000,0.000000
"Corundum Al_2O_3 (O-15A)",O-15A,becknic,mineral,mineral.oxide.none.coarse.vswir.o-15a.jpl.beckman.spectrum.txt,0.001149,0.935247,0.883721,0.001090,0.912216,1.000000,0.003129,0.998659,1.000000,0.000600,1.000000,0.000000,0.000728,1.000000,0.000000
"Corundum Al_2O_3 (O-15A)",O-15A,becknic,mineral,mineral.oxide.none.coarse.vswir.o-15a.jpl.perkin.spectrum.txt,0.001336,0.994664,0.883721,0.001091,0.946983,1.000000,0.003186,0.998732,1.000000,0.000591,1.000000,0.000000,0.000607,1.000000,0.000000
"Hematite alpha Fe_2O_3 (O-1A)",O-1A,becknic,mineral,mineral.oxide.none.coarse.vswir.o-1a.jpl.beckman.spectrum.txt,0.001009,0.995255,0.883721,0.001430,0.939865,1.000000,0.000619,0.988735,1.000000,0.000347,1.000000,0.000000,0.000378,1.000000,0.000000
"Hematite alpha Fe_2O_3 (O-1A)",O-1A,becknic,mineral,mineral.oxide.none.coarse.vswir.o-1a.jpl.perkin.spectrum.txt,0.000932,0.997211,0.883721,0.001775,0.924689,1.000000,0.000577,0.991459,1.000000,0.000364,1.000000,0.000000,0.000382,1.000000,0.000000
"Rutile TiO_2 (O-2A)",O-2A,becknic,mineral,mineral.oxide.none.coarse.vswir.o-2a.jpl.beckman.spectrum.txt,0.000935,0.990692,0.883721,0.001530,0.985889,1.000000,0.000899,0.997875,1.000000,0.000630,1.000000,0.000000,0.000563,1.000000,0.000000
"Rutile TiO_2 (O-2A)",O-2A,becknic,mineral,mineral.oxide.none.coarse.vswir.o-2a.jpl.perkin.spectrum.txt,0.001017,0.995529,0.883721,0.001208,0.989201,1.000000,0.001040,0.997747,1.000000,0.000724,1.000000,0.000000,0.000660,1.000000,0.000000
"Cassiterite SnO_2 (O-3A)",O-3A,becknic,mineral,mineral.oxide.none.coarse.vswir.o-3a.jpl.beckman.spectrum.txt,0.000722,0.877073,0.883721,0.000508,1.000000,1.000000,0.000422,0.972389,1.000000,0.000222,1.000000,0.000000,0.000308,1.000000,0.000000
"Cassiterite SnO_2 (O-3A)",O-3A,becknic,mineral,mineral.oxide.none.coarse.vswir.o-3a.jpl.perkin.spectrum.txt,0.000212,0.990772,0.883721,0.000454,0.829701,1.000000,0.000414,0.982977,1.000000,0.000226,1.000000,0.000000,0.000295,1.000000,0.000000
"Magnetite Fe^2+Fe_2^3+O_4 (O-4A)",O-4A,becknic,mineral,mineral.oxide.none.coarse.vswir.o-4a.jpl.beckman.spectrum.txt,0.000619,0.941084,0.883721,0.000361,0.980095,1.000000,0.000412,0.999405,1.000000,0.000472,1.000000,0.000000,0.000374,1.000000,0.000000
"Magnetite Fe^2+Fe_2^3+O_4 (O-4A)",O-4A,becknic,mineral,mineral.oxide.none.coarse.vswir.o-4a.jpl.perkin.spectrum.txt,0.000269,0.990882,0.883721,0.000502,0.987038,1.000000,0.000523,0.999078,1.000000,0.000477,1.000000,0.000000,0.000369,1.000000,0.000000
"Pyrolusite MnO_2 (O-6A)",O-6A,becknic,mineral,mineral.oxide.none.coarse.vswir.o-6a.jpl.beckman.spectrum.txt,0.000941,0.947263,0.883721,0.000739,0.797248,1.000000,0.000608,0.994749,1.000000,0.000491,1.000000,0.000000,0.000399,1.000000,0.000000
"Pyrolusite MnO_2 (O-6A)",O-6A,becknic,mineral,mineral.oxide.none.coarse.vswir.o-6a.jpl.perkin.spectrum.txt,0.000510,0.991452,0.883721,0.000549,0.929487,1.000000,0.000685,0.994672,1.000000,0.000503,1.000000,0.000000,0.000453,1.000000,0.000000
"Columbite Fe^2+Nb_2O_6 (O-7A)",O-7A,becknic,mineral,mineral.oxide.none.coarse.vswir.o-7a.jpl.beckman.spectrum.txt,0.000578,0.951624,0.883721,0.000530,1.000000,1.000000,0.000456,0.998479,1.000000,0.000409,1.000000,0.000000,0.000390,1.000000,0.000000
"Columbite Fe^2+Nb_2O_6 (O-7A)",O-7A,becknic,mineral,mineral.oxide.none.coarse.vswir.o-7a.jpl.perkin.spectrum.txt,0.000283,0.992916,0.883721,0.000460,0.815393,1.000000,0.000500,0.998035,1.000000,0.000416,1.000000,0.000000,0.000391,1.000000,0.000000
"Magnesiochromite MgCr_2O_4 (O-8A)",O-8A,becknic,mineral,mineral.oxide.none.coarse.vswir.o-8a.jpl.beckman.spectrum.txt,0.000676,0.844631,0.883721,0.000550,1.000000,1.000000,0.000448,0.995335,1.000000,0.000222,1.000000,0.000000,0.000308,1.000000,0.000000
"Magnesiochromite MgCr_2O_4 (O-8A)",O-8A,becknic,mineral,mineral.oxide.none.coarse.vswir.o-8a.jpl.perkin.spectrum.txt,0.000209,0.994355,0.883721,0.000539,0.843686,1.000000,0.000457,0.991308,1.000000,0.000248,1.000000,0.000000,0.000261,1.000000,0.000000
"Chromite Fe+2Cr2O4 (chromite_1)",chromite_1,becknic,mineral,mineral.oxide.none.fine.tir.chromite_1.jhu.nicolet.spectrum.txt,0.000381,1.000000,0.000000,0.000941,1.000000,0.000000,0.001624,0.990294,0.300357,0.002053,0.999484,1.000000,0.004631,0.999312,1.000000
"Hematite a-Fe2O3 (hematite_1)",hematite_1,becknic,mineral,mineral.oxide.none.fine.tir.hematite_1.jhu.nicolet.spectrum.txt,0.000441,1.000000,0.000000,0.000599,1.000000,0.000000,0.001414,0.996545,0.300357,0.003304,0.999375,1.000000,0.002567,0.997793,1.000000
"Ilmenite Fe+2TiO3 (ilmenite_1)",ilmenite_1,becknic,mineral,mineral.oxide.none.fine.tir.ilmenite_1.jhu.nicolet.spectrum.txt,0.000502,1.000000,0.000000,0.000799,1.000000,0.000000,0.001156,0.997148,0.300357,0.002618,0.999624,1.000000,0.003476,0.999407,1.000000
"Magnetite Fe+2Fe2+3O4 (magnet_1)",magnet_1,becknic,mineral,mineral.oxide.none.fine.tir.magnet_1.jhu.nicolet.spectrum.txt,0.000007,1.000000,0.000000,0.000006,1.000000,0.000000,0.000108,1.000000,0.300357,0.000987,0.994782,1.000000,0.001046,0.999289,1.000000
"Gahnite ZnAl_2O_4 (O-11A)",O-11A,becknic,mineral,mineral.oxide.none.fine.tir.o-11a.jpl.nicolet.spectrum.txt,0.000366,1.000000,0.000000,0.000332,1.000000,0.000000,0.001048,0.992815,0.356929,0.007938,0.998170,1.000000,0.006545,0.998015,1.000000
"Anatase TiO_2 (O-12A)",O-12A,becknic,mineral,mineral.oxide.none.fine.tir.o-12a.jpl.nicolet.spectrum.txt,0.000223,1.000000,0.000000,0.000617,1.000000,0.000000,0.001140,0.994873,0.356929,0.004951,0.998536,1.000000,0.003955,0.995393,1.000000
"Zincite (Zn,Mn)O (O-13A)",O-13A,becknic,mineral,mineral.oxide.none.fine.tir.o-13a.jpl.nicolet.spectrum.txt,0.000353,1.000000,0.000000,0.000705,1.000000,0.000000,0.001215,0.992087,0.356929,0.009760,0.994598,1.000000,0.016406,0.991536,1.000000
"Corundum Al_2O_3 (O-15A)",O-15A,becknic,mineral,mineral.oxide.none.fine.tir.o-15a.jpl.nicolet.spectrum.txt,0.000183,1.000000,0.000000,0.000489,1.000000,0.000000,0.001018,0.991501,0.356929,0.010083,0.996213,1.000000,0.010871,0.937310,1.000000
"Hematite alpha Fe_2O_3 (O-1A)",O-1A,becknic,mineral,mineral.oxide.none.fine.tir.o-1a.jpl.nicolet.spectrum.txt,0.000454,1.000000,0.000000,0.000553,1.000000,0.000000,0.000959,0.987940,0.356929,0.006314,0.977247,1.000000,0.005821,0.993003,1.000000
"Hematite alpha Fe_2O_3 (O-1B)",O-1B,becknic,mineral,mineral.oxide.none.fine.tir.o-1b.jpl.nicolet.spectrum.txt,0.000231,1.000000,0.000000,0.000649,1.000000,0.000000,0.000885,0.995167,0.356929,0.006843,0.997037,1.000000,0.010971,0.994774,1.000000
"Rutile TiO_2 (O-2A)",O-2A,becknic,mineral,mineral.oxide.none.fine.tir.o-2a.jpl.nicolet.spectrum.txt,0.000961,1.000000,0.000000,0.000835,1.000000,0.000000,0.001310,0.968988,0.356929,0.004717,0.992729,1.000000,0.002303,0.999455,1.000000
"Cassiterite SnO_2 (O-3A)",O-3A,becknic,mineral,mineral.oxide.none.fine.tir.o-3a.jpl.nicolet.spectrum.txt,0.000440,1.000000,0.000000,0.000263,1.000000,0.000000,0.001047,0.988282,0.356929,0.000825,0.990845,1.000000,0.000863,0.997300,1.000000
"Magnetite Fe^2+Fe_2^3+O_4 (O-4A)",O-4A,becknic,mineral,mineral.oxide.none.fine.tir.o-4a.jpl.nicolet.spectrum.txt,0.000314,1.000000,0.000000,0.000208,1.000000,0.000000,0.000832,0.774289,0.356929,0.000844,0.969287,1.000000,0.000830,0.982732,1.000000
"Pyrolusite MnO_2 (O-6A)",O-6A,becknic,mineral,mineral.oxide.none.fine.tir.o-6a.jpl.nicolet.spectrum.txt,0.000343,1.000000,0.000000,0.000289,1.000000,0.000000,0.000984,0.968627,0.356929,0.001534,0.986056,1.000000,0.001500,0.998959,1.000000
"Columbite Fe^2+Nb_2O_6 (O-7A)",O-7A,becknic,mineral,mineral.oxide.none.fine.tir.o-7a.jpl.nicolet.spectrum.txt,0.000494,1.000000,0.000000,0.000819,1.000000,0.000000,0.001277,0.998962,0.356929,0.005335,0.994558,1.000000,0.003166,0.998978,1.000000
"Magnesiochromite MgCr_2O_4 (O-8A)",O-8A,becknic,mineral,mineral.oxide.none.fine.tir.o-8a.jpl.nicolet.spectrum.txt,0.000179,1.000000,0.000000,0.000143,1.000000,0.000000,0.000938,0.598469,0.356929,0.008054,0.998178,1.000000,0.008235,0.996632,1.000000
"Rutile TiO2 (rutile_1)",rutile_1,becknic,mineral,mineral.oxide.none.fine.tir.rutile_1.jhu.nicolet.spectrum.txt,0.000470,1.000000,0.000000,0.000651,1.000000,0.000000,0.001191,0.989828,0.300357,0.005307,0.998396,1.000000,0.003806,0.999661,1.000000
"Gahnite ZnAl_2O_4 (O-11A)",O-11A,becknic,mineral,mineral.oxide.none.fine.vswir.o-11a.jpl.beckman.spectrum.txt,0.003704,0.995790,0.883721,0.001473,0.994747,1.000000,0.004917,0.999557,1.000000,0.000371,1.000000,0.000000,0.000554,1.000000,0.000000
"Gahnite ZnAl_2O_4 (O-11A)",O-11A,becknic,mineral,mineral.oxide.none.fine.vswir.o-11a.jpl.perkin.spectrum.txt,0.003710,0.996387,0.883721,0.001786,0.992847,1.000000,0.005193,0.999525,1.000000,0.000485,1.000000,0.000000,0.000509,1.000000,0.000000
"Anatase TiO_2 (O-12A)",O-12A,becknic,mineral,mineral.oxide.none.fine.vswir.o-12a.jpl.beckman.spectrum.txt,0.004640,0.988610,0.883721,0.001681,-0.715708,1.000000,0.001661,0.997279,1.000000,0.000519,1.000000,0.000000,0.000901,1.000000,0.000000
"Anatase TiO_2 (O-12A)",O-12A,becknic,mineral,mineral.oxide.none.fine.vswir.o-12a.jpl.perkin.spectrum.txt,0.006509,0.989662,0.883721,0.001093,0.785064,1.000000,0.002251,0.997409,1.000000,0.000400,1.000000,0.000000,0.000649,1.000000,0.000000
"Zincite (Zn,Mn)O (O-13A)",O-13A,becknic,mineral,mineral.oxide.none.fine.vswir.o-13a.jpl.beckman.spectrum.txt,0.005321,0.995157,0.883721,0.000569,0.944649,1.000000,0.001836,0.992804,1.000000,0.000612,1.000000,0.000000,0.001264,0.000000,0.000000
"Zincite (Zn,Mn)O (O-13A)",O-13A,becknic,mineral,mineral.oxide.none.fine.vswir.o-13a.jpl.perkin.spectrum.txt,0.000532,0.997655,0.883721,0.005074,0.937153,1.000000,0.024519,0.989049,1.000000,0.000522,1.000000,0.000000,0.000529,1.000000,0.000000
"Periclase MgO (O-14A)",O-14A,becknic,mineral,mineral.oxide.none.fine.vswir.o-14a.jpl.beckman.spectrum.txt,0.000984,0.878567,0.883721,0.002149,0.357668,1.000000,0.004788,0.996879,1.000000,0.000597,1.000000,0.000000,0.000759,1.000000,0.000000
"Corundum Al_2O_3 (O-15A)",O-15A,becknic,mineral,mineral.oxide.none.fine.vswir.o-15a.jpl.beckman.spectrum.txt,0.001155,0.887144,0.883721,0.001296,0.819406,1.000000,0.001510,0.996246,1.000000,0.000542,1.000000,0.000000,0.000497,1.000000,0.000000
"Corundum Al_2O_3 (O-15A)",O-15A,becknic,mineral,mineral.oxide.none.fine.vswir.o-15a.jpl.perkin.spectrum.txt,0.000749,0.992660,0.883721,0.001728,0.278280,1.000000,0.001593,0.997850,1.000000,0.000391,1.000000,0.000000,0.000633,1.000000,0.000000
"Hematite alpha Fe_2O_3 (O-1A)",O-1A,becknic,mineral,mineral.oxide.none.fine.vswir.o-1a.jpl.beckman.spectrum.txt,0.001881,0.999439,0.883721,0.006705,0.968109,1.000000,0.000861,0.994981,1.000000,0.000831,1.000000,0.000000,0.000800,1.000000,0.000000
"Hematite alpha Fe_2O_3 (O-1A)",O-1A,becknic,mineral,mineral.oxide.none.fine.vswir.o-1a.jpl.perkin.spectrum.txt,0.001271,0.999545,0.883721,0.005683,0.972528,1.000000,0.000858,0.992416,1.000000,0.000662,1.000000,0.000000,0.000602,1.000000,0.000000
"Hematite alpha Fe_2O_3 (O-1B)",O-1B,becknic,mineral,mineral.oxide.none.fine.vswir.o-1b.jpl.beckman.spectrum.txt,0.005962,0.997893,0.883721,0.003484,0.999195,1.000000,0.004005,0.989503,1.000000,0.000589,1.000000,0.000000,0.000505,1.000000,0.000000
"Hematite alpha Fe_2O_3 (O-1B)",O-1B,becknic,mineral,mineral.oxide.none.fine.vswir.o-1b.jpl.perkin.spectrum.txt,0.004852,0.998073,0.883721,0.002786,0.999475,1.000000,0.005219,0.990807,1.000000,0.000606,1.000000,0.000000,0.000536,1.000000,0.000000
"Rutile TiO_2 (O-2A)",O-2A,becknic,mineral,mineral.oxide.none.fine.vswir.o-2a.jpl.beckman.spectrum.txt,0.001213,0.999830,0.883721,0.000968,0.996206,1.000000,0.001291,0.995383,1.000000,0.000688,1.000000,0.000000,0.000568,1.000000,0.000000
"Rutile TiO_2 (O-2A)",O-2A,becknic,mineral,mineral.oxide.none.fine.vswir.o-2a.jpl.perkin.spectrum.txt,0.000949,0.999896,0.883721,0.000978,0.996017,1.000000,0.001518,0.990986,1.000000,0.000716,1.000000,0.000000,0.000563,1.000000,0.000000
"Cassiterite SnO_2 (O-3A)",O-3A,becknic,mineral,mineral.oxide.none.fine.vswir.o-3a.jpl.beckman.spectrum.txt,0.000868,0.999102,0.883721,0.001376,0.944660,1.000000,0.000659,0.999425,1.000000,0.000299,1.000000,0.000000,0.000360,1.000000,0.000000
"Cassiterite SnO_2 (O-3A)",O-3A,becknic,mineral,mineral.oxide.none.fine.vswir.o-3a.jpl.perkin.spectrum.txt,0.000365,0.999786,0.883721,0.000981,0.962117,1.000000,0.000614,0.999397,1.000000,0.000237,1.000000,0.000000,0.000330,1.000000,0.000000
"Magnetite Fe^2+Fe_2^3+O_4 (O-4A)",O-4A,becknic,mineral,mineral.oxide.none.fine.vswir.o-4a.jpl.beckman.spectrum.txt,0.000531,0.915017,0.883721,0.000474,0.934768,1.000000,0.000373,0.998072,1.000000,0.000264,1.000000,0.000000,0.000342,1.000000,0.000000
"Magnetite Fe^2+Fe_2^3+O_4 (O-4A)",O-4A,becknic,mineral,mineral.oxide.none.fine.vswir.o-4a.jpl.perkin.spectrum.txt,0.000243,0.989509,0.883721,0.000446,0.969791,1.000000,0.000430,0.997420,1.000000,0.000272,1.000000,0.000000,0.000345,1.000000,0.000000
"Pyrolusite MnO_2 (O-6A)",O-6A,becknic,mineral,mineral.oxide.none.fine.vswir.o-6a.jpl.beckman.spectrum.txt,0.000553,0.966558,0.883721,0.000638,0.911174,1.000000,0.000614,0.999348,1.000000,0.000487,1.000000,0.000000,0.000515,1.000000,0.000000
"Pyrolusite MnO_2 (O-6A)",O-6A,becknic,mineral,mineral.oxide.none.fine.vswir.o-6a.jpl.perkin.spectrum.txt,0.000217,0.995566,0.883721,0.000473,0.871974,1.000000,0.000654,0.999012,1.000000,0.000492,1.000000,0.000000,0.000405,1.000000,0.000000
"Columbite Fe^2+Nb_2O_6 (O-7A)",O-7A,becknic,mineral,mineral.oxide.none.fine.vswir.o-7a.jpl.beckman.spectrum.txt,0.000932,0.972983,0.883721,0.000537,0.998145,1.000000,0.001908,0.999669,1.000000,0.000679,1.000000,0.000000,0.000556,1.000000,0.000000
"Columbite Fe^2+Nb_2O_6 (O-7A)",O-7A,becknic,mineral,mineral.oxide.none.fine.vswir.o-7a.jpl.perkin.spectrum.txt,0.000418,0.992713,0.883721,0.000488,0.997925,1.000000,0.001686,0.999673,1.000000,0.000659,1.000000,0.000000,0.000620,1.000000,0.000000
"Magnesiochromite MgCr_2O_4 (O-8A)",O-8A,becknic,mineral,mineral.oxide.none.fine.vswir.o-8a.jpl.beckman.spectrum.txt,0.001293,0.997491,0.883721,0.002284,0.991057,1.000000,0.002940,0.998813,1.000000,0.000257,1.000000,0.000000,0.000340,1.000000,0.000000
"Magnesiochromite MgCr_2O_4 (O-8A)",O-8A,becknic,mineral,mineral.oxide.none.fine.vswir.o-8a.jpl.perkin.spectrum.txt,0.001066,0.997815,0.883721,0.001583,0.995300,1.000000,0.003191,0.998453,1.000000,0.000214,1.000000,0.000000,0.000330,1.000000,0.000000
"Gahnite ZnAl_2O_4 (O-11A)",O-11A,becknic,mineral,mineral.oxide.none.medium.tir.o-11a.jpl.nicolet.spectrum.txt,0.000147,1.000000,0.000000,0.000117,1.000000,0.000000,0.000860,0.928091,0.356929,0.010641,0.998051,1.000000,0.011091,0.996450,1.000000
"Corundum Al_2O_3 (O-15A)",O-15A,becknic,mineral,mineral.oxide.none.medium.tir.o-15a.jpl.nicolet.spectrum.txt,0.000178,1.000000,0.000000,0.000534,1.000000,0.000000,0.001623,0.994860,0.356929,0.007586,0.997213,1.000000,0.005598,0.977704,1.000000
"Hematite alpha Fe_2O_3 (O-1A)",O-1A,becknic,mineral,mineral.oxide.none.medium.tir.o-1a.jpl.nicolet.spectrum.txt,0.000490,1.000000,0.000000,0.000253,1.000000,0.000000,0.000877,0.913355,0.356929,0.001896,0.990884,1.000000,0.001240,0.998855,1.000000
"Rutile TiO_2 (O-2A)",O-2A,becknic,mineral,mineral.oxide.none.medium.tir.o-2a.jpl.nicolet.spectrum.txt,0.000495,1.000000,0.000000,0.000871,1.000000,0.000000,0.001624,0.976274,0.356929,0.008584,0.987869,1.000000,0.003703,0.998949,1.000000
"Cassiterite SnO_2 (O-3A)",O-3A,becknic,mineral,mineral.oxide.none.medium.tir.o-3a.jpl.nicolet.spectrum.txt,0.000207,1.000000,0.000000,0.000167,1.000000,0.000000,0.000848,1.000000,0.356929,0.001121,0.997868,1.000000,0.001261,0.999237,1.000000
"Magnetite Fe^2+Fe_2^3+O_4 (O-4A)",O-4A,becknic,mineral,mineral.oxide.none.medium.tir.o-4a.jpl.nicolet.spectrum.txt,0.000492,1.000000,0.000000,0.000244,1.000000,0.000000,0.001025,0.948272,0.356929,0.000895,0.986019,1.000000,0.000808,0.991091,1.000000
"Pyrolusite MnO_2 (O-6A)",O-6A,becknic,mineral,mineral.oxide.none.medium.tir.o-6a.jpl.nicolet.spectrum.txt,0.000396,1.000000,0.000000,0.000340,1.000000,0.000000,0.000926,1.000000,0.356929,0.001124,0.920140,1.000000,0.004507,0.990674,1.000000
"Columbite Fe^2+Nb_2O_6 (O-7A)",O-7A,becknic,mineral,mineral.oxide.none.medium.tir.o-7a.jpl.nicolet.spectrum.txt,0.000302,1.000000,0.000000,0.000301,1.000000,0.000000,0.001251,0.997736,0.356929,0.003636,0.994931,1.000000,0.002066,0.998506,1.000000
"Magnesiochromite MgCr_2O_4 (O-8A)",O-8A,becknic,mineral,mineral.oxide.none.medium.tir.o-8a.jpl.nicolet.spectrum.txt,0.000162,1.000000,0.000000,0.000129,1.000000,0.000000,0.001002,0.559207,0.356929,0.005796,0.997711,1.000000,0.009079,0.992238,1.000000
"Gahnite ZnAl_2O_4 (O-11A)",O-11A,becknic,mineral,mineral.oxide.none.medium.vswir.o-11a.jpl.beckman.spectrum.txt,0.007879,0.984312,0.883721,0.004550,0.992542,1.000000,0.008462,0.998631,1.000000,0.000219,1.000000,0.000000,0.000334,1.000000,0.000000
"Gahnite ZnAl_2O_4 (O-11A)",O-11A,becknic,mineral,mineral.oxide.none.medium.vswir.o-11a.jpl.perkin.spectrum.txt,0.007990,0.984835,0.883721,0.005449,0.989457,1.000000,0.010995,0.997917,1.000000,0.000236,1.000000,0.000000,0.000281,1.000000,0.000000
"Corundum Al_2O_3 (O-15A)",O-15A,becknic,mineral,mineral.oxide.none.medium.vswir.o-15a.jpl.beckman.spectrum.txt,0.001035,0.801023,0.883721,0.001333,0.726923,1.000000,0.002381,0.998229,1.000000,0.000506,1.000000,0.000000,0.000625,1.000000,0.000000
"Corundum Al_2O_3 (O-15A)",O-15A,becknic,mineral,mineral.oxide.none.medium.vswir.o-15a.jpl.perkin.spectrum.txt,0.001120,0.975046,0.883721,0.001393,0.870675,1.000000,0.002640,0.998284,1.000000,0.000656,1.000000,0.000000,0.000728,1.000000,0.000000
"Hematite alpha Fe_2O_3 (O-1A)",O-1A,becknic,mineral,mineral.oxide.none.medium.vswir.o-1a.jpl.beckman.spectrum.txt,0.001011,0.997232,0.883721,0.002299,0.926456,1.000000,0.000564,0.989581,1.000000,0.000467,1.000000,0.000000,0.000380,1.000000,0.000000
"Hematite alpha Fe_2O_3 (O-1A)",O-1A,becknic,mineral,mineral.oxide.none.medium.vswir.o-1a.jpl.perkin.spectrum.txt,0.000912,0.998235,0.883721,0.001999,0.948109,1.000000,0.000603,0.988036,1.000000,0.000470,1.000000,0.000000,0.000376,1.000000,0.000000
"Rutile TiO_2 (O-2A)",O-2A,becknic,mineral,mineral.oxide.none.medium.vswir.o-2a.jpl.beckman.spectrum.txt,0.001361,0.998311,0.883721,0.000904,0.998129,1.000000,0.001295,0.997837,1.000000,0.000641,1.000000,0.000000,0.000680,1.000000,0.000000
"Rutile TiO_2 (O-2A)",O-2A,becknic,mineral,mineral.oxide.none.medium.vswir.o-2a.jpl.perkin.spectrum.txt,0.001041,0.999184,0.883721,0.002112,0.987842,1.000000,0.000910,0.998739,1.000000,0.000641,1.000000,0.000000,0.000682,1.000000,0.000000
"Cassiterite SnO_2 (O-3A)",O-3A,becknic,mineral,mineral.oxide.none.medium.vswir.o-3a.jpl.beckman.spectrum.txt,0.000892,0.890736,0.883721,0.000524,0.809612,1.000000,0.000355,0.979485,1.000000,0.000214,1.000000,0.000000,0.000329,1.000000,0.000000
"Cassiterite SnO_2 (O-3A)",O-3A,becknic,mineral,mineral.oxide.none.medium.vswir.o-3a.jpl.perkin.spectrum.txt,0.000282,0.987094,0.883721,0.000594,0.733201,1.000000,0.000519,0.972470,1.000000,0.000242,1.000000,0.000000,0.000331,1.000000,0.000000
"Magnetite Fe^2+Fe_2^3+O_4 (O-4A)",O-4A,becknic,mineral,mineral.oxide.none.medium.vswir.o-4a.jpl.beckman.spectrum.txt,0.000585,0.906167,0.883721,0.000456,0.962069,1.000000,0.000376,0.999455,1.000000,0.000446,1.000000,0.000000,0.000386,1.000000,0.000000
"Magnetite Fe^2+Fe_2^3+O_4 (O-4A)",O-4A,becknic,mineral,mineral.oxide.none.medium.vswir.o-4a.jpl.perkin.spectrum.txt,0.000305,0.988693,0.883721,0.000404,0.985864,1.000000,0.000487,0.999109,1.000000,0.000465,1.000000,0.000000,0.000381,1.000000,0.000000
"Pyrolusite MnO_2 (O-6A)",O-6A,becknic,mineral,mineral.oxide.none.medium.vswir.o-6a.jpl.beckman.spectrum.txt,0.000767,0.973985,0.883721,0.000546,0.882152,1.000000,0.000774,0.996695,1.000000,0.000485,1.000000,0.000000,0.000510,1.000000,0.000000
"Pyrolusite MnO_2 (O-6A)",O-6A,becknic,mineral,mineral.oxide.none.medium.vswir.o-6a.jpl.perkin.spectrum.txt,0.000696,0.982522,0.883721,0.000430,0.904590,1.000000,0.000817,0.996315,1.000000,0.000529,1.000000,0.000000,0.000506,1.000000,0.000000
"Columbite Fe^2+Nb_2O_6 (O-7A)",O-7A,becknic,mineral,mineral.oxide.none.medium.vswir.o-7a.jpl.beckman.spectrum.txt,0.000461,0.966599,0.883721,0.000441,0.878761,1.000000,0.001054,0.999439,1.000000,0.000445,1.000000,0.000000,0.000527,1.000000,0.000000
"Columbite Fe^2+Nb_2O_6 (O-7A)",O-7A,becknic,mineral,mineral.oxide.none.medium.vswir.o-7a.jpl.perkin.spectrum.txt,0.000325,0.988221,0.883721,0.000533,0.743517,1.000000,0.001077,0.999304,1.000000,0.000377,1.000000,0.000000,0.000551,1.000000,0.000000
"Magnesiochromite MgCr_2O_4 (O-8A)",O-8A,becknic,mineral,mineral.oxide.none.medium.vswir.o-8a.jpl.beckman.spectrum.txt,0.000699,0.739370,0.883721,0.000432,0.978925,1.000000,0.000763,0.997209,1.000000,0.000224,1.000000,0.000000,0.000299,1.000000,0.000000
"Magnesiochromite MgCr_2O_4 (O-8A)",O-8A,becknic,mineral,mineral.oxide.none.medium.vswir.o-8a.jpl.perkin.spectrum.txt,0.000279,0.958202,0.883721,0.000681,0.962173,1.000000,0.000790,0.997583,1.000000,0.000222,1.000000,0.000000,0.000308,1.000000,0.000000
"Chromite Fe+2Cr2O4 (chromite_1)",chromite_1,becknic,mineral,mineral.oxide.none.solid.tir.chromite_1.jhu.nicolet.spectrum.txt,0.000423,1.000000,0.000000,0.000230,1.000000,0.000000,0.000611,1.000000,0.300357,0.000894,0.971586,1.000000,0.022220,0.987900,1.000000
"Hematite a-Fe2O3 (hematite_1)",hematite_1,becknic,mineral,mineral.oxide.none.solid.tir.hematite_1.jhu.nicolet.spectrum.txt,0.000232,1.000000,0.000000,0.000181,1.000000,0.000000,0.000307,1.000000,0.300357,0.000411,0.992162,1.000000,0.002365,0.984297,1.000000
"Ilmenite Fe+2TiO3 (ilmenite_1)",ilmenite_1,becknic,mineral,mineral.oxide.none.solid.tir.ilmenite_1.jhu.nicolet.spectrum.txt,0.000438,1.000000,0.000000,0.000351,1.000000,0.000000,0.000644,1.000000,0.300357,0.000657,0.997101,1.000000,0.003918,0.997181,1.000000
"Magnetite Fe+2Fe2+3O4 (magnet_1)",magnet_1,becknic,mineral,mineral.oxide.none.solid.tir.magnet_1.jhu.nicolet.spectrum.txt,0.000501,1.000000,0.000000,0.000769,1.000000,0.000000,0.001031,0.980054,0.300357,0.001111,0.938031,1.000000,0.000691,0.995940,1.000000
"Rutile TiO2 (rutile_1)",rutile_1,becknic,mineral,mineral.oxide.none.solid.tir.rutile_1.jhu.nicolet.spectrum.txt,0.000223,1.000000,0.000000,0.000176,1.000000,0.000000,0.000457,0.859501,0.300357,0.001394,0.989901,1.000000,0.005871,0.997384,1.000000
"Apatite Ca_5(PO_4)_3F (P-1A)",P-1A,becknic,mineral,mineral.phosphate.none.coarse.tir.p-1a.jpl.nicolet.spectrum.txt,0.000321,1.000000,0.000000,0.000236,1.000000,0.000000,0.003818,0.987938,0.356929,0.019161,0.982987,1.000000,0.021383,0.959370,1.000000
"Montebrasite LiAlPO_4(OH) (P-2A)",P-2A,becknic,mineral,mineral.phosphate.none.coarse.tir.p-2a.jpl.nicolet.spectrum.txt,0.000497,1.000000,0.000000,0.000916,1.000000,0.000000,0.016458,0.952590,0.356929,0.005276,0.988300,1.000000,0.013126,0.979774,1.000000
"Amblygonite (Li,Na)Al(PO_4)(F,OH) (P-3A)",P-3A,becknic,mineral,mineral.phosphate.none.coarse.tir.p-3a.jpl.nicolet.spectrum.txt,0.000859,1.000000,0.000000,0.000535,1.000000,0.000000,0.011882,0.975264,0.356929,0.004268,0.989737,1.000000,0.009609,0.987790,1.000000
"Triphylite Li(Mn,Fe)PO_4 (P-4A)",P-4A,becknic,mineral,mineral.phosphate.none.coarse.tir.p-4a.jpl.nicolet.spectrum.txt,0.000446,1.000000,0.000000,0.000937,1.000000,0.000000,0.001735,0.999182,0.356929,0.010953,0.994042,1.000000,0.009797,0.987616,1.000000
"Apatite Ca_5(PO_4)_3F (P-1A)",P-1A,becknic,mineral,mineral.phosphate.none.coarse.vswir.p-1a.jpl.beckman.spectrum.txt,0.005049,0.996095,0.883721,0.001801,0.998997,1.000000,0.003680,0.991109,1.000000,0.000585,1.000000,0.000000,0.000613,1.000000,0.000000
"Apatite Ca_5(PO_4)_3F (P-1A)",P-1A,becknic,mineral,mineral.phosphate.none.coarse.vswir.p-1a.jpl.perkin.spectrum.txt,0.004042,0.997250,0.883721,0.002044,0.998375,1.000000,0.004627,0.986906,1.000000,0.000590,1.000000,0.000000,0.000619,1.000000,0.000000
"Montebrasite LiAlPO_4(OH) (P-2A)",P-2A,becknic,mineral,mineral.phosphate.none.coarse.vswir.p-2a.jpl.beckman.spectrum.txt,0.000834,0.998549,0.883721,0.000797,0.618026,1.000000,0.010483,0.995915,1.000000,0.000512,1.000000,0.000000,0.000527,1.000000,0.000000
"Montebrasite LiAlPO_4(OH) (P-2A)",P-2A,becknic,mineral,mineral.phosphate.none.coarse.vswir.p-2a.jpl.perkin.spectrum.txt,0.000648,0.999340,0.883721,0.001310,0.812628,1.000000,0.012456,0.994726,1.000000,0.000385,1.000000,0.000000,0.000544,1.000000,0.000000
"Amblygonite (Li,Na)Al(PO_4)(F,OH) (P-3A)",P-3A,becknic,mineral,mineral.phosphate.none.coarse.vswir.p-3a.jpl.beckman.spectrum.txt,0.000802,0.999555,0.883721,0.000773,0.979496,1.000000,0.009066,0.997941,1.000000,0.000631,1.000000,0.000000,0.000563,1.000000,0.000000
"Amblygonite (Li,Na)Al(PO_4)(F,OH) (P-3A)",P-3A,becknic,mineral,mineral.phosphate.none.coarse.vswir.p-3a.jpl.perkin.spectrum.txt,0.000531,0.999735,0.883721,0.000701,0.913777,1.000000,0.011103,0.996750,1.000000,0.000525,1.000000,0.000000,0.000530,1.000000,0.000000
"Triphylite Li(Mn,Fe)PO_4 (P-4A)",P-4A,becknic,mineral,mineral.phosphate.none.coarse.vswir.p-4a.jpl.beckman.spectrum.txt,0.014167,0.951267,0.883721,0.014185,0.985453,1.000000,0.010309,0.998462,1.000000,0.000623,1.000000,0.000000,0.000601,1.000000,0.000000
"Triphylite Li(Mn,Fe)PO_4 (P-4A)",P-4A,becknic,mineral,mineral.phosphate.none.coarse.vswir.p-4a.jpl.perkin.spectrum.txt,0.012883,0.959664,0.883721,0.013938,0.986009,1.000000,0.009512,0.998582,1.000000,0.000697,1.000000,0.000000,0.000547,1.000000,0.000000
"Apatite Ca_5(PO_4)_3F (P-1A)",P-1A,becknic,mineral,mineral.phosphate.none.fine.tir.p-1a.jpl.nicolet.spectrum.txt,0.000184,1.000000,0.000000,0.000490,1.000000,0.000000,0.001111,0.980083,0.356929,0.018511,0.986122,1.000000,0.011453,0.950290,1.000000
"Montebrasite LiAlPO_4(OH) (P-2A)",P-2A,becknic,mineral,mineral.phosphate.none.fine.tir.p-2a.jpl.nicolet.spectrum.txt,0.000341,1.000000,0.000000,0.000881,1.000000,0.000000,0.007960,0.929854,0.356929,0.011865,0.987317,1.000000,0.004014,0.987158,1.000000
"Amblygonite (Li,Na)Al(PO_4)(F,OH) (P-3A)",P-3A,becknic,mineral,mineral.phosphate.none.fine.tir.p-3a.jpl.nicolet.spectrum.txt,0.000221,1.000000,0.000000,0.000872,1.000000,0.000000,0.009017,0.961318,0.356929,0.011517,0.989219,1.000000,0.004459,0.985714,1.000000
"Triphylite Li(Mn,Fe)PO_4 (P-4A)",P-4A,becknic,mineral,mineral.phosphate.none.fine.tir.p-4a.jpl.nicolet.spectrum.txt,0.000183,1.000000,0.000000,0.000602,1.000000,0.000000,0.001552,0.985765,0.356929,0.004922,0.999414,1.000000,0.006735,0.976661,1.000000
"Apatite Ca_5(PO_4)_3F (P-1A)",P-1A,becknic,mineral,mineral.phosphate.none.fine.vswir.p-1a.jpl.beckman.spectrum.txt,0.001347,0.999165,0.883721,0.000794,0.996945,1.000000,0.001245,0.989238,1.000000,0.000503,1.000000,0.000000,0.000532,1.000000,0.000000
"Apatite Ca_5(PO_4)_3F (P-1A)",P-1A,becknic,mineral,mineral.phosphate.none.fine.vswir.p-1a.jpl.perkin.spectrum.txt,0.001092,0.999538,0.883721,0.001070,0.989812,1.000000,0.001712,0.989122,1.000000,0.000507,1.000000,0.000000,0.000627,1.000000,0.000000
"Montebrasite LiAlPO_4(OH) (P-2A)",P-2A,becknic,mineral,mineral.phosphate.none.fine.vswir.p-2a.jpl.beckman.spectrum.txt,0.000728,0.972257,0.883721,0.001620,-0.195611,1.000000,0.003173,0.993543,1.000000,0.000758,1.000000,0.000000,0.000607,1.000000,0.000000
"Montebrasite LiAlPO_4(OH) (P-2A)",P-2A,becknic,mineral,mineral.phosphate.none.fine.vswir.p-2a.jpl.perkin.spectrum.txt,0.000641,0.981130,0.883721,0.000719,0.977778,1.000000,0.005024,0.985567,1.000000,0.000702,1.000000,0.000000,0.000554,1.000000,0.000000
"Amblygonite (Li,Na)Al(PO_4)(F,OH) (P-3A)",P-3A,becknic,mineral,mineral.phosphate.none.fine.vswir.p-3a.jpl.beckman.spectrum.txt,0.000920,0.997692,0.883721,0.001170,0.000000,1.000000,0.003569,0.997596,1.000000,0.000588,1.000000,0.000000,0.000604,1.000000,0.000000
"Amblygonite (Li,Na)Al(PO_4)(F,OH) (P-3A)",P-3A,becknic,mineral,mineral.phosphate.none.fine.vswir.p-3a.jpl.perkin.spectrum.txt,0.000403,0.999694,0.883721,0.001821,-0.398933,1.000000,0.005815,0.994997,1.000000,0.000622,1.000000,0.000000,0.000601,1.000000,0.000000
"Triphylite Li(Mn,Fe)PO_4 (P-4A)",P-4A,becknic,mineral,mineral.phosphate.none.fine.vswir.p-4a.jpl.beckman.spectrum.txt,0.004488,0.997454,0.883721,0.003508,0.999553,1.000000,0.003759,0.999649,1.000000,0.000531,1.000000,0.000000,0.000923,1.000000,0.000000
"Triphylite Li(Mn,Fe)PO_4 (P-4A)",P-4A,becknic,mineral,mineral.phosphate.none.fine.vswir.p-4a.jpl.perkin.spectrum.txt,0.003358,0.998961,0.883721,0.003332,0.999594,1.000000,0.003755,0.999634,1.000000,0.000608,1.000000,0.000000,0.000539,1.000000,0.000000
"Apatite Ca_5(PO_4)_3F (P-1A)",P-1A,becknic,mineral,mineral.phosphate.none.medium.tir.p-1a.jpl.nicolet.spectrum.txt,0.000189,1.000000,0.000000,0.000707,1.000000,0.000000,0.001910,0.986815,0.356929,0.017210,0.989882,1.000000,0.020200,0.950589,1.000000
"Montebrasite LiAlPO_4(OH) (P-2A)",P-2A,becknic,mineral,mineral.phosphate.none.medium.tir.p-2a.jpl.nicolet.spectrum.txt,0.000727,1.000000,0.000000,0.000888,1.000000,0.000000,0.014300,0.965408,0.356929,0.009473,0.988619,1.000000,0.012492,0.980882,1.000000
"Amblygonite (Li,Na)Al(PO_4)(F,OH) (P-3A)",P-3A,becknic,mineral,mineral.phosphate.none.medium.tir.p-3a.jpl.nicolet.spectrum.txt,0.000352,1.000000,0.000000,0.000903,1.000000,0.000000,0.012245,0.975366,0.356929,0.008167,0.989825,1.000000,0.007912,0.988882,1.000000
"Triphylite Li(Mn,Fe)PO_4 (P-4A)",P-4A,becknic,mineral,mineral.phosphate.none.medium.tir.p-4a.jpl.nicolet.spectrum.txt,0.000295,1.000000,0.000000,0.000355,1.000000,0.000000,0.002044,0.997502,0.356929,0.007034,0.998599,1.000000,0.009614,0.984383,1.000000
"Apatite Ca_5(PO_4)_3F (P-1A)",P-1A,becknic,mineral,mineral.phosphate.none.medium.vswir.p-1a.jpl.beckman.spectrum.txt,0.003874,0.996954,0.883721,0.002745,0.994624,1.000000,0.002532,0.991570,1.000000,0.000422,1.000000,0.000000,0.000639,1.000000,0.000000
"Apatite Ca_5(PO_4)_3F (P-1A)",P-1A,becknic,mineral,mineral.phosphate.none.medium.vswir.p-1a.jpl.perkin.spectrum.txt,0.003769,0.997342,0.883721,0.001703,0.997771,1.000000,0.003166,0.991562,1.000000,0.000616,1.000000,0.000000,0.000723,1.000000,0.000000
"Montebrasite LiAlPO_4(OH) (P-2A)",P-2A,becknic,mineral,mineral.phosphate.none.medium.vswir.p-2a.jpl.beckman.spectrum.txt,0.001044,0.995640,0.883721,0.000940,0.656067,1.000000,0.007416,0.996962,1.000000,0.000634,1.000000,0.000000,0.000697,1.000000,0.000000
"Montebrasite LiAlPO_4(OH) (P-2A)",P-2A,becknic,mineral,mineral.phosphate.none.medium.vswir.p-2a.jpl.perkin.spectrum.txt,0.000662,0.998790,0.883721,0.001523,0.192737,1.000000,0.009692,0.995421,1.000000,0.000694,1.000000,0.000000,0.000751,1.000000,0.000000
"Amblygonite (Li,Na)Al(PO_4)(F,OH) (P-3A)",P-3A,becknic,mineral,mineral.phosphate.none.medium.vswir.p-3a.jpl.beckman.spectrum.txt,0.001037,0.998696,0.883721,0.000856,0.952176,1.000000,0.006202,0.998485,1.000000,0.000726,1.000000,0.000000,0.000529,1.000000,0.000000
"Amblygonite (Li,Na)Al(PO_4)(F,OH) (P-3A)",P-3A,becknic,mineral,mineral.phosphate.none.medium.vswir.p-3a.jpl.perkin.spectrum.txt,0.000714,0.999511,0.883721,0.000884,0.922549,1.000000,0.008353,0.997509,1.000000,0.000654,1.000000,0.000000,0.000631,1.000000,0.000000
"Triphylite Li(Mn,Fe)PO_4 (P-4A)",P-4A,becknic,mineral,mineral.phosphate.none.medium.vswir.p-4a.jpl.beckman.spectrum.txt,0.010903,0.978813,0.883721,0.004412,0.999331,1.000000,0.005669,0.999585,1.000000,0.000391,1.000000,0.000000,0.000635,1.000000,0.000000
"Triphylite Li(Mn,Fe)PO_4 (P-4A)",P-4A,becknic,mineral,mineral.phosphate.none.medium.vswir.p-4a.jpl.perkin.spectrum.txt,0.010061,0.982623,0.883721,0.004610,0.999297,1.000000,0.006116,0.999515,1.000000,0.000490,1.000000,0.000000,0.000605,1.000000,0.000000
"Beryl Be3Al2Si6O18 (beryl_1)",beryl_1,becknic,mineral,mineral.silicate.cyclosilicate.coarse.tir.beryl_1.jhu.nicolet.spectrum.txt,0.000318,1.000000,0.000000,0.000315,1.000000,0.000000,0.000896,0.951723,0.300357,0.004795,0.989181,1.000000,0.003662,0.968894,1.000000
"Beryl Be3Al2Si6O18 (beryl_2)",beryl_2,becknic,mineral,mineral.silicate.cyclosilicate.coarse.tir.beryl_2.jhu.nicolet.spectrum.txt,0.000178,1.000000,0.000000,0.000142,1.000000,0.000000,0.000482,0.979124,0.300357,0.001544,0.995731,1.000000,0.002460,0.963601,1.000000
"Cordierite Mg2Al4Si5O18 (cordier_2)",cordier_2,becknic,mineral,mineral.silicate.cyclosilicate.coarse.tir.cordier_2.jhu.nicolet.spectrum.txt,0.000359,1.000000,0.000000,0.000219,1.000000,0.000000,0.000615,0.991042,0.300357,0.002656,0.987925,1.000000,0.002585,0.983777,1.000000
"Tourmaline Na(Mg_3,Fe_3^2+)Al_6(BO_3)_3Si_6O_18(OH)_4 (CS-1A)",CS-1A,becknic,mineral,mineral.silicate.cyclosilicate.coarse.tir.cs-1a.jpl.nicolet.spectrum.txt,0.000172,1.000000,0.000000,0.000137,1.000000,0.000000,0.001949,0.977911,0.356929,0.006028,0.975249,1.000000,0.007863,0.956638,1.000000
"Beryl Be_3Al_2Si_6O_18 (CS-2A)",CS-2A,becknic,mineral,mineral.silicate.cyclosilicate.coarse.tir.cs-2a.jpl.nicolet.spectrum.txt,0.000384,1.000000,0.000000,0.000382,1.000000,0.000000,0.004721,0.991616,0.356929,0.023412,0.988263,1.000000,0.020791,0.944946,1.000000
"Cordierite Mg_2Al_3(Si_5Al)O_18 (CS-3A)",CS-3A,becknic,mineral,mineral.silicate.cyclosilicate.coarse.tir.cs-3a.jpl.nicolet.spectrum.txt,0.000358,1.000000,0.000000,0.000216,1.000000,0.000000,0.003595,0.990361,0.356929,0.018153,0.987350,1.000000,0.021854,0.937721,1.000000
"Ferroaxinite Ca_2Fe^2+Al_2BSi_4O_15(OH) (CS-4A)",CS-4A,becknic,mineral,mineral.silicate.cyclosilicate.coarse.tir.cs-4a.jpl.nicolet.spectrum.txt,0.000274,1.000000,0.000000,0.000197,1.000000,0.000000,0.003788,0.984952,0.356929,0.006851,0.995384,1.000000,0.015443,0.958115,1.000000
"Tourmaline (Elbaite) Na(Li,Al)3Al6(BO3)3Si6018(OH)4 (tourmal_1)",tourmal_1,becknic,mineral,mineral.silicate.cyclosilicate.coarse.tir.tourmal_1.jhu.nicolet.spectrum.txt,0.000229,1.000000,0.000000,0.000179,1.000000,0.000000,0.001960,0.947146,0.300357,0.002735,0.974748,1.000000,0.002149,0.960627,1.000000
"Tourmaline (Schorl) NaFe3+2Al6(BO3)3Si6O18(OH)4 (tourmal_2)",tourmal_2,becknic,mineral,mineral.silicate.cyclosilicate.coarse.tir.tourmal_2.jhu.nicolet.spectrum.txt,0.000172,1.000000,0.000000,0.000137,1.000000,0.000000,0.001302,0.741753,0.300357,0.001804,0.985734,1.000000,0.001275,0.965273,1.000000
"Tourmaline Na(Mg_3,Fe_3^2+)Al_6(BO_3)_3Si_6O_18(OH)_4 (CS-1A)",CS-1A,becknic,mineral,mineral.silicate.cyclosilicate.coarse.vswir.cs-1a.jpl.beckman.spectrum.txt,0.000685,0.921218,0.883721,0.000622,0.637555,1.000000,0.001407,0.994133,1.000000,0.000339,1.000000,0.000000,0.000374,1.000000,0.000000
"Tourmaline Na(Mg_3,Fe_3^2+)Al_6(BO_3)_3Si_6O_18(OH)_4 (CS-1A)",CS-1A,becknic,mineral,mineral.silicate.cyclosilicate.coarse.vswir.cs-1a.jpl.perkin.spectrum.txt,0.000105,0.998408,0.883721,0.000534,0.779993,1.000000,0.001811,0.992921,1.000000,0.000365,1.000000,0.000000,0.000383,1.000000,0.000000
"Beryl Be_3Al_2Si_6O_18 (CS-2A)",CS-2A,becknic,mineral,mineral.silicate.cyclosilicate.coarse.vswir.cs-2a.jpl.beckman.spectrum.txt,0.002914,0.998022,0.883721,0.008780,0.987777,1.000000,0.016817,0.969813,1.000000,0.000724,1.000000,0.000000,0.000686,1.000000,0.000000
"Beryl Be_3Al_2Si_6O_18 (CS-2A)",CS-2A,becknic,mineral,mineral.silicate.cyclosilicate.coarse.vswir.cs-2a.jpl.perkin.spectrum.txt,0.002429,0.998359,0.883721,0.009624,0.984044,1.000000,0.023576,0.942426,1.000000,0.000797,1.000000,0.000000,0.000749,1.000000,0.000000
"Cordierite Mg_2Al_3(Si_5Al)O_18 (CS-3A)",CS-3A,becknic,mineral,mineral.silicate.cyclosilicate.coarse.vswir.cs-3a.jpl.beckman.spectrum.txt,0.003043,0.987493,0.883721,0.002401,0.998738,1.000000,0.008337,0.997000,1.000000,0.000738,1.000000,0.000000,0.000516,1.000000,0.000000
"Cordierite Mg_2Al_3(Si_5Al)O_18 (CS-3A)",CS-3A,becknic,mineral,mineral.silicate.cyclosilicate.coarse.vswir.cs-3a.jpl.perkin.spectrum.txt,0.003015,0.988341,0.883721,0.003204,0.997905,1.000000,0.013346,0.992840,1.000000,0.000639,1.000000,0.000000,0.000682,1.000000,0.000000
"Ferroaxinite Ca_2Fe^2+Al_2BSi_4O_15(OH) (CS-4A)",CS-4A,becknic,mineral,mineral.silicate.cyclosilicate.coarse.vswir.cs-4a.jpl.beckman.spectrum.txt,0.005056,0.996293,0.883721,0.011883,0.992206,1.000000,0.006683,0.984105,1.000000,0.000428,1.000000,0.000000,0.000534,1.000000,0.000000
"Ferroaxinite Ca_2Fe^2+Al_2BSi_4O_15(OH) (CS-4A)",CS-4A,becknic,mineral,mineral.silicate.cyclosilicate.coarse.vswir.cs-4a.jpl.perkin.spectrum.txt,0.005256,0.996369,0.883721,0.013546,0.991280,1.000000,0.007261,0.983790,1.000000,0.000446,1.000000,0.000000,0.000529,1.000000,0.000000
"Beryl Be3Al2Si6O18 (beryl_1)",beryl_1,becknic,mineral,mineral.silicate.cyclosilicate.fine.tir.beryl_1.jhu.nicolet.spectrum.txt,0.000520,1.000000,0.000000,0.000662,1.000000,0.000000,0.001242,-0.211576,0.300357,0.002891,0.982696,1.000000,0.008911,0.996438,1.000000
"Beryl Be3Al2Si6O18 (beryl_2)",beryl_2,becknic,mineral,mineral.silicate.cyclosilicate.fine.tir.beryl_2.jhu.nicolet.spectrum.txt,0.000597,1.000000,0.000000,0.000644,1.000000,0.000000,0.001393,0.000000,0.300357,0.004191,0.985781,1.000000,0.010165,0.997595,1.000000
"Cordierite Mg2Al4Si5O18 (cordier_2)",cordier_2,becknic,mineral,mineral.silicate.cyclosilicate.fine.tir.cordier_2.jhu.nicolet.spectrum.txt,0.000597,1.000000,0.000000,0.000644,1.000000,0.000000,0.001393,0.000000,0.300357,0.003849,0.994197,1.000000,0.018968,0.993815,1.000000
"Tourmaline Na(Mg_3,Fe_3^2+)Al_6(BO_3)_3Si_6O_18(OH)_4 (CS-1A)",CS-1A,becknic,mineral,mineral.silicate.cyclosilicate.fine.tir.cs-1a.jpl.nicolet.spectrum.txt,0.000502,1.000000,0.000000,0.000942,1.000000,0.000000,0.002297,0.989991,0.356929,0.012309,0.978375,1.000000,0.004315,0.957452,1.000000
"Beryl Be_3Al_2Si_6O_18 (CS-2A)",CS-2A,becknic,mineral,mineral.silicate.cyclosilicate.fine.tir.cs-2a.jpl.nicolet.spectrum.txt,0.000353,1.000000,0.000000,0.000728,1.000000,0.000000,0.001275,0.967434,0.356929,0.020150,0.988028,1.000000,0.008030,0.941921,1.000000
"Cordierite Mg_2Al_3(Si_5Al)O_18 (CS-3A)",CS-3A,becknic,mineral,mineral.silicate.cyclosilicate.fine.tir.cs-3a.jpl.nicolet.spectrum.txt,0.000194,1.000000,0.000000,0.000777,1.000000,0.000000,0.001146,0.989626,0.356929,0.025266,0.981448,1.000000,0.006907,0.956785,1.000000
"Ferroaxinite Ca_2Fe^2+Al_2BSi_4O_15(OH) (CS-4A)",CS-4A,becknic,mineral,mineral.silicate.cyclosilicate.fine.tir.cs-4a.jpl.nicolet.spectrum.txt,0.000633,1.000000,0.000000,0.000533,1.000000,0.000000,0.004390,0.992467,0.356929,0.012703,0.994340,1.000000,0.007291,0.971698,1.000000
"Tourmaline (Elbaite) Na(Li,Al)3Al6(BO3)3Si6018(OH)4 (tourmal_1)",tourmal_1,becknic,mineral,mineral.silicate.cyclosilicate.fine.tir.tourmal_1.jhu.nicolet.spectrum.txt,0.000242,1.000000,0.000000,0.000690,1.000000,0.000000,0.000945,0.120728,0.300357,0.003810,0.992133,1.000000,0.011852,0.995743,1.000000
"Tourmaline (Schorl) NaFe3+2Al6(BO3)3Si6O18(OH)4 (tourmal_2)",tourmal_2,becknic,mineral,mineral.silicate.cyclosilicate.fine.tir.tourmal_2.jhu.nicolet.spectrum.txt,0.000185,1.000000,0.000000,0.000492,1.000000,0.000000,0.001490,0.993596,0.300357,0.009715,0.978447,1.000000,0.016664,0.992403,1.000000
"Tourmaline Na(Mg_3,Fe_3^2+)Al_6(BO_3)_3Si_6O_18(OH)_4 (CS-1A)",CS-1A,becknic,mineral,mineral.silicate.cyclosilicate.fine.vswir.cs-1a.jpl.beckman.spectrum.txt,0.000842,0.983706,0.883721,0.001090,0.986798,1.000000,0.002059,0.999670,1.000000,0.000721,1.000000,0.000000,0.000530,1.000000,0.000000
"Tourmaline Na(Mg_3,Fe_3^2+)Al_6(BO_3)_3Si_6O_18(OH)_4 (CS-1A)",CS-1A,becknic,mineral,mineral.silicate.cyclosilicate.fine.vswir.cs-1a.jpl.perkin.spectrum.txt,0.000583,0.988186,0.883721,0.000901,0.986867,1.000000,0.002365,0.999520,1.000000,0.000663,1.000000,0.000000,0.000714,1.000000,0.000000
"Beryl Be_3Al_2Si_6O_18 (CS-2A)",CS-2A,becknic,mineral,mineral.silicate.cyclosilicate.fine.vswir.cs-2a.jpl.beckman.spectrum.txt,0.001095,0.960556,0.883721,0.000922,0.980964,1.000000,0.003277,0.928310,1.000000,0.000747,1.000000,0.000000,0.000606,1.000000,0.000000
"Beryl Be_3Al_2Si_6O_18 (CS-2A)",CS-2A,becknic,mineral,mineral.silicate.cyclosilicate.fine.vswir.cs-2a.jpl.perkin.spectrum.txt,0.000739,0.984483,0.883721,0.001112,0.957536,1.000000,0.006658,0.821674,1.000000,0.000739,1.000000,0.000000,0.000548,1.000000,0.000000
"Cordierite Mg_2Al_3(Si_5Al)O_18 (CS-3A)",CS-3A,becknic,mineral,mineral.silicate.cyclosilicate.fine.vswir.cs-3a.jpl.beckman.spectrum.txt,0.001330,0.999319,0.883721,0.003198,0.995002,1.000000,0.003720,0.995226,1.000000,0.000618,1.000000,0.000000,0.000739,1.000000,0.000000
"Cordierite Mg_2Al_3(Si_5Al)O_18 (CS-3A)",CS-3A,becknic,mineral,mineral.silicate.cyclosilicate.fine.vswir.cs-3a.jpl.perkin.spectrum.txt,0.001265,0.999493,0.883721,0.003148,0.995967,1.000000,0.007095,0.984406,1.000000,0.000603,1.000000,0.000000,0.000686,1.000000,0.000000
"Ferroaxinite Ca_2Fe^2+Al_2BSi_4O_15(OH) (CS-4A)",CS-4A,becknic,mineral,mineral.silicate.cyclosilicate.fine.vswir.cs-4a.jpl.beckman.spectrum.txt,0.004658,0.995307,0.883721,0.003650,0.999507,1.000000,0.006178,0.997390,1.000000,0.000707,1.000000,0.000000,0.000547,1.000000,0.000000
"Ferroaxinite Ca_2Fe^2+Al_2BSi_4O_15(OH) (CS-4A)",CS-4A,becknic,mineral,mineral.silicate.cyclosilicate.fine.vswir.cs-4a.jpl.perkin.spectrum.txt,0.004119,0.996682,0.883721,0.006296,0.998577,1.000000,0.005791,0.997496,1.000000,0.000712,1.000000,0.000000,0.000553,1.000000,0.000000
"Tourmaline Na(Mg_3,Fe_3^2+)Al_6(BO_3)_3Si_6O_18(OH)_4 (CS-1A)",CS-1A,becknic,mineral,mineral.silicate.cyclosilicate.medium.tir.cs-1a.jpl.nicolet.spectrum.txt,0.000336,1.000000,0.000000,0.000291,1.000000,0.000000,0.003528,0.986819,0.356929,0.011958,0.976532,1.000000,0.007730,0.954125,1.000000
"Beryl Be_3Al_2Si_6O_18 (CS-2A)",CS-2A,becknic,mineral,mineral.silicate.cyclosilicate.medium.tir.cs-2a.jpl.nicolet.spectrum.txt,0.000286,1.000000,0.000000,0.000409,1.000000,0.000000,0.002939,0.991721,0.356929,0.024418,0.990434,1.000000,0.019591,0.945759,1.000000
"Cordierite Mg_2Al_3(Si_5Al)O_18 (CS-3A)",CS-3A,becknic,mineral,mineral.silicate.cyclosilicate.medium.tir.cs-3a.jpl.nicolet.spectrum.txt,0.000208,1.000000,0.000000,0.000859,1.000000,0.000000,0.002684,0.989894,0.356929,0.023099,0.986679,1.000000,0.018252,0.938620,1.000000
"Ferroaxinite Ca_2Fe^2+Al_2BSi_4O_15(OH) (CS-4A)",CS-4A,becknic,mineral,mineral.silicate.cyclosilicate.medium.tir.cs-4a.jpl.nicolet.spectrum.txt,0.000536,1.000000,0.000000,0.000374,1.000000,0.000000,0.004195,0.992387,0.356929,0.008566,0.996761,1.000000,0.013254,0.956116,1.000000
"Tourmaline Na(Mg_3,Fe_3^2+)Al_6(BO_3)_3Si_6O_18(OH)_4 (CS-1A)",CS-1A,becknic,mineral,mineral.silicate.cyclosilicate.medium.vswir.cs-1a.jpl.beckman.spectrum.txt,0.000711,0.845115,0.883721,0.000586,0.811219,1.000000,0.003469,0.996869,1.000000,0.000427,1.000000,0.000000,0.000530,1.000000,0.000000
"Tourmaline Na(Mg_3,Fe_3^2+)Al_6(BO_3)_3Si_6O_18(OH)_4 (CS-1A)",CS-1A,becknic,mineral,mineral.silicate.cyclosilicate.medium.vswir.cs-1a.jpl.perkin.spectrum.txt,0.000098,0.997838,0.883721,0.000530,0.798820,1.000000,0.003920,0.996115,1.000000,0.000411,1.000000,0.000000,0.000532,1.000000,0.000000
"Beryl Be_3Al_2Si_6O_18 (CS-2A)",CS-2A,becknic,mineral,mineral.silicate.cyclosilicate.medium.vswir.cs-2a.jpl.beckman.spectrum.txt,0.001354,0.998231,0.883721,0.005233,0.987367,1.000000,0.011192,0.962939,1.000000,0.000738,1.000000,0.000000,0.000542,1.000000,0.000000
"Beryl Be_3Al_2Si_6O_18 (CS-2A)",CS-2A,becknic,mineral,mineral.silicate.cyclosilicate.medium.vswir.cs-2a.jpl.perkin.spectrum.txt,0.001278,0.997973,0.883721,0.006701,0.977688,1.000000,0.018481,0.909847,1.000000,0.000752,1.000000,0.000000,0.000546,1.000000,0.000000
"Cordierite Mg_2Al_3(Si_5Al)O_18 (CS-3A)",CS-3A,becknic,mineral,mineral.silicate.cyclosilicate.medium.vswir.cs-3a.jpl.beckman.spectrum.txt,0.003127,0.989041,0.883721,0.001989,0.999295,1.000000,0.006935,0.997058,1.000000,0.000741,1.000000,0.000000,0.000588,1.000000,0.000000
"Cordierite Mg_2Al_3(Si_5Al)O_18 (CS-3A)",CS-3A,becknic,mineral,mineral.silicate.cyclosilicate.medium.vswir.cs-3a.jpl.perkin.spectrum.txt,0.002661,0.992473,0.883721,0.002392,0.999021,1.000000,0.012120,0.991132,1.000000,0.000729,1.000000,0.000000,0.000601,1.000000,0.000000
"Ferroaxinite Ca_2Fe^2+Al_2BSi_4O_15(OH) (CS-4A)",CS-4A,becknic,mineral,mineral.silicate.cyclosilicate.medium.vswir.cs-4a.jpl.beckman.spectrum.txt,0.006305,0.995252,0.883721,0.016935,0.990596,1.000000,0.007947,0.992843,1.000000,0.000776,1.000000,0.000000,0.000803,1.000000,0.000000
"Ferroaxinite Ca_2Fe^2+Al_2BSi_4O_15(OH) (CS-4A)",CS-4A,becknic,mineral,mineral.silicate.cyclosilicate.medium.vswir.cs-4a.jpl.perkin.spectrum.txt,0.006454,0.995212,0.883721,0.020294,0.987856,1.000000,0.009317,0.991013,1.000000,0.000823,1.000000,0.000000,0.000831,1.000000,0.000000
"Beryl Be3Al2Si6O18 (beryl_1)",beryl_1,becknic,mineral,mineral.silicate.cyclosilicate.solid.tir.beryl_1.jhu.nicolet.spectrum.txt,0.000495,1.000000,0.000000,0.000388,1.000000,0.000000,0.000812,0.811070,0.300357,0.000972,0.994204,1.000000,0.027768,0.963077,1.000000
"Beryl Be3Al2Si6O18 (beryl_2)",beryl_2,becknic,mineral,mineral.silicate.cyclosilicate.solid.tir.beryl_2.jhu.nicolet.spectrum.txt,0.000385,1.000000,0.000000,0.000224,1.000000,0.000000,0.000368,1.000000,0.300357,0.001061,0.981445,1.000000,0.014459,0.976673,1.000000
"Cordierite Mg2Al4Si5O18 (cordier_2)",cordier_2,becknic,mineral,mineral.silicate.cyclosilicate.solid.tir.cordier_2.jhu.nicolet.spectrum.txt,0.000168,1.000000,0.000000,0.000133,1.000000,0.000000,0.000281,1.000000,0.300357,0.001405,0.916533,1.000000,0.009541,0.977234,1.000000
"Tourmaline (Elbaite) Na(Li,Al)3Al6(BO3)3Si6018(OH)4 (tourmal_1)",tourmal_1,becknic,mineral,mineral.silicate.cyclosilicate.solid.tir.tourmal_1.jhu.nicolet.spectrum.txt,0.000488,1.000000,0.000000,0.000406,1.000000,0.000000,0.000857,0.993356,0.300357,0.001187,0.993210,1.000000,0.014642,0.945303,1.000000
"Tourmaline (Schorl) NaFe3+2Al6(BO3)3Si6O18(OH)4 (tourmal_2)",tourmal_2,becknic,mineral,mineral.silicate.cyclosilicate.solid.tir.tourmal_2.jhu.nicolet.spectrum.txt,0.000489,1.000000,0.000000,0.000418,1.000000,0.000000,0.000887,0.943684,0.300357,0.000615,0.997020,1.000000,0.016826,0.962509,1.000000
"Acmite NaFe+3Si2O6 (acmite_2)",acmite_2,becknic,mineral,mineral.silicate.inosilicate.coarse.tir.acmite_2.jhu.nicolet.spectrum.txt,0.000099,1.000000,0.000000,0.000079,1.000000,0.000000,0.000306,0.997418,0.300357,0.001080,0.997801,1.000000,0.000791,0.997494,1.000000
"Augite (Ca,Na)(Mg,Fe,Al,Ti)(Si,Al)2O6 (augite_1)",augite_1,becknic,mineral,mineral.silicate.inosilicate.coarse.tir.augite_1.jhu.nicolet.spectrum.txt,0.000097,1.000000,0.000000,0.000077,1.000000,0.000000,0.000337,0.997850,0.300357,0.001245,0.997857,1.000000,0.001440,0.992516,1.000000
"Augite (Ca,Na)(Mg,Fe,Al,Ti)(Si,Al)2O6 (augite_2)",augite_2,becknic,mineral,mineral.silicate.inosilicate.coarse.tir.augite_2.jhu.nicolet.spectrum.txt,0.000186,1.000000,0.000000,0.000149,1.000000,0.000000,0.000311,0.981609,0.300357,0.001112,0.998377,1.000000,0.001569,0.995336,1.000000
"Bustamite (Mn,Ca)3Si3O9 (bustamite_1)",bustamite_1,becknic,mineral,mineral.silicate.inosilicate.coarse.tir.bustamite_1.jhu.nicolet.spectrum.txt,0.000495,1.000000,0.000000,0.000250,1.000000,0.000000,0.000454,1.000000,0.300357,0.001776,0.997581,1.000000,0.001648,0.982538,1.000000
"Diopside CaMgSi2O6 (diopside_1)",diopside_1,becknic,mineral,mineral.silicate.inosilicate.coarse.tir.diopside_1.jhu.nicolet.spectrum.txt,0.000255,1.000000,0.000000,0.000191,1.000000,0.000000,0.000356,0.992908,0.300357,0.001810,0.997028,1.000000,0.002494,0.990814,1.000000
"Diopside CaMgSi2O6 (diopside_2)",diopside_2,becknic,mineral,mineral.silicate.inosilicate.coarse.tir.diopside_2.jhu.nicolet.spectrum.txt,0.000438,1.000000,0.000000,0.000264,1.000000,0.000000,0.000326,1.000000,0.300357,0.002118,0.997221,1.000000,0.002641,0.985596,1.000000
"Enstatite Mg2Si2O6 (enstatite_1)",enstatite_1,becknic,mineral,mineral.silicate.inosilicate.coarse.tir.enstatite_1.jhu.nicolet.spectrum.txt,0.000190,1.000000,0.000000,0.000152,1.000000,0.000000,0.000373,0.997504,0.300357,0.000889,0.998456,1.000000,0.002193,0.985307,1.000000
"Hedenbergite CaFe+2Si2O6 (hedenber_1)",hedenber_1,becknic,mineral,mineral.silicate.inosilicate.coarse.tir.hedenber_1.jhu.nicolet.spectrum.txt,0.000371,1.000000,0.000000,0.000222,1.000000,0.000000,0.000456,0.991152,0.300357,0.002116,0.997091,1.000000,0.002477,0.990260,1.000000
"Hornblende Ca2(Fe+2,Mg)4Al(Si7Al)O22(OH,F)2 (hornblen_1)",hornblen_1,becknic,mineral,mineral.silicate.inosilicate.coarse.tir.hornblen_1.jhu.nicolet.spectrum.txt,0.000279,1.000000,0.000000,0.000199,1.000000,0.000000,0.000568,0.972252,0.300357,0.001107,0.998474,1.000000,0.000773,0.997594,1.000000
"Hornblende Ca2(Fe2+,Mg)4Al(Si7,Al)O22(OH,F)2 (hornblen_2)",hornblen_2,becknic,mineral,mineral.silicate.inosilicate.coarse.tir.hornblen_2.jhu.nicolet.spectrum.txt,0.000226,1.000000,0.000000,0.000178,1.000000,0.000000,0.000705,0.991869,0.300357,0.001825,0.995984,1.000000,0.000739,0.997519,1.000000
"Hornblende Ca2(Fe+2,Mg)4Al(Si7Al)O22(OH,F)2 (hornblen_3)",hornblen_3,becknic,mineral,mineral.silicate.inosilicate.coarse.tir.hornblen_3.jhu.nicolet.spectrum.txt,0.000390,1.000000,0.000000,0.000223,1.000000,0.000000,0.001435,0.966868,0.300357,0.001655,0.997892,1.000000,0.001776,0.992074,1.000000
"Hypersthene (Mg,Fe+2)2Si2O6 (hypersth_1)",hypersth_1,becknic,mineral,mineral.silicate.inosilicate.coarse.tir.hypersth_1.jhu.nicolet.spectrum.txt,0.000084,1.000000,0.000000,0.000067,1.000000,0.000000,0.000286,0.998028,0.300357,0.000381,0.998491,1.000000,0.001495,0.992655,1.000000
"Enstatite Mg_2(SiO_3)_2 (IN-10B)",IN-10B,becknic,mineral,mineral.silicate.inosilicate.coarse.tir.in-10b.jpl.nicolet.spectrum.txt,0.000403,1.000000,0.000000,0.000223,1.000000,0.000000,0.006013,0.993571,0.356929,0.003737,0.997620,1.000000,0.010383,0.974235,1.000000
"Johannsenite Ca(Mn,Fe^2+)(SiO_3)_2 (IN-12A)",IN-12A,becknic,mineral,mineral.silicate.inosilicate.coarse.tir.in-12a.jpl.nicolet.spectrum.txt,0.000490,1.000000,0.000000,0.000427,1.000000,0.000000,0.001478,0.995773,0.356929,0.002322,0.997554,1.000000,0.002969,0.990970,1.000000
"Spodumene LiAlS_2O_6 (IN-13A)",IN-13A,becknic,mineral,mineral.silicate.inosilicate.coarse.tir.in-13a.jpl.nicolet.spectrum.txt,0.000191,1.000000,0.000000,0.000730,1.000000,0.000000,0.001281,0.837230,0.356929,0.010481,0.998547,1.000000,0.013746,0.986882,1.000000
"Rhodonite (Mn,Ca)SiO_3 (IN-1A)",IN-1A,becknic,mineral,mineral.silicate.inosilicate.coarse.tir.in-1a.jpl.nicolet.spectrum.txt,0.000996,1.000000,0.000000,0.000801,1.000000,0.000000,0.001621,0.988028,0.356929,0.007167,0.997792,1.000000,0.007058,0.974993,1.000000
"Wollastonite CaSiO_3 (IN-2A)",IN-2A,becknic,mineral,mineral.silicate.inosilicate.coarse.tir.in-2a.jpl.nicolet.spectrum.txt,0.000264,1.000000,0.000000,0.000543,1.000000,0.000000,0.002154,0.984013,0.356929,0.008141,0.998333,1.000000,0.016075,0.937233,1.000000
"Glaucophane Na_2(Mg,Fe^2+)_3Al_2Si_8O_22(OH)_2 (IN-3A)",IN-3A,becknic,mineral,mineral.silicate.inosilicate.coarse.tir.in-3a.jpl.nicolet.spectrum.txt,0.001039,0.000000,0.000000,0.000779,1.000000,0.000000,0.003537,0.997174,0.356929,0.002405,0.999048,1.000000,0.005724,0.988232,1.000000
"Actinolite Ca_2(Mg,Fe^2+)_5Si_8O_22(OH)_2 (IN-4A)",IN-4A,becknic,mineral,mineral.silicate.inosilicate.coarse.tir.in-4a.jpl.nicolet.spectrum.txt,0.000456,1.000000,0.000000,0.000935,1.000000,0.000000,0.006641,0.996281,0.356929,0.013223,0.993847,1.000000,0.010500,0.985057,1.000000
"Tremolite Ca_2(Mg,Fe^2+)_5Si_8O_22(OH)_2 (IN-5A)",IN-5A,becknic,mineral,mineral.silicate.inosilicate.coarse.tir.in-5a.jpl.nicolet.spectrum.txt,0.000240,1.000000,0.000000,0.000719,1.000000,0.000000,0.014199,0.985093,0.356929,0.018295,0.993024,1.000000,0.011107,0.983869,1.000000
"Cummingtonite (Mg,Fe^2+)_7Si_8O_22(OH)_2 (IN-6A)",IN-6A,becknic,mineral,mineral.silicate.inosilicate.coarse.tir.in-6a.jpl.nicolet.spectrum.txt,0.000212,1.000000,0.000000,0.000169,1.000000,0.000000,0.000795,0.969146,0.356929,0.000714,0.996474,1.000000,0.003372,0.994481,1.000000
"Riebeckite Na_2(Fe^2+,Mg)_3,Fe_2^3+Si_8O_22(OH)_2 (IN-7A)",IN-7A,becknic,mineral,mineral.silicate.inosilicate.coarse.tir.in-7a.jpl.nicolet.spectrum.txt,0.000493,1.000000,0.000000,0.000762,1.000000,0.000000,0.004773,0.937977,0.356929,0.009585,0.995145,1.000000,0.005109,0.991658,1.000000
"Anthophyllite (Mg,Fe^2+)_7Si_8O_22(OH)_2 (IN-8A)",IN-8A,becknic,mineral,mineral.silicate.inosilicate.coarse.tir.in-8a.jpl.nicolet.spectrum.txt,0.000775,1.000000,0.000000,0.000879,1.000000,0.000000,0.004319,0.995165,0.356929,0.005257,0.998208,1.000000,0.006148,0.989240,1.000000
"Diopside CaMg(SiO_3)_2 (IN-9B)",IN-9B,becknic,mineral,mineral.silicate.inosilicate.coarse.tir.in-9b.jpl.nicolet.spectrum.txt,0.001077,0.000000,0.000000,0.000742,1.000000,0.000000,0.001991,0.997360,0.356929,0.007122,0.996995,1.000000,0.005559,0.989681,1.000000
"Jadeite Na(Al,Fe+3)Si2O6 (jadeite_1)",jadeite_1,becknic,mineral,mineral.silicate.inosilicate.coarse.tir.jadeite_1.jhu.nicolet.spectrum.txt,0.000416,1.000000,0.000000,0.000345,1.000000,0.000000,0.000665,1.000000,0.300357,0.002708,0.997176,1.000000,0.001740,0.995007,1.000000
"Pectolite NaCa2Si308(OH) (pectol_2)",pectol_2,becknic,mineral,mineral.silicate.inosilicate.coarse.tir.pectol_2.jhu.nicolet.spectrum.txt,0.000331,1.000000,0.000000,0.000212,1.000000,0.000000,0.000578,0.996230,0.300357,0.000534,0.997544,1.000000,0.003104,0.980769,1.000000
"Rhodonite (Mn+2,Fe+2,Mg,Ca)SiO3 (rhodon_1)",rhodon_1,becknic,mineral,mineral.silicate.inosilicate.coarse.tir.rhodon_1.jhu.nicolet.spectrum.txt,0.000316,1.000000,0.000000,0.000208,1.000000,0.000000,0.000326,0.901658,0.300357,0.001214,0.996925,1.000000,0.001588,0.976650,1.000000
"Richterite Na2Ca(Mg,Fe+2)5Si8O22(OH)2 (richter_1)",richter_1,becknic,mineral,mineral.silicate.inosilicate.coarse.tir.richter_1.jhu.nicolet.spectrum.txt,0.000426,1.000000,0.000000,0.000348,1.000000,0.000000,0.001543,0.937855,0.300357,0.003932,0.994494,1.000000,0.003102,0.996235,1.000000
"Riebeckite Na2(Fe+2,Mg)3Fe2+3Si8O22(OH)2 (riebeck_1)",riebeck_1,becknic,mineral,mineral.silicate.inosilicate.coarse.tir.riebeck_1.jhu.nicolet.spectrum.txt,0.000376,1.000000,0.000000,0.000279,1.000000,0.000000,0.001463,0.838428,0.300357,0.002837,0.994090,1.000000,0.001734,0.996446,1.000000
"Spodumene LiAlSi2O6 (spodum_1)",spodum_1,becknic,mineral,mineral.silicate.inosilicate.coarse.tir.spodum_1.jhu.nicolet.spectrum.txt,0.000302,1.000000,0.000000,0.000300,1.000000,0.000000,0.000557,0.836523,0.300357,0.001529,0.998773,1.000000,0.001502,0.994235,1.000000
"Tremolite Ca2(Mg, Fe+2)5Si8O22(OH)2 (tremol_1)",tremol_1,becknic,mineral,mineral.silicate.inosilicate.coarse.tir.tremol_1.jhu.nicolet.spectrum.txt,0.000451,1.000000,0.000000,0.000235,1.000000,0.000000,0.001431,0.972466,0.300357,0.001912,0.996460,1.000000,0.002115,0.988660,1.000000
"Tremolite Ca2(Mg, Fe+2)5Si8O22(OH)2 (tremol_2)",tremol_2,becknic,mineral,mineral.silicate.inosilicate.coarse.tir.tremol_2.jhu.nicolet.spectrum.txt,0.000398,1.000000,0.000000,0.000273,1.000000,0.000000,0.001445,0.930819,0.300357,0.004036,0.991426,1.000000,0.001594,0.994221,1.000000
"Wollastonite CaSiO3 (wollasto_1)",wollasto_1,becknic,mineral,mineral.silicate.inosilicate.coarse.tir.wollasto_1.jhu.nicolet.spectrum.txt,0.000485,1.000000,0.000000,0.000242,1.000000,0.000000,0.000451,0.856023,0.300357,0.002083,0.993414,1.000000,0.002376,0.975646,1.000000
"Enstatite Mg_2(SiO_3)_2 (IN-10B)",IN-10B,becknic,mineral,mineral.silicate.inosilicate.coarse.vswir.in-10b.jpl.beckman.spectrum.txt,0.007556,0.976061,0.883721,0.021077,0.921019,1.000000,0.008810,0.991884,1.000000,0.000827,1.000000,0.000000,0.000816,1.000000,0.000000
"Enstatite Mg_2(SiO_3)_2 (IN-10B)",IN-10B,becknic,mineral,mineral.silicate.inosilicate.coarse.vswir.in-10b.jpl.perkin.spectrum.txt,0.007006,0.978457,0.883721,0.020939,0.909893,1.000000,0.008977,0.991041,1.000000,0.000777,1.000000,0.000000,0.000730,1.000000,0.000000
"Johannsenite Ca(Mn,Fe^2+)(SiO_3)_2 (IN-12A)",IN-12A,becknic,mineral,mineral.silicate.inosilicate.coarse.vswir.in-12a.jpl.beckman.spectrum.txt,0.000594,0.985528,0.883721,0.000589,0.943702,1.000000,0.001295,0.999596,1.000000,0.000502,1.000000,0.000000,0.000525,1.000000,0.000000
"Johannsenite Ca(Mn,Fe^2+)(SiO_3)_2 (IN-12A)",IN-12A,becknic,mineral,mineral.silicate.inosilicate.coarse.vswir.in-12a.jpl.perkin.spectrum.txt,0.000150,0.998760,0.883721,0.000512,0.921015,1.000000,0.001375,0.999505,1.000000,0.000456,1.000000,0.000000,0.000526,1.000000,0.000000
"Spodumene LiAlS_2O_6 (IN-13A)",IN-13A,becknic,mineral,mineral.silicate.inosilicate.coarse.vswir.in-13a.jpl.beckman.spectrum.txt,0.001890,0.997315,0.883721,0.001314,0.982050,1.000000,0.001113,0.952618,1.000000,0.000405,1.000000,0.000000,0.000658,1.000000,0.000000
"Spodumene LiAlS_2O_6 (IN-13A)",IN-13A,becknic,mineral,mineral.silicate.inosilicate.coarse.vswir.in-13a.jpl.perkin.spectrum.txt,0.001450,0.997874,0.883721,0.000984,0.973749,1.000000,0.000840,0.980772,1.000000,0.000471,1.000000,0.000000,0.000618,1.000000,0.000000
"Rhodonite (Mn,Ca)SiO_3 (IN-1A)",IN-1A,becknic,mineral,mineral.silicate.inosilicate.coarse.vswir.in-1a.jpl.beckman.spectrum.txt,0.006319,0.997220,0.883721,0.003943,0.999067,1.000000,0.003151,0.997323,1.000000,0.000683,1.000000,0.000000,0.000581,1.000000,0.000000
"Rhodonite (Mn,Ca)SiO_3 (IN-1A)",IN-1A,becknic,mineral,mineral.silicate.inosilicate.coarse.vswir.in-1a.jpl.perkin.spectrum.txt,0.006486,0.997065,0.883721,0.006993,0.997341,1.000000,0.003558,0.997443,1.000000,0.000701,1.000000,0.000000,0.000569,1.000000,0.000000
"Wollastonite CaSiO_3 (IN-2A)",IN-2A,becknic,mineral,mineral.silicate.inosilicate.coarse.vswir.in-2a.jpl.beckman.spectrum.txt,0.001093,0.997641,0.883721,0.000970,0.997914,1.000000,0.001405,0.992429,1.000000,0.000601,1.000000,0.000000,0.000660,1.000000,0.000000
"Wollastonite CaSiO_3 (IN-2A)",IN-2A,becknic,mineral,mineral.silicate.inosilicate.coarse.vswir.in-2a.jpl.perkin.spectrum.txt,0.000869,0.998979,0.883721,0.001187,0.997288,1.000000,0.002183,0.991181,1.000000,0.000587,1.000000,0.000000,0.000603,1.000000,0.000000
"Glaucophane Na_2(Mg,Fe^2+)_3Al_2Si_8O_22(OH)_2 (IN-3A)",IN-3A,becknic,mineral,mineral.silicate.inosilicate.coarse.vswir.in-3a.jpl.beckman.spectrum.txt,0.000825,0.988671,0.883721,0.001762,0.980934,1.000000,0.003596,0.997821,1.000000,0.000693,1.000000,0.000000,0.000626,1.000000,0.000000
"Glaucophane Na_2(Mg,Fe^2+)_3Al_2Si_8O_22(OH)_2 (IN-3A)",IN-3A,becknic,mineral,mineral.silicate.inosilicate.coarse.vswir.in-3a.jpl.perkin.spectrum.txt,0.000747,0.985970,0.883721,0.001366,0.983952,1.000000,0.003882,0.997178,1.000000,0.000515,1.000000,0.000000,0.000528,1.000000,0.000000
"Actinolite Ca_2(Mg,Fe^2+)_5Si_8O_22(OH)_2 (IN-4A)",IN-4A,becknic,mineral,mineral.silicate.inosilicate.coarse.vswir.in-4a.jpl.beckman.spectrum.txt,0.001464,0.996791,0.883721,0.007001,0.933260,1.000000,0.007122,0.997542,1.000000,0.000728,1.000000,0.000000,0.000669,1.000000,0.000000
"Actinolite Ca_2(Mg,Fe^2+)_5Si_8O_22(OH)_2 (IN-4A)",IN-4A,becknic,mineral,mineral.silicate.inosilicate.coarse.vswir.in-4a.jpl.perkin.spectrum.txt,0.001471,0.997415,0.883721,0.007564,0.945107,1.000000,0.009606,0.995715,1.000000,0.000821,1.000000,0.000000,0.000785,1.000000,0.000000
"Tremolite Ca_2(Mg,Fe^2+)_5Si_8O_22(OH)_2 (IN-5A)",IN-5A,becknic,mineral,mineral.silicate.inosilicate.coarse.vswir.in-5a.jpl.beckman.spectrum.txt,0.001104,0.999520,0.883721,0.010892,0.942678,1.000000,0.012498,0.990279,1.000000,0.000698,1.000000,0.000000,0.000564,1.000000,0.000000
"Tremolite Ca_2(Mg,Fe^2+)_5Si_8O_22(OH)_2 (IN-5A)",IN-5A,becknic,mineral,mineral.silicate.inosilicate.coarse.vswir.in-5a.jpl.perkin.spectrum.txt,0.000699,0.999794,0.883721,0.010744,0.948290,1.000000,0.015102,0.986936,1.000000,0.000797,1.000000,0.000000,0.000559,1.000000,0.000000
"Cummingtonite (Mg,Fe^2+)_7Si_8O_22(OH)_2 (IN-6A)",IN-6A,becknic,mineral,mineral.silicate.inosilicate.coarse.vswir.in-6a.jpl.beckman.spectrum.txt,0.000727,0.893806,0.883721,0.000778,0.955158,1.000000,0.000426,0.991495,1.000000,0.000217,1.000000,0.000000,0.000324,1.000000,0.000000
"Cummingtonite (Mg,Fe^2+)_7Si_8O_22(OH)_2 (IN-6A)",IN-6A,becknic,mineral,mineral.silicate.inosilicate.coarse.vswir.in-6a.jpl.perkin.spectrum.txt,0.000194,0.993737,0.883721,0.000875,0.971652,1.000000,0.000541,0.987070,1.000000,0.000222,1.000000,0.000000,0.000308,1.000000,0.000000
"Riebeckite Na_2(Fe^2+,Mg)_3,Fe_2^3+Si_8O_22(OH)_2 (IN-7A)",IN-7A,becknic,mineral,mineral.silicate.inosilicate.coarse.vswir.in-7a.jpl.beckman.spectrum.txt,0.000467,0.946306,0.883721,0.000607,0.797308,1.000000,0.007468,0.996138,1.000000,0.000641,1.000000,0.000000,0.000682,1.000000,0.000000
"Riebeckite Na_2(Fe^2+,Mg)_3,Fe_2^3+Si_8O_22(OH)_2 (IN-7A)",IN-7A,becknic,mineral,mineral.silicate.inosilicate.coarse.vswir.in-7a.jpl.perkin.spectrum.txt,0.000198,0.993812,0.883721,0.000661,0.820330,1.000000,0.007641,0.996461,1.000000,0.000654,1.000000,0.000000,0.000633,1.000000,0.000000
"Anthophyllite (Mg,Fe^2+)_7Si_8O_22(OH)_2 (IN-8A)",IN-8A,becknic,mineral,mineral.silicate.inosilicate.coarse.vswir.in-8a.jpl.beckman.spectrum.txt,0.002056,0.996361,0.883721,0.001278,0.998630,1.000000,0.004791,0.995971,1.000000,0.000653,1.000000,0.000000,0.000649,1.000000,0.000000
"Anthophyllite (Mg,Fe^2+)_7Si_8O_22(OH)_2 (IN-8A)",IN-8A,becknic,mineral,mineral.silicate.inosilicate.coarse.vswir.in-8a.jpl.perkin.spectrum.txt,0.001804,0.997389,0.883721,0.001659,0.998085,1.000000,0.003345,0.998110,1.000000,0.000707,1.000000,0.000000,0.000764,1.000000,0.000000
"Diopside CaMg(SiO_3)_2 (IN-9B)",IN-9B,becknic,mineral,mineral.silicate.inosilicate.coarse.vswir.in-9b.jpl.beckman.spectrum.txt,0.001650,0.997378,0.883721,0.004239,0.961084,1.000000,0.002244,0.998443,1.000000,0.000814,1.000000,0.000000,0.000774,1.000000,0.000000
"Diopside CaMg(SiO_3)_2 (IN-9B)",IN-9B,becknic,mineral,mineral.silicate.inosilicate.coarse.vswir.in-9b.jpl.perkin.spectrum.txt,0.001461,0.998256,0.883721,0.003679,0.978479,1.000000,0.002178,0.998623,1.000000,0.000797,1.000000,0.000000,0.000750,1.000000,0.000000
"Acmite NaFe+3 Si2O6 (acmite_1)",acmite_1,becknic,mineral,mineral.silicate.inosilicate.fine.tir.acmite_1.jhu.nicolet.spectrum.txt,0.000188,1.000000,0.000000,0.000697,1.000000,0.000000,0.001162,0.993971,0.300357,0.001789,0.998389,1.000000,0.007896,0.999205,1.000000
"Acmite NaFe+3Si2O6 (acmite_2)",acmite_2,becknic,mineral,mineral.silicate.inosilicate.fine.tir.acmite_2.jhu.nicolet.spectrum.txt,0.000408,1.000000,0.000000,0.000692,1.000000,0.000000,0.001305,0.837457,0.300357,0.002943,0.979270,1.000000,0.003954,0.999713,1.000000
"Augite (Ca,Na)(Mg,Fe,Al,Ti)(Si,Al)2O6 (augite_1)",augite_1,becknic,mineral,mineral.silicate.inosilicate.fine.tir.augite_1.jhu.nicolet.spectrum.txt,0.000378,1.000000,0.000000,0.000286,1.000000,0.000000,0.001953,0.982084,0.300357,0.002756,0.998752,1.000000,0.005709,0.999393,1.000000
"Augite (Ca,Na)(Mg,Fe,Al,Ti)(Si,Al)2O6 (augite_2)",augite_2,becknic,mineral,mineral.silicate.inosilicate.fine.tir.augite_2.jhu.nicolet.spectrum.txt,0.000265,1.000000,0.000000,0.000536,1.000000,0.000000,0.001246,0.994581,0.300357,0.002244,0.998478,1.000000,0.004775,0.999685,1.000000
"Bustamite (Mn,Ca)3Si3O9 (bustamite_1)",bustamite_1,becknic,mineral,mineral.silicate.inosilicate.fine.tir.bustamite_1.jhu.nicolet.spectrum.txt,0.000597,1.000000,0.000000,0.000644,1.000000,0.000000,0.001096,0.428079,0.300357,0.002460,0.991187,1.000000,0.008600,0.998678,1.000000
"Diopside CaMgSi2O6 (diopside_1)",diopside_1,becknic,mineral,mineral.silicate.inosilicate.fine.tir.diopside_1.jhu.nicolet.spectrum.txt,0.000309,1.000000,0.000000,0.000717,1.000000,0.000000,0.001227,0.943156,0.300357,0.002465,0.991981,1.000000,0.009102,0.997952,1.000000
"Diopside CaMgSi2O6 (diopside_2)",diopside_2,becknic,mineral,mineral.silicate.inosilicate.fine.tir.diopside_2.jhu.nicolet.spectrum.txt,0.000184,1.000000,0.000000,0.000490,1.000000,0.000000,0.001650,0.986390,0.300357,0.002292,0.990658,1.000000,0.009913,0.998361,1.000000
"Enstatite Mg2Si2O6 (enstatite_1)",enstatite_1,becknic,mineral,mineral.silicate.inosilicate.fine.tir.enstatite_1.jhu.nicolet.spectrum.txt,0.000379,1.000000,0.000000,0.000939,1.000000,0.000000,0.001952,0.991999,0.300357,0.002600,0.998746,1.000000,0.012318,0.997333,1.000000
"Hedenbergite CaFe+2Si2O6 (hedenber_1)",hedenber_1,becknic,mineral,mineral.silicate.inosilicate.fine.tir.hedenber_1.jhu.nicolet.spectrum.txt,0.000346,1.000000,0.000000,0.000204,1.000000,0.000000,0.002019,0.983420,0.300357,0.002540,0.998204,1.000000,0.006037,0.999147,1.000000
"Hornblende Ca2(Fe+2,Mg)4Al(Si7Al)O22(OH,F)2 (hornblen_1)",hornblen_1,becknic,mineral,mineral.silicate.inosilicate.fine.tir.hornblen_1.jhu.nicolet.spectrum.txt,0.000526,1.000000,0.000000,0.000660,1.000000,0.000000,0.001243,0.409430,0.300357,0.002659,0.997427,1.000000,0.004081,0.999653,1.000000
"Hornblende Ca2(Fe2+,Mg)4Al(Si7,Al)O22(OH,F)2 (hornblen_2)",hornblen_2,becknic,mineral,mineral.silicate.inosilicate.fine.tir.hornblen_2.jhu.nicolet.spectrum.txt,0.000214,1.000000,0.000000,0.000588,1.000000,0.000000,0.000895,0.959252,0.300357,0.001952,0.996027,1.000000,0.004653,0.999586,1.000000
"Hornblende Ca2(Fe+2,Mg)4Al(Si7Al)O22(OH,F)2 (hornblen_3)",hornblen_3,becknic,mineral,mineral.silicate.inosilicate.fine.tir.hornblen_3.jhu.nicolet.spectrum.txt,0.000309,1.000000,0.000000,0.000717,1.000000,0.000000,0.001115,0.697358,0.300357,0.002555,0.991365,1.000000,0.009207,0.997396,1.000000
"Hypersthene (Mg,Fe+2)2Si2O6 (hypersth_1)",hypersth_1,becknic,mineral,mineral.silicate.inosilicate.fine.tir.hypersth_1.jhu.nicolet.spectrum.txt,0.000340,1.000000,0.000000,0.000205,1.000000,0.000000,0.002000,0.984532,0.300357,0.002230,0.998358,1.000000,0.005074,0.998863,1.000000
"Enstatite Mg_2(SiO_3)_2 (IN-10B)",IN-10B,becknic,mineral,mineral.silicate.inosilicate.fine.tir.in-10b.jpl.nicolet.spectrum.txt,0.001108,0.000000,0.000000,0.000708,1.000000,0.000000,0.001275,0.989590,0.356929,0.005582,0.996057,1.000000,0.003165,0.994113,1.000000
"Johannsenite Ca(Mn,Fe^2+)(SiO_3)_2 (IN-12A)",IN-12A,becknic,mineral,mineral.silicate.inosilicate.fine.tir.in-12a.jpl.nicolet.spectrum.txt,0.000387,1.000000,0.000000,0.000947,1.000000,0.000000,0.001651,0.994079,0.356929,0.007158,0.996804,1.000000,0.003422,0.983598,1.000000
"Spodumene LiAlS_2O_6 (IN-13A)",IN-13A,becknic,mineral,mineral.silicate.inosilicate.fine.tir.in-13a.jpl.nicolet.spectrum.txt,0.000181,1.000000,0.000000,0.000488,1.000000,0.000000,0.001554,0.938327,0.356929,0.010463,0.997640,1.000000,0.006193,0.979737,1.000000
"Hypersthene (Mg,Fe^2+)_2Si_2O_6 (IN-14A)",IN-14A,becknic,mineral,mineral.silicate.inosilicate.fine.tir.in-14a.jpl.nicolet.spectrum.txt,0.001114,0.000000,0.000000,0.000623,1.000000,0.000000,0.001217,0.998117,0.356929,0.004331,0.997252,1.000000,0.002234,0.998344,1.000000
"Rhodonite (Mn,Ca)SiO_3 (IN-1A)",IN-1A,becknic,mineral,mineral.silicate.inosilicate.fine.tir.in-1a.jpl.nicolet.spectrum.txt,0.000207,1.000000,0.000000,0.000856,1.000000,0.000000,0.001211,0.978119,0.356929,0.007139,0.998063,1.000000,0.006510,0.977613,1.000000
"Wollastonite CaSiO_3 (IN-2A)",IN-2A,becknic,mineral,mineral.silicate.inosilicate.fine.tir.in-2a.jpl.nicolet.spectrum.txt,0.000190,1.000000,0.000000,0.000506,1.000000,0.000000,0.001088,0.978424,0.356929,0.011230,0.996062,1.000000,0.008095,0.971702,1.000000
"Glaucophane Na_2(Mg,Fe^2+)_3Al_2Si_8O_22(OH)_2 (IN-3A)",IN-3A,becknic,mineral,mineral.silicate.inosilicate.fine.tir.in-3a.jpl.nicolet.spectrum.txt,0.000482,1.000000,0.000000,0.000929,1.000000,0.000000,0.001479,0.994320,0.356929,0.005301,0.997219,1.000000,0.002464,0.996406,1.000000
"Actinolite Ca_2(Mg,Fe^2+)_5Si_8O_22(OH)_2 (IN-4A)",IN-4A,becknic,mineral,mineral.silicate.inosilicate.fine.tir.in-4a.jpl.nicolet.spectrum.txt,0.000179,1.000000,0.000000,0.000540,1.000000,0.000000,0.004166,0.993835,0.356929,0.013878,0.993044,1.000000,0.005528,0.989785,1.000000
"Tremolite Ca_2(Mg,Fe^2+)_5Si_8O_22(OH)_2 (IN-5A)",IN-5A,becknic,mineral,mineral.silicate.inosilicate.fine.tir.in-5a.jpl.nicolet.spectrum.txt,0.000284,1.000000,0.000000,0.000421,1.000000,0.000000,0.004729,0.966053,0.356929,0.014604,0.993220,1.000000,0.006427,0.981480,1.000000
"Cummingtonite (Mg,Fe^2+)_7Si_8O_22(OH)_2 (IN-6A)",IN-6A,becknic,mineral,mineral.silicate.inosilicate.fine.tir.in-6a.jpl.nicolet.spectrum.txt,0.000491,1.000000,0.000000,0.000467,1.000000,0.000000,0.001072,0.990786,0.356929,0.002678,0.994190,1.000000,0.001794,0.993647,1.000000
"Riebeckite Na_2(Fe^2+,Mg)_3,Fe_2^3+Si_8O_22(OH)_2 (IN-7A)",IN-7A,becknic,mineral,mineral.silicate.inosilicate.fine.tir.in-7a.jpl.nicolet.spectrum.txt,0.000253,1.000000,0.000000,0.000620,1.000000,0.000000,0.001775,0.958363,0.356929,0.008277,0.997656,1.000000,0.002538,0.998016,1.000000
"Anthophyllite (Mg,Fe^2+)_7Si_8O_22(OH)_2 (IN-8A)",IN-8A,becknic,mineral,mineral.silicate.inosilicate.fine.tir.in-8a.jpl.nicolet.spectrum.txt,0.000375,1.000000,0.000000,0.000265,1.000000,0.000000,0.003013,0.992624,0.356929,0.006245,0.997677,1.000000,0.003439,0.993014,1.000000
"Diopside CaMg(SiO_3)_2 (IN-9B)",IN-9B,becknic,mineral,mineral.silicate.inosilicate.fine.tir.in-9b.jpl.nicolet.spectrum.txt,0.000727,1.000000,0.000000,0.000888,1.000000,0.000000,0.001219,0.974510,0.356929,0.006762,0.994699,1.000000,0.003081,0.990441,1.000000
"Jadeite Na(Al,Fe+3)Si2O6 (jadeite_1)",jadeite_1,becknic,mineral,mineral.silicate.inosilicate.fine.tir.jadeite_1.jhu.nicolet.spectrum.txt,0.000211,1.000000,0.000000,0.000580,1.000000,0.000000,0.001159,0.979352,0.300357,0.004204,0.992386,1.000000,0.008572,0.999044,1.000000
"Pectolite NaCa2Si308(OH) (pectol_2)",pectol_2,becknic,mineral,mineral.silicate.inosilicate.fine.tir.pectol_2.jhu.nicolet.spectrum.txt,0.000395,1.000000,0.000000,0.000695,1.000000,0.000000,0.001349,0.876973,0.300357,0.002394,0.998563,1.000000,0.017750,0.993345,1.000000
"Rhodonite (Mn+2,Fe+2,Mg,Ca)SiO3 (rhodon_1)",rhodon_1,becknic,mineral,mineral.silicate.inosilicate.fine.tir.rhodon_1.jhu.nicolet.spectrum.txt,0.000179,1.000000,0.000000,0.000559,1.000000,0.000000,0.001086,0.994319,0.300357,0.001888,0.997363,1.000000,0.011909,0.997306,1.000000
"Richterite Na2Ca(Mg,Fe+2)5Si8O22(OH)2 (richter_1)",richter_1,becknic,mineral,mineral.silicate.inosilicate.fine.tir.richter_1.jhu.nicolet.spectrum.txt,0.000242,1.000000,0.000000,0.000690,1.000000,0.000000,0.000966,0.594135,0.300357,0.001840,0.993566,1.000000,0.007187,0.998906,1.000000
"Riebeckite Na2(Fe+2,Mg)3Fe2+3Si8O22(OH)2 (riebeck_1)",riebeck_1,becknic,mineral,mineral.silicate.inosilicate.fine.tir.riebeck_1.jhu.nicolet.spectrum.txt,0.000311,1.000000,0.000000,0.000275,1.000000,0.000000,0.002070,0.981191,0.300357,0.003145,0.996635,1.000000,0.004420,0.999456,1.000000
"Spodumene LiAlSi2O6 (spodum_1)",spodum_1,becknic,mineral,mineral.silicate.inosilicate.fine.tir.spodum_1.jhu.nicolet.spectrum.txt,0.000597,1.000000,0.000000,0.000644,1.000000,0.000000,0.001023,0.000000,0.300357,0.002770,0.996928,1.000000,0.011033,0.998102,1.000000
"Tremolite Ca2(Mg, Fe+2)5Si8O22(OH)2 (tremol_1)",tremol_1,becknic,mineral,mineral.silicate.inosilicate.fine.tir.tremol_1.jhu.nicolet.spectrum.txt,0.000182,1.000000,0.000000,0.000487,1.000000,0.000000,0.001431,0.900670,0.300357,0.003516,0.980659,1.000000,0.015195,0.996239,1.000000
"Tremolite Ca2(Mg, Fe+2)5Si8O22(OH)2 (tremol_2)",tremol_2,becknic,mineral,mineral.silicate.inosilicate.fine.tir.tremol_2.jhu.nicolet.spectrum.txt,0.000186,1.000000,0.000000,0.000495,1.000000,0.000000,0.001305,0.981997,0.300357,0.001954,0.992006,1.000000,0.008751,0.998712,1.000000
"Wollastonite CaSiO3 (wollasto_1)",wollasto_1,becknic,mineral,mineral.silicate.inosilicate.fine.tir.wollasto_1.jhu.nicolet.spectrum.txt,0.000180,1.000000,0.000000,0.000490,1.000000,0.000000,0.001303,0.984992,0.300357,0.001791,0.996454,1.000000,0.019598,0.994376,1.000000
"Enstatite Mg_2(SiO_3)_2 (IN-10B)",IN-10B,becknic,mineral,mineral.silicate.inosilicate.fine.vswir.in-10b.jpl.beckman.spectrum.txt,0.002075,0.993613,0.883721,0.007606,0.988922,1.000000,0.001736,0.997783,1.000000,0.000801,1.000000,0.000000,0.000549,1.000000,0.000000
"Enstatite Mg_2(SiO_3)_2 (IN-10B)",IN-10B,becknic,mineral,mineral.silicate.inosilicate.fine.vswir.in-10b.jpl.perkin.spectrum.txt,0.002218,0.993319,0.883721,0.005975,0.992129,1.000000,0.001616,0.998065,1.000000,0.000645,1.000000,0.000000,0.000677,1.000000,0.000000
"Johannsenite Ca(Mn,Fe^2+)(SiO_3)_2 (IN-12A)",IN-12A,becknic,mineral,mineral.silicate.inosilicate.fine.vswir.in-12a.jpl.beckman.spectrum.txt,0.000769,0.999750,0.883721,0.000926,0.997843,1.000000,0.001651,0.999719,1.000000,0.000746,1.000000,0.000000,0.000599,1.000000,0.000000
"Johannsenite Ca(Mn,Fe^2+)(SiO_3)_2 (IN-12A)",IN-12A,becknic,mineral,mineral.silicate.inosilicate.fine.vswir.in-12a.jpl.perkin.spectrum.txt,0.000413,0.999894,0.883721,0.001116,0.996623,1.000000,0.001798,0.999657,1.000000,0.000723,1.000000,0.000000,0.000550,1.000000,0.000000
"Spodumene LiAlS_2O_6 (IN-13A)",IN-13A,becknic,mineral,mineral.silicate.inosilicate.fine.vswir.in-13a.jpl.beckman.spectrum.txt,0.000903,0.999586,0.883721,0.001485,0.602363,1.000000,0.000980,0.953967,1.000000,0.000569,1.000000,0.000000,0.000497,1.000000,0.000000
"Spodumene LiAlS_2O_6 (IN-13A)",IN-13A,becknic,mineral,mineral.silicate.inosilicate.fine.vswir.in-13a.jpl.perkin.spectrum.txt,0.001135,0.999506,0.883721,0.001120,-0.161533,1.000000,0.000999,0.993290,1.000000,0.000403,1.000000,0.000000,0.000655,1.000000,0.000000
"Hypersthene (Mg,Fe^2+)_2Si_2O_6 (IN-14A)",IN-14A,becknic,mineral,mineral.silicate.inosilicate.fine.vswir.in-14a.jpl.beckman.spectrum.txt,0.001901,0.998398,0.883721,0.004366,0.993334,1.000000,0.002227,0.996211,1.000000,0.000693,1.000000,0.000000,0.000563,1.000000,0.000000
"Hypersthene (Mg,Fe^2+)_2Si_2O_6 (IN-14A)",IN-14A,becknic,mineral,mineral.silicate.inosilicate.fine.vswir.in-14a.jpl.perkin.spectrum.txt,0.001558,0.998950,0.883721,0.005182,0.990730,1.000000,0.001801,0.997198,1.000000,0.000814,1.000000,0.000000,0.000549,1.000000,0.000000
"Augite (Ca,Na)(Mg,Fe,Al,Ti)(Si,Al)_2O_6 (IN-15A)",IN-15A,becknic,mineral,mineral.silicate.inosilicate.fine.vswir.in-15a.jpl.beckman.spectrum.txt,0.003738,0.986563,0.883721,0.001001,0.983139,1.000000,0.001959,0.999704,1.000000,0.000696,1.000000,0.000000,0.000555,1.000000,0.000000
"Rhodonite (Mn,Ca)SiO_3 (IN-1A)",IN-1A,becknic,mineral,mineral.silicate.inosilicate.fine.vswir.in-1a.jpl.beckman.spectrum.txt,0.002524,0.999337,0.883721,0.005094,0.996135,1.000000,0.002378,0.996277,1.000000,0.000591,1.000000,0.000000,0.000729,1.000000,0.000000
"Rhodonite (Mn,Ca)SiO_3 (IN-1A)",IN-1A,becknic,mineral,mineral.silicate.inosilicate.fine.vswir.in-1a.jpl.perkin.spectrum.txt,0.001768,0.999710,0.883721,0.006899,0.991245,1.000000,0.002714,0.996060,1.000000,0.000598,1.000000,0.000000,0.000754,1.000000,0.000000
"Wollastonite CaSiO_3 (IN-2A)",IN-2A,becknic,mineral,mineral.silicate.inosilicate.fine.vswir.in-2a.jpl.beckman.spectrum.txt,0.001033,0.996725,0.883721,0.000825,0.978118,1.000000,0.000845,0.981096,1.000000,0.000455,1.000000,0.000000,0.000644,1.000000,0.000000
"Wollastonite CaSiO_3 (IN-2A)",IN-2A,becknic,mineral,mineral.silicate.inosilicate.fine.vswir.in-2a.jpl.perkin.spectrum.txt,0.000572,0.999289,0.883721,0.000791,0.988681,1.000000,0.000973,0.995093,1.000000,0.000492,1.000000,0.000000,0.000645,1.000000,0.000000
"Glaucophane Na_2(Mg,Fe^2+)_3Al_2Si_8O_22(OH)_2 (IN-3A)",IN-3A,becknic,mineral,mineral.silicate.inosilicate.fine.vswir.in-3a.jpl.beckman.spectrum.txt,0.001353,0.998487,0.883721,0.001186,0.995775,1.000000,0.001533,0.998036,1.000000,0.000704,1.000000,0.000000,0.000554,1.000000,0.000000
"Glaucophane Na_2(Mg,Fe^2+)_3Al_2Si_8O_22(OH)_2 (IN-3A)",IN-3A,becknic,mineral,mineral.silicate.inosilicate.fine.vswir.in-3a.jpl.perkin.spectrum.txt,0.001447,0.998125,0.883721,0.001133,0.995741,1.000000,0.001593,0.997790,1.000000,0.000821,1.000000,0.000000,0.000549,1.000000,0.000000
"Actinolite Ca_2(Mg,Fe^2+)_5Si_8O_22(OH)_2 (IN-4A)",IN-4A,becknic,mineral,mineral.silicate.inosilicate.fine.vswir.in-4a.jpl.beckman.spectrum.txt,0.001993,0.997744,0.883721,0.012608,0.889613,1.000000,0.002597,0.998390,1.000000,0.000605,1.000000,0.000000,0.000751,1.000000,0.000000
"Actinolite Ca_2(Mg,Fe^2+)_5Si_8O_22(OH)_2 (IN-4A)",IN-4A,becknic,mineral,mineral.silicate.inosilicate.fine.vswir.in-4a.jpl.perkin.spectrum.txt,0.001744,0.998414,0.883721,0.012637,0.902412,1.000000,0.005009,0.995397,1.000000,0.000602,1.000000,0.000000,0.000666,1.000000,0.000000
"Tremolite Ca_2(Mg,Fe^2+)_5Si_8O_22(OH)_2 (IN-5A)",IN-5A,becknic,mineral,mineral.silicate.inosilicate.fine.vswir.in-5a.jpl.beckman.spectrum.txt,0.001108,0.996595,0.883721,0.001105,0.925817,1.000000,0.002282,0.990065,1.000000,0.000592,1.000000,0.000000,0.000623,1.000000,0.000000
"Tremolite Ca_2(Mg,Fe^2+)_5Si_8O_22(OH)_2 (IN-5A)",IN-5A,becknic,mineral,mineral.silicate.inosilicate.fine.vswir.in-5a.jpl.perkin.spectrum.txt,0.000646,0.999041,0.883721,0.000959,0.959848,1.000000,0.003665,0.986783,1.000000,0.000628,1.000000,0.000000,0.000609,1.000000,0.000000
"Cummingtonite (Mg,Fe^2+)_7Si_8O_22(OH)_2 (IN-6A)",IN-6A,becknic,mineral,mineral.silicate.inosilicate.fine.vswir.in-6a.jpl.beckman.spectrum.txt,0.001244,0.997302,0.883721,0.004056,0.947886,1.000000,0.000834,0.995408,1.000000,0.000368,1.000000,0.000000,0.000555,1.000000,0.000000
"Cummingtonite (Mg,Fe^2+)_7Si_8O_22(OH)_2 (IN-6A)",IN-6A,becknic,mineral,mineral.silicate.inosilicate.fine.vswir.in-6a.jpl.perkin.spectrum.txt,0.000554,0.999429,0.883721,0.004136,0.953801,1.000000,0.000981,0.993423,1.000000,0.000368,1.000000,0.000000,0.000547,1.000000,0.000000
"Riebeckite Na_2(Fe^2+,Mg)_3,Fe_2^3+Si_8O_22(OH)_2 (IN-7A)",IN-7A,becknic,mineral,mineral.silicate.inosilicate.fine.vswir.in-7a.jpl.beckman.spectrum.txt,0.001464,0.992004,0.883721,0.001761,0.997753,1.000000,0.003116,0.999549,1.000000,0.000392,1.000000,0.000000,0.000633,1.000000,0.000000
"Riebeckite Na_2(Fe^2+,Mg)_3,Fe_2^3+Si_8O_22(OH)_2 (IN-7A)",IN-7A,becknic,mineral,mineral.silicate.inosilicate.fine.vswir.in-7a.jpl.perkin.spectrum.txt,0.000957,0.994920,0.883721,0.001339,0.998349,1.000000,0.003518,0.999388,1.000000,0.000600,1.000000,0.000000,0.000754,1.000000,0.000000
"Anthophyllite (Mg,Fe^2+)_7Si_8O_22(OH)_2 (IN-8A)",IN-8A,becknic,mineral,mineral.silicate.inosilicate.fine.vswir.in-8a.jpl.beckman.spectrum.txt,0.001269,0.997065,0.883721,0.006036,0.963683,1.000000,0.001656,0.998358,1.000000,0.000746,1.000000,0.000000,0.000599,1.000000,0.000000
"Anthophyllite (Mg,Fe^2+)_7Si_8O_22(OH)_2 (IN-8A)",IN-8A,becknic,mineral,mineral.silicate.inosilicate.fine.vswir.in-8a.jpl.perkin.spectrum.txt,0.000500,0.999741,0.883721,0.006443,0.969611,1.000000,0.002358,0.997498,1.000000,0.000766,1.000000,0.000000,0.000543,1.000000,0.000000
"Diopside CaMg(SiO_3)_2 (IN-9B)",IN-9B,becknic,mineral,mineral.silicate.inosilicate.fine.vswir.in-9b.jpl.beckman.spectrum.txt,0.001414,0.999135,0.883721,0.002412,0.670512,1.000000,0.001062,0.994105,1.000000,0.000721,1.000000,0.000000,0.000542,1.000000,0.000000
"Diopside CaMg(SiO_3)_2 (IN-9B)",IN-9B,becknic,mineral,mineral.silicate.inosilicate.fine.vswir.in-9b.jpl.perkin.spectrum.txt,0.001367,0.999244,0.883721,0.002327,0.797525,1.000000,0.001508,0.988774,1.000000,0.000680,1.000000,0.000000,0.000549,1.000000,0.000000
"Enstatite Mg_2(SiO_3)_2 (IN-10B)",IN-10B,becknic,mineral,mineral.silicate.inosilicate.medium.tir.in-10b.jpl.nicolet.spectrum.txt,0.000493,1.000000,0.000000,0.000446,1.000000,0.000000,0.002238,0.998899,0.356929,0.005136,0.997981,1.000000,0.008640,0.977578,1.000000
"Johannsenite Ca(Mn,Fe^2+)(SiO_3)_2 (IN-12A)",IN-12A,becknic,mineral,mineral.silicate.inosilicate.medium.tir.in-12a.jpl.nicolet.spectrum.txt,0.000493,1.000000,0.000000,0.000704,1.000000,0.000000,0.001998,0.994803,0.356929,0.005147,0.996325,1.000000,0.002941,0.990237,1.000000
"Spodumene LiAlS_2O_6 (IN-13A)",IN-13A,becknic,mineral,mineral.silicate.inosilicate.medium.tir.in-13a.jpl.nicolet.spectrum.txt,0.000181,1.000000,0.000000,0.000489,1.000000,0.000000,0.001311,0.930212,0.356929,0.010024,0.998786,1.000000,0.012898,0.986004,1.000000
"Rhodonite (Mn,Ca)SiO_3 (IN-1A)",IN-1A,becknic,mineral,mineral.silicate.inosilicate.medium.tir.in-1a.jpl.nicolet.spectrum.txt,0.000356,1.000000,0.000000,0.000711,1.000000,0.000000,0.001582,0.983141,0.356929,0.006608,0.998781,1.000000,0.007075,0.975672,1.000000
"Wollastonite CaSiO_3 (IN-2A)",IN-2A,becknic,mineral,mineral.silicate.inosilicate.medium.tir.in-2a.jpl.nicolet.spectrum.txt,0.000178,1.000000,0.000000,0.000527,1.000000,0.000000,0.001497,0.982294,0.356929,0.012452,0.996793,1.000000,0.013596,0.936193,1.000000
"Glaucophane Na_2(Mg,Fe^2+)_3Al_2Si_8O_22(OH)_2 (IN-3A)",IN-3A,becknic,mineral,mineral.silicate.inosilicate.medium.tir.in-3a.jpl.nicolet.spectrum.txt,0.000384,1.000000,0.000000,0.000944,1.000000,0.000000,0.003300,0.997079,0.356929,0.004873,0.998051,1.000000,0.005409,0.985401,1.000000
"Actinolite Ca_2(Mg,Fe^2+)_5Si_8O_22(OH)_2 (IN-4A)",IN-4A,becknic,mineral,mineral.silicate.inosilicate.medium.tir.in-4a.jpl.nicolet.spectrum.txt,0.000288,1.000000,0.000000,0.000402,1.000000,0.000000,0.006244,0.995576,0.356929,0.011556,0.996717,1.000000,0.009512,0.984334,1.000000
"Tremolite Ca_2(Mg,Fe^2+)_5Si_8O_22(OH)_2 (IN-5A)",IN-5A,becknic,mineral,mineral.silicate.inosilicate.medium.tir.in-5a.jpl.nicolet.spectrum.txt,0.000192,1.000000,0.000000,0.000743,1.000000,0.000000,0.010896,0.983316,0.356929,0.015830,0.995635,1.000000,0.010571,0.982147,1.000000
"Cummingtonite (Mg,Fe^2+)_7Si_8O_22(OH)_2 (IN-6A)",IN-6A,becknic,mineral,mineral.silicate.inosilicate.medium.tir.in-6a.jpl.nicolet.spectrum.txt,0.000319,1.000000,0.000000,0.000295,1.000000,0.000000,0.000780,0.992753,0.356929,0.001326,0.996801,1.000000,0.003983,0.993167,1.000000
"Riebeckite Na_2(Fe^2+,Mg)_3,Fe_2^3+Si_8O_22(OH)_2 (IN-7A)",IN-7A,becknic,mineral,mineral.silicate.inosilicate.medium.tir.in-7a.jpl.nicolet.spectrum.txt,0.000474,1.000000,0.000000,0.000931,1.000000,0.000000,0.003715,0.949008,0.356929,0.007949,0.998192,1.000000,0.005080,0.990266,1.000000
"Anthophyllite (Mg,Fe^2+)_7Si_8O_22(OH)_2 (IN-8A)",IN-8A,becknic,mineral,mineral.silicate.inosilicate.medium.tir.in-8a.jpl.nicolet.spectrum.txt,0.000377,1.000000,0.000000,0.000549,1.000000,0.000000,0.005970,0.988389,0.356929,0.006961,0.997924,1.000000,0.006951,0.987494,1.000000
"Diopside CaMg(SiO_3)_2 (IN-9B)",IN-9B,becknic,mineral,mineral.silicate.inosilicate.medium.tir.in-9b.jpl.nicolet.spectrum.txt,0.000415,1.000000,0.000000,0.000945,1.000000,0.000000,0.001619,0.997129,0.356929,0.008713,0.996719,1.000000,0.004743,0.988300,1.000000
"Enstatite Mg_2(SiO_3)_2 (IN-10B)",IN-10B,becknic,mineral,mineral.silicate.inosilicate.medium.vswir.in-10b.jpl.beckman.spectrum.txt,0.007351,0.978748,0.883721,0.018028,0.971817,1.000000,0.004219,0.998223,1.000000,0.000720,1.000000,0.000000,0.000531,1.000000,0.000000
"Enstatite Mg_2(SiO_3)_2 (IN-10B)",IN-10B,becknic,mineral,mineral.silicate.inosilicate.medium.vswir.in-10b.jpl.perkin.spectrum.txt,0.008369,0.975684,0.883721,0.022477,0.955278,1.000000,0.004163,0.998312,1.000000,0.000675,1.000000,0.000000,0.000595,1.000000,0.000000
"Johannsenite Ca(Mn,Fe^2+)(SiO_3)_2 (IN-12A)",IN-12A,becknic,mineral,mineral.silicate.inosilicate.medium.vswir.in-12a.jpl.beckman.spectrum.txt,0.000619,0.996948,0.883721,0.000695,0.985299,1.000000,0.001609,0.999697,1.000000,0.000754,1.000000,0.000000,0.000799,1.000000,0.000000
"Johannsenite Ca(Mn,Fe^2+)(SiO_3)_2 (IN-12A)",IN-12A,becknic,mineral,mineral.silicate.inosilicate.medium.vswir.in-12a.jpl.perkin.spectrum.txt,0.000189,0.999657,0.883721,0.000784,0.970092,1.000000,0.001788,0.999591,1.000000,0.000822,1.000000,0.000000,0.000832,1.000000,0.000000
"Spodumene LiAlS_2O_6 (IN-13A)",IN-13A,becknic,mineral,mineral.silicate.inosilicate.medium.vswir.in-13a.jpl.beckman.spectrum.txt,0.001232,0.999037,0.883721,0.001174,0.967008,1.000000,0.001528,0.969575,1.000000,0.000513,1.000000,0.000000,0.000514,1.000000,0.000000
"Spodumene LiAlS_2O_6 (IN-13A)",IN-13A,becknic,mineral,mineral.silicate.inosilicate.medium.vswir.in-13a.jpl.perkin.spectrum.txt,0.000917,0.999483,0.883721,0.001099,0.945670,1.000000,0.001226,0.994107,1.000000,0.000462,1.000000,0.000000,0.000677,1.000000,0.000000
"Rhodonite (Mn,Ca)SiO_3 (IN-1A)",IN-1A,becknic,mineral,mineral.silicate.inosilicate.medium.vswir.in-1a.jpl.beckman.spectrum.txt,0.005600,0.998047,0.883721,0.005790,0.998271,1.000000,0.003572,0.997125,1.000000,0.000763,1.000000,0.000000,0.000603,1.000000,0.000000
"Rhodonite (Mn,Ca)SiO_3 (IN-1A)",IN-1A,becknic,mineral,mineral.silicate.inosilicate.medium.vswir.in-1a.jpl.perkin.spectrum.txt,0.004870,0.998425,0.883721,0.007129,0.997095,1.000000,0.003402,0.997408,1.000000,0.000784,1.000000,0.000000,0.000613,1.000000,0.000000
"Wollastonite CaSiO_3 (IN-2A)",IN-2A,becknic,mineral,mineral.silicate.inosilicate.medium.vswir.in-2a.jpl.beckman.spectrum.txt,0.001165,0.994925,0.883721,0.000976,0.995939,1.000000,0.001424,0.985526,1.000000,0.000407,1.000000,0.000000,0.000662,1.000000,0.000000
"Wollastonite CaSiO_3 (IN-2A)",IN-2A,becknic,mineral,mineral.silicate.inosilicate.medium.vswir.in-2a.jpl.perkin.spectrum.txt,0.001065,0.997554,0.883721,0.001569,0.990327,1.000000,0.001651,0.990408,1.000000,0.000418,1.000000,0.000000,0.000639,1.000000,0.000000
"Glaucophane Na_2(Mg,Fe^2+)_3Al_2Si_8O_22(OH)_2 (IN-3A)",IN-3A,becknic,mineral,mineral.silicate.inosilicate.medium.vswir.in-3a.jpl.beckman.spectrum.txt,0.001521,0.993139,0.883721,0.002469,0.988346,1.000000,0.003971,0.997768,1.000000,0.000707,1.000000,0.000000,0.000554,1.000000,0.000000
"Glaucophane Na_2(Mg,Fe^2+)_3Al_2Si_8O_22(OH)_2 (IN-3A)",IN-3A,becknic,mineral,mineral.silicate.inosilicate.medium.vswir.in-3a.jpl.perkin.spectrum.txt,0.001368,0.994190,0.883721,0.002220,0.988801,1.000000,0.004728,0.996895,1.000000,0.000709,1.000000,0.000000,0.000544,1.000000,0.000000
"Actinolite Ca_2(Mg,Fe^2+)_5Si_8O_22(OH)_2 (IN-4A)",IN-4A,becknic,mineral,mineral.silicate.inosilicate.medium.vswir.in-4a.jpl.beckman.spectrum.txt,0.001531,0.998569,0.883721,0.013317,0.890446,1.000000,0.004115,0.998751,1.000000,0.000812,1.000000,0.000000,0.000555,1.000000,0.000000
"Actinolite Ca_2(Mg,Fe^2+)_5Si_8O_22(OH)_2 (IN-4A)",IN-4A,becknic,mineral,mineral.silicate.inosilicate.medium.vswir.in-4a.jpl.perkin.spectrum.txt,0.001350,0.998898,0.883721,0.011667,0.926378,1.000000,0.007972,0.995746,1.000000,0.000747,1.000000,0.000000,0.000544,1.000000,0.000000
"Tremolite Ca_2(Mg,Fe^2+)_5Si_8O_22(OH)_2 (IN-5A)",IN-5A,becknic,mineral,mineral.silicate.inosilicate.medium.vswir.in-5a.jpl.beckman.spectrum.txt,0.001004,0.999309,0.883721,0.006097,0.936932,1.000000,0.007998,0.990987,1.000000,0.000604,1.000000,0.000000,0.000608,1.000000,0.000000
"Tremolite Ca_2(Mg,Fe^2+)_5Si_8O_22(OH)_2 (IN-5A)",IN-5A,becknic,mineral,mineral.silicate.inosilicate.medium.vswir.in-5a.jpl.perkin.spectrum.txt,0.000540,0.999806,0.883721,0.006434,0.936450,1.000000,0.010223,0.988453,1.000000,0.000669,1.000000,0.000000,0.000557,1.000000,0.000000
"Cummingtonite (Mg,Fe^2+)_7Si_8O_22(OH)_2 (IN-6A)",IN-6A,becknic,mineral,mineral.silicate.inosilicate.medium.vswir.in-6a.jpl.beckman.spectrum.txt,0.001131,0.977476,0.883721,0.001571,0.962398,1.000000,0.000640,0.995984,1.000000,0.000365,1.000000,0.000000,0.000383,1.000000,0.000000
"Cummingtonite (Mg,Fe^2+)_7Si_8O_22(OH)_2 (IN-6A)",IN-6A,becknic,mineral,mineral.silicate.inosilicate.medium.vswir.in-6a.jpl.perkin.spectrum.txt,0.000440,0.995580,0.883721,0.001542,0.975265,1.000000,0.000625,0.995755,1.000000,0.000285,1.000000,0.000000,0.000353,1.000000,0.000000
"Riebeckite Na_2(Fe^2+,Mg)_3,Fe_2^3+Si_8O_22(OH)_2 (IN-7A)",IN-7A,becknic,mineral,mineral.silicate.inosilicate.medium.vswir.in-7a.jpl.beckman.spectrum.txt,0.000516,0.899389,0.883721,0.000873,0.991804,1.000000,0.004577,0.999281,1.000000,0.000741,1.000000,0.000000,0.000591,1.000000,0.000000
"Riebeckite Na_2(Fe^2+,Mg)_3,Fe_2^3+Si_8O_22(OH)_2 (IN-7A)",IN-7A,becknic,mineral,mineral.silicate.inosilicate.medium.vswir.in-7a.jpl.perkin.spectrum.txt,0.000303,0.961109,0.883721,0.000666,0.994732,1.000000,0.005007,0.999103,1.000000,0.000745,1.000000,0.000000,0.000605,1.000000,0.000000
"Anthophyllite (Mg,Fe^2+)_7Si_8O_22(OH)_2 (IN-8A)",IN-8A,becknic,mineral,mineral.silicate.inosilicate.medium.vswir.in-8a.jpl.beckman.spectrum.txt,0.001476,0.998110,0.883721,0.001816,0.997033,1.000000,0.004376,0.993537,1.000000,0.000699,1.000000,0.000000,0.000554,1.000000,0.000000
"Anthophyllite (Mg,Fe^2+)_7Si_8O_22(OH)_2 (IN-8A)",IN-8A,becknic,mineral,mineral.silicate.inosilicate.medium.vswir.in-8a.jpl.perkin.spectrum.txt,0.001387,0.998574,0.883721,0.001612,0.998149,1.000000,0.003303,0.996992,1.000000,0.000819,1.000000,0.000000,0.000552,1.000000,0.000000
"Diopside CaMg(SiO_3)_2 (IN-9B)",IN-9B,becknic,mineral,mineral.silicate.inosilicate.medium.vswir.in-9b.jpl.beckman.spectrum.txt,0.001830,0.999072,0.883721,0.005422,0.941372,1.000000,0.002330,0.997719,1.000000,0.000753,1.000000,0.000000,0.000561,1.000000,0.000000
"Diopside CaMg(SiO_3)_2 (IN-9B)",IN-9B,becknic,mineral,mineral.silicate.inosilicate.medium.vswir.in-9b.jpl.perkin.spectrum.txt,0.001776,0.999175,0.883721,0.005283,0.957605,1.000000,0.001917,0.998447,1.000000,0.000727,1.000000,0.000000,0.000542,1.000000,0.000000
"Acmite NaFe+3 Si2O6 (acmite_1)",acmite_1,becknic,mineral,mineral.silicate.inosilicate.solid.tir.acmite_1.jhu.nicolet.spectrum.txt,0.000163,1.000000,0.000000,0.000130,1.000000,0.000000,0.000373,0.997280,0.300357,0.000991,0.988965,1.000000,0.002913,0.997781,1.000000
"Acmite NaFe+3Si2O6 (acmite_2)",acmite_2,becknic,mineral,mineral.silicate.inosilicate.solid.tir.acmite_2.jhu.nicolet.spectrum.txt,0.000166,1.000000,0.000000,0.000132,1.000000,0.000000,0.000269,0.976644,0.300357,0.000640,0.994662,1.000000,0.002559,0.998794,1.000000
"Augite (Ca,Na)(Mg,Fe,Al,Ti)(Si,Al)2O6 (augite_1)",augite_1,becknic,mineral,mineral.silicate.inosilicate.solid.tir.augite_1.jhu.nicolet.spectrum.txt,0.000089,1.000000,0.000000,0.000071,1.000000,0.000000,0.000166,0.976982,0.300357,0.000555,0.994074,1.000000,0.007499,0.991421,1.000000
"Augite (Ca,Na)(Mg,Fe,Al,Ti)(Si,Al)2O6 (augite_2)",augite_2,becknic,mineral,mineral.silicate.inosilicate.solid.tir.augite_2.jhu.nicolet.spectrum.txt,0.000202,1.000000,0.000000,0.000163,1.000000,0.000000,0.000279,1.000000,0.300357,0.000426,0.998567,1.000000,0.002552,0.997801,1.000000
"Bustamite (Mn,Ca)3Si3O9 (bustamite_1)",bustamite_1,becknic,mineral,mineral.silicate.inosilicate.solid.tir.bustamite_1.jhu.nicolet.spectrum.txt,0.000380,1.000000,0.000000,0.000223,1.000000,0.000000,0.000391,1.000000,0.300357,0.000642,0.994524,1.000000,0.011679,0.982282,1.000000
"Diopside CaMgSi2O6 (diopside_1)",diopside_1,becknic,mineral,mineral.silicate.inosilicate.solid.tir.diopside_1.jhu.nicolet.spectrum.txt,0.000494,1.000000,0.000000,0.000388,1.000000,0.000000,0.000642,0.887295,0.300357,0.000908,0.990498,1.000000,0.015059,0.993468,1.000000
"Enstatite Mg2Si2O6 (enstatite_1)",enstatite_1,becknic,mineral,mineral.silicate.inosilicate.solid.tir.enstatite_1.jhu.nicolet.spectrum.txt,0.000514,1.000000,0.000000,0.000367,1.000000,0.000000,0.000520,0.754237,0.300357,0.000916,0.997281,1.000000,0.007815,0.994092,1.000000
"Hedenbergite CaFe+2Si2O6 (hedenber_1)",hedenber_1,becknic,mineral,mineral.silicate.inosilicate.solid.tir.hedenber_1.jhu.nicolet.spectrum.txt,0.000420,1.000000,0.000000,0.000229,1.000000,0.000000,0.000398,1.000000,0.300357,0.000611,0.985485,1.000000,0.006006,0.997030,1.000000
"Hornblende Ca2(Fe+2,Mg)4Al(Si7Al)O22(OH,F)2 (hornblen_1)",hornblen_1,becknic,mineral,mineral.silicate.inosilicate.solid.tir.hornblen_1.jhu.nicolet.spectrum.txt,0.000487,1.000000,0.000000,0.000362,1.000000,0.000000,0.000688,0.933434,0.300357,0.000627,0.991478,1.000000,0.004662,0.997620,1.000000
"Hornblende Ca2(Fe2+,Mg)4Al(Si7,Al)O22(OH,F)2 (hornblen_2)",hornblen_2,becknic,mineral,mineral.silicate.inosilicate.solid.tir.hornblen_2.jhu.nicolet.spectrum.txt,0.000321,1.000000,0.000000,0.000317,1.000000,0.000000,0.000810,0.978115,0.300357,0.001202,0.997248,1.000000,0.004070,0.997647,1.000000
"Hornblende Ca2(Fe+2,Mg)4Al(Si7Al)O22(OH,F)2 (hornblen_3)",hornblen_3,becknic,mineral,mineral.silicate.inosilicate.solid.tir.hornblen_3.jhu.nicolet.spectrum.txt,0.000270,1.000000,0.000000,0.000196,1.000000,0.000000,0.000454,0.976427,0.300357,0.000681,0.991108,1.000000,0.007483,0.995420,1.000000
"Hypersthene (Mg,Fe+2)2Si2O6 (hypersth_1)",hypersth_1,becknic,mineral,mineral.silicate.inosilicate.solid.tir.hypersth_1.jhu.nicolet.spectrum.txt,0.000492,1.000000,0.000000,0.000252,1.000000,0.000000,0.000680,0.698245,0.300357,0.000769,0.994953,1.000000,0.004893,0.997161,1.000000
"Jadeite Na(Al,Fe+3)Si2O6 (jadeite_1)",jadeite_1,becknic,mineral,mineral.silicate.inosilicate.solid.tir.jadeite_1.jhu.nicolet.spectrum.txt,0.000353,1.000000,0.000000,0.000218,1.000000,0.000000,0.000400,1.000000,0.300357,0.001330,0.997491,1.000000,0.001792,0.996236,1.000000
"Pectolite NaCa2Si308(OH) (pectol_2)",pectol_2,becknic,mineral,mineral.silicate.inosilicate.solid.tir.pectol_2.jhu.nicolet.spectrum.txt,0.000378,1.000000,0.000000,0.000279,1.000000,0.000000,0.000508,0.949765,0.300357,0.000728,0.948248,1.000000,0.012340,0.979353,1.000000
"Rhodonite (Mn+2,Fe+2,Mg,Ca)SiO3 (rhodon_1)",rhodon_1,becknic,mineral,mineral.silicate.inosilicate.solid.tir.rhodon_1.jhu.nicolet.spectrum.txt,0.000268,1.000000,0.000000,0.000196,1.000000,0.000000,0.000511,1.000000,0.300357,0.000757,0.988762,1.000000,0.008159,0.982751,1.000000
"Richterite Na2Ca(Mg,Fe+2)5Si8O22(OH)2 (richter_1)",richter_1,becknic,mineral,mineral.silicate.inosilicate.solid.tir.richter_1.jhu.nicolet.spectrum.txt,0.000303,1.000000,0.000000,0.000298,1.000000,0.000000,0.000538,0.979375,0.300357,0.000680,0.990209,1.000000,0.007958,0.996181,1.000000
"Riebeckite Na2(Fe+2,Mg)3Fe2+3Si8O22(OH)2 (riebeck_1)",riebeck_1,becknic,mineral,mineral.silicate.inosilicate.solid.tir.riebeck_1.jhu.nicolet.spectrum.txt,0.000446,1.000000,0.000000,0.000235,1.000000,0.000000,0.000738,0.872303,0.300357,0.000831,0.997721,1.000000,0.005312,0.994682,1.000000
"Spodumene LiAlSi2O6 (spodum_1)",spodum_1,becknic,mineral,mineral.silicate.inosilicate.solid.tir.spodum_1.jhu.nicolet.spectrum.txt,0.000476,1.000000,0.000000,0.000256,1.000000,0.000000,0.000435,1.000000,0.300357,0.000719,0.966968,1.000000,0.011498,0.990494,1.000000
"Tremolite Ca2(Mg, Fe+2)5Si8O22(OH)2 (tremol_1)",tremol_1,becknic,mineral,mineral.silicate.inosilicate.solid.tir.tremol_1.jhu.nicolet.spectrum.txt,0.000384,1.000000,0.000000,0.000337,1.000000,0.000000,0.000505,1.000000,0.300357,0.001175,0.957140,1.000000,0.008507,0.996190,1.000000
"Tremolite Ca2(Mg, Fe+2)5Si8O22(OH)2 (tremol_2)",tremol_2,becknic,mineral,mineral.silicate.inosilicate.solid.tir.tremol_2.jhu.nicolet.spectrum.txt,0.000314,1.000000,0.000000,0.000208,1.000000,0.000000,0.000522,0.962279,0.300357,0.000686,0.992326,1.000000,0.007683,0.995967,1.000000
"Wollastonite CaSiO3 (wollasto_1)",wollasto_1,becknic,mineral,mineral.silicate.inosilicate.solid.tir.wollasto_1.jhu.nicolet.spectrum.txt,0.000305,1.000000,0.000000,0.000205,1.000000,0.000000,0.000343,0.961254,0.300357,0.000734,0.990158,1.000000,0.007349,0.989107,1.000000
"Almandine Fe3+2Al2(SiO4)3 (almandine_1)",almandine_1,becknic,mineral,mineral.silicate.nesosilicate.coarse.tir.almandine_1.jhu.nicolet.spectrum.txt,0.000127,1.000000,0.000000,0.000101,1.000000,0.000000,0.000203,0.964863,0.300357,0.001135,0.997141,1.000000,0.004471,0.980347,1.000000
"Andalusite Al2SiO5 (andalusite_1)",andalusite_1,becknic,mineral,mineral.silicate.nesosilicate.coarse.tir.andalusite_1.jhu.nicolet.spectrum.txt,0.000364,1.000000,0.000000,0.000282,1.000000,0.000000,0.000541,1.000000,0.300357,0.004259,0.990518,1.000000,0.003628,0.987258,1.000000
"Andradite Ca3Fe2+3 (SiO4)3 (andradite_1)",andradite_1,becknic,mineral,mineral.silicate.nesosilicate.coarse.tir.andradite_1.jhu.nicolet.spectrum.txt,0.000358,1.000000,0.000000,0.000219,1.000000,0.000000,0.000389,0.977095,0.300357,0.002541,0.983541,1.000000,0.004456,0.977767,1.000000
"Datolite CaBSiO4(OH) (datolite_1)",datolite_1,becknic,mineral,mineral.silicate.nesosilicate.coarse.tir.datolite_1.jhu.nicolet.spectrum.txt,0.000387,1.000000,0.000000,0.000224,1.000000,0.000000,0.004010,0.955226,0.300357,0.002372,0.986807,1.000000,0.004000,0.965310,1.000000
"Grossular Ca3Al2(Si04)3 (grossul_2)",grossul_2,becknic,mineral,mineral.silicate.nesosilicate.coarse.tir.grossul_2.jhu.nicolet.spectrum.txt,0.000232,1.000000,0.000000,0.000181,1.000000,0.000000,0.000344,0.986694,0.300357,0.002131,0.989023,1.000000,0.003359,0.984899,1.000000
"Kyanite Al2SiO5 (kyanite_1)",kyanite_1,becknic,mineral,mineral.silicate.nesosilicate.coarse.tir.kyanite_1.jhu.nicolet.spectrum.txt,0.000424,1.000000,0.000000,0.000230,1.000000,0.000000,0.000359,1.000000,0.300357,0.002223,0.994565,1.000000,0.003071,0.993411,1.000000
"Monticellite CaMgSiO4 (monticell_1)",monticell_1,becknic,mineral,mineral.silicate.nesosilicate.coarse.tir.monticell_1.jhu.nicolet.spectrum.txt,0.000330,1.000000,0.000000,0.000321,1.000000,0.000000,0.000638,0.887736,0.300357,0.003131,0.991237,1.000000,0.001938,0.986528,1.000000
"Fayalite Fe_2SiO_4 (NS-1A)",NS-1A,becknic,mineral,mineral.silicate.nesosilicate.coarse.tir.ns-1a.jpl.nicolet.spectrum.txt,0.000460,1.000000,0.000000,0.000237,1.000000,0.000000,0.000904,0.955646,0.356929,0.000942,0.993297,1.000000,0.003535,0.984739,1.000000
"Grossular Garnet Ca_3Al_2(SiO_4)_3 (NS-3B)",NS-3B,becknic,mineral,mineral.silicate.nesosilicate.coarse.tir.ns-3b.jpl.nicolet.spectrum.txt,0.000216,1.000000,0.000000,0.000874,1.000000,0.000000,0.001599,0.997926,0.356929,0.008810,0.996734,1.000000,0.023568,0.970564,1.000000
"Almandine Garnet Fe_3Al_2(SiO_4)_3 (NS-4A)",NS-4A,becknic,mineral,mineral.silicate.nesosilicate.coarse.tir.ns-4a.jpl.nicolet.spectrum.txt,0.000519,1.000000,0.000000,0.000379,1.000000,0.000000,0.001109,0.982634,0.356929,0.006150,0.997614,1.000000,0.019545,0.972751,1.000000
"Topaz Al_2SiO_4(F,OH)_2 (NS-6A)",NS-6A,becknic,mineral,mineral.silicate.nesosilicate.coarse.tir.ns-6a.jpl.nicolet.spectrum.txt,0.000539,1.000000,0.000000,0.000919,1.000000,0.000000,0.025540,0.840685,0.356929,0.023789,0.981931,1.000000,0.010657,0.991355,1.000000
"Titanite (Sphene) CaTiSiO_5 (NS-7A)",NS-7A,becknic,mineral,mineral.silicate.nesosilicate.coarse.tir.ns-7a.jpl.nicolet.spectrum.txt,0.000328,1.000000,0.000000,0.000219,1.000000,0.000000,0.013569,0.967858,0.356929,0.015020,0.996057,1.000000,0.009397,0.994840,1.000000
"Zircon ZrSiO_4 (NS-9A)",NS-9A,becknic,mineral,mineral.silicate.nesosilicate.coarse.tir.ns-9a.jpl.nicolet.spectrum.txt,0.000384,1.000000,0.000000,0.000465,1.000000,0.000000,0.002604,0.928836,0.356929,0.007990,0.997500,1.000000,0.003301,0.998276,1.000000
"Olivine (Fo92) (Fe+2,Mg)2SiO4 (olivine_1)",olivine_1,becknic,mineral,mineral.silicate.nesosilicate.coarse.tir.olivine_1.jhu.nicolet.spectrum.txt,0.000183,1.000000,0.000000,0.000146,1.000000,0.000000,0.000288,1.000000,0.300357,0.000706,0.989366,1.000000,0.001859,0.988540,1.000000
"Olivine (Fo11) (Fe+2,Mg)2SiO4 (olivine_10)",olivine_10,becknic,mineral,mineral.silicate.nesosilicate.coarse.tir.olivine_10.jhu.nicolet.spectrum.txt,0.000467,1.000000,0.000000,0.000238,1.000000,0.000000,0.000387,1.000000,0.300357,0.001869,0.980260,1.000000,0.002033,0.991290,1.000000
"Olivine (Fo92) (Fe+2,Mg)2SiO4 (olivine_11)",olivine_11,becknic,mineral,mineral.silicate.nesosilicate.coarse.tir.olivine_11.jhu.nicolet.spectrum.txt,0.000430,1.000000,0.000000,0.000265,1.000000,0.000000,0.000422,0.962689,0.300357,0.001948,0.997092,1.000000,0.007060,0.980999,1.000000
"Olivine (Fo92) (Fe+2,Mg)2SiO4 (olivine_12)",olivine_12,becknic,mineral,mineral.silicate.nesosilicate.coarse.tir.olivine_12.jhu.nicolet.spectrum.txt,0.000447,1.000000,0.000000,0.000235,1.000000,0.000000,0.000421,1.000000,0.300357,0.001460,0.997471,1.000000,0.004213,0.979931,1.000000
"Olivine (Fo92) (Fe+2,Mg)2SiO4 (olivine_13)",olivine_13,becknic,mineral,mineral.silicate.nesosilicate.coarse.tir.olivine_13.jhu.nicolet.spectrum.txt,0.000107,1.000000,0.000000,0.000085,1.000000,0.000000,0.000230,1.000000,0.300357,0.000245,0.998581,1.000000,0.003206,0.971673,1.000000
"Olivine (Fo18) (Fe+2,Mg)2SiO4 (olivine_2)",olivine_2,becknic,mineral,mineral.silicate.nesosilicate.coarse.tir.olivine_2.jhu.nicolet.spectrum.txt,0.000500,1.000000,0.000000,0.000384,1.000000,0.000000,0.000793,0.924698,0.300357,0.000963,0.999454,1.000000,0.002160,0.984222,1.000000
"Olivine (Fo29) (Fe+2,Mg)2SiO4 (olivine_3)",olivine_3,becknic,mineral,mineral.silicate.nesosilicate.coarse.tir.olivine_3.jhu.nicolet.spectrum.txt,0.000335,1.000000,0.000000,0.000213,1.000000,0.000000,0.000325,1.000000,0.300357,0.000448,0.999011,1.000000,0.002390,0.985893,1.000000
"Olivine (Fo41) (Fe+2,Mg)2SiO4 (olivine_4)",olivine_4,becknic,mineral,mineral.silicate.nesosilicate.coarse.tir.olivine_4.jhu.nicolet.spectrum.txt,0.000182,1.000000,0.000000,0.000145,1.000000,0.000000,0.000283,1.000000,0.300357,0.000366,0.998956,1.000000,0.001510,0.989919,1.000000
"Olivine (Fo51) (Fe+2,Mg)2SiO4 (olivine_5)",olivine_5,becknic,mineral,mineral.silicate.nesosilicate.coarse.tir.olivine_5.jhu.nicolet.spectrum.txt,0.000226,1.000000,0.000000,0.000177,1.000000,0.000000,0.000282,1.000000,0.300357,0.000581,0.995814,1.000000,0.001644,0.990574,1.000000
"Olivine (Fo60) (Fe+2,Mg)2SiO4 (olivine_6)",olivine_6,becknic,mineral,mineral.silicate.nesosilicate.coarse.tir.olivine_6.jhu.nicolet.spectrum.txt,0.000309,1.000000,0.000000,0.000207,1.000000,0.000000,0.000511,1.000000,0.300357,0.000716,0.997437,1.000000,0.001643,0.988804,1.000000
"Olivine (Fo66) (Fe+2,Mg)2SiO4 (olivine_7)",olivine_7,becknic,mineral,mineral.silicate.nesosilicate.coarse.tir.olivine_7.jhu.nicolet.spectrum.txt,0.000315,1.000000,0.000000,0.000208,1.000000,0.000000,0.000332,1.000000,0.300357,0.000821,0.996550,1.000000,0.001628,0.984986,1.000000
"Olivine (Fo88) (Fe+2,Mg)2SiO4 (olivine_8)",olivine_8,becknic,mineral,mineral.silicate.nesosilicate.coarse.tir.olivine_8.jhu.nicolet.spectrum.txt,0.000395,1.000000,0.000000,0.000274,1.000000,0.000000,0.000484,1.000000,0.300357,0.001439,0.991202,1.000000,0.003506,0.993274,1.000000
"Olivine (Fo88) (Fe+2,Mg)2SiO4 (olivine_9)",olivine_9,becknic,mineral,mineral.silicate.nesosilicate.coarse.tir.olivine_9.jhu.nicolet.spectrum.txt,0.000492,1.000000,0.000000,0.000244,1.000000,0.000000,0.000380,1.000000,0.300357,0.001789,0.985767,1.000000,0.001157,0.995792,1.000000
"Pyrope Mg3Al2(SiO4)3 (pyrope_1)",pyrope_1,becknic,mineral,mineral.silicate.nesosilicate.coarse.tir.pyrope_1.jhu.nicolet.spectrum.txt,0.000226,1.000000,0.000000,0.000178,1.000000,0.000000,0.000305,0.966287,0.300357,0.001653,0.996786,1.000000,0.002525,0.991345,1.000000
"Spessartine Mn3Al2 (SiO4)3 (spessart_2)",spessart_2,becknic,mineral,mineral.silicate.nesosilicate.coarse.tir.spessart_2.jhu.nicolet.spectrum.txt,0.000363,1.000000,0.000000,0.000220,1.000000,0.000000,0.000475,0.980761,0.300357,0.002293,0.992791,1.000000,0.006515,0.970542,1.000000
"Staurolite (Fe+2,Mg,Zn)2Al9(Si,Al)4O22(OH)2 (staurol_1)",staurol_1,becknic,mineral,mineral.silicate.nesosilicate.coarse.tir.staurol_1.jhu.nicolet.spectrum.txt,0.000033,1.000000,0.000000,0.000026,1.000000,0.000000,0.000091,1.000000,0.300357,0.000743,0.995847,1.000000,0.002830,0.986209,1.000000
"Topaz Al2SiO4(F,OH)2 (topaz_1)",topaz_1,becknic,mineral,mineral.silicate.nesosilicate.coarse.tir.topaz_1.jhu.nicolet.spectrum.txt,0.000178,1.000000,0.000000,0.000142,1.000000,0.000000,0.006416,0.963343,0.300357,0.005893,0.984101,1.000000,0.003304,0.990749,1.000000
"Topaz Al2SiO4(F,OH)2 (topaz_2)",topaz_2,becknic,mineral,mineral.silicate.nesosilicate.coarse.tir.topaz_2.jhu.nicolet.spectrum.txt,0.000088,1.000000,0.000000,0.000070,1.000000,0.000000,0.004134,0.957415,0.300357,0.004510,0.969108,1.000000,0.002199,0.991753,1.000000
"Topaz Al2SiO4(F,OH)2 (topaz_3)",topaz_3,becknic,mineral,mineral.silicate.nesosilicate.coarse.tir.topaz_3.jhu.nicolet.spectrum.txt,0.000461,1.000000,0.000000,0.000237,1.000000,0.000000,0.000542,1.000000,0.300357,0.003879,0.984431,1.000000,0.004501,0.982671,1.000000
"Topaz Al2SiO4(F,OH)2 (topaz_4)",topaz_4,becknic,mineral,mineral.silicate.nesosilicate.coarse.tir.topaz_4.jhu.nicolet.spectrum.txt,0.000169,1.000000,0.000000,0.000134,1.000000,0.000000,0.002898,0.973076,0.300357,0.003552,0.985779,1.000000,0.003015,0.986728,1.000000
"Fayalite Fe_2SiO_4 (NS-1A)",NS-1A,becknic,mineral,mineral.silicate.nesosilicate.coarse.vswir.ns-1a.jpl.beckman.spectrum.txt,0.000859,0.989884,0.883721,0.001104,0.974056,1.000000,0.000503,0.997988,1.000000,0.000252,1.000000,0.000000,0.000338,1.000000,0.000000
"Fayalite Fe_2SiO_4 (NS-1A)",NS-1A,becknic,mineral,mineral.silicate.nesosilicate.coarse.vswir.ns-1a.jpl.perkin.spectrum.txt,0.000529,0.996058,0.883721,0.000692,0.993981,1.000000,0.000669,0.997950,1.000000,0.000280,1.000000,0.000000,0.000351,1.000000,0.000000
"Grossular Garnet Ca_3Al_2(SiO_4)_3 (NS-3B)",NS-3B,becknic,mineral,mineral.silicate.nesosilicate.coarse.vswir.ns-3b.jpl.beckman.spectrum.txt,0.008126,0.994094,0.883721,0.002599,0.994703,1.000000,0.001466,0.999450,1.000000,0.000602,1.000000,0.000000,0.000700,1.000000,0.000000
"Grossular Garnet Ca_3Al_2(SiO_4)_3 (NS-3B)",NS-3B,becknic,mineral,mineral.silicate.nesosilicate.coarse.vswir.ns-3b.jpl.perkin.spectrum.txt,0.008357,0.994138,0.883721,0.002752,0.993565,1.000000,0.001467,0.999580,1.000000,0.000623,1.000000,0.000000,0.000601,1.000000,0.000000
"Almandine Garnet Fe_3Al_2(SiO_4)_3 (NS-4A)",NS-4A,becknic,mineral,mineral.silicate.nesosilicate.coarse.vswir.ns-4a.jpl.beckman.spectrum.txt,0.005236,0.997628,0.883721,0.015332,0.966707,1.000000,0.003323,0.972510,1.000000,0.000485,1.000000,0.000000,0.000512,1.000000,0.000000
"Almandine Garnet Fe_3Al_2(SiO_4)_3 (NS-4A)",NS-4A,becknic,mineral,mineral.silicate.nesosilicate.coarse.vswir.ns-4a.jpl.perkin.spectrum.txt,0.005575,0.997297,0.883721,0.016364,0.959044,1.000000,0.003648,0.971931,1.000000,0.000433,1.000000,0.000000,0.000533,1.000000,0.000000
"Topaz Al_2SiO_4(F,OH)_2 (NS-6A)",NS-6A,becknic,mineral,mineral.silicate.nesosilicate.coarse.vswir.ns-6a.jpl.beckman.spectrum.txt,0.001777,0.497471,0.883721,0.000753,0.905468,1.000000,0.016262,0.942091,1.000000,0.000501,1.000000,0.000000,0.000525,1.000000,0.000000
"Topaz Al_2SiO_4(F,OH)_2 (NS-6A)",NS-6A,becknic,mineral,mineral.silicate.nesosilicate.coarse.vswir.ns-6a.jpl.perkin.spectrum.txt,0.001468,0.906345,0.883721,0.001438,-0.750474,1.000000,0.024892,0.882152,1.000000,0.000626,1.000000,0.000000,0.000563,1.000000,0.000000
"Titanite (Sphene) CaTiSiO_5 (NS-7A)",NS-7A,becknic,mineral,mineral.silicate.nesosilicate.coarse.vswir.ns-7a.jpl.beckman.spectrum.txt,0.002978,0.999808,0.883721,0.003700,0.987148,1.000000,0.007255,0.987882,1.000000,0.000743,1.000000,0.000000,0.000562,1.000000,0.000000
"Titanite (Sphene) CaTiSiO_5 (NS-7A)",NS-7A,becknic,mineral,mineral.silicate.nesosilicate.coarse.vswir.ns-7a.jpl.perkin.spectrum.txt,0.002628,0.999850,0.883721,0.001281,0.998385,1.000000,0.011104,0.977393,1.000000,0.000811,1.000000,0.000000,0.000555,1.000000,0.000000
"Sillimanite Al_2SiO_5 (NS-8A)",NS-8A,becknic,mineral,mineral.silicate.nesosilicate.coarse.vswir.ns-8a.jpl.beckman.spectrum.txt,0.001850,0.999764,0.883721,0.000620,0.979573,1.000000,0.004074,0.998213,1.000000,0.000701,1.000000,0.000000,0.000554,1.000000,0.000000
"Zircon ZrSiO_4 (NS-9A)",NS-9A,becknic,mineral,mineral.silicate.nesosilicate.coarse.vswir.ns-9a.jpl.beckman.spectrum.txt,0.008016,0.995664,0.883721,0.006731,0.957683,1.000000,0.012879,0.942428,1.000000,0.000710,1.000000,0.000000,0.000547,1.000000,0.000000
"Zircon ZrSiO_4 (NS-9A)",NS-9A,becknic,mineral,mineral.silicate.nesosilicate.coarse.vswir.ns-9a.jpl.perkin.spectrum.txt,0.007588,0.996495,0.883721,0.006353,0.956369,1.000000,0.013388,0.933452,1.000000,0.000690,1.000000,0.000000,0.000548,1.000000,0.000000
"Almandine Fe3+2Al2(SiO4)3 (almandine_1)",almandine_1,becknic,mineral,mineral.silicate.nesosilicate.fine.tir.almandine_1.jhu.nicolet.spectrum.txt,0.000273,1.000000,0.000000,0.000485,1.000000,0.000000,0.001442,0.981702,0.300357,0.003488,0.996826,1.000000,0.011383,0.997511,1.000000
"Andalusite Al2SiO5 (andalusite_1)",andalusite_1,becknic,mineral,mineral.silicate.nesosilicate.fine.tir.andalusite_1.jhu.nicolet.spectrum.txt,0.000597,1.000000,0.000000,0.000644,1.000000,0.000000,0.001393,0.000000,0.300357,0.002985,0.989494,1.000000,0.017525,0.994473,1.000000
"Andradite Ca3Fe2+3 (SiO4)3 (andradite_1)",andradite_1,becknic,mineral,mineral.silicate.nesosilicate.fine.tir.andradite_1.jhu.nicolet.spectrum.txt,0.000184,1.000000,0.000000,0.000612,1.000000,0.000000,0.001243,0.993156,0.300357,0.001788,0.998760,1.000000,0.014418,0.996170,1.000000
"Datolite CaBSiO4(OH) (datolite_1)",datolite_1,becknic,mineral,mineral.silicate.nesosilicate.fine.tir.datolite_1.jhu.nicolet.spectrum.txt,0.000208,1.000000,0.000000,0.000567,1.000000,0.000000,0.001430,0.961327,0.300357,0.020597,0.863616,1.000000,0.021565,0.995087,1.000000
"Grossular Ca3Al2(Si04)3 (grossul_2)",grossul_2,becknic,mineral,mineral.silicate.nesosilicate.fine.tir.grossul_2.jhu.nicolet.spectrum.txt,0.000250,1.000000,0.000000,0.000645,1.000000,0.000000,0.002090,0.979581,0.300357,0.002483,0.997990,1.000000,0.018781,0.995461,1.000000
"Kyanite Al2SiO5 (kyanite_1)",kyanite_1,becknic,mineral,mineral.silicate.nesosilicate.fine.tir.kyanite_1.jhu.nicolet.spectrum.txt,0.000191,1.000000,0.000000,0.000741,1.000000,0.000000,0.001067,0.981351,0.300357,0.001849,0.997653,1.000000,0.008020,0.998935,1.000000
"Monticellite CaMgSiO4 (monticell_1)",monticell_1,becknic,mineral,mineral.silicate.nesosilicate.fine.tir.monticell_1.jhu.nicolet.spectrum.txt,0.000182,1.000000,0.000000,0.000487,1.000000,0.000000,0.001221,0.976283,0.300357,0.004940,0.989087,1.000000,0.013245,0.997354,1.000000
"Fayalite Fe_2SiO_4 (NS-1A)",NS-1A,becknic,mineral,mineral.silicate.nesosilicate.fine.tir.ns-1a.jpl.nicolet.spectrum.txt,0.000495,1.000000,0.000000,0.000458,1.000000,0.000000,0.001295,0.983773,0.356929,0.002609,0.991818,1.000000,0.002717,0.984061,1.000000
"Forsterite Mg_2SiO_4 (NS-2A)",NS-2A,becknic,mineral,mineral.silicate.nesosilicate.fine.tir.ns-2a.jpl.nicolet.spectrum.txt,0.000385,1.000000,0.000000,0.000945,1.000000,0.000000,0.001919,-1.000000,0.356929,0.014143,0.975243,1.000000,0.004627,0.995846,1.000000
"Grossular Garnet Ca_3Al_2(SiO_4)_3 (NS-3B)",NS-3B,becknic,mineral,mineral.silicate.nesosilicate.fine.tir.ns-3b.jpl.nicolet.spectrum.txt,0.000181,1.000000,0.000000,0.000582,1.000000,0.000000,0.000947,0.946237,0.356929,0.008852,0.996609,1.000000,0.009092,0.985127,1.000000
"Almandine Garnet Fe_3Al_2(SiO_4)_3 (NS-4A)",NS-4A,becknic,mineral,mineral.silicate.nesosilicate.fine.tir.ns-4a.jpl.nicolet.spectrum.txt,0.000703,1.000000,0.000000,0.000531,1.000000,0.000000,0.001389,0.507794,0.356929,0.003886,0.995544,1.000000,0.004809,0.987381,1.000000
"Topaz Al_2SiO_4(F,OH)_2 (NS-6A)",NS-6A,becknic,mineral,mineral.silicate.nesosilicate.fine.tir.ns-6a.jpl.nicolet.spectrum.txt,0.000871,1.000000,0.000000,0.000862,1.000000,0.000000,0.004865,0.541473,0.356929,0.013634,0.972557,1.000000,0.003825,0.995871,1.000000
"Titanite (Sphene) CaTiSiO_5 (NS-7A)",NS-7A,becknic,mineral,mineral.silicate.nesosilicate.fine.tir.ns-7a.jpl.nicolet.spectrum.txt,0.000181,1.000000,0.000000,0.000489,1.000000,0.000000,0.004903,0.935663,0.356929,0.009386,0.996860,1.000000,0.004431,0.996993,1.000000
"Zircon ZrSiO_4 (NS-9A)",NS-9A,becknic,mineral,mineral.silicate.nesosilicate.fine.tir.ns-9a.jpl.nicolet.spectrum.txt,0.000223,1.000000,0.000000,0.000850,1.000000,0.000000,0.001561,0.469690,0.356929,0.007389,0.996837,1.000000,0.003533,0.997342,1.000000
"Olivine (Fo92) (Fe+2,Mg)2SiO4 (olivine_1)",olivine_1,becknic,mineral,mineral.silicate.nesosilicate.fine.tir.olivine_1.jhu.nicolet.spectrum.txt,0.000502,1.000000,0.000000,0.000784,1.000000,0.000000,0.000941,0.991512,0.300357,0.005670,0.998548,1.000000,0.008257,0.999201,1.000000
"Olivine (Fo92) (Fe+2,Mg)2SiO4 (olivine_11)",olivine_11,becknic,mineral,mineral.silicate.nesosilicate.fine.tir.olivine_11.jhu.nicolet.spectrum.txt,0.000178,1.000000,0.000000,0.000515,1.000000,0.000000,0.001656,0.991498,0.300357,0.002091,0.996498,1.000000,0.011316,0.998851,1.000000
"Olivine (Fo92) (Fe+2,Mg)2SiO4 (olivine_12)",olivine_12,becknic,mineral,mineral.silicate.nesosilicate.fine.tir.olivine_12.jhu.nicolet.spectrum.txt,0.000187,1.000000,0.000000,0.000497,1.000000,0.000000,0.001294,0.941923,0.300357,0.002797,0.987136,1.000000,0.015480,0.997116,1.000000
"Olivine (Fo92) (Fe+2,Mg)2SiO4 (olivine_13)",olivine_13,becknic,mineral,mineral.silicate.nesosilicate.fine.tir.olivine_13.jhu.nicolet.spectrum.txt,0.000344,1.000000,0.000000,0.000777,1.000000,0.000000,0.001560,0.979002,0.300357,0.003192,0.997250,1.000000,0.010839,0.996759,1.000000
"Olivine (Fo18) (Fe+2,Mg)2SiO4 (olivine_2)",olivine_2,becknic,mineral,mineral.silicate.nesosilicate.fine.tir.olivine_2.jhu.nicolet.spectrum.txt,0.000503,1.000000,0.000000,0.000815,1.000000,0.000000,0.001000,0.997439,0.300357,0.003515,0.999494,1.000000,0.010645,0.998907,1.000000
"Olivine (Fo29) (Fe+2,Mg)2SiO4 (olivine_3)",olivine_3,becknic,mineral,mineral.silicate.nesosilicate.fine.tir.olivine_3.jhu.nicolet.spectrum.txt,0.000641,1.000000,0.000000,0.000904,1.000000,0.000000,0.001490,0.994217,0.300357,0.001939,0.999581,1.000000,0.009312,0.998848,1.000000
"Olivine (Fo41) (Fe+2,Mg)2SiO4 (olivine_4)",olivine_4,becknic,mineral,mineral.silicate.nesosilicate.fine.tir.olivine_4.jhu.nicolet.spectrum.txt,0.000355,1.000000,0.000000,0.000212,1.000000,0.000000,0.001510,0.987981,0.300357,0.003886,0.996760,1.000000,0.009359,0.998729,1.000000
"Olivine (Fo51) (Fe+2,Mg)2SiO4 (olivine_5)",olivine_5,becknic,mineral,mineral.silicate.nesosilicate.fine.tir.olivine_5.jhu.nicolet.spectrum.txt,0.000952,1.000000,0.000000,0.000844,1.000000,0.000000,0.001385,0.997259,0.300357,0.002482,0.999497,1.000000,0.007600,0.999451,1.000000
"Olivine (Fo60) (Fe+2,Mg)2SiO4 (olivine_6)",olivine_6,becknic,mineral,mineral.silicate.nesosilicate.fine.tir.olivine_6.jhu.nicolet.spectrum.txt,0.000256,1.000000,0.000000,0.000595,1.000000,0.000000,0.001268,0.996115,0.300357,0.002456,0.997955,1.000000,0.011209,0.998659,1.000000
"Olivine (Fo66) (Fe+2,Mg)2SiO4 (olivine_7)",olivine_7,becknic,mineral,mineral.silicate.nesosilicate.fine.tir.olivine_7.jhu.nicolet.spectrum.txt,0.000217,1.000000,0.000000,0.000875,1.000000,0.000000,0.001008,0.996850,0.300357,0.002170,0.997955,1.000000,0.010762,0.998548,1.000000
"Olivine (Fo88) (Fe+2,Mg)2SiO4 (olivine_8)",olivine_8,becknic,mineral,mineral.silicate.nesosilicate.fine.tir.olivine_8.jhu.nicolet.spectrum.txt,0.000193,1.000000,0.000000,0.000518,1.000000,0.000000,0.001113,0.993516,0.300357,0.002888,0.985774,1.000000,0.010216,0.998439,1.000000
"Olivine (Fo88) (Fe+2,Mg)2SiO4 (olivine_9)",olivine_9,becknic,mineral,mineral.silicate.nesosilicate.fine.tir.olivine_9.jhu.nicolet.spectrum.txt,0.000320,1.000000,0.000000,0.000240,1.000000,0.000000,0.001320,0.996677,0.300357,0.002180,0.998613,1.000000,0.008930,0.999254,1.000000
"Pyrope Mg3Al2(SiO4)3 (pyrope_1)",pyrope_1,becknic,mineral,mineral.silicate.nesosilicate.fine.tir.pyrope_1.jhu.nicolet.spectrum.txt,0.000280,1.000000,0.000000,0.000443,1.000000,0.000000,0.002106,0.974390,0.300357,0.003121,0.998047,1.000000,0.009988,0.998532,1.000000
"Spessartine Mn3Al2 (SiO4)3 (spessart_2)",spessart_2,becknic,mineral,mineral.silicate.nesosilicate.fine.tir.spessart_2.jhu.nicolet.spectrum.txt,0.000588,1.000000,0.000000,0.000646,1.000000,0.000000,0.001297,0.807349,0.300357,0.002498,0.995514,1.000000,0.012385,0.996569,1.000000
"Staurolite (Fe+2,Mg,Zn)2Al9(Si,Al)4O22(OH)2 (staurol_1)",staurol_1,becknic,mineral,mineral.silicate.nesosilicate.fine.tir.staurol_1.jhu.nicolet.spectrum.txt,0.000317,1.000000,0.000000,0.000250,1.000000,0.000000,0.001673,0.987422,0.300357,0.003678,0.997613,1.000000,0.006114,0.999211,1.000000
"Topaz Al2SiO4(F,OH)2 (topaz_1)",topaz_1,becknic,mineral,mineral.silicate.nesosilicate.fine.tir.topaz_1.jhu.nicolet.spectrum.txt,0.000406,1.000000,0.000000,0.000692,1.000000,0.000000,0.001810,0.810084,0.300357,0.006539,0.969161,1.000000,0.012810,0.997796,1.000000
"Topaz Al2SiO4(F,OH)2 (topaz_2)",topaz_2,becknic,mineral,mineral.silicate.nesosilicate.fine.tir.topaz_2.jhu.nicolet.spectrum.txt,0.000276,1.000000,0.000000,0.000729,1.000000,0.000000,0.001329,0.775810,0.300357,0.012231,0.828805,1.000000,0.016599,0.996127,1.000000
"Topaz Al2SiO4(F,OH)2 (topaz_3)",topaz_3,becknic,mineral,mineral.silicate.nesosilicate.fine.tir.topaz_3.jhu.nicolet.spectrum.txt,0.000380,1.000000,0.000000,0.000698,1.000000,0.000000,0.001298,0.802037,0.300357,0.002342,0.989417,1.000000,0.017304,0.996752,1.000000
"Topaz Al2SiO4(F,OH)2 (topaz_4)",topaz_4,becknic,mineral,mineral.silicate.nesosilicate.fine.tir.topaz_4.jhu.nicolet.spectrum.txt,0.000434,1.000000,0.000000,0.000265,1.000000,0.000000,0.002284,0.970423,0.300357,0.004625,0.967307,1.000000,0.001849,0.991779,1.000000
"Fayalite Fe_2SiO_4 (NS-1A)",NS-1A,becknic,mineral,mineral.silicate.nesosilicate.fine.vswir.ns-1a.jpl.beckman.spectrum.txt,0.001258,0.998542,0.883721,0.003670,0.973354,1.000000,0.001208,0.998146,1.000000,0.000366,1.000000,0.000000,0.000555,1.000000,0.000000
"Fayalite Fe_2SiO_4 (NS-1A)",NS-1A,becknic,mineral,mineral.silicate.nesosilicate.fine.vswir.ns-1a.jpl.perkin.spectrum.txt,0.000951,0.998996,0.883721,0.002773,0.984635,1.000000,0.001327,0.997684,1.000000,0.000425,1.000000,0.000000,0.000535,1.000000,0.000000
"Forsterite Mg_2SiO_4 (NS-2A)",NS-2A,becknic,mineral,mineral.silicate.nesosilicate.fine.vswir.ns-2a.jpl.beckman.spectrum.txt,0.002449,0.784474,0.883721,0.001112,-0.227744,1.000000,0.001393,0.457518,1.000000,0.000659,1.000000,0.000000,0.000568,1.000000,0.000000
"Forsterite Mg_2SiO_4 (NS-2A)",NS-2A,becknic,mineral,mineral.silicate.nesosilicate.fine.vswir.ns-2a.jpl.perkin.spectrum.txt,0.001325,0.957813,0.883721,0.001036,0.000000,1.000000,0.001311,0.956211,1.000000,0.000706,1.000000,0.000000,0.000589,1.000000,0.000000
"Grossular Garnet Ca_3Al_2(SiO_4)_3 (NS-3B)",NS-3B,becknic,mineral,mineral.silicate.nesosilicate.fine.vswir.ns-3b.jpl.beckman.spectrum.txt,0.001767,0.997449,0.883721,0.000814,0.960913,1.000000,0.000886,0.982042,1.000000,0.000468,1.000000,0.000000,0.000597,1.000000,0.000000
"Grossular Garnet Ca_3Al_2(SiO_4)_3 (NS-3B)",NS-3B,becknic,mineral,mineral.silicate.nesosilicate.fine.vswir.ns-3b.jpl.perkin.spectrum.txt,0.002022,0.997676,0.883721,0.001221,0.902395,1.000000,0.001378,0.992936,1.000000,0.000393,1.000000,0.000000,0.000642,1.000000,0.000000
"Almandine Garnet Fe_3Al_2(SiO_4)_3 (NS-4A)",NS-4A,becknic,mineral,mineral.silicate.nesosilicate.fine.vswir.ns-4a.jpl.beckman.spectrum.txt,0.001345,0.998118,0.883721,0.001297,0.912138,1.000000,0.001435,0.963461,1.000000,0.000739,1.000000,0.000000,0.000518,1.000000,0.000000
"Almandine Garnet Fe_3Al_2(SiO_4)_3 (NS-4A)",NS-4A,becknic,mineral,mineral.silicate.nesosilicate.fine.vswir.ns-4a.jpl.perkin.spectrum.txt,0.000985,0.999054,0.883721,0.001503,0.895266,1.000000,0.001584,0.958422,1.000000,0.000665,1.000000,0.000000,0.000715,1.000000,0.000000
"Topaz Al_2SiO_4(F,OH)_2 (NS-6A)",NS-6A,becknic,mineral,mineral.silicate.nesosilicate.fine.vswir.ns-6a.jpl.beckman.spectrum.txt,0.001270,0.834316,0.883721,0.001669,0.334731,1.000000,0.002468,0.923013,1.000000,0.000804,1.000000,0.000000,0.000549,1.000000,0.000000
"Topaz Al_2SiO_4(F,OH)_2 (NS-6A)",NS-6A,becknic,mineral,mineral.silicate.nesosilicate.fine.vswir.ns-6a.jpl.perkin.spectrum.txt,0.002023,-1.000000,0.883721,0.000554,0.952218,1.000000,0.003794,0.920525,1.000000,0.000702,1.000000,0.000000,0.000543,1.000000,0.000000
"Titanite (Sphene) CaTiSiO_5 (NS-7A)",NS-7A,becknic,mineral,mineral.silicate.nesosilicate.fine.vswir.ns-7a.jpl.beckman.spectrum.txt,0.001889,0.999640,0.883721,0.000831,0.918517,1.000000,0.002301,0.985634,1.000000,0.000552,1.000000,0.000000,0.000496,1.000000,0.000000
"Titanite (Sphene) CaTiSiO_5 (NS-7A)",NS-7A,becknic,mineral,mineral.silicate.nesosilicate.fine.vswir.ns-7a.jpl.perkin.spectrum.txt,0.001820,0.999732,0.883721,0.000966,0.911716,1.000000,0.004008,0.979245,1.000000,0.000399,1.000000,0.000000,0.000648,1.000000,0.000000
"Sillimanite Al_2SiO_5 (NS-8A)",NS-8A,becknic,mineral,mineral.silicate.nesosilicate.fine.vswir.ns-8a.jpl.beckman.spectrum.txt,0.000859,0.999462,0.883721,0.000713,1.000000,1.000000,0.001789,0.983313,1.000000,0.000392,1.000000,0.000000,0.000639,1.000000,0.000000
"Zircon ZrSiO_4 (NS-9A)",NS-9A,becknic,mineral,mineral.silicate.nesosilicate.fine.vswir.ns-9a.jpl.beckman.spectrum.txt,0.002353,0.999722,0.883721,0.001446,0.833117,1.000000,0.003340,0.952355,1.000000,0.000453,1.000000,0.000000,0.000630,1.000000,0.000000
"Zircon ZrSiO_4 (NS-9A)",NS-9A,becknic,mineral,mineral.silicate.nesosilicate.fine.vswir.ns-9a.jpl.perkin.spectrum.txt,0.002399,0.999705,0.883721,0.002198,0.727981,1.000000,0.003662,0.952425,1.000000,0.000648,1.000000,0.000000,0.000726,1.000000,0.000000
"Fayalite Fe_2SiO_4 (NS-1A)",NS-1A,becknic,mineral,mineral.silicate.nesosilicate.medium.tir.ns-1a.jpl.nicolet.spectrum.txt,0.000443,1.000000,0.000000,0.000352,1.000000,0.000000,0.001124,0.973030,0.356929,0.001277,0.996073,1.000000,0.003356,0.982271,1.000000
"Grossular Garnet Ca_3Al_2(SiO_4)_3 (NS-3B)",NS-3B,becknic,mineral,mineral.silicate.nesosilicate.medium.tir.ns-3b.jpl.nicolet.spectrum.txt,0.000180,1.000000,0.000000,0.000564,1.000000,0.000000,0.001419,0.994874,0.356929,0.008788,0.997627,1.000000,0.019326,0.971756,1.000000
"Almandine Garnet Fe_3Al_2(SiO_4)_3 (NS-4A)",NS-4A,becknic,mineral,mineral.silicate.nesosilicate.medium.tir.ns-4a.jpl.nicolet.spectrum.txt,0.000494,1.000000,0.000000,0.000808,1.000000,0.000000,0.001453,0.965896,0.356929,0.006372,0.997749,1.000000,0.015851,0.977093,1.000000
"Topaz Al_2SiO_4(F,OH)_2 (NS-6A)",NS-6A,becknic,mineral,mineral.silicate.nesosilicate.medium.tir.ns-6a.jpl.nicolet.spectrum.txt,0.000332,1.000000,0.000000,0.000833,1.000000,0.000000,0.020614,0.769388,0.356929,0.019840,0.987638,1.000000,0.010164,0.990662,1.000000
"Titanite (Sphene) CaTiSiO_5 (NS-7A)",NS-7A,becknic,mineral,mineral.silicate.nesosilicate.medium.tir.ns-7a.jpl.nicolet.spectrum.txt,0.000193,1.000000,0.000000,0.000755,1.000000,0.000000,0.010830,0.962942,0.356929,0.015523,0.996321,1.000000,0.007171,0.996215,1.000000
"Zircon ZrSiO_4 (NS-9A)",NS-9A,becknic,mineral,mineral.silicate.nesosilicate.medium.tir.ns-9a.jpl.nicolet.spectrum.txt,0.000242,1.000000,0.000000,0.000706,1.000000,0.000000,0.001971,0.923130,0.356929,0.007824,0.998159,1.000000,0.003522,0.997771,1.000000
"Fayalite Fe_2SiO_4 (NS-1A)",NS-1A,becknic,mineral,mineral.silicate.nesosilicate.medium.vswir.ns-1a.jpl.beckman.spectrum.txt,0.000916,0.995663,0.883721,0.001446,0.980794,1.000000,0.000775,0.999127,1.000000,0.000490,1.000000,0.000000,0.000394,1.000000,0.000000
"Fayalite Fe_2SiO_4 (NS-1A)",NS-1A,becknic,mineral,mineral.silicate.nesosilicate.medium.vswir.ns-1a.jpl.perkin.spectrum.txt,0.000719,0.997419,0.883721,0.000817,0.995438,1.000000,0.000921,0.998732,1.000000,0.000481,1.000000,0.000000,0.000369,1.000000,0.000000
"Grossular Garnet Ca_3Al_2(SiO_4)_3 (NS-3B)",NS-3B,becknic,mineral,mineral.silicate.nesosilicate.medium.vswir.ns-3b.jpl.beckman.spectrum.txt,0.005378,0.994085,0.883721,0.001129,0.996405,1.000000,0.001066,0.998933,1.000000,0.000392,1.000000,0.000000,0.000638,1.000000,0.000000
"Grossular Garnet Ca_3Al_2(SiO_4)_3 (NS-3B)",NS-3B,becknic,mineral,mineral.silicate.nesosilicate.medium.vswir.ns-3b.jpl.perkin.spectrum.txt,0.005390,0.994913,0.883721,0.001666,0.991294,1.000000,0.001349,0.998969,1.000000,0.000442,1.000000,0.000000,0.000636,1.000000,0.000000
"Almandine Garnet Fe_3Al_2(SiO_4)_3 (NS-4A)",NS-4A,becknic,mineral,mineral.silicate.nesosilicate.medium.vswir.ns-4a.jpl.beckman.spectrum.txt,0.003945,0.997673,0.883721,0.008315,0.949437,1.000000,0.003414,0.987173,1.000000,0.000690,1.000000,0.000000,0.000747,1.000000,0.000000
"Almandine Garnet Fe_3Al_2(SiO_4)_3 (NS-4A)",NS-4A,becknic,mineral,mineral.silicate.nesosilicate.medium.vswir.ns-4a.jpl.perkin.spectrum.txt,0.004343,0.997572,0.883721,0.009501,0.945331,1.000000,0.003628,0.985513,1.000000,0.000817,1.000000,0.000000,0.000815,1.000000,0.000000
"Topaz Al_2SiO_4(F,OH)_2 (NS-6A)",NS-6A,becknic,mineral,mineral.silicate.nesosilicate.medium.vswir.ns-6a.jpl.beckman.spectrum.txt,0.001418,0.505733,0.883721,0.000785,0.885222,1.000000,0.011716,0.900390,1.000000,0.000722,1.000000,0.000000,0.000531,1.000000,0.000000
"Topaz Al_2SiO_4(F,OH)_2 (NS-6A)",NS-6A,becknic,mineral,mineral.silicate.nesosilicate.medium.vswir.ns-6a.jpl.perkin.spectrum.txt,0.002517,0.397103,0.883721,0.000557,1.000000,1.000000,0.018157,0.844462,1.000000,0.000731,1.000000,0.000000,0.000526,1.000000,0.000000
"Titanite (Sphene) CaTiSiO_5 (NS-7A)",NS-7A,becknic,mineral,mineral.silicate.nesosilicate.medium.vswir.ns-7a.jpl.beckman.spectrum.txt,0.002602,0.999824,0.883721,0.000969,0.998135,1.000000,0.005496,0.988659,1.000000,0.000601,1.000000,0.000000,0.000712,1.000000,0.000000
"Titanite (Sphene) CaTiSiO_5 (NS-7A)",NS-7A,becknic,mineral,mineral.silicate.nesosilicate.medium.vswir.ns-7a.jpl.perkin.spectrum.txt,0.003006,0.999765,0.883721,0.001930,0.991445,1.000000,0.008618,0.978253,1.000000,0.000630,1.000000,0.000000,0.000609,1.000000,0.000000
"Sillimanite Al_2SiO_5 (NS-8A)",NS-8A,becknic,mineral,mineral.silicate.nesosilicate.medium.vswir.ns-8a.jpl.beckman.spectrum.txt,0.001552,0.999553,0.883721,0.000835,0.647869,1.000000,0.001813,0.997959,1.000000,0.000599,1.000000,0.000000,0.000754,1.000000,0.000000
"Zircon ZrSiO_4 (NS-9A)",NS-9A,becknic,mineral,mineral.silicate.nesosilicate.medium.vswir.ns-9a.jpl.beckman.spectrum.txt,0.006084,0.998115,0.883721,0.003908,0.958811,1.000000,0.009229,0.939634,1.000000,0.000585,1.000000,0.000000,0.000731,1.000000,0.000000
"Zircon ZrSiO_4 (NS-9A)",NS-9A,becknic,mineral,mineral.silicate.nesosilicate.medium.vswir.ns-9a.jpl.perkin.spectrum.txt,0.006439,0.998084,0.883721,0.003977,0.962536,1.000000,0.010724,0.929374,1.000000,0.000609,1.000000,0.000000,0.000724,1.000000,0.000000
"Almandine Fe3+2Al2(SiO4)3 (almandine_1)",almandine_1,becknic,mineral,mineral.silicate.nesosilicate.solid.tir.almandine_1.jhu.nicolet.spectrum.txt,0.000394,1.000000,0.000000,0.000223,1.000000,0.000000,0.000388,0.939479,0.300357,0.000547,0.984590,1.000000,0.021787,0.985061,1.000000
"Andalusite Al2SiO5 (andalusite_1)",andalusite_1,becknic,mineral,mineral.silicate.nesosilicate.solid.tir.andalusite_1.jhu.nicolet.spectrum.txt,0.000511,1.000000,0.000000,0.000381,1.000000,0.000000,0.000758,1.000000,0.300357,0.001574,0.911400,1.000000,0.016821,0.993468,1.000000
"Andradite Ca3Fe2+3 (SiO4)3 (andradite_1)",andradite_1,becknic,mineral,mineral.silicate.nesosilicate.solid.tir.andradite_1.jhu.nicolet.spectrum.txt,0.000230,1.000000,0.000000,0.000180,1.000000,0.000000,0.000309,1.000000,0.300357,0.000781,0.954811,1.000000,0.018889,0.982435,1.000000
"Datolite CaBSiO4(OH) (datolite_1)",datolite_1,becknic,mineral,mineral.silicate.nesosilicate.solid.tir.datolite_1.jhu.nicolet.spectrum.txt,0.000342,1.000000,0.000000,0.000215,1.000000,0.000000,0.000390,1.000000,0.300357,0.001025,0.988533,1.000000,0.022326,0.975124,1.000000
"Grossular Ca3Al2(Si04)3 (grossul_2)",grossul_2,becknic,mineral,mineral.silicate.nesosilicate.solid.tir.grossul_2.jhu.nicolet.spectrum.txt,0.000496,1.000000,0.000000,0.000247,1.000000,0.000000,0.000406,0.941939,0.300357,0.000850,0.965173,1.000000,0.015892,0.990519,1.000000
"Kyanite Al2SiO5 (kyanite_1)",kyanite_1,becknic,mineral,mineral.silicate.nesosilicate.solid.tir.kyanite_1.jhu.nicolet.spectrum.txt,0.000493,1.000000,0.000000,0.000444,1.000000,0.000000,0.000946,0.944175,0.300357,0.004747,0.907930,1.000000,0.009206,0.991482,1.000000
"Monticellite CaMgSiO4 (monticell_1)",monticell_1,becknic,mineral,mineral.silicate.nesosilicate.solid.tir.monticell_1.jhu.nicolet.spectrum.txt,0.000103,1.000000,0.000000,0.000082,1.000000,0.000000,0.000189,1.000000,0.300357,0.000323,0.989381,1.000000,0.013923,0.978038,1.000000
"Olivine (Fo92) (Fe+2,Mg)2SiO4 (olivine_11)",olivine_11,becknic,mineral,mineral.silicate.nesosilicate.solid.tir.olivine_11.jhu.nicolet.spectrum.txt,0.000195,1.000000,0.000000,0.000158,1.000000,0.000000,0.000314,0.984471,0.300357,0.000454,0.963779,1.000000,0.006099,0.993108,1.000000
"Olivine (Fo92) (Fe+2,Mg)2SiO4 (olivine_12)",olivine_12,becknic,mineral,mineral.silicate.nesosilicate.solid.tir.olivine_12.jhu.nicolet.spectrum.txt,0.000151,1.000000,0.000000,0.000120,1.000000,0.000000,0.000198,1.000000,0.300357,0.000261,0.992000,1.000000,0.012297,0.984766,1.000000
"Olivine (Fo92) (Fe+2,Mg)2SiO4 (olivine_13)",olivine_13,becknic,mineral,mineral.silicate.nesosilicate.solid.tir.olivine_13.jhu.nicolet.spectrum.txt,0.000168,1.000000,0.000000,0.000133,1.000000,0.000000,0.000346,1.000000,0.300357,0.000316,0.992196,1.000000,0.004870,0.983271,1.000000
"Pyrope Mg3Al2(SiO4)3 (pyrope_1)",pyrope_1,becknic,mineral,mineral.silicate.nesosilicate.solid.tir.pyrope_1.jhu.nicolet.spectrum.txt,0.000087,1.000000,0.000000,0.000069,1.000000,0.000000,0.000121,0.990731,0.300357,0.000120,0.999025,1.000000,0.004202,0.988608,1.000000
"Spessartine Mn3Al2 (SiO4)3 (spessart_2)",spessart_2,becknic,mineral,mineral.silicate.nesosilicate.solid.tir.spessart_2.jhu.nicolet.spectrum.txt,0.000365,1.000000,0.000000,0.000332,1.000000,0.000000,0.000563,1.000000,0.300357,0.000835,0.984782,1.000000,0.019202,0.987346,1.000000
"Staurolite (Fe+2,Mg,Zn)2Al9(Si,Al)4O22(OH)2 (staurol_1)",staurol_1,becknic,mineral,mineral.silicate.nesosilicate.solid.tir.staurol_1.jhu.nicolet.spectrum.txt,0.000115,1.000000,0.000000,0.000092,1.000000,0.000000,0.000240,1.000000,0.300357,0.000307,0.992651,1.000000,0.003769,0.997002,1.000000
"Topaz Al2SiO4(F,OH)2 (topaz_1)",topaz_1,becknic,mineral,mineral.silicate.nesosilicate.solid.tir.topaz_1.jhu.nicolet.spectrum.txt,0.000433,1.000000,0.000000,0.000232,1.000000,0.000000,0.002845,0.973310,0.300357,0.002844,0.986343,1.000000,0.018802,0.993791,1.000000
"Topaz Al2SiO4(F,OH)2 (topaz_2)",topaz_2,becknic,mineral,mineral.silicate.nesosilicate.solid.tir.topaz_2.jhu.nicolet.spectrum.txt,0.000175,1.000000,0.000000,0.000140,1.000000,0.000000,0.000273,1.000000,0.300357,0.000525,0.992073,1.000000,0.013832,0.994015,1.000000
"Zoisite (var. tanzanite) Ca2Al3(SiO4)3(OH) (zoisite_1)",zoisite_1,becknic,mineral,mineral.silicate.none.coarse.tir.zoisite_1.jhu.nicolet.spectrum.txt,0.000307,1.000000,0.000000,0.000297,1.000000,0.000000,0.003290,0.940921,0.300357,0.001927,0.986814,1.000000,0.004561,0.966378,1.000000
"Zoisite (var. tanzanite) Ca2Al3(SiO4)3(OH) (zoisite_1)",zoisite_1,becknic,mineral,mineral.silicate.none.fine.tir.zoisite_1.jhu.nicolet.spectrum.txt,0.000190,1.000000,0.000000,0.000721,1.000000,0.000000,0.001717,0.986574,0.300357,0.014360,0.963004,1.000000,0.016066,0.995378,1.000000
"Zoisite (var. tanzanite) Ca2Al3(SiO4)3(OH) (zoisite_1)",zoisite_1,becknic,mineral,mineral.silicate.none.solid.tir.zoisite_1.jhu.nicolet.spectrum.txt,0.000402,1.000000,0.000000,0.000272,1.000000,0.000000,0.000555,0.875425,0.300357,0.000624,0.955656,1.000000,0.018768,0.982736,1.000000
"Antigorite (Mg, Fe+2)3 Si2O5(OH)4 (antigorite_1)",antigorite_1,becknic,mineral,mineral.silicate.phyllosilicate.coarse.tir.antigorite_1.jhu.nicolet.spectrum.txt,0.000340,1.000000,0.000000,0.000215,1.000000,0.000000,0.001381,0.992127,0.300357,0.001396,0.994858,1.000000,0.001879,0.994795,1.000000
"Biotite K(Mg,Fe+2)3(Al,Fe+3)Si3O10(OH,F)2 (biotite_1)",biotite_1,becknic,mineral,mineral.silicate.phyllosilicate.coarse.tir.biotite_1.jhu.nicolet.spectrum.txt,0.000491,1.000000,0.000000,0.000253,1.000000,0.000000,0.000569,0.892273,0.300357,0.001454,0.995450,1.000000,0.001275,0.993628,1.000000
"Biotite K(Mg,Fe+2)3(Al,Fe+3)Si3O10(OH,F)2 (biotite_2)",biotite_2,becknic,mineral,mineral.silicate.phyllosilicate.coarse.tir.biotite_2.jhu.nicolet.spectrum.txt,0.000371,1.000000,0.000000,0.000280,1.000000,0.000000,0.000446,0.986327,0.300357,0.002288,0.993249,1.000000,0.002130,0.994732,1.000000
"Chrysotile Mg3Si2O5(OH)4 (chrysotile_1)",chrysotile_1,becknic,mineral,mineral.silicate.phyllosilicate.coarse.tir.chrysotile_1.jhu.nicolet.spectrum.txt,0.000454,1.000000,0.000000,0.000638,1.000000,0.000000,0.002797,0.988182,0.300357,0.004449,0.990594,1.000000,0.007282,0.949898,1.000000
"Clinochlore (Fe+2,Mg)5Al(Si3Al)O10(OH)8 (clinochl_2)",clinochl_2,becknic,mineral,mineral.silicate.phyllosilicate.coarse.tir.clinochl_2.jhu.nicolet.spectrum.txt,0.000423,1.000000,0.000000,0.000267,1.000000,0.000000,0.000842,0.987899,0.300357,0.000827,0.998835,1.000000,0.001599,0.995829,1.000000
"Clinochlore (Mg,Fe+2)5Al(Si3Al)O10(OH)8 (clinochlore_1)",clinochlore_1,becknic,mineral,mineral.silicate.phyllosilicate.coarse.tir.clinochlore_1.jhu.nicolet.spectrum.txt,0.000504,1.000000,0.000000,0.000383,1.000000,0.000000,0.001079,0.995625,0.300357,0.002431,0.996331,1.000000,0.001935,0.995761,1.000000
"Illite (K,H3O)(Al,Mg,Fe)2(Si,Al)4O10[(OH)2,H2O] (illite_1)",illite_1,becknic,mineral,mineral.silicate.phyllosilicate.coarse.tir.illite_1.jhu.nicolet.spectrum.txt,0.000260,1.000000,0.000000,0.000193,1.000000,0.000000,0.000495,0.976015,0.300357,0.001071,0.996212,1.000000,0.001993,0.991163,1.000000
"Illite/smectite (K,H3O)(Al,Mg,Fe)2(Si,Al)4 O10 [(OH)2,H2O] (illsmec_1)",illsmec_1,becknic,mineral,mineral.silicate.phyllosilicate.coarse.tir.illsmec_1.jhu.nicolet.spectrum.txt,0.000362,1.000000,0.000000,0.000220,1.000000,0.000000,0.000585,0.988785,0.300357,0.000726,0.998342,1.000000,0.002165,0.994693,1.000000
"Kaolinite Al2Si2O5(OH)4 (kaolinite_2)",kaolinite_2,becknic,mineral,mineral.silicate.phyllosilicate.coarse.tir.kaolinite_2.jhu.nicolet.spectrum.txt,0.000307,1.000000,0.000000,0.000308,1.000000,0.000000,0.001165,0.988392,0.300357,0.001250,0.992300,1.000000,0.016341,0.978789,1.000000
"Kaolinite Al2Si2O5(OH)4 (kaolinite_3)",kaolinite_3,becknic,mineral,mineral.silicate.phyllosilicate.coarse.tir.kaolinite_3.jhu.nicolet.spectrum.txt,0.000284,1.000000,0.000000,0.000200,1.000000,0.000000,0.000948,0.985112,0.300357,0.001101,0.995003,1.000000,0.007977,0.956794,1.000000
"Lizardite Mg3Si2O5(OH)4 (lizard_1)",lizard_1,becknic,mineral,mineral.silicate.phyllosilicate.coarse.tir.lizard_1.jhu.nicolet.spectrum.txt,0.000318,1.000000,0.000000,0.000295,1.000000,0.000000,0.001418,0.981468,0.300357,0.002649,0.991300,1.000000,0.002159,0.970870,1.000000
"Montmorillonite (Na,Ca)0.33(Al,Mg)2Si4O10(OH)2.nH2O (montmor_1)",montmor_1,becknic,mineral,mineral.silicate.phyllosilicate.coarse.tir.montmor_1.jhu.nicolet.spectrum.txt,0.000417,1.000000,0.000000,0.000346,1.000000,0.000000,0.001619,0.989572,0.300357,0.000969,0.998913,1.000000,0.002090,0.994759,1.000000
"Montmorillonite (Na,Ca)0.33(Al,Mg)2Si4O10(OH)2.nH2O (montmor_2)",montmor_2,becknic,mineral,mineral.silicate.phyllosilicate.coarse.tir.montmor_2.jhu.nicolet.spectrum.txt,0.000539,1.000000,0.000000,0.000372,1.000000,0.000000,0.001495,0.989597,0.300357,0.001424,0.998215,1.000000,0.002122,0.995998,1.000000
"Montmorillonite (Na,Ca)0.33(Al,Mg)2Si4O10(OH)2.nH2O (montmor_3)",montmor_3,becknic,mineral,mineral.silicate.phyllosilicate.coarse.tir.montmor_3.jhu.nicolet.spectrum.txt,0.000251,1.000000,0.000000,0.000189,1.000000,0.000000,0.000802,0.982799,0.300357,0.000866,0.997897,1.000000,0.002352,0.989298,1.000000
"Muscovite KAl2(Si3Al)O10(OH,F)2 (muscov_1)",muscov_1,becknic,mineral,mineral.silicate.phyllosilicate.coarse.tir.muscov_1.jhu.nicolet.spectrum.txt,0.000495,1.000000,0.000000,0.000387,1.000000,0.000000,0.001166,0.982191,0.300357,0.003281,0.991676,1.000000,0.002564,0.994827,1.000000
"Muscovite KAl2(Si3Al)O10(OH,F)2 (muscov_2)",muscov_2,becknic,mineral,mineral.silicate.phyllosilicate.coarse.tir.muscov_2.jhu.nicolet.spectrum.txt,0.000417,1.000000,0.000000,0.000346,1.000000,0.000000,0.001115,0.989286,0.300357,0.002995,0.989711,1.000000,0.001406,0.993353,1.000000
"Nontronite Na0.33Fe2+3(Si,Al)4O10.3H2O (nontron_1)",nontron_1,becknic,mineral,mineral.silicate.phyllosilicate.coarse.tir.nontron_1.jhu.nicolet.spectrum.txt,0.000383,1.000000,0.000000,0.000337,1.000000,0.000000,0.001505,0.986480,0.300357,0.000920,0.997744,1.000000,0.001450,0.998255,1.000000
"Phlogopite KMg3Si3Al010(F,OH)2 (phlogop_1)",phlogop_1,becknic,mineral,mineral.silicate.phyllosilicate.coarse.tir.phlogop_1.jhu.nicolet.spectrum.txt,0.000488,1.000000,0.000000,0.000410,1.000000,0.000000,0.001000,0.979267,0.300357,0.002703,0.991621,1.000000,0.002782,0.992782,1.000000
"Phlogopite KMg3Si3AlO10(F, OH)2 (phlogop_2)",phlogop_2,becknic,mineral,mineral.silicate.phyllosilicate.coarse.tir.phlogop_2.jhu.nicolet.spectrum.txt,0.000407,1.000000,0.000000,0.000343,1.000000,0.000000,0.001005,0.961612,0.300357,0.002321,0.993146,1.000000,0.001529,0.996552,1.000000
"Prehnite Ca2Al2Si3O10(OH)2 (prehnite_1)",prehnite_1,becknic,mineral,mineral.silicate.phyllosilicate.coarse.tir.prehnite_1.jhu.nicolet.spectrum.txt,0.000220,1.000000,0.000000,0.000175,1.000000,0.000000,0.001139,0.990697,0.300357,0.000914,0.997855,1.000000,0.003286,0.956495,1.000000
"Corrensite (Mg,Fe)_9(Si,Al)_8O_20(OH)_10._xH_2O (PS-10A)",PS-10A,becknic,mineral,mineral.silicate.phyllosilicate.coarse.tir.ps-10a.jpl.nicolet.spectrum.txt,0.001060,0.000000,0.000000,0.000592,1.000000,0.000000,0.002133,0.997555,0.356929,0.002004,0.999250,1.000000,0.001085,0.998348,1.000000
"Clinochlore (Chlorite) (Mg,Al)_6(Si,Al)_4O_10(OH)_8 (PS-12A)",PS-12A,becknic,mineral,mineral.silicate.phyllosilicate.coarse.tir.ps-12a.jpl.nicolet.spectrum.txt,0.000497,1.000000,0.000000,0.000915,1.000000,0.000000,0.004394,0.983131,0.356929,0.002218,0.999116,1.000000,0.006500,0.989934,1.000000
"Chlorite (Mg,Al)_6(Si,Al)_4O_10(OH)_8 (PS-12C)",PS-12C,becknic,mineral,mineral.silicate.phyllosilicate.coarse.tir.ps-12c.jpl.nicolet.spectrum.txt,0.000834,1.000000,0.000000,0.000868,1.000000,0.000000,0.004822,0.996182,0.356929,0.004085,0.998448,1.000000,0.009888,0.986405,1.000000
"Chlorite (PS-12E)",PS-12E,becknic,mineral,mineral.silicate.phyllosilicate.coarse.tir.ps-12e.jpl.nicolet.spectrum.txt,0.000503,1.000000,0.000000,0.000910,1.000000,0.000000,0.004081,0.991684,0.356929,0.002955,0.998147,1.000000,0.005655,0.991217,1.000000
"Chlorite (PS-12F)",PS-12F,becknic,mineral,mineral.silicate.phyllosilicate.coarse.tir.ps-12f.jpl.nicolet.spectrum.txt,0.000500,1.000000,0.000000,0.000949,1.000000,0.000000,0.006254,0.974794,0.356929,0.001617,0.999255,1.000000,0.001566,0.997193,1.000000
"Lepidolite K(Li,Al)3(Si,Al)_4O_10(F,OH)_2 (PS-13A)",PS-13A,becknic,mineral,mineral.silicate.phyllosilicate.coarse.tir.ps-13a.jpl.nicolet.spectrum.txt,0.000195,1.000000,0.000000,0.000787,1.000000,0.000000,0.009001,0.997666,0.356929,0.011047,0.996624,1.000000,0.008044,0.989222,1.000000
"Lepidolite K(Li,Al)3(Si,Al)_4O_10(F,OH)_2 (PS-13B)",PS-13B,becknic,mineral,mineral.silicate.phyllosilicate.coarse.tir.ps-13b.jpl.nicolet.spectrum.txt,0.000190,1.000000,0.000000,0.000719,1.000000,0.000000,0.009519,0.996671,0.356929,0.013555,0.996495,1.000000,0.002970,0.997572,1.000000
"Talc Mg_3Si_4O_10(OH)_2 (PS-14A)",PS-14A,becknic,mineral,mineral.silicate.phyllosilicate.coarse.tir.ps-14a.jpl.nicolet.spectrum.txt,0.000188,1.000000,0.000000,0.000500,1.000000,0.000000,0.014225,0.987260,0.356929,0.020873,0.993493,1.000000,0.026451,0.977478,1.000000
"Muscovite KAl_2(Si_3Al)O_10(OH,F)_2 (PS-16A)",PS-16A,becknic,mineral,mineral.silicate.phyllosilicate.coarse.tir.ps-16a.jpl.nicolet.spectrum.txt,0.000245,1.000000,0.000000,0.000685,1.000000,0.000000,0.006099,0.996899,0.356929,0.005319,0.998991,1.000000,0.007014,0.994483,1.000000
"Vermiculite (Mg,Fe^2+,Al)_3(Al,Si)_4O_10(OH)_2.4H_2O (PS-18A)",PS-18A,becknic,mineral,mineral.silicate.phyllosilicate.coarse.tir.ps-18a.jpl.nicolet.spectrum.txt,0.000493,1.000000,0.000000,0.000927,1.000000,0.000000,0.003834,0.996701,0.356929,0.012886,0.978612,1.000000,0.003619,0.990153,1.000000
"Vermiculite (Mg,Fe^2+,Al)_3(Al,Si)_4O_10(OH)_2.4H_2O (PS-18B)",PS-18B,becknic,mineral,mineral.silicate.phyllosilicate.coarse.tir.ps-18b.jpl.nicolet.spectrum.txt,0.000655,1.000000,0.000000,0.000533,1.000000,0.000000,0.003256,0.994549,0.356929,0.002503,0.999121,1.000000,0.001860,0.997400,1.000000
"Glauconite (K,Na)(Fe^3+,Al,Mg)_2(Si,Al)_4O_10(OH)_2 (PS-19A)",PS-19A,becknic,mineral,mineral.silicate.phyllosilicate.coarse.tir.ps-19a.jpl.nicolet.spectrum.txt,0.000480,1.000000,0.000000,0.000241,1.000000,0.000000,0.002840,0.966532,0.356929,0.001639,0.994564,1.000000,0.001188,0.997945,1.000000
"Serpentine (Mg,Fe^2+,Ni)Si_2O_5(OH)_4 (PS-20A)",PS-20A,becknic,mineral,mineral.silicate.phyllosilicate.coarse.tir.ps-20a.jpl.nicolet.spectrum.txt,0.000693,1.000000,0.000000,0.000531,1.000000,0.000000,0.013197,0.982130,0.356929,0.006675,0.980048,1.000000,0.003990,0.991003,1.000000
"Prehnite Ca_2Al_2Si_3O_10(OH)_2 (PS-21A)",PS-21A,becknic,mineral,mineral.silicate.phyllosilicate.coarse.tir.ps-21a.jpl.nicolet.spectrum.txt,0.000384,1.000000,0.000000,0.000373,1.000000,0.000000,0.014261,0.993584,0.356929,0.007744,0.993952,1.000000,0.022768,0.913157,1.000000
"Hydroxyapophyllite KCa_4Si_8O_20(OH,F).8H_2O (PS-22A)",PS-22A,becknic,mineral,mineral.silicate.phyllosilicate.coarse.tir.ps-22a.jpl.nicolet.spectrum.txt,0.000488,1.000000,0.000000,0.000408,1.000000,0.000000,0.004723,0.985861,0.356929,0.002620,0.980534,1.000000,0.025660,0.954416,1.000000
"Biotite K(Mg,Fe^2+)_3(Al,Fe^3+)Si_3O_10(OH,F)_2 (PS-23A)",PS-23A,becknic,mineral,mineral.silicate.phyllosilicate.coarse.tir.ps-23a.jpl.nicolet.spectrum.txt,0.000666,1.000000,0.000000,0.000900,1.000000,0.000000,0.001462,0.996543,0.356929,0.006583,0.994471,1.000000,0.012249,0.990484,1.000000
"Sepiolite Mg_4Si_6O_15(OH)_2.6H_2O (PS-5A)",PS-5A,becknic,mineral,mineral.silicate.phyllosilicate.coarse.tir.ps-5a.jpl.nicolet.spectrum.txt,0.001075,0.000000,0.000000,0.000600,1.000000,0.000000,0.004912,0.995366,0.356929,0.006673,0.991320,1.000000,0.003085,0.974867,1.000000
"Nontronite Na_0.33Fe_2^3+(Si,Al)_4O_10(OH)_2.H_2O (PS-6B)",PS-6B,becknic,mineral,mineral.silicate.phyllosilicate.coarse.tir.ps-6b.jpl.nicolet.spectrum.txt,0.000441,1.000000,0.000000,0.000938,1.000000,0.000000,0.002328,0.990495,0.356929,0.005085,0.998556,1.000000,0.002690,0.997053,1.000000
"Pyrophyllite Al_2Si_4O_10(OH)_2 (PS-7A)",PS-7A,becknic,mineral,mineral.silicate.phyllosilicate.coarse.tir.ps-7a.jpl.nicolet.spectrum.txt,0.000190,1.000000,0.000000,0.000726,1.000000,0.000000,0.021133,0.984046,0.356929,0.009859,0.996814,1.000000,0.010842,0.990330,1.000000
"Cookeite LiAl_4(Si_3Al)O_10(OH)_8 (PS-9A)",PS-9A,becknic,mineral,mineral.silicate.phyllosilicate.coarse.tir.ps-9a.jpl.nicolet.spectrum.txt,0.000779,1.000000,0.000000,0.000878,1.000000,0.000000,0.007745,0.993698,0.356929,0.002901,0.998963,1.000000,0.004538,0.994648,1.000000
"Pyrophyllite Al2Si4010(OH)2 (pyroph_1)",pyroph_1,becknic,mineral,mineral.silicate.phyllosilicate.coarse.tir.pyroph_1.jhu.nicolet.spectrum.txt,0.000534,1.000000,0.000000,0.000374,1.000000,0.000000,0.002508,0.930594,0.300357,0.003278,0.993410,1.000000,0.004292,0.984797,1.000000
"Saponite (Ca/2,Na)0.33(Mg,Fe+2)3(Si,Al)4O10(OH)2.H2O (saponite_1)",saponite_1,becknic,mineral,mineral.silicate.phyllosilicate.coarse.tir.saponite_1.jhu.nicolet.spectrum.txt,0.000476,1.000000,0.000000,0.000240,1.000000,0.000000,0.000832,0.988365,0.300357,0.001204,0.996626,1.000000,0.002620,0.997637,1.000000
"Sepiolite Mg4Si6O15(OH)2.6H2) (sepiolite_1)",sepiolite_1,becknic,mineral,mineral.silicate.phyllosilicate.coarse.tir.sepiolite_1.jhu.nicolet.spectrum.txt,0.000494,1.000000,0.000000,0.000388,1.000000,0.000000,0.001115,0.994794,0.300357,0.002425,0.997014,1.000000,0.003686,0.982050,1.000000
"Smectite Na0.33Fe2+3(Si,Al)4 O10.3H2O (smectite_1)",smectite_1,becknic,mineral,mineral.silicate.phyllosilicate.coarse.tir.smectite_1.jhu.nicolet.spectrum.txt,0.000490,1.000000,0.000000,0.000392,1.000000,0.000000,0.001633,0.992199,0.300357,0.001611,0.997805,1.000000,0.001497,0.994608,1.000000
"Talc Mg3Si4O10(OH)2 (talc_1)",talc_1,becknic,mineral,mineral.silicate.phyllosilicate.coarse.tir.talc_1.jhu.nicolet.spectrum.txt,0.000443,1.000000,0.000000,0.000234,1.000000,0.000000,0.002542,0.972425,0.300357,0.001865,0.996161,1.000000,0.002018,0.991000,1.000000
"Vermiculite (Mg,Fe+2,Al)3(Al,Si)4O10(OH)2.4H2O (vermicul_1)",vermicul_1,becknic,mineral,mineral.silicate.phyllosilicate.coarse.tir.vermicul_1.jhu.nicolet.spectrum.txt,0.000373,1.000000,0.000000,0.000280,1.000000,0.000000,0.001047,0.985122,0.300357,0.000880,0.996800,1.000000,0.002474,0.997662,1.000000
"Corrensite (Mg,Fe)_9(Si,Al)_8O_20(OH)_10._xH_2O (PS-10A)",PS-10A,becknic,mineral,mineral.silicate.phyllosilicate.coarse.vswir.ps-10a.jpl.beckman.spectrum.txt,0.001273,0.998829,0.883721,0.001546,0.892056,1.000000,0.002242,0.998870,1.000000,0.000596,1.000000,0.000000,0.000554,1.000000,0.000000
"Corrensite (Mg,Fe)_9(Si,Al)_8O_20(OH)_10._xH_2O (PS-10A)",PS-10A,becknic,mineral,mineral.silicate.phyllosilicate.coarse.vswir.ps-10a.jpl.perkin.spectrum.txt,0.001202,0.999245,0.883721,0.001830,0.869056,1.000000,0.002588,0.998616,1.000000,0.000685,1.000000,0.000000,0.000617,1.000000,0.000000
"Clinochlore (Chlorite) (Mg,Al)_6(Si,Al)_4O_10(OH)_8 (PS-12A)",PS-12A,becknic,mineral,mineral.silicate.phyllosilicate.coarse.vswir.ps-12a.jpl.beckman.spectrum.txt,0.001179,0.990134,0.883721,0.001239,0.726228,1.000000,0.002167,0.999174,1.000000,0.000636,1.000000,0.000000,0.000566,1.000000,0.000000
"Clinochlore (Chlorite) (Mg,Al)_6(Si,Al)_4O_10(OH)_8 (PS-12A)",PS-12A,becknic,mineral,mineral.silicate.phyllosilicate.coarse.vswir.ps-12a.jpl.perkin.spectrum.txt,0.000405,0.998630,0.883721,0.001249,0.846877,1.000000,0.002742,0.998661,1.000000,0.000585,1.000000,0.000000,0.000550,1.000000,0.000000
"Chlorite (Mg,Al)_6(Si,Al)_4O_10(OH)_8 (PS-12C)",PS-12C,becknic,mineral,mineral.silicate.phyllosilicate.coarse.vswir.ps-12c.jpl.beckman.spectrum.txt,0.001276,0.996089,0.883721,0.001853,0.914105,1.000000,0.003941,0.998582,1.000000,0.000759,1.000000,0.000000,0.000715,1.000000,0.000000
"Chlorite (Mg,Al)_6(Si,Al)_4O_10(OH)_8 (PS-12C)",PS-12C,becknic,mineral,mineral.silicate.phyllosilicate.coarse.vswir.ps-12c.jpl.perkin.spectrum.txt,0.001066,0.997345,0.883721,0.002416,0.903374,1.000000,0.004809,0.997991,1.000000,0.000723,1.000000,0.000000,0.000683,1.000000,0.000000
"Chlorite (PS-12E)",PS-12E,becknic,mineral,mineral.silicate.phyllosilicate.coarse.vswir.ps-12e.jpl.beckman.spectrum.txt,0.000947,0.995149,0.883721,0.001058,0.887101,1.000000,0.002402,0.999001,1.000000,0.000365,1.000000,0.000000,0.000555,1.000000,0.000000
"Chlorite (PS-12E)",PS-12E,becknic,mineral,mineral.silicate.phyllosilicate.coarse.vswir.ps-12e.jpl.perkin.spectrum.txt,0.000563,0.998111,0.883721,0.001050,0.914066,1.000000,0.002538,0.998773,1.000000,0.000359,1.000000,0.000000,0.000553,1.000000,0.000000
"Chlorite (PS-12F)",PS-12F,becknic,mineral,mineral.silicate.phyllosilicate.coarse.vswir.ps-12f.jpl.beckman.spectrum.txt,0.000757,0.996046,0.883721,0.000862,0.792757,1.000000,0.003390,0.998206,1.000000,0.000541,1.000000,0.000000,0.000535,1.000000,0.000000
"Chlorite (PS-12F)",PS-12F,becknic,mineral,mineral.silicate.phyllosilicate.coarse.vswir.ps-12f.jpl.perkin.spectrum.txt,0.000387,0.998845,0.883721,0.000841,0.905375,1.000000,0.004265,0.996980,1.000000,0.000452,1.000000,0.000000,0.000526,1.000000,0.000000
"Lepidolite K(Li,Al)3(Si,Al)_4O_10(F,OH)_2 (PS-13A)",PS-13A,becknic,mineral,mineral.silicate.phyllosilicate.coarse.vswir.ps-13a.jpl.beckman.spectrum.txt,0.004502,0.999464,0.883721,0.008297,0.895802,1.000000,0.008234,0.998281,1.000000,0.000754,1.000000,0.000000,0.000711,1.000000,0.000000
"Lepidolite K(Li,Al)3(Si,Al)_4O_10(F,OH)_2 (PS-13A)",PS-13A,becknic,mineral,mineral.silicate.phyllosilicate.coarse.vswir.ps-13a.jpl.perkin.spectrum.txt,0.002645,0.999810,0.883721,0.008875,0.889138,1.000000,0.010213,0.997347,1.000000,0.000738,1.000000,0.000000,0.000701,1.000000,0.000000
"Lepidolite K(Li,Al)3(Si,Al)_4O_10(F,OH)_2 (PS-13B)",PS-13B,becknic,mineral,mineral.silicate.phyllosilicate.coarse.vswir.ps-13b.jpl.beckman.spectrum.txt,0.003174,0.995271,0.883721,0.002098,0.997499,1.000000,0.007245,0.998139,1.000000,0.000712,1.000000,0.000000,0.000770,1.000000,0.000000
"Lepidolite K(Li,Al)3(Si,Al)_4O_10(F,OH)_2 (PS-13B)",PS-13B,becknic,mineral,mineral.silicate.phyllosilicate.coarse.vswir.ps-13b.jpl.perkin.spectrum.txt,0.002680,0.996481,0.883721,0.001978,0.997521,1.000000,0.008453,0.997325,1.000000,0.000719,1.000000,0.000000,0.000775,1.000000,0.000000
"Talc Mg_3Si_4O_10(OH)_2 (PS-14A)",PS-14A,becknic,mineral,mineral.silicate.phyllosilicate.coarse.vswir.ps-14a.jpl.beckman.spectrum.txt,0.002562,0.990685,0.883721,0.004311,0.841765,1.000000,0.007787,0.996657,1.000000,0.000666,1.000000,0.000000,0.000560,1.000000,0.000000
"Talc Mg_3Si_4O_10(OH)_2 (PS-14A)",PS-14A,becknic,mineral,mineral.silicate.phyllosilicate.coarse.vswir.ps-14a.jpl.perkin.spectrum.txt,0.002044,0.994387,0.883721,0.004934,0.820524,1.000000,0.011801,0.993254,1.000000,0.000761,1.000000,0.000000,0.000603,1.000000,0.000000
"Muscovite KAl_2(Si_3Al)O_10(OH,F)_2 (PS-16A)",PS-16A,becknic,mineral,mineral.silicate.phyllosilicate.coarse.vswir.ps-16a.jpl.beckman.spectrum.txt,0.002224,0.999553,0.883721,0.001933,0.962961,1.000000,0.007655,0.995579,1.000000,0.000814,1.000000,0.000000,0.000554,1.000000,0.000000
"Muscovite KAl_2(Si_3Al)O_10(OH,F)_2 (PS-16A)",PS-16A,becknic,mineral,mineral.silicate.phyllosilicate.coarse.vswir.ps-16a.jpl.perkin.spectrum.txt,0.001004,0.999909,0.883721,0.001768,0.974080,1.000000,0.004614,0.998442,1.000000,0.000746,1.000000,0.000000,0.000514,1.000000,0.000000
"Vermiculite (Mg,Fe^2+,Al)_3(Al,Si)_4O_10(OH)_2.4H_2O (PS-18A)",PS-18A,becknic,mineral,mineral.silicate.phyllosilicate.coarse.vswir.ps-18a.jpl.beckman.spectrum.txt,0.001508,0.999704,0.883721,0.002005,0.954790,1.000000,0.006455,0.997646,1.000000,0.000735,1.000000,0.000000,0.000699,1.000000,0.000000
"Vermiculite (Mg,Fe^2+,Al)_3(Al,Si)_4O_10(OH)_2.4H_2O (PS-18A)",PS-18A,becknic,mineral,mineral.silicate.phyllosilicate.coarse.vswir.ps-18a.jpl.perkin.spectrum.txt,0.000823,0.999922,0.883721,0.001730,0.969715,1.000000,0.007878,0.996896,1.000000,0.000637,1.000000,0.000000,0.000566,1.000000,0.000000
"Vermiculite (Mg,Fe^2+,Al)_3(Al,Si)_4O_10(OH)_2.4H_2O (PS-18B)",PS-18B,becknic,mineral,mineral.silicate.phyllosilicate.coarse.vswir.ps-18b.jpl.beckman.spectrum.txt,0.001830,0.998497,0.883721,0.002733,0.672045,1.000000,0.002609,0.998436,1.000000,0.000627,1.000000,0.000000,0.000563,1.000000,0.000000
"Vermiculite (Mg,Fe^2+,Al)_3(Al,Si)_4O_10(OH)_2.4H_2O (PS-18B)",PS-18B,becknic,mineral,mineral.silicate.phyllosilicate.coarse.vswir.ps-18b.jpl.perkin.spectrum.txt,0.001443,0.999161,0.883721,0.002306,0.677336,1.000000,0.003129,0.997885,1.000000,0.000640,1.000000,0.000000,0.000570,1.000000,0.000000
"Glauconite (K,Na)(Fe^3+,Al,Mg)_2(Si,Al)_4O_10(OH)_2 (PS-19A)",PS-19A,becknic,mineral,mineral.silicate.phyllosilicate.coarse.vswir.ps-19a.jpl.beckman.spectrum.txt,0.001401,0.990908,0.883721,0.000675,0.971875,1.000000,0.001721,0.997667,1.000000,0.000350,1.000000,0.000000,0.000379,1.000000,0.000000
"Glauconite (K,Na)(Fe^3+,Al,Mg)_2(Si,Al)_4O_10(OH)_2 (PS-19A)",PS-19A,becknic,mineral,mineral.silicate.phyllosilicate.coarse.vswir.ps-19a.jpl.perkin.spectrum.txt,0.001478,0.991549,0.883721,0.000515,0.990505,1.000000,0.002065,0.996583,1.000000,0.000346,1.000000,0.000000,0.000377,1.000000,0.000000
"Serpentine (Mg,Fe^2+,Ni)Si_2O_5(OH)_4 (PS-20A)",PS-20A,becknic,mineral,mineral.silicate.phyllosilicate.coarse.vswir.ps-20a.jpl.beckman.spectrum.txt,0.006805,0.993734,0.883721,0.007898,0.661312,1.000000,0.021434,0.985507,1.000000,0.000342,1.000000,0.000000,0.000376,1.000000,0.000000
"Serpentine (Mg,Fe^2+,Ni)Si_2O_5(OH)_4 (PS-20A)",PS-20A,becknic,mineral,mineral.silicate.phyllosilicate.coarse.vswir.ps-20a.jpl.perkin.spectrum.txt,0.006775,0.994140,0.883721,0.007160,0.727244,1.000000,0.021154,0.986826,1.000000,0.000287,1.000000,0.000000,0.000354,1.000000,0.000000
"Prehnite Ca_2Al_2Si_3O_10(OH)_2 (PS-21A)",PS-21A,becknic,mineral,mineral.silicate.phyllosilicate.coarse.vswir.ps-21a.jpl.beckman.spectrum.txt,0.009221,0.976150,0.883721,0.004168,0.926195,1.000000,0.018750,0.992961,1.000000,0.000518,1.000000,0.000000,0.000494,1.000000,0.000000
"Prehnite Ca_2Al_2Si_3O_10(OH)_2 (PS-21A)",PS-21A,becknic,mineral,mineral.silicate.phyllosilicate.coarse.vswir.ps-21a.jpl.perkin.spectrum.txt,0.007154,0.975243,0.883721,0.003602,0.893270,1.000000,0.019090,0.991605,1.000000,0.000375,1.000000,0.000000,0.000551,1.000000,0.000000
"Hydroxyapophyllite KCa_4Si_8O_20(OH,F).8H_2O (PS-22A)",PS-22A,becknic,mineral,mineral.silicate.phyllosilicate.coarse.vswir.ps-22a.jpl.beckman.spectrum.txt,0.001610,0.987772,0.883721,0.012352,0.818879,1.000000,0.018722,0.993619,1.000000,0.000294,1.000000,0.000000,0.000357,1.000000,0.000000
"Hydroxyapophyllite KCa_4Si_8O_20(OH,F).8H_2O (PS-22A)",PS-22A,becknic,mineral,mineral.silicate.phyllosilicate.coarse.vswir.ps-22a.jpl.perkin.spectrum.txt,0.001222,0.993587,0.883721,0.012053,0.759178,1.000000,0.019906,0.992916,1.000000,0.000329,1.000000,0.000000,0.000370,1.000000,0.000000
"Biotite K(Mg,Fe^2+)_3(Al,Fe^3+)Si_3O_10(OH,F)_2 (PS-23A)",PS-23A,becknic,mineral,mineral.silicate.phyllosilicate.coarse.vswir.ps-23a.jpl.beckman.spectrum.txt,0.000815,0.998240,0.883721,0.001861,0.975614,1.000000,0.002070,0.999732,1.000000,0.000631,1.000000,0.000000,0.000609,1.000000,0.000000
"Biotite K(Mg,Fe^2+)_3(Al,Fe^3+)Si_3O_10(OH,F)_2 (PS-23A)",PS-23A,becknic,mineral,mineral.silicate.phyllosilicate.coarse.vswir.ps-23a.jpl.perkin.spectrum.txt,0.000835,0.997695,0.883721,0.001413,0.984488,1.000000,0.001848,0.999750,1.000000,0.000789,1.000000,0.000000,0.000613,1.000000,0.000000
"Sepiolite Mg_4Si_6O_15(OH)_2.6H_2O (PS-5A)",PS-5A,becknic,mineral,mineral.silicate.phyllosilicate.coarse.vswir.ps-5a.jpl.beckman.spectrum.txt,0.002373,0.997772,0.883721,0.002148,0.874343,1.000000,0.007561,0.998400,1.000000,0.000486,1.000000,0.000000,0.000514,1.000000,0.000000
"Sepiolite Mg_4Si_6O_15(OH)_2.6H_2O (PS-5A)",PS-5A,becknic,mineral,mineral.silicate.phyllosilicate.coarse.vswir.ps-5a.jpl.perkin.spectrum.txt,0.000642,0.999875,0.883721,0.001863,0.893323,1.000000,0.008344,0.998230,1.000000,0.000423,1.000000,0.000000,0.000535,1.000000,0.000000
"Nontronite Na_0.33Fe_2^3+(Si,Al)_4O_10(OH)_2.H_2O (PS-6B)",PS-6B,becknic,mineral,mineral.silicate.phyllosilicate.coarse.vswir.ps-6b.jpl.beckman.spectrum.txt,0.003740,0.999151,0.883721,0.002679,0.989194,1.000000,0.001817,0.997920,1.000000,0.000723,1.000000,0.000000,0.000530,1.000000,0.000000
"Nontronite Na_0.33Fe_2^3+(Si,Al)_4O_10(OH)_2.H_2O (PS-6B)",PS-6B,becknic,mineral,mineral.silicate.phyllosilicate.coarse.vswir.ps-6b.jpl.perkin.spectrum.txt,0.003679,0.999149,0.883721,0.002248,0.991558,1.000000,0.002559,0.996012,1.000000,0.000725,1.000000,0.000000,0.000526,1.000000,0.000000
"Pyrophyllite Al_2Si_4O_10(OH)_2 (PS-7A)",PS-7A,becknic,mineral,mineral.silicate.phyllosilicate.coarse.vswir.ps-7a.jpl.beckman.spectrum.txt,0.002228,0.999728,0.883721,0.004661,0.948493,1.000000,0.017242,0.991672,1.000000,0.000779,1.000000,0.000000,0.000612,1.000000,0.000000
"Cookeite LiAl_4(Si_3Al)O_10(OH)_8 (PS-9A)",PS-9A,becknic,mineral,mineral.silicate.phyllosilicate.coarse.vswir.ps-9a.jpl.beckman.spectrum.txt,0.001885,0.999614,0.883721,0.001010,0.967820,1.000000,0.010302,0.993770,1.000000,0.000633,1.000000,0.000000,0.000564,1.000000,0.000000
"Cookeite LiAl_4(Si_3Al)O_10(OH)_8 (PS-9A)",PS-9A,becknic,mineral,mineral.silicate.phyllosilicate.coarse.vswir.ps-9a.jpl.perkin.spectrum.txt,0.002006,0.999618,0.883721,0.001167,0.959308,1.000000,0.011303,0.993096,1.000000,0.000367,1.000000,0.000000,0.000555,1.000000,0.000000
"Antigorite (Mg, Fe+2)3 Si2O5(OH)4 (antigorite_1)",antigorite_1,becknic,mineral,mineral.silicate.phyllosilicate.fine.tir.antigorite_1.jhu.nicolet.spectrum.txt,0.000332,1.000000,0.000000,0.000710,1.000000,0.000000,0.001021,0.958152,0.300357,0.004388,0.990442,1.000000,0.004609,0.999273,1.000000
"Biotite K(Mg,Fe+2)3(Al,Fe+3)Si3O10(OH,F)2 (biotite_1)",biotite_1,becknic,mineral,mineral.silicate.phyllosilicate.fine.tir.biotite_1.jhu.nicolet.spectrum.txt,0.000436,1.000000,0.000000,0.000686,1.000000,0.000000,0.001151,0.776790,0.300357,0.003510,0.984740,1.000000,0.006677,0.998986,1.000000
"Biotite K(Mg,Fe+2)3(Al,Fe+3)Si3O10(OH,F)2 (biotite_2)",biotite_2,becknic,mineral,mineral.silicate.phyllosilicate.fine.tir.biotite_2.jhu.nicolet.spectrum.txt,0.000434,1.000000,0.000000,0.000687,1.000000,0.000000,0.000952,0.687643,0.300357,0.001871,0.995603,1.000000,0.007731,0.998947,1.000000
"Chrysotile Mg3Si2O5(OH)4 (chrysotile_1)",chrysotile_1,becknic,mineral,mineral.silicate.phyllosilicate.fine.tir.chrysotile_1.jhu.nicolet.spectrum.txt,0.000213,1.000000,0.000000,0.000585,1.000000,0.000000,0.001266,0.601608,0.300357,0.008375,0.947428,1.000000,0.006941,0.998196,1.000000
"Clinochlore (Fe+2,Mg)5Al(Si3Al)O10(OH)8 (clinochl_2)",clinochl_2,becknic,mineral,mineral.silicate.phyllosilicate.fine.tir.clinochl_2.jhu.nicolet.spectrum.txt,0.000597,1.000000,0.000000,0.000644,1.000000,0.000000,0.001393,0.000000,0.300357,0.004203,0.989582,1.000000,0.004213,0.999204,1.000000
"Clinochlore (Mg,Fe+2)5Al(Si3Al)O10(OH)8 (clinochlore_1)",clinochlore_1,becknic,mineral,mineral.silicate.phyllosilicate.fine.tir.clinochlore_1.jhu.nicolet.spectrum.txt,0.000426,1.000000,0.000000,0.000688,1.000000,0.000000,0.001310,0.697509,0.300357,0.004888,0.992203,1.000000,0.003686,0.999616,1.000000
"Illite (K,H3O)(Al,Mg,Fe)2(Si,Al)4O10[(OH)2,H2O] (illite_1)",illite_1,becknic,mineral,mineral.silicate.phyllosilicate.fine.tir.illite_1.jhu.nicolet.spectrum.txt,0.000517,1.000000,0.000000,0.000662,1.000000,0.000000,0.001087,0.889896,0.300357,0.002753,0.986650,1.000000,0.005170,0.999555,1.000000
"Illite/smectite (K,H3O)(Al,Mg,Fe)2(Si,Al)4 O10 [(OH)2,H2O] (illsmec_1)",illsmec_1,becknic,mineral,mineral.silicate.phyllosilicate.fine.tir.illsmec_1.jhu.nicolet.spectrum.txt,0.000597,1.000000,0.000000,0.000644,1.000000,0.000000,0.001393,0.000000,0.300357,0.002671,0.988613,1.000000,0.004371,0.999573,1.000000
"Kaolinite Al2Si2O5(OH)4 (kaolinite_2)",kaolinite_2,becknic,mineral,mineral.silicate.phyllosilicate.fine.tir.kaolinite_2.jhu.nicolet.spectrum.txt,0.000597,1.000000,0.000000,0.000644,1.000000,0.000000,0.001393,0.000000,0.300357,0.014984,0.950226,1.000000,0.013674,0.997167,1.000000
"Kaolinite Al2Si2O5(OH)4 (kaolinite_3)",kaolinite_3,becknic,mineral,mineral.silicate.phyllosilicate.fine.tir.kaolinite_3.jhu.nicolet.spectrum.txt,0.000597,1.000000,0.000000,0.000644,1.000000,0.000000,0.001126,0.000000,0.300357,0.012246,0.956874,1.000000,0.014191,0.996371,1.000000
"Lizardite Mg3Si2O5(OH)4 (lizard_1)",lizard_1,becknic,mineral,mineral.silicate.phyllosilicate.fine.tir.lizard_1.jhu.nicolet.spectrum.txt,0.000312,1.000000,0.000000,0.000716,1.000000,0.000000,0.001773,0.451363,0.300357,0.013704,0.932000,1.000000,0.007312,0.999026,1.000000
"Montmorillonite (Na,Ca)0.33(Al,Mg)2Si4O10(OH)2.nH2O (montmor_1)",montmor_1,becknic,mineral,mineral.silicate.phyllosilicate.fine.tir.montmor_1.jhu.nicolet.spectrum.txt,0.000257,1.000000,0.000000,0.000729,1.000000,0.000000,0.001436,0.716266,0.300357,0.002685,0.996141,1.000000,0.003977,0.999509,1.000000
"Montmorillonite (Na,Ca)0.33(Al,Mg)2Si4O10(OH)2.nH2O (montmor_2)",montmor_2,becknic,mineral,mineral.silicate.phyllosilicate.fine.tir.montmor_2.jhu.nicolet.spectrum.txt,0.000530,1.000000,0.000000,0.000659,1.000000,0.000000,0.001654,0.944339,0.300357,0.003806,0.993968,1.000000,0.003809,0.999656,1.000000
"Montmorillonite (Na,Ca)0.33(Al,Mg)2Si4O10(OH)2.nH2O (montmor_3)",montmor_3,becknic,mineral,mineral.silicate.phyllosilicate.fine.tir.montmor_3.jhu.nicolet.spectrum.txt,0.000597,1.000000,0.000000,0.000644,1.000000,0.000000,0.001027,0.000000,0.300357,0.002561,0.996115,1.000000,0.003429,0.999667,1.000000
"Muscovite KAl2(Si3Al)O10(OH,F)2 (muscov_1)",muscov_1,becknic,mineral,mineral.silicate.phyllosilicate.fine.tir.muscov_1.jhu.nicolet.spectrum.txt,0.000543,1.000000,0.000000,0.000656,1.000000,0.000000,0.001476,0.777234,0.300357,0.010252,0.969448,1.000000,0.011785,0.997593,1.000000
"Muscovite KAl2(Si3Al)O10(OH,F)2 (muscov_2)",muscov_2,becknic,mineral,mineral.silicate.phyllosilicate.fine.tir.muscov_2.jhu.nicolet.spectrum.txt,0.000324,1.000000,0.000000,0.000712,1.000000,0.000000,0.001565,0.800399,0.300357,0.002665,0.997326,1.000000,0.005786,0.999282,1.000000
"Nontronite Na0.33Fe2+3(Si,Al)4O10.3H2O (nontron_1)",nontron_1,becknic,mineral,mineral.silicate.phyllosilicate.fine.tir.nontron_1.jhu.nicolet.spectrum.txt,0.000190,1.000000,0.000000,0.000508,1.000000,0.000000,0.001344,0.855630,0.300357,0.004444,0.990963,1.000000,0.004807,0.999397,1.000000
"Phlogopite KMg3Si3Al010(F,OH)2 (phlogop_1)",phlogop_1,becknic,mineral,mineral.silicate.phyllosilicate.fine.tir.phlogop_1.jhu.nicolet.spectrum.txt,0.000223,1.000000,0.000000,0.000617,1.000000,0.000000,0.000888,0.951394,0.300357,0.003496,0.993254,1.000000,0.006086,0.998504,1.000000
"Phlogopite KMg3Si3AlO10(F, OH)2 (phlogop_2)",phlogop_2,becknic,mineral,mineral.silicate.phyllosilicate.fine.tir.phlogop_2.jhu.nicolet.spectrum.txt,0.000413,1.000000,0.000000,0.000691,1.000000,0.000000,0.001234,0.801141,0.300357,0.002997,0.968185,1.000000,0.007259,0.998762,1.000000
"Prehnite Ca2Al2Si3O10(OH)2 (prehnite_1)",prehnite_1,becknic,mineral,mineral.silicate.phyllosilicate.fine.tir.prehnite_1.jhu.nicolet.spectrum.txt,0.000464,1.000000,0.000000,0.000677,1.000000,0.000000,0.000994,0.736861,0.300357,0.008562,0.966935,1.000000,0.018320,0.992835,1.000000
"Corrensite (Mg,Fe)_9(Si,Al)_8O_20(OH)_10._xH_2O (PS-10A)",PS-10A,becknic,mineral,mineral.silicate.phyllosilicate.fine.tir.ps-10a.jpl.nicolet.spectrum.txt,0.000267,1.000000,0.000000,0.000523,1.000000,0.000000,0.001067,0.997377,0.356929,0.004815,0.999274,1.000000,0.001577,0.995991,1.000000
"Illite (K,H_3O)(Al,Mg,Fe)_2(Si,Al)_4O_10((OH)_2,H_2O) (PS-11A)",PS-11A,becknic,mineral,mineral.silicate.phyllosilicate.fine.tir.ps-11a.jpl.nicolet.spectrum.txt,0.000193,1.000000,0.000000,0.000764,1.000000,0.000000,0.003023,0.992427,0.356929,0.006847,0.998791,1.000000,0.002098,0.994261,1.000000
"Clinochlore (Chlorite) (Mg,Al)_6(Si,Al)_4O_10(OH)_8 (PS-12A)",PS-12A,becknic,mineral,mineral.silicate.phyllosilicate.fine.tir.ps-12a.jpl.nicolet.spectrum.txt,0.000372,1.000000,0.000000,0.000587,1.000000,0.000000,0.003775,0.983759,0.356929,0.005416,0.998733,1.000000,0.002577,0.997301,1.000000
"Chlorite (PS-12C)",PS-12C,becknic,mineral,mineral.silicate.phyllosilicate.fine.tir.ps-12c.jpl.nicolet.spectrum.txt,0.000270,1.000000,0.000000,0.000500,1.000000,0.000000,0.003978,0.995803,0.356929,0.009764,0.996980,1.000000,0.003141,0.995227,1.000000
"Chlorite (PS-12E)",PS-12E,becknic,mineral,mineral.silicate.phyllosilicate.fine.tir.ps-12e.jpl.nicolet.spectrum.txt,0.000958,1.000000,0.000000,0.000838,1.000000,0.000000,0.001925,0.993110,0.356929,0.006869,0.996622,1.000000,0.002181,0.996781,1.000000
"Chlorite (PS-12F)",PS-12F,becknic,mineral,mineral.silicate.phyllosilicate.fine.tir.ps-12f.jpl.nicolet.spectrum.txt,0.000384,1.000000,0.000000,0.000378,1.000000,0.000000,0.005111,0.963544,0.356929,0.004803,0.998936,1.000000,0.001349,0.999229,1.000000
"Lepidolite K(Li,Al)3(Si,Al)_4O_10(F,OH)_2 (PS-13A)",PS-13A,becknic,mineral,mineral.silicate.phyllosilicate.fine.tir.ps-13a.jpl.nicolet.spectrum.txt,0.000180,1.000000,0.000000,0.000567,1.000000,0.000000,0.007396,0.992780,0.356929,0.008044,0.998148,1.000000,0.003720,0.992839,1.000000
"Lepidolite K(Li,Al)3(Si,Al)_4O_10(F,OH)_2 (PS-13B)",PS-13B,becknic,mineral,mineral.silicate.phyllosilicate.fine.tir.ps-13b.jpl.nicolet.spectrum.txt,0.000180,1.000000,0.000000,0.000492,1.000000,0.000000,0.006238,0.989558,0.356929,0.007307,0.998710,1.000000,0.002542,0.996333,1.000000
"Talc Mg_3Si_4O_10(OH)_2 (PS-14A)",PS-14A,becknic,mineral,mineral.silicate.phyllosilicate.fine.tir.ps-14a.jpl.nicolet.spectrum.txt,0.000214,1.000000,0.000000,0.000590,1.000000,0.000000,0.011555,0.972609,0.356929,0.015649,0.996013,1.000000,0.009741,0.981172,1.000000
"Muscovite KAl_2(Si_3Al)O_10(OH,F)_2 (PS-16A)",PS-16A,becknic,mineral,mineral.silicate.phyllosilicate.fine.tir.ps-16a.jpl.nicolet.spectrum.txt,0.000382,1.000000,0.000000,0.000499,1.000000,0.000000,0.001655,0.993586,0.356929,0.006746,0.996387,1.000000,0.001966,0.996311,1.000000
"Vermiculite (Mg,Fe^2+,Al)_3(Al,Si)_4O_10(OH)_2.4H_2O (PS-18A)",PS-18A,becknic,mineral,mineral.silicate.phyllosilicate.fine.tir.ps-18a.jpl.nicolet.spectrum.txt,0.000208,1.000000,0.000000,0.000859,1.000000,0.000000,0.003254,0.993674,0.356929,0.008748,0.996896,1.000000,0.003146,0.993358,1.000000
"Vermiculite (Mg,Fe^2+,Al)_3(Al,Si)_4O_10(OH)_2.4H_2O (PS-18B)",PS-18B,becknic,mineral,mineral.silicate.phyllosilicate.fine.tir.ps-18b.jpl.nicolet.spectrum.txt,0.000386,1.000000,0.000000,0.000419,1.000000,0.000000,0.002354,0.994460,0.356929,0.005396,0.998844,1.000000,0.001146,0.998797,1.000000
"Glauconite (K,Na)(Fe^3+,Al,Mg)_2(Si,Al)_4O_10(OH)_2 (PS-19A)",PS-19A,becknic,mineral,mineral.silicate.phyllosilicate.fine.tir.ps-19a.jpl.nicolet.spectrum.txt,0.000472,1.000000,0.000000,0.000931,1.000000,0.000000,0.002743,0.973949,0.356929,0.005425,0.998559,1.000000,0.001765,0.997225,1.000000
"Kaolinite Al_2Si_2O_5(OH)_4 (PS-1A)",PS-1A,becknic,mineral,mineral.silicate.phyllosilicate.fine.tir.ps-1a.jpl.nicolet.spectrum.txt,0.000186,1.000000,0.000000,0.000495,1.000000,0.000000,0.010808,0.992672,0.356929,0.011023,0.996360,1.000000,0.003726,0.984108,1.000000
"Kaolinite Al_2Si_2O_5(OH)_4 (PS-1B)",PS-1B,becknic,mineral,mineral.silicate.phyllosilicate.fine.tir.ps-1b.jpl.nicolet.spectrum.txt,0.000185,1.000000,0.000000,0.000618,1.000000,0.000000,0.009639,0.994468,0.356929,0.009877,0.995566,1.000000,0.002484,0.980839,1.000000
"Serpentine (Mg,Fe^2+,Ni)Si_2O_5(OH)_4 (PS-20A)",PS-20A,becknic,mineral,mineral.silicate.phyllosilicate.fine.tir.ps-20a.jpl.nicolet.spectrum.txt,0.000372,1.000000,0.000000,0.000252,1.000000,0.000000,0.008524,0.983913,0.356929,0.009543,0.993812,1.000000,0.001544,0.995066,1.000000
"Prehnite Ca_2Al_2Si_3O_10(OH)_2 (PS-21A)",PS-21A,becknic,mineral,mineral.silicate.phyllosilicate.fine.tir.ps-21a.jpl.nicolet.spectrum.txt,0.000183,1.000000,0.000000,0.000603,1.000000,0.000000,0.010278,0.987259,0.356929,0.013431,0.994683,1.000000,0.007849,0.964276,1.000000
"Hydroxyapophyllite KCa_4Si_8O_20(OH,F).8H_2O (PS-22A)",PS-22A,becknic,mineral,mineral.silicate.phyllosilicate.fine.tir.ps-22a.jpl.nicolet.spectrum.txt,0.000334,1.000000,0.000000,0.000865,1.000000,0.000000,0.008433,0.983027,0.356929,0.018649,0.965914,1.000000,0.008835,0.956290,1.000000
"Biotite K(Mg,Fe^2+)_3(Al,Fe^3+)Si_3O_10(OH,F)_2 (PS-23A)",PS-23A,becknic,mineral,mineral.silicate.phyllosilicate.fine.tir.ps-23a.jpl.nicolet.spectrum.txt,0.000997,1.000000,0.000000,0.000800,1.000000,0.000000,0.001993,0.995200,0.356929,0.007615,0.995004,1.000000,0.003040,0.998186,1.000000
"Saponite (Ca/2,Na)_0.33(Mg,Fe^2+)_3(Si,Al)_4O_10(OH)_2.4H_2O (PS-24A)",PS-24A,becknic,mineral,mineral.silicate.phyllosilicate.fine.tir.ps-24a.jpl.nicolet.spectrum.txt,0.000310,1.000000,0.000000,0.000280,1.000000,0.000000,0.005279,0.991807,0.356929,0.010406,0.997154,1.000000,0.002633,0.991417,1.000000
"Montmorillonite (Na,Ca)_0.33(Al,Mg)_2Si_4O_10(OH)_2.H_2O (PS-2B)",PS-2B,becknic,mineral,mineral.silicate.phyllosilicate.fine.tir.ps-2b.jpl.nicolet.spectrum.txt,0.000379,1.000000,0.000000,0.000533,1.000000,0.000000,0.005900,0.989479,0.356929,0.007243,0.997465,1.000000,0.001404,0.983717,1.000000
"Montmorillonite (Na,Ca)_0.33(Al,Mg)_2Si_4O_10(OH)_2.H_2O (PS-2D)",PS-2D,becknic,mineral,mineral.silicate.phyllosilicate.fine.tir.ps-2d.jpl.nicolet.spectrum.txt,0.000254,1.000000,0.000000,0.000610,1.000000,0.000000,0.004046,0.993192,0.356929,0.007733,0.998362,1.000000,0.001964,0.991002,1.000000
"Dickite Al_2Si_2O_5(OH)_4 (PS-3A)",PS-3A,becknic,mineral,mineral.silicate.phyllosilicate.fine.tir.ps-3a.jpl.nicolet.spectrum.txt,0.000202,1.000000,0.000000,0.000547,1.000000,0.000000,0.010044,0.993360,0.356929,0.018674,0.988078,1.000000,0.010444,0.961673,1.000000
"Palygorskite (Mg,Al)_2Si_4O_10(OH).4H_2O (PS-4A)",PS-4A,becknic,mineral,mineral.silicate.phyllosilicate.fine.tir.ps-4a.jpl.nicolet.spectrum.txt,0.000385,1.000000,0.000000,0.000391,1.000000,0.000000,0.003941,0.994081,0.356929,0.005857,0.998600,1.000000,0.001713,0.979405,1.000000
"Sepiolite Mg_4Si_6O_15(OH)_2.6H_2O (PS-5A)",PS-5A,becknic,mineral,mineral.silicate.phyllosilicate.fine.tir.ps-5a.jpl.nicolet.spectrum.txt,0.000506,1.000000,0.000000,0.000925,1.000000,0.000000,0.004268,0.994257,0.356929,0.007444,0.996298,1.000000,0.001595,0.986748,1.000000
"Nontronite Na_0.33Fe_2^3+(Si,Al)_4O_10(OH)_2.H_2O (PS-6A)",PS-6A,becknic,mineral,mineral.silicate.phyllosilicate.fine.tir.ps-6a.jpl.nicolet.spectrum.txt,0.000376,1.000000,0.000000,0.000276,1.000000,0.000000,0.009444,0.963371,0.356929,0.006371,0.997052,1.000000,0.001275,0.997812,1.000000
"Nontronite Na_0.33Fe_2^3+(Si,Al)_4O_10(OH)_2.H_2O (PS-6B)",PS-6B,becknic,mineral,mineral.silicate.phyllosilicate.fine.tir.ps-6b.jpl.nicolet.spectrum.txt,0.000386,1.000000,0.000000,0.000946,1.000000,0.000000,0.006557,0.975124,0.356929,0.003840,0.998989,1.000000,0.001068,0.996958,1.000000
"Pyrophyllite Al_2Si_4O_10(OH)_2 (PS-7A)",PS-7A,becknic,mineral,mineral.silicate.phyllosilicate.fine.tir.ps-7a.jpl.nicolet.spectrum.txt,0.000186,1.000000,0.000000,0.000495,1.000000,0.000000,0.014793,0.957110,0.356929,0.012839,0.994764,1.000000,0.006378,0.973364,1.000000
"Cookeite LiAl_4(Si_3Al)O_10(OH)_8 (PS-9A)",PS-9A,becknic,mineral,mineral.silicate.phyllosilicate.fine.tir.ps-9a.jpl.nicolet.spectrum.txt,0.000633,1.000000,0.000000,0.000905,1.000000,0.000000,0.002393,0.986697,0.356929,0.005621,0.997997,1.000000,0.002047,0.995473,1.000000
"Pyrophyllite Al2Si4010(OH)2 (pyroph_1)",pyroph_1,becknic,mineral,mineral.silicate.phyllosilicate.fine.tir.pyroph_1.jhu.nicolet.spectrum.txt,0.000245,1.000000,0.000000,0.000698,1.000000,0.000000,0.000954,0.356092,0.300357,0.015153,0.878264,1.000000,0.021996,0.993581,1.000000
"Saponite (Ca/2,Na)0.33(Mg,Fe+2)3(Si,Al)4O10(OH)2.H2O (saponite_1)",saponite_1,becknic,mineral,mineral.silicate.phyllosilicate.fine.tir.saponite_1.jhu.nicolet.spectrum.txt,0.000183,1.000000,0.000000,0.000488,1.000000,0.000000,0.001793,0.792753,0.300357,0.002249,0.990830,1.000000,0.002788,0.999627,1.000000
"Sepiolite Mg4Si6O15(OH)2.6H2) (sepiolite_1)",sepiolite_1,becknic,mineral,mineral.silicate.phyllosilicate.fine.tir.sepiolite_1.jhu.nicolet.spectrum.txt,0.000262,1.000000,0.000000,0.000557,1.000000,0.000000,0.001850,0.887195,0.300357,0.009349,0.989902,1.000000,0.007325,0.999064,1.000000
"Smectite Na0.33Fe2+3(Si,Al)4 O10.3H2O (smectite_1)",smectite_1,becknic,mineral,mineral.silicate.phyllosilicate.fine.tir.smectite_1.jhu.nicolet.spectrum.txt,0.000238,1.000000,0.000000,0.000675,1.000000,0.000000,0.001040,0.955027,0.300357,0.003070,0.995391,1.000000,0.004420,0.999341,1.000000
"Talc Mg3Si4O10(OH)2 (talc_1)",talc_1,becknic,mineral,mineral.silicate.phyllosilicate.fine.tir.talc_1.jhu.nicolet.spectrum.txt,0.000247,1.000000,0.000000,0.000703,1.000000,0.000000,0.001295,-0.054626,0.300357,0.008970,0.885452,1.000000,0.012632,0.997593,1.000000
"Vermiculite (Mg,Fe+2,Al)3(Al,Si)4O10(OH)2.4H2O (vermicul_1)",vermicul_1,becknic,mineral,mineral.silicate.phyllosilicate.fine.tir.vermicul_1.jhu.nicolet.spectrum.txt,0.000191,1.000000,0.000000,0.000512,1.000000,0.000000,0.001282,0.913192,0.300357,0.002985,0.998255,1.000000,0.004297,0.999248,1.000000
"Corrensite (Mg,Fe)_9(Si,Al)_8O_20(OH)_10._xH_2O (PS-10A)",PS-10A,becknic,mineral,mineral.silicate.phyllosilicate.fine.vswir.ps-10a.jpl.beckman.spectrum.txt,0.002991,0.999263,0.883721,0.002136,0.976259,1.000000,0.001849,0.998032,1.000000,0.000637,1.000000,0.000000,0.000606,1.000000,0.000000
"Corrensite (Mg,Fe)_9(Si,Al)_8O_20(OH)_10._xH_2O (PS-10A)",PS-10A,becknic,mineral,mineral.silicate.phyllosilicate.fine.vswir.ps-10a.jpl.perkin.spectrum.txt,0.002691,0.999459,0.883721,0.001850,0.975659,1.000000,0.002404,0.996731,1.000000,0.000714,1.000000,0.000000,0.000548,1.000000,0.000000
"Illite (K,H_3O)(Al,Mg,Fe)_2(Si,Al)_4O_10((OH)_2,H_2O) (PS-11A)",PS-11A,becknic,mineral,mineral.silicate.phyllosilicate.fine.vswir.ps-11a.jpl.beckman.spectrum.txt,0.001726,0.999600,0.883721,0.001935,0.997435,1.000000,0.002810,0.995670,1.000000,0.000586,1.000000,0.000000,0.000614,1.000000,0.000000
"Illite (K,H_3O)(Al,Mg,Fe)_2(Si,Al)_4O_10((OH)_2,H_2O) (PS-11A)",PS-11A,becknic,mineral,mineral.silicate.phyllosilicate.fine.vswir.ps-11a.jpl.perkin.spectrum.txt,0.001641,0.999610,0.883721,0.002599,0.995581,1.000000,0.003900,0.993509,1.000000,0.000660,1.000000,0.000000,0.000568,1.000000,0.000000
"Clinochlore (Chlorite) (Mg,Al)_6(Si,Al)_4O_10(OH)_8 (PS-12A)",PS-12A,becknic,mineral,mineral.silicate.phyllosilicate.fine.vswir.ps-12a.jpl.beckman.spectrum.txt,0.002525,0.995490,0.883721,0.002043,0.968704,1.000000,0.003081,0.999292,1.000000,0.000741,1.000000,0.000000,0.000587,1.000000,0.000000
"Clinochlore (Chlorite) (Mg,Al)_6(Si,Al)_4O_10(OH)_8 (PS-12A)",PS-12A,becknic,mineral,mineral.silicate.phyllosilicate.fine.vswir.ps-12a.jpl.perkin.spectrum.txt,0.001861,0.997017,0.883721,0.002804,0.942278,1.000000,0.003589,0.999064,1.000000,0.000695,1.000000,0.000000,0.000559,1.000000,0.000000
"Chlorite (PS-12C)",PS-12C,becknic,mineral,mineral.silicate.phyllosilicate.fine.vswir.ps-12c.jpl.beckman.spectrum.txt,0.003781,0.991852,0.883721,0.002190,0.975447,1.000000,0.003474,0.998463,1.000000,0.000744,1.000000,0.000000,0.000599,1.000000,0.000000
"Chlorite (PS-12C)",PS-12C,becknic,mineral,mineral.silicate.phyllosilicate.fine.vswir.ps-12c.jpl.perkin.spectrum.txt,0.003098,0.994939,0.883721,0.002307,0.977686,1.000000,0.003979,0.998301,1.000000,0.000707,1.000000,0.000000,0.000554,1.000000,0.000000
"Chlorite (PS-12E)",PS-12E,becknic,mineral,mineral.silicate.phyllosilicate.fine.vswir.ps-12e.jpl.beckman.spectrum.txt,0.001963,0.995569,0.883721,0.001457,0.978706,1.000000,0.001628,0.998767,1.000000,0.000710,1.000000,0.000000,0.000541,1.000000,0.000000
"Chlorite (PS-12E)",PS-12E,becknic,mineral,mineral.silicate.phyllosilicate.fine.vswir.ps-12e.jpl.perkin.spectrum.txt,0.001673,0.996417,0.883721,0.002912,0.912594,1.000000,0.001460,0.999069,1.000000,0.000650,1.000000,0.000000,0.000669,1.000000,0.000000
"Chlorite (PS-12F)",PS-12F,becknic,mineral,mineral.silicate.phyllosilicate.fine.vswir.ps-12f.jpl.beckman.spectrum.txt,0.001992,0.998478,0.883721,0.002184,0.968617,1.000000,0.003636,0.998892,1.000000,0.000676,1.000000,0.000000,0.000551,1.000000,0.000000
"Chlorite (PS-12F)",PS-12F,becknic,mineral,mineral.silicate.phyllosilicate.fine.vswir.ps-12f.jpl.perkin.spectrum.txt,0.001466,0.998936,0.883721,0.002149,0.970033,1.000000,0.004463,0.998309,1.000000,0.000695,1.000000,0.000000,0.000562,1.000000,0.000000
"Lepidolite K(Li,Al)3(Si,Al)_4O_10(F,OH)_2 (PS-13A)",PS-13A,becknic,mineral,mineral.silicate.phyllosilicate.fine.vswir.ps-13a.jpl.beckman.spectrum.txt,0.002635,0.999337,0.883721,0.001393,0.942533,1.000000,0.003492,0.998297,1.000000,0.000741,1.000000,0.000000,0.000590,1.000000,0.000000
"Lepidolite K(Li,Al)3(Si,Al)_4O_10(F,OH)_2 (PS-13A)",PS-13A,becknic,mineral,mineral.silicate.phyllosilicate.fine.vswir.ps-13a.jpl.perkin.spectrum.txt,0.002243,0.999577,0.883721,0.001715,0.939492,1.000000,0.005103,0.996969,1.000000,0.000740,1.000000,0.000000,0.000579,1.000000,0.000000
"Lepidolite K(Li,Al)3(Si,Al)_4O_10(F,OH)_2 (PS-13B)",PS-13B,becknic,mineral,mineral.silicate.phyllosilicate.fine.vswir.ps-13b.jpl.beckman.spectrum.txt,0.002358,0.989973,0.883721,0.001283,0.982446,1.000000,0.004768,0.994160,1.000000,0.000598,1.000000,0.000000,0.000761,1.000000,0.000000
"Lepidolite K(Li,Al)3(Si,Al)_4O_10(F,OH)_2 (PS-13B)",PS-13B,becknic,mineral,mineral.silicate.phyllosilicate.fine.vswir.ps-13b.jpl.perkin.spectrum.txt,0.001199,0.997835,0.883721,0.000965,0.988359,1.000000,0.005021,0.994795,1.000000,0.000586,1.000000,0.000000,0.000614,1.000000,0.000000
"Talc Mg_3Si_4O_10(OH)_2 (PS-14A)",PS-14A,becknic,mineral,mineral.silicate.phyllosilicate.fine.vswir.ps-14a.jpl.beckman.spectrum.txt,0.001817,0.984086,0.883721,0.002364,0.772340,1.000000,0.005302,0.995059,1.000000,0.000571,1.000000,0.000000,0.000737,1.000000,0.000000
"Talc Mg_3Si_4O_10(OH)_2 (PS-14A)",PS-14A,becknic,mineral,mineral.silicate.phyllosilicate.fine.vswir.ps-14a.jpl.perkin.spectrum.txt,0.000710,0.999279,0.883721,0.002557,0.810801,1.000000,0.007674,0.992397,1.000000,0.000567,1.000000,0.000000,0.000733,1.000000,0.000000
"Muscovite KAl_2(Si_3Al)O_10(OH,F)_2 (PS-16A)",PS-16A,becknic,mineral,mineral.silicate.phyllosilicate.fine.vswir.ps-16a.jpl.beckman.spectrum.txt,0.001549,0.997145,0.883721,0.000818,0.961002,1.000000,0.001426,0.997411,1.000000,0.000695,1.000000,0.000000,0.000559,1.000000,0.000000
"Muscovite KAl_2(Si_3Al)O_10(OH,F)_2 (PS-16A)",PS-16A,becknic,mineral,mineral.silicate.phyllosilicate.fine.vswir.ps-16a.jpl.perkin.spectrum.txt,0.000777,0.999607,0.883721,0.001415,0.922241,1.000000,0.001844,0.995773,1.000000,0.000692,1.000000,0.000000,0.000558,1.000000,0.000000
"Vermiculite (Mg,Fe^2+,Al)_3(Al,Si)_4O_10(OH)_2.4H_2O (PS-18A)",PS-18A,becknic,mineral,mineral.silicate.phyllosilicate.fine.vswir.ps-18a.jpl.beckman.spectrum.txt,0.001421,0.999556,0.883721,0.001276,0.962894,1.000000,0.002764,0.998164,1.000000,0.000793,1.000000,0.000000,0.000616,1.000000,0.000000
"Vermiculite (Mg,Fe^2+,Al)_3(Al,Si)_4O_10(OH)_2.4H_2O (PS-18A)",PS-18A,becknic,mineral,mineral.silicate.phyllosilicate.fine.vswir.ps-18a.jpl.perkin.spectrum.txt,0.000707,0.999918,0.883721,0.001067,0.956448,1.000000,0.004182,0.996736,1.000000,0.000740,1.000000,0.000000,0.000604,1.000000,0.000000
"Vermiculite (Mg,Fe^2+,Al)_3(Al,Si)_4O_10(OH)_2.4H_2O (PS-18B)",PS-18B,becknic,mineral,mineral.silicate.phyllosilicate.fine.vswir.ps-18b.jpl.beckman.spectrum.txt,0.003460,0.999142,0.883721,0.002262,0.919849,1.000000,0.002041,0.998163,1.000000,0.000728,1.000000,0.000000,0.000563,1.000000,0.000000
"Vermiculite (Mg,Fe^2+,Al)_3(Al,Si)_4O_10(OH)_2.4H_2O (PS-18B)",PS-18B,becknic,mineral,mineral.silicate.phyllosilicate.fine.vswir.ps-18b.jpl.perkin.spectrum.txt,0.003221,0.999310,0.883721,0.001704,0.958348,1.000000,0.002839,0.997158,1.000000,0.000803,1.000000,0.000000,0.000549,1.000000,0.000000
"Glauconite (K,Na)(Fe^3+,Al,Mg)_2(Si,Al)_4O_10(OH)_2 (PS-19A)",PS-19A,becknic,mineral,mineral.silicate.phyllosilicate.fine.vswir.ps-19a.jpl.beckman.spectrum.txt,0.006844,0.980617,0.883721,0.002183,0.841123,1.000000,0.002500,0.999709,1.000000,0.000692,1.000000,0.000000,0.000564,1.000000,0.000000
"Glauconite (K,Na)(Fe^3+,Al,Mg)_2(Si,Al)_4O_10(OH)_2 (PS-19A)",PS-19A,becknic,mineral,mineral.silicate.phyllosilicate.fine.vswir.ps-19a.jpl.perkin.spectrum.txt,0.006518,0.982219,0.883721,0.001548,0.935446,1.000000,0.002471,0.999680,1.000000,0.000726,1.000000,0.000000,0.000546,1.000000,0.000000
"Kaolinite Al_2Si_2O_5(OH)_4 (PS-1A)",PS-1A,becknic,mineral,mineral.silicate.phyllosilicate.fine.vswir.ps-1a.jpl.beckman.spectrum.txt,0.001947,0.999048,0.883721,0.002058,0.758601,1.000000,0.008184,0.996333,1.000000,0.000714,1.000000,0.000000,0.000553,1.000000,0.000000
"Kaolinite Al_2Si_2O_5(OH)_4 (PS-1A)",PS-1A,becknic,mineral,mineral.silicate.phyllosilicate.fine.vswir.ps-1a.jpl.perkin.spectrum.txt,0.001029,0.999892,0.883721,0.004527,0.686376,1.000000,0.011956,0.994873,1.000000,0.000644,1.000000,0.000000,0.000677,1.000000,0.000000
"Kaolinite Al_2Si_2O_5(OH)_4 (PS-1B)",PS-1B,becknic,mineral,mineral.silicate.phyllosilicate.fine.vswir.ps-1b.jpl.beckman.spectrum.txt,0.002004,0.999703,0.883721,0.002123,0.882558,1.000000,0.007277,0.997456,1.000000,0.000767,1.000000,0.000000,0.000549,1.000000,0.000000
"Kaolinite Al_2Si_2O_5(OH)_4 (PS-1B)",PS-1B,becknic,mineral,mineral.silicate.phyllosilicate.fine.vswir.ps-1b.jpl.perkin.spectrum.txt,0.001891,0.999826,0.883721,0.002706,0.928162,1.000000,0.010448,0.995772,1.000000,0.000654,1.000000,0.000000,0.000630,1.000000,0.000000
"Serpentine (Mg,Fe^2+,Ni)Si_2O_5(OH)_4 (PS-20A)",PS-20A,becknic,mineral,mineral.silicate.phyllosilicate.fine.vswir.ps-20a.jpl.beckman.spectrum.txt,0.001472,0.997426,0.883721,0.001130,0.931926,1.000000,0.006849,0.992032,1.000000,0.000727,1.000000,0.000000,0.000546,1.000000,0.000000
"Serpentine (Mg,Fe^2+,Ni)Si_2O_5(OH)_4 (PS-20A)",PS-20A,becknic,mineral,mineral.silicate.phyllosilicate.fine.vswir.ps-20a.jpl.perkin.spectrum.txt,0.001090,0.999008,0.883721,0.001037,0.962614,1.000000,0.008007,0.990969,1.000000,0.000735,1.000000,0.000000,0.000519,1.000000,0.000000
"Prehnite Ca_2Al_2Si_3O_10(OH)_2 (PS-21A)",PS-21A,becknic,mineral,mineral.silicate.phyllosilicate.fine.vswir.ps-21a.jpl.beckman.spectrum.txt,0.001129,0.996675,0.883721,0.001127,0.449746,1.000000,0.006622,0.994718,1.000000,0.000606,1.000000,0.000000,0.000607,1.000000,0.000000
"Prehnite Ca_2Al_2Si_3O_10(OH)_2 (PS-21A)",PS-21A,becknic,mineral,mineral.silicate.phyllosilicate.fine.vswir.ps-21a.jpl.perkin.spectrum.txt,0.000947,0.998387,0.883721,0.000729,0.677869,1.000000,0.009421,0.991153,1.000000,0.000740,1.000000,0.000000,0.000575,1.000000,0.000000
"Hydroxyapophyllite KCa_4Si_8O_20(OH,F).8H_2O (PS-22A)",PS-22A,becknic,mineral,mineral.silicate.phyllosilicate.fine.vswir.ps-22a.jpl.beckman.spectrum.txt,0.000855,0.992073,0.883721,0.001565,0.843417,1.000000,0.009413,0.995916,1.000000,0.000688,1.000000,0.000000,0.000545,1.000000,0.000000
"Hydroxyapophyllite KCa_4Si_8O_20(OH,F).8H_2O (PS-22A)",PS-22A,becknic,mineral,mineral.silicate.phyllosilicate.fine.vswir.ps-22a.jpl.perkin.spectrum.txt,0.001046,0.994227,0.883721,0.001785,0.879872,1.000000,0.015448,0.990218,1.000000,0.000728,1.000000,0.000000,0.000527,1.000000,0.000000
"Biotite K(Mg,Fe^2+)_3(Al,Fe^3+)Si_3O_10(OH,F)_2 (PS-23A)",PS-23A,becknic,mineral,mineral.silicate.phyllosilicate.fine.vswir.ps-23a.jpl.beckman.spectrum.txt,0.000748,0.997784,0.883721,0.000938,0.984875,1.000000,0.001658,0.999814,1.000000,0.000690,1.000000,0.000000,0.000576,1.000000,0.000000
"Biotite K(Mg,Fe^2+)_3(Al,Fe^3+)Si_3O_10(OH,F)_2 (PS-23A)",PS-23A,becknic,mineral,mineral.silicate.phyllosilicate.fine.vswir.ps-23a.jpl.perkin.spectrum.txt,0.000462,0.998793,0.883721,0.001650,0.920347,1.000000,0.001537,0.999845,1.000000,0.000700,1.000000,0.000000,0.000551,1.000000,0.000000
"Saponite (Ca/2,Na)_0.33(Mg,Fe^2+)_3(Si,Al)_4O_10(OH)_2.4H_2O (PS-24A)",PS-24A,becknic,mineral,mineral.silicate.phyllosilicate.fine.vswir.ps-24a.jpl.beckman.spectrum.txt,0.002486,0.999448,0.883721,0.001758,0.957812,1.000000,0.006435,0.997699,1.000000,0.000809,1.000000,0.000000,0.000556,1.000000,0.000000
"Saponite (Ca/2,Na)_0.33(Mg,Fe^2+)_3(Si,Al)_4O_10(OH)_2.4H_2O (PS-24A)",PS-24A,becknic,mineral,mineral.silicate.phyllosilicate.fine.vswir.ps-24a.jpl.perkin.spectrum.txt,0.002269,0.999575,0.883721,0.002398,0.926799,1.000000,0.007235,0.997307,1.000000,0.000712,1.000000,0.000000,0.000543,1.000000,0.000000
"Montmorillonite (Na,Ca)_0.33(Al,Mg)_2Si_4O_10(OH)_2.H_2O (PS-2B)",PS-2B,becknic,mineral,mineral.silicate.phyllosilicate.fine.vswir.ps-2b.jpl.beckman.spectrum.txt,0.001048,0.999683,0.883721,0.003037,0.620038,1.000000,0.004788,0.998992,1.000000,0.000741,1.000000,0.000000,0.000515,1.000000,0.000000
"Montmorillonite (Na,Ca)_0.33(Al,Mg)_2Si_4O_10(OH)_2.H_2O (PS-2B)",PS-2B,becknic,mineral,mineral.silicate.phyllosilicate.fine.vswir.ps-2b.jpl.perkin.spectrum.txt,0.001841,0.999205,0.883721,0.001711,0.919557,1.000000,0.006571,0.998193,1.000000,0.000641,1.000000,0.000000,0.000678,1.000000,0.000000
"Montmorillonite (Na,Ca)_0.33(Al,Mg)_2Si_4O_10(OH)_2.H_2O (PS-2D)",PS-2D,becknic,mineral,mineral.silicate.phyllosilicate.fine.vswir.ps-2d.jpl.beckman.spectrum.txt,0.001544,0.999675,0.883721,0.000663,0.983999,1.000000,0.004129,0.997709,1.000000,0.000698,1.000000,0.000000,0.000584,1.000000,0.000000
"Montmorillonite (Na,Ca)_0.33(Al,Mg)_2Si_4O_10(OH)_2.H_2O (PS-2D)",PS-2D,becknic,mineral,mineral.silicate.phyllosilicate.fine.vswir.ps-2d.jpl.perkin.spectrum.txt,0.001484,0.999727,0.883721,0.001568,0.880982,1.000000,0.004133,0.998107,1.000000,0.000697,1.000000,0.000000,0.000553,1.000000,0.000000
"Dickite Al_2Si_2O_5(OH)_4 (PS-3A)",PS-3A,becknic,mineral,mineral.silicate.phyllosilicate.fine.vswir.ps-3a.jpl.beckman.spectrum.txt,0.001582,0.999726,0.883721,0.001893,0.985255,1.000000,0.014195,0.990126,1.000000,0.000745,1.000000,0.000000,0.000562,1.000000,0.000000
"Dickite Al_2Si_2O_5(OH)_4 (PS-3A)",PS-3A,becknic,mineral,mineral.silicate.phyllosilicate.fine.vswir.ps-3a.jpl.perkin.spectrum.txt,0.001247,0.999844,0.883721,0.003783,0.935814,1.000000,0.016978,0.987229,1.000000,0.000722,1.000000,0.000000,0.000542,1.000000,0.000000
"Palygorskite (Mg,Al)_2Si_4O_10(OH).4H_2O (PS-4A)",PS-4A,becknic,mineral,mineral.silicate.phyllosilicate.fine.vswir.ps-4a.jpl.beckman.spectrum.txt,0.001061,0.999811,0.883721,0.001410,0.277459,1.000000,0.004658,0.997619,1.000000,0.000705,1.000000,0.000000,0.000562,1.000000,0.000000
"Palygorskite (Mg,Al)_2Si_4O_10(OH).4H_2O (PS-4A)",PS-4A,becknic,mineral,mineral.silicate.phyllosilicate.fine.vswir.ps-4a.jpl.perkin.spectrum.txt,0.001005,0.999866,0.883721,0.001180,0.900266,1.000000,0.006966,0.995104,1.000000,0.000724,1.000000,0.000000,0.000527,1.000000,0.000000
"Sepiolite Mg_4Si_6O_15(OH)_2.6H_2O (PS-5A)",PS-5A,becknic,mineral,mineral.silicate.phyllosilicate.fine.vswir.ps-5a.jpl.beckman.spectrum.txt,0.001045,0.996837,0.883721,0.000690,0.949402,1.000000,0.003965,0.999042,1.000000,0.000669,1.000000,0.000000,0.000720,1.000000,0.000000
"Sepiolite Mg_4Si_6O_15(OH)_2.6H_2O (PS-5A)",PS-5A,becknic,mineral,mineral.silicate.phyllosilicate.fine.vswir.ps-5a.jpl.perkin.spectrum.txt,0.000695,0.999789,0.883721,0.002074,0.786855,1.000000,0.008503,0.997603,1.000000,0.000709,1.000000,0.000000,0.000653,1.000000,0.000000
"Nontronite Na_0.33Fe_2^3+(Si,Al)_4O_10(OH)_2.H_2O (PS-6A)",PS-6A,becknic,mineral,mineral.silicate.phyllosilicate.fine.vswir.ps-6a.jpl.beckman.spectrum.txt,0.008211,0.998036,0.883721,0.002296,0.992677,1.000000,0.006770,0.995963,1.000000,0.000685,1.000000,0.000000,0.000546,1.000000,0.000000
"Nontronite Na_0.33Fe_2^3+(Si,Al)_4O_10(OH)_2.H_2O (PS-6A)",PS-6A,becknic,mineral,mineral.silicate.phyllosilicate.fine.vswir.ps-6a.jpl.perkin.spectrum.txt,0.007707,0.998283,0.883721,0.002898,0.990754,1.000000,0.009313,0.993961,1.000000,0.000713,1.000000,0.000000,0.000539,1.000000,0.000000
"Nontronite Na_0.33Fe_2^3+(Si,Al)_4O_10(OH)_2.H_2O (PS-6B)",PS-6B,becknic,mineral,mineral.silicate.phyllosilicate.fine.vswir.ps-6b.jpl.beckman.spectrum.txt,0.006088,0.998797,0.883721,0.003785,0.985355,1.000000,0.004801,0.996219,1.000000,0.000655,1.000000,0.000000,0.000627,1.000000,0.000000
"Nontronite Na_0.33Fe_2^3+(Si,Al)_4O_10(OH)_2.H_2O (PS-6B)",PS-6B,becknic,mineral,mineral.silicate.phyllosilicate.fine.vswir.ps-6b.jpl.perkin.spectrum.txt,0.005580,0.998918,0.883721,0.003410,0.988197,1.000000,0.006098,0.994619,1.000000,0.000732,1.000000,0.000000,0.000786,1.000000,0.000000
"Nontronite Na_0.33Fe_2^3+(Si,Al)_4O_10(OH)_2.H_2O (PS-6D)",PS-6D,becknic,mineral,mineral.silicate.phyllosilicate.fine.vswir.ps-6d.jpl.beckman.spectrum.txt,0.005101,0.998900,0.883721,0.003617,0.978523,1.000000,0.003364,0.999212,1.000000,0.000804,1.000000,0.000000,0.000810,1.000000,0.000000
"Nontronite Na_0.33Fe_2^3+(Si,Al)_4O_10(OH)_2.H_2O (PS-6D)",PS-6D,becknic,mineral,mineral.silicate.phyllosilicate.fine.vswir.ps-6d.jpl.perkin.spectrum.txt,0.004953,0.998865,0.883721,0.001126,0.998205,1.000000,0.005114,0.998331,1.000000,0.000801,1.000000,0.000000,0.000753,1.000000,0.000000
"Pyrophyllite Al_2Si_4O_10(OH)_2 (PS-7A)",PS-7A,becknic,mineral,mineral.silicate.phyllosilicate.fine.vswir.ps-7a.jpl.beckman.spectrum.txt,0.002275,0.999524,0.883721,0.001310,0.839461,1.000000,0.008608,0.987697,1.000000,0.000590,1.000000,0.000000,0.000606,1.000000,0.000000
"Cookeite LiAl_4(Si_3Al)O_10(OH)_8 (PS-9A)",PS-9A,becknic,mineral,mineral.silicate.phyllosilicate.fine.vswir.ps-9a.jpl.beckman.spectrum.txt,0.001572,0.999515,0.883721,0.001444,0.257482,1.000000,0.001252,0.996265,1.000000,0.000776,1.000000,0.000000,0.000549,1.000000,0.000000
"Cookeite LiAl_4(Si_3Al)O_10(OH)_8 (PS-9A)",PS-9A,becknic,mineral,mineral.silicate.phyllosilicate.fine.vswir.ps-9a.jpl.perkin.spectrum.txt,0.001646,0.999525,0.883721,0.000932,0.860135,1.000000,0.001355,0.996407,1.000000,0.000744,1.000000,0.000000,0.000515,1.000000,0.000000
"Corrensite (Mg,Fe)_9(Si,Al)_8O_20(OH)_10._xH_2O (PS-10A)",PS-10A,becknic,mineral,mineral.silicate.phyllosilicate.medium.tir.ps-10a.jpl.nicolet.spectrum.txt,0.000393,1.000000,0.000000,0.000952,1.000000,0.000000,0.001968,0.997572,0.356929,0.003404,0.999321,1.000000,0.001120,0.997862,1.000000
"Clinochlore (Chlorite) (Mg,Al)_6(Si,Al)_4O_10(OH)_8 (PS-12A)",PS-12A,becknic,mineral,mineral.silicate.phyllosilicate.medium.tir.ps-12a.jpl.nicolet.spectrum.txt,0.000939,1.000000,0.000000,0.000850,1.000000,0.000000,0.004871,0.983703,0.356929,0.003565,0.999077,1.000000,0.004549,0.990967,1.000000
"Chlorite (PS-12C)",PS-12C,becknic,mineral,mineral.silicate.phyllosilicate.medium.tir.ps-12c.jpl.nicolet.spectrum.txt,0.000337,1.000000,0.000000,0.000813,1.000000,0.000000,0.005630,0.995470,0.356929,0.006692,0.997821,1.000000,0.006952,0.984542,1.000000
"Chlorite (PS-12E)",PS-12E,becknic,mineral,mineral.silicate.phyllosilicate.medium.tir.ps-12e.jpl.nicolet.spectrum.txt,0.001065,0.000000,0.000000,0.000594,1.000000,0.000000,0.004044,0.992780,0.356929,0.004808,0.997728,1.000000,0.005585,0.989469,1.000000
"Chlorite (PS-12F)",PS-12F,becknic,mineral,mineral.silicate.phyllosilicate.medium.tir.ps-12f.jpl.nicolet.spectrum.txt,0.000950,1.000000,0.000000,0.000846,1.000000,0.000000,0.007045,0.971518,0.356929,0.003105,0.999069,1.000000,0.001766,0.997740,1.000000
"Lepidolite K(Li,Al)3(Si,Al)_4O_10(F,OH)_2 (PS-13A)",PS-13A,becknic,mineral,mineral.silicate.phyllosilicate.medium.tir.ps-13a.jpl.nicolet.spectrum.txt,0.000180,1.000000,0.000000,0.000567,1.000000,0.000000,0.009626,0.996406,0.356929,0.011194,0.997162,1.000000,0.006855,0.989220,1.000000
"Lepidolite K(Li,Al)3(Si,Al)_4O_10(F,OH)_2 (PS-13B)",PS-13B,becknic,mineral,mineral.silicate.phyllosilicate.medium.tir.ps-13b.jpl.nicolet.spectrum.txt,0.000180,1.000000,0.000000,0.000492,1.000000,0.000000,0.009277,0.994935,0.356929,0.009682,0.998383,1.000000,0.003268,0.996793,1.000000
"Talc Mg_3Si_4O_10(OH)_2 (PS-14A)",PS-14A,becknic,mineral,mineral.silicate.phyllosilicate.medium.tir.ps-14a.jpl.nicolet.spectrum.txt,0.000218,1.000000,0.000000,0.000603,1.000000,0.000000,0.012615,0.984008,0.356929,0.015686,0.996402,1.000000,0.015597,0.981509,1.000000
"Muscovite KAl_2(Si_3Al)O_10(OH,F)_2 (PS-16A)",PS-16A,becknic,mineral,mineral.silicate.phyllosilicate.medium.tir.ps-16a.jpl.nicolet.spectrum.txt,0.000316,1.000000,0.000000,0.000255,1.000000,0.000000,0.004951,0.992680,0.356929,0.004990,0.998861,1.000000,0.004225,0.993794,1.000000
"Vermiculite (Mg,Fe^2+,Al)_3(Al,Si)_4O_10(OH)_2.4H_2O (PS-18A)",PS-18A,becknic,mineral,mineral.silicate.phyllosilicate.medium.tir.ps-18a.jpl.nicolet.spectrum.txt,0.000343,1.000000,0.000000,0.000203,1.000000,0.000000,0.004458,0.995316,0.356929,0.012557,0.989898,1.000000,0.002464,0.992548,1.000000
"Vermiculite (Mg,Fe^2+,Al)_3(Al,Si)_4O_10(OH)_2.4H_2O (PS-18B)",PS-18B,becknic,mineral,mineral.silicate.phyllosilicate.medium.tir.ps-18b.jpl.nicolet.spectrum.txt,0.000680,1.000000,0.000000,0.000898,1.000000,0.000000,0.002968,0.995786,0.356929,0.003865,0.998930,1.000000,0.001256,0.997337,1.000000
"Glauconite (K,Na)(Fe^3+,Al,Mg)_2(Si,Al)_4O_10(OH)_2 (PS-19A)",PS-19A,becknic,mineral,mineral.silicate.phyllosilicate.medium.tir.ps-19a.jpl.nicolet.spectrum.txt,0.000494,1.000000,0.000000,0.000453,1.000000,0.000000,0.003525,0.978010,0.356929,0.003304,0.997066,1.000000,0.001171,0.997242,1.000000
"Serpentine (Mg,Fe^2+,Ni)Si_2O_5(OH)_4 (PS-20A)",PS-20A,becknic,mineral,mineral.silicate.phyllosilicate.medium.tir.ps-20a.jpl.nicolet.spectrum.txt,0.000357,1.000000,0.000000,0.000911,1.000000,0.000000,0.012712,0.983945,0.356929,0.010198,0.990471,1.000000,0.003157,0.990465,1.000000
"Prehnite Ca_2Al_2Si_3O_10(OH)_2 (PS-21A)",PS-21A,becknic,mineral,mineral.silicate.phyllosilicate.medium.tir.ps-21a.jpl.nicolet.spectrum.txt,0.000195,1.000000,0.000000,0.000789,1.000000,0.000000,0.015569,0.990309,0.356929,0.009571,0.996872,1.000000,0.019361,0.921189,1.000000
"Hydroxyapophyllite KCa_4Si_8O_20(OH,F).8H_2O (PS-22A)",PS-22A,becknic,mineral,mineral.silicate.phyllosilicate.medium.tir.ps-22a.jpl.nicolet.spectrum.txt,0.000574,1.000000,0.000000,0.000525,1.000000,0.000000,0.007445,0.985398,0.356929,0.006028,0.983016,1.000000,0.020275,0.955518,1.000000
"Biotite K(Mg,Fe^2+)_3(Al,Fe^3+)Si_3O_10(OH,F)_2 (PS-23A)",PS-23A,becknic,mineral,mineral.silicate.phyllosilicate.medium.tir.ps-23a.jpl.nicolet.spectrum.txt,0.000987,1.000000,0.000000,0.000809,1.000000,0.000000,0.002263,0.995618,0.356929,0.007984,0.994497,1.000000,0.007398,0.994005,1.000000
"Sepiolite Mg_4Si_6O_15(OH)_2.6H_2O (PS-5A)",PS-5A,becknic,mineral,mineral.silicate.phyllosilicate.medium.tir.ps-5a.jpl.nicolet.spectrum.txt,0.000641,1.000000,0.000000,0.000904,1.000000,0.000000,0.005497,0.993920,0.356929,0.008820,0.993782,1.000000,0.002286,0.973716,1.000000
"Nontronite Na_0.33Fe_2^3+(Si,Al)_4O_10(OH)_2.H_2O (PS-6B)",PS-6B,becknic,mineral,mineral.silicate.phyllosilicate.medium.tir.ps-6b.jpl.nicolet.spectrum.txt,0.000961,1.000000,0.000000,0.000834,1.000000,0.000000,0.008866,0.969760,0.356929,0.002648,0.999148,1.000000,0.001436,0.998025,1.000000
"Pyrophyllite Al_2Si_4O_10(OH)_2 (PS-7A)",PS-7A,becknic,mineral,mineral.silicate.phyllosilicate.medium.tir.ps-7a.jpl.nicolet.spectrum.txt,0.000181,1.000000,0.000000,0.000489,1.000000,0.000000,0.019046,0.973298,0.356929,0.010769,0.997587,1.000000,0.010466,0.991234,1.000000
"Cookeite LiAl_4(Si_3Al)O_10(OH)_8 (PS-9A)",PS-9A,becknic,mineral,mineral.silicate.phyllosilicate.medium.tir.ps-9a.jpl.nicolet.spectrum.txt,0.000392,1.000000,0.000000,0.000952,1.000000,0.000000,0.005236,0.994850,0.356929,0.004262,0.998731,1.000000,0.004502,0.996094,1.000000
"Corrensite (Mg,Fe)_9(Si,Al)_8O_20(OH)_10._xH_2O (PS-10A)",PS-10A,becknic,mineral,mineral.silicate.phyllosilicate.medium.vswir.ps-10a.jpl.beckman.spectrum.txt,0.001698,0.999166,0.883721,0.002016,0.968103,1.000000,0.003152,0.998221,1.000000,0.000702,1.000000,0.000000,0.000554,1.000000,0.000000
"Corrensite (Mg,Fe)_9(Si,Al)_8O_20(OH)_10._xH_2O (PS-10A)",PS-10A,becknic,mineral,mineral.silicate.phyllosilicate.medium.vswir.ps-10a.jpl.perkin.spectrum.txt,0.001444,0.999421,0.883721,0.001903,0.967013,1.000000,0.003523,0.997940,1.000000,0.000650,1.000000,0.000000,0.000668,1.000000,0.000000
"Clinochlore (Chlorite) (Mg,Al)_6(Si,Al)_4O_10(OH)_8 (PS-12A)",PS-12A,becknic,mineral,mineral.silicate.phyllosilicate.medium.vswir.ps-12a.jpl.beckman.spectrum.txt,0.000883,0.997084,0.883721,0.001330,0.946510,1.000000,0.002730,0.999451,1.000000,0.000656,1.000000,0.000000,0.000626,1.000000,0.000000
"Clinochlore (Chlorite) (Mg,Al)_6(Si,Al)_4O_10(OH)_8 (PS-12A)",PS-12A,becknic,mineral,mineral.silicate.phyllosilicate.medium.vswir.ps-12a.jpl.perkin.spectrum.txt,0.000806,0.997763,0.883721,0.001507,0.939454,1.000000,0.003640,0.999039,1.000000,0.000654,1.000000,0.000000,0.000653,1.000000,0.000000
"Chlorite (PS-12C)",PS-12C,becknic,mineral,mineral.silicate.phyllosilicate.medium.vswir.ps-12c.jpl.beckman.spectrum.txt,0.001977,0.996209,0.883721,0.001855,0.978550,1.000000,0.004984,0.998285,1.000000,0.000657,1.000000,0.000000,0.000625,1.000000,0.000000
"Chlorite (PS-12C)",PS-12C,becknic,mineral,mineral.silicate.phyllosilicate.medium.vswir.ps-12c.jpl.perkin.spectrum.txt,0.002449,0.993893,0.883721,0.003115,0.943697,1.000000,0.004828,0.998382,1.000000,0.000633,1.000000,0.000000,0.000684,1.000000,0.000000
"Chlorite (PS-12E)",PS-12E,becknic,mineral,mineral.silicate.phyllosilicate.medium.vswir.ps-12e.jpl.beckman.spectrum.txt,0.002257,0.988166,0.883721,0.001173,0.969785,1.000000,0.002575,0.999194,1.000000,0.000807,1.000000,0.000000,0.000761,1.000000,0.000000
"Chlorite (PS-12E)",PS-12E,becknic,mineral,mineral.silicate.phyllosilicate.medium.vswir.ps-12e.jpl.perkin.spectrum.txt,0.001146,0.996487,0.883721,0.001592,0.946193,1.000000,0.002938,0.998907,1.000000,0.000733,1.000000,0.000000,0.000697,1.000000,0.000000
"Chlorite (PS-12F)",PS-12F,becknic,mineral,mineral.silicate.phyllosilicate.medium.vswir.ps-12f.jpl.beckman.spectrum.txt,0.001001,0.997048,0.883721,0.001795,0.864881,1.000000,0.004392,0.998519,1.000000,0.000638,1.000000,0.000000,0.000682,1.000000,0.000000
"Chlorite (PS-12F)",PS-12F,becknic,mineral,mineral.silicate.phyllosilicate.medium.vswir.ps-12f.jpl.perkin.spectrum.txt,0.000602,0.998856,0.883721,0.001241,0.932820,1.000000,0.005280,0.997802,1.000000,0.000730,1.000000,0.000000,0.000784,1.000000,0.000000
"Lepidolite K(Li,Al)3(Si,Al)_4O_10(F,OH)_2 (PS-13A)",PS-13A,becknic,mineral,mineral.silicate.phyllosilicate.medium.vswir.ps-13a.jpl.beckman.spectrum.txt,0.003671,0.999566,0.883721,0.005929,0.906926,1.000000,0.007006,0.998290,1.000000,0.000699,1.000000,0.000000,0.000558,1.000000,0.000000
"Lepidolite K(Li,Al)3(Si,Al)_4O_10(F,OH)_2 (PS-13A)",PS-13A,becknic,mineral,mineral.silicate.phyllosilicate.medium.vswir.ps-13a.jpl.perkin.spectrum.txt,0.003115,0.999707,0.883721,0.006506,0.902451,1.000000,0.008764,0.997476,1.000000,0.000710,1.000000,0.000000,0.000543,1.000000,0.000000
"Lepidolite K(Li,Al)3(Si,Al)_4O_10(F,OH)_2 (PS-13B)",PS-13B,becknic,mineral,mineral.silicate.phyllosilicate.medium.vswir.ps-13b.jpl.beckman.spectrum.txt,0.003422,0.992914,0.883721,0.002184,0.995486,1.000000,0.008859,0.995560,1.000000,0.000795,1.000000,0.000000,0.000559,1.000000,0.000000
"Lepidolite K(Li,Al)3(Si,Al)_4O_10(F,OH)_2 (PS-13B)",PS-13B,becknic,mineral,mineral.silicate.phyllosilicate.medium.vswir.ps-13b.jpl.perkin.spectrum.txt,0.003171,0.994116,0.883721,0.001435,0.997913,1.000000,0.007647,0.996888,1.000000,0.000751,1.000000,0.000000,0.000545,1.000000,0.000000
"Talc Mg_3Si_4O_10(OH)_2 (PS-14A)",PS-14A,becknic,mineral,mineral.silicate.phyllosilicate.medium.vswir.ps-14a.jpl.beckman.spectrum.txt,0.001919,0.988902,0.883721,0.003248,0.826751,1.000000,0.007283,0.995192,1.000000,0.000599,1.000000,0.000000,0.000753,1.000000,0.000000
"Talc Mg_3Si_4O_10(OH)_2 (PS-14A)",PS-14A,becknic,mineral,mineral.silicate.phyllosilicate.medium.vswir.ps-14a.jpl.perkin.spectrum.txt,0.001082,0.997254,0.883721,0.003392,0.838172,1.000000,0.009352,0.992899,1.000000,0.000600,1.000000,0.000000,0.000656,1.000000,0.000000
"Muscovite KAl_2(Si_3Al)O_10(OH,F)_2 (PS-16A)",PS-16A,becknic,mineral,mineral.silicate.phyllosilicate.medium.vswir.ps-16a.jpl.beckman.spectrum.txt,0.001671,0.999602,0.883721,0.002008,0.640375,1.000000,0.002624,0.997817,1.000000,0.000713,1.000000,0.000000,0.000548,1.000000,0.000000
"Muscovite KAl_2(Si_3Al)O_10(OH,F)_2 (PS-16A)",PS-16A,becknic,mineral,mineral.silicate.phyllosilicate.medium.vswir.ps-16a.jpl.perkin.spectrum.txt,0.001162,0.999824,0.883721,0.001079,0.941087,1.000000,0.002961,0.997713,1.000000,0.000759,1.000000,0.000000,0.000561,1.000000,0.000000
"Vermiculite (Mg,Fe^2+,Al)_3(Al,Si)_4O_10(OH)_2.4H_2O (PS-18A)",PS-18A,becknic,mineral,mineral.silicate.phyllosilicate.medium.vswir.ps-18a.jpl.beckman.spectrum.txt,0.001569,0.999707,0.883721,0.001169,0.941554,1.000000,0.006933,0.995801,1.000000,0.000681,1.000000,0.000000,0.000548,1.000000,0.000000
"Vermiculite (Mg,Fe^2+,Al)_3(Al,Si)_4O_10(OH)_2.4H_2O (PS-18A)",PS-18A,becknic,mineral,mineral.silicate.phyllosilicate.medium.vswir.ps-18a.jpl.perkin.spectrum.txt,0.000887,0.999919,0.883721,0.001337,0.818329,1.000000,0.006486,0.996767,1.000000,0.000661,1.000000,0.000000,0.000618,1.000000,0.000000
"Vermiculite (Mg,Fe^2+,Al)_3(Al,Si)_4O_10(OH)_2.4H_2O (PS-18B)",PS-18B,becknic,mineral,mineral.silicate.phyllosilicate.medium.vswir.ps-18b.jpl.beckman.spectrum.txt,0.002659,0.998988,0.883721,0.003318,0.805801,1.000000,0.002879,0.998241,1.000000,0.000634,1.000000,0.000000,0.000684,1.000000,0.000000
"Vermiculite (Mg,Fe^2+,Al)_3(Al,Si)_4O_10(OH)_2.4H_2O (PS-18B)",PS-18B,becknic,mineral,mineral.silicate.phyllosilicate.medium.vswir.ps-18b.jpl.perkin.spectrum.txt,0.002208,0.999309,0.883721,0.002071,0.877052,1.000000,0.003395,0.997713,1.000000,0.000706,1.000000,0.000000,0.000763,1.000000,0.000000
"Glauconite (K,Na)(Fe^3+,Al,Mg)_2(Si,Al)_4O_10(OH)_2 (PS-19A)",PS-19A,becknic,mineral,mineral.silicate.phyllosilicate.medium.vswir.ps-19a.jpl.beckman.spectrum.txt,0.001834,0.985526,0.883721,0.000865,0.941162,1.000000,0.003009,0.998755,1.000000,0.000486,1.000000,0.000000,0.000524,1.000000,0.000000
"Glauconite (K,Na)(Fe^3+,Al,Mg)_2(Si,Al)_4O_10(OH)_2 (PS-19A)",PS-19A,becknic,mineral,mineral.silicate.phyllosilicate.medium.vswir.ps-19a.jpl.perkin.spectrum.txt,0.001885,0.986219,0.883721,0.000564,0.981728,1.000000,0.003388,0.998362,1.000000,0.000426,1.000000,0.000000,0.000530,1.000000,0.000000
"Serpentine (Mg,Fe^2+,Ni)Si_2O_5(OH)_4 (PS-20A)",PS-20A,becknic,mineral,mineral.silicate.phyllosilicate.medium.vswir.ps-20a.jpl.beckman.spectrum.txt,0.002950,0.998286,0.883721,0.003340,0.856416,1.000000,0.013197,0.992284,1.000000,0.000692,1.000000,0.000000,0.000647,1.000000,0.000000
"Serpentine (Mg,Fe^2+,Ni)Si_2O_5(OH)_4 (PS-20A)",PS-20A,becknic,mineral,mineral.silicate.phyllosilicate.medium.vswir.ps-20a.jpl.perkin.spectrum.txt,0.003081,0.998294,0.883721,0.003829,0.803105,1.000000,0.014847,0.991075,1.000000,0.000627,1.000000,0.000000,0.000563,1.000000,0.000000
"Prehnite Ca_2Al_2Si_3O_10(OH)_2 (PS-21A)",PS-21A,becknic,mineral,mineral.silicate.phyllosilicate.medium.vswir.ps-21a.jpl.beckman.spectrum.txt,0.004689,0.979602,0.883721,0.001319,0.952066,1.000000,0.014436,0.993579,1.000000,0.000654,1.000000,0.000000,0.000652,1.000000,0.000000
"Prehnite Ca_2Al_2Si_3O_10(OH)_2 (PS-21A)",PS-21A,becknic,mineral,mineral.silicate.phyllosilicate.medium.vswir.ps-21a.jpl.perkin.spectrum.txt,0.004057,0.984800,0.883721,0.001713,0.941323,1.000000,0.016241,0.991716,1.000000,0.000654,1.000000,0.000000,0.000652,1.000000,0.000000
"Hydroxyapophyllite KCa_4Si_8O_20(OH,F).8H_2O (PS-22A)",PS-22A,becknic,mineral,mineral.silicate.phyllosilicate.medium.vswir.ps-22a.jpl.beckman.spectrum.txt,0.001530,0.980664,0.883721,0.005400,0.870612,1.000000,0.013841,0.995859,1.000000,0.000437,1.000000,0.000000,0.000529,1.000000,0.000000
"Hydroxyapophyllite KCa_4Si_8O_20(OH,F).8H_2O (PS-22A)",PS-22A,becknic,mineral,mineral.silicate.phyllosilicate.medium.vswir.ps-22a.jpl.perkin.spectrum.txt,0.001235,0.995205,0.883721,0.006453,0.827215,1.000000,0.017441,0.993639,1.000000,0.000370,1.000000,0.000000,0.000554,1.000000,0.000000
"Biotite K(Mg,Fe^2+)_3(Al,Fe^3+)Si_3O_10(OH,F)_2 (PS-23A)",PS-23A,becknic,mineral,mineral.silicate.phyllosilicate.medium.vswir.ps-23a.jpl.beckman.spectrum.txt,0.000816,0.998296,0.883721,0.001277,0.984594,1.000000,0.002037,0.999748,1.000000,0.000641,1.000000,0.000000,0.000602,1.000000,0.000000
"Biotite K(Mg,Fe^2+)_3(Al,Fe^3+)Si_3O_10(OH,F)_2 (PS-23A)",PS-23A,becknic,mineral,mineral.silicate.phyllosilicate.medium.vswir.ps-23a.jpl.perkin.spectrum.txt,0.000638,0.998579,0.883721,0.002406,0.788403,1.000000,0.001555,0.999828,1.000000,0.000710,1.000000,0.000000,0.000592,1.000000,0.000000
"Sepiolite Mg_4Si_6O_15(OH)_2.6H_2O (PS-5A)",PS-5A,becknic,mineral,mineral.silicate.phyllosilicate.medium.vswir.ps-5a.jpl.beckman.spectrum.txt,0.001334,0.998775,0.883721,0.001566,0.861996,1.000000,0.006843,0.998437,1.000000,0.000739,1.000000,0.000000,0.000701,1.000000,0.000000
"Sepiolite Mg_4Si_6O_15(OH)_2.6H_2O (PS-5A)",PS-5A,becknic,mineral,mineral.silicate.phyllosilicate.medium.vswir.ps-5a.jpl.perkin.spectrum.txt,0.000917,0.998740,0.883721,0.001199,0.918900,1.000000,0.005774,0.998025,1.000000,0.000753,1.000000,0.000000,0.000799,1.000000,0.000000
"Nontronite Na_0.33Fe_2^3+(Si,Al)_4O_10(OH)_2.H_2O (PS-6B)",PS-6B,becknic,mineral,mineral.silicate.phyllosilicate.medium.vswir.ps-6b.jpl.beckman.spectrum.txt,0.003658,0.999198,0.883721,0.004496,0.982084,1.000000,0.005166,0.996698,1.000000,0.000754,1.000000,0.000000,0.000712,1.000000,0.000000
"Nontronite Na_0.33Fe_2^3+(Si,Al)_4O_10(OH)_2.H_2O (PS-6B)",PS-6B,becknic,mineral,mineral.silicate.phyllosilicate.medium.vswir.ps-6b.jpl.perkin.spectrum.txt,0.003901,0.999149,0.883721,0.004471,0.984618,1.000000,0.007545,0.994955,1.000000,0.000644,1.000000,0.000000,0.000574,1.000000,0.000000
"Pyrophyllite Al_2Si_4O_10(OH)_2 (PS-7A)",PS-7A,becknic,mineral,mineral.silicate.phyllosilicate.medium.vswir.ps-7a.jpl.beckman.spectrum.txt,0.002533,0.999633,0.883721,0.003229,0.920261,1.000000,0.014672,0.988962,1.000000,0.000721,1.000000,0.000000,0.000542,1.000000,0.000000
"Cookeite LiAl_4(Si_3Al)O_10(OH)_8 (PS-9A)",PS-9A,becknic,mineral,mineral.silicate.phyllosilicate.medium.vswir.ps-9a.jpl.beckman.spectrum.txt,0.002221,0.999229,0.883721,0.001592,0.541129,1.000000,0.006671,0.995313,1.000000,0.000777,1.000000,0.000000,0.000803,1.000000,0.000000
"Cookeite LiAl_4(Si_3Al)O_10(OH)_8 (PS-9A)",PS-9A,becknic,mineral,mineral.silicate.phyllosilicate.medium.vswir.ps-9a.jpl.perkin.spectrum.txt,0.001659,0.999645,0.883721,0.000985,0.909171,1.000000,0.006737,0.995372,1.000000,0.000821,1.000000,0.000000,0.000785,1.000000,0.000000
"Antigorite (Mg, Fe+2)3 Si2O5(OH)4 (antigorite_1)",antigorite_1,becknic,mineral,mineral.silicate.phyllosilicate.solid.tir.antigorite_1.jhu.nicolet.spectrum.txt,0.000248,1.000000,0.000000,0.000188,1.000000,0.000000,0.000503,0.994251,0.300357,0.000532,0.987225,1.000000,0.010579,0.993585,1.000000
"Biotite K(Mg,Fe+2)3(Al,Fe+3)Si3O10(OH,F)2 (biotite_1)",biotite_1,becknic,mineral,mineral.silicate.phyllosilicate.solid.tir.biotite_1.jhu.nicolet.spectrum.txt,0.000403,1.000000,0.000000,0.000342,1.000000,0.000000,0.000615,0.990923,0.300357,0.001344,0.980134,1.000000,0.009003,0.995216,1.000000
"Clinochlore (Fe+2,Mg)5Al(Si3Al)O10(OH)8 (clinochl_2)",clinochl_2,becknic,mineral,mineral.silicate.phyllosilicate.solid.tir.clinochl_2.jhu.nicolet.spectrum.txt,0.000370,1.000000,0.000000,0.000280,1.000000,0.000000,0.000644,0.993007,0.300357,0.000491,0.998217,1.000000,0.003729,0.997281,1.000000
"Clinochlore (Mg,Fe+2)5Al(Si3Al)O10(OH)8 (clinochlore_1)",clinochlore_1,becknic,mineral,mineral.silicate.phyllosilicate.solid.tir.clinochlore_1.jhu.nicolet.spectrum.txt,0.000391,1.000000,0.000000,0.000223,1.000000,0.000000,0.000844,0.996289,0.300357,0.001050,0.996908,1.000000,0.003509,0.996959,1.000000
"Muscovite KAl2(Si3Al)O10(OH,F)2 (muscov_1)",muscov_1,becknic,mineral,mineral.silicate.phyllosilicate.solid.tir.muscov_1.jhu.nicolet.spectrum.txt,0.000638,1.000000,0.000000,0.000533,1.000000,0.000000,0.002844,0.994542,0.300357,0.004871,0.997449,1.000000,0.006916,0.996833,1.000000
"Muscovite KAl2(Si3Al)O10(OH,F)2 (muscov_2)",muscov_2,becknic,mineral,mineral.silicate.phyllosilicate.solid.tir.muscov_2.jhu.nicolet.spectrum.txt,0.000499,1.000000,0.000000,0.000936,1.000000,0.000000,0.004368,0.975326,0.300357,0.005317,0.996674,1.000000,0.010892,0.993532,1.000000
"Phlogopite KMg3Si3Al010(F,OH)2 (phlogop_1)",phlogop_1,becknic,mineral,mineral.silicate.phyllosilicate.solid.tir.phlogop_1.jhu.nicolet.spectrum.txt,0.000502,1.000000,0.000000,0.000933,1.000000,0.000000,0.002598,0.962335,0.300357,0.003991,0.993617,1.000000,0.010228,0.994363,1.000000
"Phlogopite KMg3Si3AlO10(F, OH)2 (phlogop_2)",phlogop_2,becknic,mineral,mineral.silicate.phyllosilicate.solid.tir.phlogop_2.jhu.nicolet.spectrum.txt,0.000494,1.000000,0.000000,0.000840,1.000000,0.000000,0.003394,0.962693,0.300357,0.007170,0.994563,1.000000,0.013100,0.990927,1.000000
"Prehnite Ca2Al2Si3O10(OH)2 (prehnite_1)",prehnite_1,becknic,mineral,mineral.silicate.phyllosilicate.solid.tir.prehnite_1.jhu.nicolet.spectrum.txt,0.000096,1.000000,0.000000,0.000076,1.000000,0.000000,0.000221,0.982875,0.300357,0.000376,0.993429,1.000000,0.007630,0.948491,1.000000
"Pyrophyllite Al2Si4010(OH)2 (pyroph_1)",pyroph_1,becknic,mineral,mineral.silicate.phyllosilicate.solid.tir.pyroph_1.jhu.nicolet.spectrum.txt,0.000489,1.000000,0.000000,0.000473,1.000000,0.000000,0.004527,0.910698,0.300357,0.003712,0.995444,1.000000,0.013195,0.977875,1.000000
"Talc Mg3Si4O10(OH)2 (talc_1)",talc_1,becknic,mineral,mineral.silicate.phyllosilicate.solid.tir.talc_1.jhu.nicolet.spectrum.txt,0.000086,1.000000,0.000000,0.000069,1.000000,0.000000,0.000252,0.970126,0.300357,0.000351,0.992339,1.000000,0.004990,0.985892,1.000000
"Clinozoisite Ca2Al3(SiO4)3(OH) (clinozo_1)",clinozo_1,becknic,mineral,mineral.silicate.sorosilicate.coarse.tir.clinozo_1.jhu.nicolet.spectrum.txt,0.000435,1.000000,0.000000,0.000350,1.000000,0.000000,0.001885,0.989263,0.300357,0.002064,0.996722,1.000000,0.002111,0.986114,1.000000
"Epidote Ca2(Al,Fe+3)3(SiO4)3(OH) (epidote_1)",epidote_1,becknic,mineral,mineral.silicate.sorosilicate.coarse.tir.epidote_1.jhu.nicolet.spectrum.txt,0.000350,1.000000,0.000000,0.000328,1.000000,0.000000,0.001568,0.991370,0.300357,0.001958,0.997288,1.000000,0.003532,0.976149,1.000000
"Hemimorphite Zn4Si2O7(OH)2.H2O (hemimor_1)",hemimor_1,becknic,mineral,mineral.silicate.sorosilicate.coarse.tir.hemimor_1.jhu.nicolet.spectrum.txt,0.000407,1.000000,0.000000,0.000225,1.000000,0.000000,0.000853,0.996546,0.300357,0.002150,0.994154,1.000000,0.002465,0.967802,1.000000
"Epidote Ca_2(Al,Fe^3+)_3O.SiO_4.Si_2O_7.OH (SS-1A)",SS-1A,becknic,mineral,mineral.silicate.sorosilicate.coarse.tir.ss-1a.jpl.nicolet.spectrum.txt,0.000366,1.000000,0.000000,0.000923,1.000000,0.000000,0.007565,0.993788,0.356929,0.007376,0.997020,1.000000,0.010220,0.973137,1.000000
"Epidote Ca_2(Al,Fe^3+)_3O.SiO_4.Si_2O_7.OH (SS-1C)",SS-1C,becknic,mineral,mineral.silicate.sorosilicate.coarse.tir.ss-1c.jpl.nicolet.spectrum.txt,0.000382,1.000000,0.000000,0.000332,1.000000,0.000000,0.007912,0.993647,0.356929,0.006527,0.997980,1.000000,0.005461,0.982618,1.000000
"Hemimorphite Zn_4Si_2O_7(OH)_2.H_2O (SS-2A)",SS-2A,becknic,mineral,mineral.silicate.sorosilicate.coarse.tir.ss-2a.jpl.nicolet.spectrum.txt,0.000580,1.000000,0.000000,0.000523,1.000000,0.000000,0.003604,0.997684,0.356929,0.010295,0.987711,1.000000,0.017360,0.924651,1.000000
"Vesuvianite Ca_10(Mg,Fe^2+)_2Al_4(Si_2O_7)_2(SiO_4)_5(OH,F)_4 (SS-3A)",SS-3A,becknic,mineral,mineral.silicate.sorosilicate.coarse.tir.ss-3a.jpl.nicolet.spectrum.txt,0.000339,1.000000,0.000000,0.000800,1.000000,0.000000,0.005456,0.998198,0.356929,0.005469,0.991688,1.000000,0.010104,0.943464,1.000000
"Vesuvianite Ca10Mg2Al4(SiO4)5(Si2O7)2(OH)4 (vesuvian_1)",vesuvian_1,becknic,mineral,mineral.silicate.sorosilicate.coarse.tir.vesuvian_1.jhu.nicolet.spectrum.txt,0.000190,1.000000,0.000000,0.000152,1.000000,0.000000,0.000652,0.997068,0.300357,0.000600,0.993568,1.000000,0.001431,0.979507,1.000000
"Epidote Ca_2(Al,Fe^3+)_3O.SiO_4.Si_2O_7.OH (SS-1A)",SS-1A,becknic,mineral,mineral.silicate.sorosilicate.coarse.vswir.ss-1a.jpl.beckman.spectrum.txt,0.002935,0.995360,0.883721,0.003872,0.950391,1.000000,0.006297,0.995321,1.000000,0.000709,1.000000,0.000000,0.000543,1.000000,0.000000
"Epidote Ca_2(Al,Fe^3+)_3O.SiO_4.Si_2O_7.OH (SS-1A)",SS-1A,becknic,mineral,mineral.silicate.sorosilicate.coarse.vswir.ss-1a.jpl.perkin.spectrum.txt,0.003293,0.995547,0.883721,0.004701,0.922060,1.000000,0.006796,0.994564,1.000000,0.000701,1.000000,0.000000,0.000567,1.000000,0.000000
"Epidote Ca_2(Al,Fe^3+)_3O.SiO_4.Si_2O_7.OH (SS-1C)",SS-1C,becknic,mineral,mineral.silicate.sorosilicate.coarse.vswir.ss-1c.jpl.beckman.spectrum.txt,0.004939,0.995457,0.883721,0.003438,0.897099,1.000000,0.005975,0.995687,1.000000,0.000791,1.000000,0.000000,0.000549,1.000000,0.000000
"Epidote Ca_2(Al,Fe^3+)_3O.SiO_4.Si_2O_7.OH (SS-1C)",SS-1C,becknic,mineral,mineral.silicate.sorosilicate.coarse.vswir.ss-1c.jpl.perkin.spectrum.txt,0.004981,0.995153,0.883721,0.003514,0.874480,1.000000,0.006798,0.994797,1.000000,0.000695,1.000000,0.000000,0.000543,1.000000,0.000000
"Hemimorphite Zn_4Si_2O_7(OH)_2.H_2O (SS-2A)",SS-2A,becknic,mineral,mineral.silicate.sorosilicate.coarse.vswir.ss-2a.jpl.beckman.spectrum.txt,0.001005,0.995716,0.883721,0.007515,0.921026,1.000000,0.011336,0.997321,1.000000,0.000372,1.000000,0.000000,0.000384,1.000000,0.000000
"Hemimorphite Zn_4Si_2O_7(OH)_2.H_2O (SS-2A)",SS-2A,becknic,mineral,mineral.silicate.sorosilicate.coarse.vswir.ss-2a.jpl.perkin.spectrum.txt,0.000562,0.998635,0.883721,0.005298,0.951560,1.000000,0.013032,0.996525,1.000000,0.000362,1.000000,0.000000,0.000382,1.000000,0.000000
"Vesuvianite Ca_10(Mg,Fe^2+)_2Al_4(Si_2O_7)_2(SiO_4)_5(OH,F)_4 (SS-3A)",SS-3A,becknic,mineral,mineral.silicate.sorosilicate.coarse.vswir.ss-3a.jpl.beckman.spectrum.txt,0.005529,0.998724,0.883721,0.016185,0.840515,1.000000,0.005355,0.999094,1.000000,0.000546,1.000000,0.000000,0.000536,1.000000,0.000000
"Vesuvianite Ca_10(Mg,Fe^2+)_2Al_4(Si_2O_7)_2(SiO_4)_5(OH,F)_4 (SS-3A)",SS-3A,becknic,mineral,mineral.silicate.sorosilicate.coarse.vswir.ss-3a.jpl.perkin.spectrum.txt,0.005745,0.998687,0.883721,0.017589,0.821040,1.000000,0.006244,0.998837,1.000000,0.000436,1.000000,0.000000,0.000530,1.000000,0.000000
"Clinozoisite Ca_2Al_3(SiO_4)_3(OH) (SS-4A)",SS-4A,becknic,mineral,mineral.silicate.sorosilicate.coarse.vswir.ss-4a.jpl.beckman.spectrum.txt,0.005829,0.997352,0.883721,0.003112,0.976662,1.000000,0.013069,0.988932,1.000000,0.000707,1.000000,0.000000,0.000555,1.000000,0.000000
"Clinozoisite Ca2Al3(SiO4)3(OH) (clinozo_1)",clinozo_1,becknic,mineral,mineral.silicate.sorosilicate.fine.tir.clinozo_1.jhu.nicolet.spectrum.txt,0.000216,1.000000,0.000000,0.000874,1.000000,0.000000,0.001934,0.991845,0.300357,0.016812,0.962002,1.000000,0.023698,0.993950,1.000000
"Epidote Ca2(Al,Fe+3)3(SiO4)3(OH) (epidote_1)",epidote_1,becknic,mineral,mineral.silicate.sorosilicate.fine.tir.epidote_1.jhu.nicolet.spectrum.txt,0.000469,1.000000,0.000000,0.000358,1.000000,0.000000,0.001166,0.992298,0.300357,0.002523,0.994041,1.000000,0.000988,0.994517,1.000000
"Hemimorphite Zn4Si2O7(OH)2.H2O (hemimor_1)",hemimor_1,becknic,mineral,mineral.silicate.sorosilicate.fine.tir.hemimor_1.jhu.nicolet.spectrum.txt,0.000597,1.000000,0.000000,0.000644,1.000000,0.000000,0.001393,0.000000,0.300357,0.007536,0.961830,1.000000,0.020612,0.989364,1.000000
"Epidote Ca_2(Al,Fe^3+)_3O.SiO_4.Si_2O_7.OH (SS-1A)",SS-1A,becknic,mineral,mineral.silicate.sorosilicate.fine.tir.ss-1a.jpl.nicolet.spectrum.txt,0.000355,1.000000,0.000000,0.000909,1.000000,0.000000,0.002242,0.988595,0.356929,0.008883,0.995155,1.000000,0.004343,0.995058,1.000000
"Epidote Ca_2(Al,Fe^3+)_3O.SiO_4.Si_2O_7.OH (SS-1C)",SS-1C,becknic,mineral,mineral.silicate.sorosilicate.fine.tir.ss-1c.jpl.nicolet.spectrum.txt,0.000374,1.000000,0.000000,0.000263,1.000000,0.000000,0.001533,0.992606,0.356929,0.007218,0.997408,1.000000,0.003592,0.987821,1.000000
"Hemimorphite Zn_4Si_2O_7(OH)_2.H_2O (SS-2A)",SS-2A,becknic,mineral,mineral.silicate.sorosilicate.fine.tir.ss-2a.jpl.nicolet.spectrum.txt,0.000190,1.000000,0.000000,0.000724,1.000000,0.000000,0.002461,0.998030,0.356929,0.020166,0.990600,1.000000,0.005870,0.991236,1.000000
"Vesuvianite Ca_10(Mg,Fe^2+)_2Al_4(Si_2O_7)_2(SiO_4)_5(OH,F)_4 (SS-3A)",SS-3A,becknic,mineral,mineral.silicate.sorosilicate.fine.tir.ss-3a.jpl.nicolet.spectrum.txt,0.000180,1.000000,0.000000,0.000564,1.000000,0.000000,0.002470,0.998009,0.356929,0.014139,0.991294,1.000000,0.004304,0.989236,1.000000
"Vesuvianite Ca10Mg2Al4(SiO4)5(Si2O7)2(OH)4 (vesuvian_1)",vesuvian_1,becknic,mineral,mineral.silicate.sorosilicate.fine.tir.vesuvian_1.jhu.nicolet.spectrum.txt,0.000248,1.000000,0.000000,0.000706,1.000000,0.000000,0.000776,0.960925,0.300357,0.003759,0.987377,1.000000,0.011597,0.997685,1.000000
"Epidote Ca_2(Al,Fe^3+)_3O.SiO_4.Si_2O_7.OH (SS-1A)",SS-1A,becknic,mineral,mineral.silicate.sorosilicate.fine.vswir.ss-1a.jpl.beckman.spectrum.txt,0.006754,0.994827,0.883721,0.001512,0.953873,1.000000,0.002340,0.983645,1.000000,0.000791,1.000000,0.000000,0.000614,1.000000,0.000000
"Epidote Ca_2(Al,Fe^3+)_3O.SiO_4.Si_2O_7.OH (SS-1A)",SS-1A,becknic,mineral,mineral.silicate.sorosilicate.fine.vswir.ss-1a.jpl.perkin.spectrum.txt,0.006803,0.994607,0.883721,0.000924,0.971431,1.000000,0.001957,0.989964,1.000000,0.000702,1.000000,0.000000,0.000554,1.000000,0.000000
"Epidote Ca_2(Al,Fe^3+)_3O.SiO_4.Si_2O_7.OH (SS-1C)",SS-1C,becknic,mineral,mineral.silicate.sorosilicate.fine.vswir.ss-1c.jpl.beckman.spectrum.txt,0.002623,0.999358,0.883721,0.001950,0.945786,1.000000,0.001422,0.993253,1.000000,0.000642,1.000000,0.000000,0.000601,1.000000,0.000000
"Epidote Ca_2(Al,Fe^3+)_3O.SiO_4.Si_2O_7.OH (SS-1C)",SS-1C,becknic,mineral,mineral.silicate.sorosilicate.fine.vswir.ss-1c.jpl.perkin.spectrum.txt,0.002589,0.999378,0.883721,0.000918,0.986246,1.000000,0.001435,0.995535,1.000000,0.000756,1.000000,0.000000,0.000602,1.000000,0.000000
"Hemimorphite Zn_4Si_2O_7(OH)_2.H_2O (SS-2A)",SS-2A,becknic,mineral,mineral.silicate.sorosilicate.fine.vswir.ss-2a.jpl.beckman.spectrum.txt,0.000959,0.998398,0.883721,0.001391,0.906805,1.000000,0.004914,0.997838,1.000000,0.000786,1.000000,0.000000,0.000614,1.000000,0.000000
"Hemimorphite Zn_4Si_2O_7(OH)_2.H_2O (SS-2A)",SS-2A,becknic,mineral,mineral.silicate.sorosilicate.fine.vswir.ss-2a.jpl.perkin.spectrum.txt,0.000589,0.999638,0.883721,0.002268,0.825021,1.000000,0.008285,0.994809,1.000000,0.000735,1.000000,0.000000,0.000548,1.000000,0.000000
"Vesuvianite Ca_10(Mg,Fe^2+)_2Al_4(Si_2O_7)_2(SiO_4)_5(OH,F)_4 (SS-3A)",SS-3A,becknic,mineral,mineral.silicate.sorosilicate.fine.vswir.ss-3a.jpl.beckman.spectrum.txt,0.001708,0.999490,0.883721,0.003454,0.779423,1.000000,0.002011,0.999001,1.000000,0.000591,1.000000,0.000000,0.000622,1.000000,0.000000
"Vesuvianite Ca_10(Mg,Fe^2+)_2Al_4(Si_2O_7)_2(SiO_4)_5(OH,F)_4 (SS-3A)",SS-3A,becknic,mineral,mineral.silicate.sorosilicate.fine.vswir.ss-3a.jpl.perkin.spectrum.txt,0.001370,0.999692,0.883721,0.003803,0.766588,1.000000,0.002493,0.998786,1.000000,0.000635,1.000000,0.000000,0.000607,1.000000,0.000000
"Clinozoisite Ca_2Al_3(SiO_4)_3(OH) (SS-4A)",SS-4A,becknic,mineral,mineral.silicate.sorosilicate.fine.vswir.ss-4a.jpl.beckman.spectrum.txt,0.003719,0.999039,0.883721,0.001346,0.991159,1.000000,0.002785,0.996548,1.000000,0.000635,1.000000,0.000000,0.000732,1.000000,0.000000
"Epidote Ca_2(Al,Fe^3+)_3O.SiO_4.Si_2O_7.OH (SS-1A)",SS-1A,becknic,mineral,mineral.silicate.sorosilicate.medium.tir.ss-1a.jpl.nicolet.spectrum.txt,0.000383,1.000000,0.000000,0.000359,1.000000,0.000000,0.006481,0.991898,0.356929,0.009224,0.997072,1.000000,0.009218,0.973881,1.000000
"Epidote Ca_2(Al,Fe^3+)_3O.SiO_4.Si_2O_7.OH (SS-1C)",SS-1C,becknic,mineral,mineral.silicate.sorosilicate.medium.tir.ss-1c.jpl.nicolet.spectrum.txt,0.000254,1.000000,0.000000,0.000615,1.000000,0.000000,0.006296,0.992980,0.356929,0.007306,0.998346,1.000000,0.004288,0.986252,1.000000
"Hemimorphite Zn_4Si_2O_7(OH)_2.H_2O (SS-2A)",SS-2A,becknic,mineral,mineral.silicate.sorosilicate.medium.tir.ss-2a.jpl.nicolet.spectrum.txt,0.000411,1.000000,0.000000,0.000946,1.000000,0.000000,0.003454,0.998205,0.356929,0.012840,0.993118,1.000000,0.017195,0.914524,1.000000
"Vesuvianite Ca_10(Mg,Fe^2+)_2Al_4(Si_2O_7)_2(SiO_4)_5(OH,F)_4 (SS-3A)",SS-3A,becknic,mineral,mineral.silicate.sorosilicate.medium.tir.ss-3a.jpl.nicolet.spectrum.txt,0.000242,1.000000,0.000000,0.000705,1.000000,0.000000,0.004282,0.998520,0.356929,0.009584,0.991884,1.000000,0.009050,0.947887,1.000000
"Epidote Ca_2(Al,Fe^3+)_3O.SiO_4.Si_2O_7.OH (SS-1A)",SS-1A,becknic,mineral,mineral.silicate.sorosilicate.medium.vswir.ss-1a.jpl.beckman.spectrum.txt,0.007748,0.993259,0.883721,0.004072,0.958235,1.000000,0.005649,0.992628,1.000000,0.000782,1.000000,0.000000,0.000610,1.000000,0.000000
"Epidote Ca_2(Al,Fe^3+)_3O.SiO_4.Si_2O_7.OH (SS-1A)",SS-1A,becknic,mineral,mineral.silicate.sorosilicate.medium.vswir.ss-1a.jpl.perkin.spectrum.txt,0.007714,0.993387,0.883721,0.004915,0.932935,1.000000,0.005661,0.993458,1.000000,0.000713,1.000000,0.000000,0.000593,1.000000,0.000000
"Epidote Ca_2(Al,Fe^3+)_3O.SiO_4.Si_2O_7.OH (SS-1C)",SS-1C,becknic,mineral,mineral.silicate.sorosilicate.medium.vswir.ss-1c.jpl.beckman.spectrum.txt,0.006694,0.995581,0.883721,0.002946,0.913423,1.000000,0.005330,0.995248,1.000000,0.000640,1.000000,0.000000,0.000603,1.000000,0.000000
"Epidote Ca_2(Al,Fe^3+)_3O.SiO_4.Si_2O_7.OH (SS-1C)",SS-1C,becknic,mineral,mineral.silicate.sorosilicate.medium.vswir.ss-1c.jpl.perkin.spectrum.txt,0.007228,0.995228,0.883721,0.002823,0.888645,1.000000,0.005574,0.995134,1.000000,0.000723,1.000000,0.000000,0.000554,1.000000,0.000000
"Hemimorphite Zn_4Si_2O_7(OH)_2.H_2O (SS-2A)",SS-2A,becknic,mineral,mineral.silicate.sorosilicate.medium.vswir.ss-2a.jpl.beckman.spectrum.txt,0.000972,0.995299,0.883721,0.005177,0.869907,1.000000,0.008403,0.997950,1.000000,0.000568,1.000000,0.000000,0.000544,1.000000,0.000000
"Hemimorphite Zn_4Si_2O_7(OH)_2.H_2O (SS-2A)",SS-2A,becknic,mineral,mineral.silicate.sorosilicate.medium.vswir.ss-2a.jpl.perkin.spectrum.txt,0.000428,0.999446,0.883721,0.003806,0.940741,1.000000,0.012137,0.995858,1.000000,0.000620,1.000000,0.000000,0.000563,1.000000,0.000000
"Vesuvianite Ca_10(Mg,Fe^2+)_2Al_4(Si_2O_7)_2(SiO_4)_5(OH,F)_4 (SS-3A)",SS-3A,becknic,mineral,mineral.silicate.sorosilicate.medium.vswir.ss-3a.jpl.beckman.spectrum.txt,0.004578,0.998980,0.883721,0.010226,0.858321,1.000000,0.004006,0.999253,1.000000,0.000743,1.000000,0.000000,0.000515,1.000000,0.000000
"Vesuvianite Ca_10(Mg,Fe^2+)_2Al_4(Si_2O_7)_2(SiO_4)_5(OH,F)_4 (SS-3A)",SS-3A,becknic,mineral,mineral.silicate.sorosilicate.medium.vswir.ss-3a.jpl.perkin.spectrum.txt,0.004602,0.999020,0.883721,0.011065,0.837062,1.000000,0.004698,0.999061,1.000000,0.000653,1.000000,0.000000,0.000644,1.000000,0.000000
"Clinozoisite Ca_2Al_3(SiO_4)_3(OH) (SS-4A)",SS-4A,becknic,mineral,mineral.silicate.sorosilicate.medium.vswir.ss-4a.jpl.beckman.spectrum.txt,0.006917,0.997357,0.883721,0.002849,0.978867,1.000000,0.008533,0.993284,1.000000,0.000751,1.000000,0.000000,0.000601,1.000000,0.000000
"Clinozoisite Ca2Al3(SiO4)3(OH) (clinozo_1)",clinozo_1,becknic,mineral,mineral.silicate.sorosilicate.solid.tir.clinozo_1.jhu.nicolet.spectrum.txt,0.000331,1.000000,0.000000,0.000321,1.000000,0.000000,0.000625,0.990980,0.300357,0.000870,0.986439,1.000000,0.013502,0.987690,1.000000
"Epidote Ca2(Al,Fe+3)3(SiO4)3(OH) (epidote_1)",epidote_1,becknic,mineral,mineral.silicate.sorosilicate.solid.tir.epidote_1.jhu.nicolet.spectrum.txt,0.000504,1.000000,0.000000,0.000383,1.000000,0.000000,0.000633,0.609988,0.300357,0.003368,0.919305,1.000000,0.021315,0.978980,1.000000
"Hemimorphite Zn4Si2O7(OH)2.H2O (hemimor_1)",hemimor_1,becknic,mineral,mineral.silicate.sorosilicate.solid.tir.hemimor_1.jhu.nicolet.spectrum.txt,0.000539,1.000000,0.000000,0.000372,1.000000,0.000000,0.000657,0.965132,0.300357,0.001608,0.902961,1.000000,0.011453,0.989365,1.000000
"Vesuvianite Ca10Mg2Al4(SiO4)5(Si2O7)2(OH)4 (vesuvian_1)",vesuvian_1,becknic,mineral,mineral.silicate.sorosilicate.solid.tir.vesuvian_1.jhu.nicolet.spectrum.txt,0.000173,1.000000,0.000000,0.000137,1.000000,0.000000,0.000374,0.988559,0.300357,0.000281,0.990740,1.000000,0.006018,0.991683,1.000000
"Quartz SiO_2 (TS-1E)",TS-1E,becknic,mineral,mineral.silicate.tectosilicate.coarse.all.ts-1e.jpl.nicolet.spectrum.txt,0.000263,1.000000,0.000000,0.000546,1.000000,0.000000,0.003537,0.995956,0.356929,0.007651,0.996828,1.000000,0.003779,0.998816,1.000000
"Albite NaAlSi3O8 (albite_1)",albite_1,becknic,mineral,mineral.silicate.tectosilicate.coarse.tir.albite_1.jhu.nicolet.spectrum.txt,0.000475,1.000000,0.000000,0.000256,1.000000,0.000000,0.000343,1.000000,0.300357,0.001514,0.998694,1.000000,0.003472,0.979674,1.000000
"Analcime NaAlSi2O6.H2O (analcime_1)",analcime_1,becknic,mineral,mineral.silicate.tectosilicate.coarse.tir.analcime_1.jhu.nicolet.spectrum.txt,0.000482,1.000000,0.000000,0.000361,1.000000,0.000000,0.001309,0.993412,0.300357,0.002224,0.996733,1.000000,0.001951,0.993578,1.000000
"Anorthite CaAl2Si2O8 (anorthite_1)",anorthite_1,becknic,mineral,mineral.silicate.tectosilicate.coarse.tir.anorthite_1.jhu.nicolet.spectrum.txt,0.000390,1.000000,0.000000,0.000223,1.000000,0.000000,0.000376,1.000000,0.300357,0.001087,0.999058,1.000000,0.000942,0.988619,1.000000
"Chabazite CaAl2Si4O12.6H2O (chabazite_1)",chabazite_1,becknic,mineral,mineral.silicate.tectosilicate.coarse.tir.chabazite_1.jhu.nicolet.spectrum.txt,0.000317,1.000000,0.000000,0.000209,1.000000,0.000000,0.000698,0.994264,0.300357,0.000579,0.998562,1.000000,0.000785,0.994945,1.000000
"Clinoptilolite (Na,K,Ca)2-3Al3(Al,Si)2Si13O36.12H2O (clinopt_1)",clinopt_1,becknic,mineral,mineral.silicate.tectosilicate.coarse.tir.clinopt_1.jhu.nicolet.spectrum.txt,0.000304,1.000000,0.000000,0.000303,1.000000,0.000000,0.000789,0.993055,0.300357,0.001284,0.998517,1.000000,0.001000,0.976370,1.000000
"Erionite (K2,Ca,Na2)2Al4Si14O36.15H2O (erionite_1)",erionite_1,becknic,mineral,mineral.silicate.tectosilicate.coarse.tir.erionite_1.jhu.nicolet.spectrum.txt,0.000510,1.000000,0.000000,0.000382,1.000000,0.000000,0.000783,0.991432,0.300357,0.001570,0.998547,1.000000,0.000783,0.996939,1.000000
"Heulandite (Na,Ca)2-3Al3(Al,Si)2Si13O36.12H2O (heulan_1)",heulan_1,becknic,mineral,mineral.silicate.tectosilicate.coarse.tir.heulan_1.jhu.nicolet.spectrum.txt,0.000377,1.000000,0.000000,0.000223,1.000000,0.000000,0.000710,0.993680,0.300357,0.000646,0.999047,1.000000,0.001528,0.990282,1.000000
"Heulandite (Na,Ca)2-3Al3(Al,Si)2Si13O36.12H2O (heulan_2)",heulan_2,becknic,mineral,mineral.silicate.tectosilicate.coarse.tir.heulan_2.jhu.nicolet.spectrum.txt,0.000446,1.000000,0.000000,0.000235,1.000000,0.000000,0.000975,0.995793,0.300357,0.001083,0.996323,1.000000,0.000871,0.997345,1.000000
"Labradorite (Na,Ca)Al(Al,Si)Si2O8 (labrador_1)",labrador_1,becknic,mineral,mineral.silicate.tectosilicate.coarse.tir.labrador_1.jhu.nicolet.spectrum.txt,0.000346,1.000000,0.000000,0.000326,1.000000,0.000000,0.000523,0.920677,0.300357,0.001364,0.999324,1.000000,0.001382,0.996464,1.000000
"Leucite KAlSi2O6 (leucite_1)",leucite_1,becknic,mineral,mineral.silicate.tectosilicate.coarse.tir.leucite_1.jhu.nicolet.spectrum.txt,0.000317,1.000000,0.000000,0.000295,1.000000,0.000000,0.000369,1.000000,0.300357,0.001794,0.998439,1.000000,0.001212,0.994936,1.000000
"Microcline KAlSi3O8 (micro_1)",micro_1,becknic,mineral,mineral.silicate.tectosilicate.coarse.tir.micro_1.jhu.nicolet.spectrum.txt,0.000305,1.000000,0.000000,0.000305,1.000000,0.000000,0.000476,1.000000,0.300357,0.001614,0.998835,1.000000,0.001033,0.997049,1.000000
"Mordenite (Ca,Na2,K2)Al2Si10O24.7H2O (morden_1)",morden_1,becknic,mineral,mineral.silicate.tectosilicate.coarse.tir.morden_1.jhu.nicolet.spectrum.txt,0.000352,1.000000,0.000000,0.000328,1.000000,0.000000,0.001046,0.996021,0.300357,0.001291,0.998144,1.000000,0.000869,0.980747,1.000000
"Natrolite Na2Al2Si3O10.2H2O (natrol_1)",natrol_1,becknic,mineral,mineral.silicate.tectosilicate.coarse.tir.natrol_1.jhu.nicolet.spectrum.txt,0.000205,1.000000,0.000000,0.000165,1.000000,0.000000,0.001550,0.954088,0.300357,0.001652,0.992997,1.000000,0.002696,0.961599,1.000000
"Nepheline (Na,K)AlSiO4 (nephel_2)",nephel_2,becknic,mineral,mineral.silicate.tectosilicate.coarse.tir.nephel_2.jhu.nicolet.spectrum.txt,0.000164,1.000000,0.000000,0.000130,1.000000,0.000000,0.000339,0.917879,0.300357,0.000931,0.997619,1.000000,0.001085,0.993121,1.000000
"Orthoclase KAlSi3O8 (orthocl_3)",orthocl_3,becknic,mineral,mineral.silicate.tectosilicate.coarse.tir.orthocl_3.jhu.nicolet.spectrum.txt,0.000494,1.000000,0.000000,0.000250,1.000000,0.000000,0.000398,0.916030,0.300357,0.001367,0.998922,1.000000,0.001137,0.997478,1.000000
"Quartz SiO2 (quartz_1)",quartz_1,becknic,mineral,mineral.silicate.tectosilicate.coarse.tir.quartz_1.jhu.nicolet.spectrum.txt,0.000195,1.000000,0.000000,0.000158,1.000000,0.000000,0.000287,0.932075,0.300357,0.000965,0.998913,1.000000,0.002044,0.996383,1.000000
"Quartz SiO2 (quartz_2)",quartz_2,becknic,mineral,mineral.silicate.tectosilicate.coarse.tir.quartz_2.jhu.nicolet.spectrum.txt,0.000301,1.000000,0.000000,0.000298,1.000000,0.000000,0.000539,0.876314,0.300357,0.001545,0.999065,1.000000,0.002745,0.995760,1.000000
"Sanidine (K,Na)Al3O8 (sanidine_1)",sanidine_1,becknic,mineral,mineral.silicate.tectosilicate.coarse.tir.sanidine_1.jhu.nicolet.spectrum.txt,0.000482,1.000000,0.000000,0.000254,1.000000,0.000000,0.000401,0.875807,0.300357,0.001368,0.998936,1.000000,0.000910,0.996858,1.000000
"Sanidine (K,Na)Al3O8 (sanidine_3)",sanidine_3,becknic,mineral,mineral.silicate.tectosilicate.coarse.tir.sanidine_3.jhu.nicolet.spectrum.txt,0.000348,1.000000,0.000000,0.000217,1.000000,0.000000,0.000346,0.917597,0.300357,0.000999,0.999283,1.000000,0.001243,0.996360,1.000000
"Sodalite Na8Al6Si6O24Cl2 (sodalite_1)",sodalite_1,becknic,mineral,mineral.silicate.tectosilicate.coarse.tir.sodalite_1.jhu.nicolet.spectrum.txt,0.000195,1.000000,0.000000,0.000157,1.000000,0.000000,0.000381,1.000000,0.300357,0.002006,0.990361,1.000000,0.002959,0.980121,1.000000
"Sodalite Na_8Al_6Si_6O_24Cl_2 (TS-10A)",TS-10A,becknic,mineral,mineral.silicate.tectosilicate.coarse.tir.ts-10a.jpl.nicolet.spectrum.txt,0.000282,1.000000,0.000000,0.000435,1.000000,0.000000,0.001663,0.995272,0.356929,0.014133,0.992966,1.000000,0.013760,0.984665,1.000000
"Orthoclase (Feldspar) (K,Na)AlSi_3O_8 (TS-12A)",TS-12A,becknic,mineral,mineral.silicate.tectosilicate.coarse.tir.ts-12a.jpl.nicolet.spectrum.txt,0.000179,1.000000,0.000000,0.000554,1.000000,0.000000,0.000865,0.949251,0.356929,0.006886,0.999344,1.000000,0.003097,0.997051,1.000000
"Microcline (Feldspar) (K,Na)AlSi_3O_8 (TS-17A)",TS-17A,becknic,mineral,mineral.silicate.tectosilicate.coarse.tir.ts-17a.jpl.nicolet.spectrum.txt,0.000195,1.000000,0.000000,0.000785,1.000000,0.000000,0.003708,0.990674,0.356929,0.006281,0.999138,1.000000,0.004793,0.995187,1.000000
"Quartz SiO_2 (TS-1A)",TS-1A,becknic,mineral,mineral.silicate.tectosilicate.coarse.tir.ts-1a.jpl.nicolet.spectrum.txt,0.000182,1.000000,0.000000,0.000487,1.000000,0.000000,0.000899,0.666437,0.356929,0.013087,0.998160,1.000000,0.008337,0.997980,1.000000
"Quartz SiO_2 (TS-1B)",TS-1B,becknic,mineral,mineral.silicate.tectosilicate.coarse.tir.ts-1b.jpl.nicolet.spectrum.txt,0.000180,1.000000,0.000000,0.000565,1.000000,0.000000,0.000908,0.698598,0.356929,0.009834,0.999033,1.000000,0.009080,0.997792,1.000000
"Quartz SiO_2 (TS-1C)",TS-1C,becknic,mineral,mineral.silicate.tectosilicate.coarse.tir.ts-1c.jpl.nicolet.spectrum.txt,0.000183,1.000000,0.000000,0.000599,1.000000,0.000000,0.001019,0.913081,0.356929,0.011028,0.998382,1.000000,0.007973,0.998048,1.000000
"Quartz SiO_2 (TS-1D)",TS-1D,becknic,mineral,mineral.silicate.tectosilicate.coarse.tir.ts-1d.jpl.nicolet.spectrum.txt,0.000181,1.000000,0.000000,0.000487,1.000000,0.000000,0.001083,0.776433,0.356929,0.010743,0.998604,1.000000,0.007960,0.998079,1.000000
"Labradorite (Feldspar) (NaSi,CaAl)AlSi_2O_8 (TS-2A)",TS-2A,becknic,mineral,mineral.silicate.tectosilicate.coarse.tir.ts-2a.jpl.nicolet.spectrum.txt,0.000259,1.000000,0.000000,0.000574,1.000000,0.000000,0.001661,0.584030,0.356929,0.007745,0.999021,1.000000,0.002940,0.994968,1.000000
"Labradorite (Feldspar) (NaSi,CaAl)AlSi_2O_8 (TS-2B)",TS-2B,becknic,mineral,mineral.silicate.tectosilicate.coarse.tir.ts-2b.jpl.nicolet.spectrum.txt,0.000490,1.000000,0.000000,0.000428,1.000000,0.000000,0.001127,0.980614,0.356929,0.002736,0.999327,1.000000,0.002724,0.995545,1.000000
"Oligoclase (Feldspar) (NaSi,CaAl)AlSi_2O_8 (TS-3A)",TS-3A,becknic,mineral,mineral.silicate.tectosilicate.coarse.tir.ts-3a.jpl.nicolet.spectrum.txt,0.000332,1.000000,0.000000,0.000212,1.000000,0.000000,0.002621,0.982310,0.356929,0.004712,0.999461,1.000000,0.004589,0.990743,1.000000
"Andesine (Feldspar) (NaSi,CaAl)AlSi_2O_8 (TS-4A)",TS-4A,becknic,mineral,mineral.silicate.tectosilicate.coarse.tir.ts-4a.jpl.nicolet.spectrum.txt,0.000198,1.000000,0.000000,0.000816,1.000000,0.000000,0.002225,0.970959,0.356929,0.008865,0.998778,1.000000,0.004118,0.993322,1.000000
"Anorthite (Feldspar) (NaSi,CaAl)AlSi_2O_8 (TS-5A)",TS-5A,becknic,mineral,mineral.silicate.tectosilicate.coarse.tir.ts-5a.jpl.nicolet.spectrum.txt,0.000504,1.000000,0.000000,0.000925,1.000000,0.000000,0.003162,0.995494,0.356929,0.004725,0.998513,1.000000,0.005816,0.978787,1.000000
"Albite (Feldspar) (K,Na)AlSi_3O_8 (TS-6A)",TS-6A,becknic,mineral,mineral.silicate.tectosilicate.coarse.tir.ts-6a.jpl.nicolet.spectrum.txt,0.000260,1.000000,0.000000,0.000568,1.000000,0.000000,0.002621,0.987952,0.356929,0.006976,0.998968,1.000000,0.003827,0.993198,1.000000
"Natrolite Na_2Al_2Si_3O_10.2H_2O (TS-8A)",TS-8A,becknic,mineral,mineral.silicate.tectosilicate.coarse.tir.ts-8a.jpl.nicolet.spectrum.txt,0.000304,1.000000,0.000000,0.000304,1.000000,0.000000,0.013479,0.981795,0.356929,0.008201,0.982696,1.000000,0.017678,0.944953,1.000000
"Stilbite NaCa_2Al_5Si_3O_36.14H_2O (TS-9A)",TS-9A,becknic,mineral,mineral.silicate.tectosilicate.coarse.tir.ts-9a.jpl.nicolet.spectrum.txt,0.000324,1.000000,0.000000,0.000318,1.000000,0.000000,0.004061,0.995628,0.356929,0.003921,0.977384,1.000000,0.003322,0.996422,1.000000
"Sodalite Na_8Al_6Si_6O_24Cl_2 (TS-10A)",TS-10A,becknic,mineral,mineral.silicate.tectosilicate.coarse.vswir.ts-10a.jpl.beckman.spectrum.txt,0.008089,0.992075,0.883721,0.002039,0.933898,1.000000,0.002383,0.993776,1.000000,0.000705,1.000000,0.000000,0.000547,1.000000,0.000000
"Sodalite Na_8Al_6Si_6O_24Cl_2 (TS-10A)",TS-10A,becknic,mineral,mineral.silicate.tectosilicate.coarse.vswir.ts-10a.jpl.perkin.spectrum.txt,0.007962,0.992131,0.883721,0.002192,0.919578,1.000000,0.001612,0.997572,1.000000,0.000777,1.000000,0.000000,0.000611,1.000000,0.000000
"Buddingtonite (Feldspar) (NH_4)AlSi_3O_8.0.5H_2O (TS-11A)",TS-11A,becknic,mineral,mineral.silicate.tectosilicate.coarse.vswir.ts-11a.jpl.beckman.spectrum.txt,0.001448,0.999757,0.883721,0.002190,0.982594,1.000000,0.007554,0.993389,1.000000,0.000726,1.000000,0.000000,0.000542,1.000000,0.000000
"Orthoclase (Feldspar) (K,Na)AlSi_3O_8 (TS-12A)",TS-12A,becknic,mineral,mineral.silicate.tectosilicate.coarse.vswir.ts-12a.jpl.beckman.spectrum.txt,0.001204,0.999355,0.883721,0.000669,0.966078,1.000000,0.001019,0.990630,1.000000,0.000544,1.000000,0.000000,0.000587,1.000000,0.000000
"Orthoclase (Feldspar) (K,Na)AlSi_3O_8 (TS-12A)",TS-12A,becknic,mineral,mineral.silicate.tectosilicate.coarse.vswir.ts-12a.jpl.perkin.spectrum.txt,0.000947,0.999460,0.883721,0.001395,0.461274,1.000000,0.000890,0.992140,1.000000,0.000445,1.000000,0.000000,0.000635,1.000000,0.000000
"Nepheline (Na,K)AlSiO_4 (TS-16A)",TS-16A,becknic,mineral,mineral.silicate.tectosilicate.coarse.vswir.ts-16a.jpl.beckman.spectrum.txt,0.000878,0.999202,0.883721,0.001723,0.921149,1.000000,0.004290,0.997122,1.000000,0.000711,1.000000,0.000000,0.000564,1.000000,0.000000
"Microcline (Feldspar) (K,Na)AlSi_3O_8 (TS-17A)",TS-17A,becknic,mineral,mineral.silicate.tectosilicate.coarse.vswir.ts-17a.jpl.beckman.spectrum.txt,0.002460,0.999693,0.883721,0.001138,0.991987,1.000000,0.003053,0.996898,1.000000,0.000619,1.000000,0.000000,0.000602,1.000000,0.000000
"Microcline (Feldspar) (K,Na)AlSi_3O_8 (TS-17A)",TS-17A,becknic,mineral,mineral.silicate.tectosilicate.coarse.vswir.ts-17a.jpl.perkin.spectrum.txt,0.002231,0.999762,0.883721,0.001706,0.976721,1.000000,0.002498,0.998302,1.000000,0.000637,1.000000,0.000000,0.000605,1.000000,0.000000
"Quartz SiO_2 (TS-1A)",TS-1A,becknic,mineral,mineral.silicate.tectosilicate.coarse.vswir.ts-1a.jpl.beckman.spectrum.txt,0.001364,0.979315,0.883721,0.002029,0.729302,1.000000,0.000836,0.965514,1.000000,0.000514,1.000000,0.000000,0.000891,1.000000,0.000000
"Quartz SiO_2 (TS-1A)",TS-1A,becknic,mineral,mineral.silicate.tectosilicate.coarse.vswir.ts-1a.jpl.perkin.spectrum.txt,0.000929,0.988548,0.883721,0.001380,0.879518,1.000000,0.001082,0.983290,1.000000,0.000505,1.000000,0.000000,0.000529,1.000000,0.000000
"Quartz SiO_2 (TS-1B)",TS-1B,becknic,mineral,mineral.silicate.tectosilicate.coarse.vswir.ts-1b.jpl.beckman.spectrum.txt,0.002439,0.997395,0.883721,0.001701,0.998605,1.000000,0.001233,0.989690,1.000000,0.000450,1.000000,0.000000,0.000678,1.000000,0.000000
"Quartz SiO_2 (TS-1B)",TS-1B,becknic,mineral,mineral.silicate.tectosilicate.coarse.vswir.ts-1b.jpl.perkin.spectrum.txt,0.002208,0.997385,0.883721,0.000663,0.999636,1.000000,0.001278,0.967787,1.000000,0.000421,1.000000,0.000000,0.000678,1.000000,0.000000
"Quartz SiO_2 (TS-1C)",TS-1C,becknic,mineral,mineral.silicate.tectosilicate.coarse.vswir.ts-1c.jpl.beckman.spectrum.txt,0.001246,0.997492,0.883721,0.000577,0.965302,1.000000,0.001533,0.934082,1.000000,0.000589,1.000000,0.000000,0.000506,1.000000,0.000000
"Quartz SiO_2 (TS-1C)",TS-1C,becknic,mineral,mineral.silicate.tectosilicate.coarse.vswir.ts-1c.jpl.perkin.spectrum.txt,0.001120,0.997947,0.883721,0.000992,0.803987,1.000000,0.001146,0.986161,1.000000,0.000426,1.000000,0.000000,0.000678,1.000000,0.000000
"Quartz SiO_2 (TS-1D)",TS-1D,becknic,mineral,mineral.silicate.tectosilicate.coarse.vswir.ts-1d.jpl.beckman.spectrum.txt,0.000901,0.992847,0.883721,0.000899,0.664375,1.000000,0.000952,0.967786,1.000000,0.000548,1.000000,0.000000,0.000968,1.000000,0.000000
"Quartz SiO_2 (TS-1D)",TS-1D,becknic,mineral,mineral.silicate.tectosilicate.coarse.vswir.ts-1d.jpl.perkin.spectrum.txt,0.000490,0.997018,0.883721,0.001015,0.887353,1.000000,0.001368,0.973325,1.000000,0.000592,1.000000,0.000000,0.000510,1.000000,0.000000
"Quartz SiO_2 (TS-1E)",TS-1E,becknic,mineral,mineral.silicate.tectosilicate.coarse.vswir.ts-1e.jpl.beckman.spectrum.txt,0.004695,0.997022,0.883721,0.003620,0.996442,1.000000,0.004789,0.996481,1.000000,0.000684,1.000000,0.000000,0.000546,1.000000,0.000000
"Quartz SiO_2 (TS-1E)",TS-1E,becknic,mineral,mineral.silicate.tectosilicate.coarse.vswir.ts-1e.jpl.perkin.spectrum.txt,0.004004,0.997951,0.883721,0.002886,0.997175,1.000000,0.004884,0.996399,1.000000,0.000764,1.000000,0.000000,0.000549,1.000000,0.000000
"Labradorite (Feldspar) (NaSi,CaAl)AlSi_2O_8 (TS-2A)",TS-2A,becknic,mineral,mineral.silicate.tectosilicate.coarse.vswir.ts-2a.jpl.beckman.spectrum.txt,0.002495,0.998681,0.883721,0.004394,0.995236,1.000000,0.002267,0.998026,1.000000,0.000631,1.000000,0.000000,0.000724,1.000000,0.000000
"Labradorite (Feldspar) (NaSi,CaAl)AlSi_2O_8 (TS-2A)",TS-2A,becknic,mineral,mineral.silicate.tectosilicate.coarse.vswir.ts-2a.jpl.perkin.spectrum.txt,0.002094,0.998773,0.883721,0.003672,0.995230,1.000000,0.002660,0.996088,1.000000,0.000606,1.000000,0.000000,0.000749,1.000000,0.000000
"Labradorite (Feldspar) (NaSi,CaAl)AlSi_2O_8 (TS-2B)",TS-2B,becknic,mineral,mineral.silicate.tectosilicate.coarse.vswir.ts-2b.jpl.beckman.spectrum.txt,0.001226,0.995308,0.883721,0.002022,0.910185,1.000000,0.000741,0.997246,1.000000,0.000436,1.000000,0.000000,0.000530,1.000000,0.000000
"Labradorite (Feldspar) (NaSi,CaAl)AlSi_2O_8 (TS-2B)",TS-2B,becknic,mineral,mineral.silicate.tectosilicate.coarse.vswir.ts-2b.jpl.perkin.spectrum.txt,0.001040,0.996202,0.883721,0.001208,0.958174,1.000000,0.000814,0.992843,1.000000,0.000358,1.000000,0.000000,0.000554,1.000000,0.000000
"Oligoclase (Feldspar) (NaSi,CaAl)AlSi_2O_8 (TS-3A)",TS-3A,becknic,mineral,mineral.silicate.tectosilicate.coarse.vswir.ts-3a.jpl.beckman.spectrum.txt,0.001547,0.994491,0.883721,0.000742,0.968433,1.000000,0.002245,0.993695,1.000000,0.000633,1.000000,0.000000,0.000608,1.000000,0.000000
"Oligoclase (Feldspar) (NaSi,CaAl)AlSi_2O_8 (TS-3A)",TS-3A,becknic,mineral,mineral.silicate.tectosilicate.coarse.vswir.ts-3a.jpl.perkin.spectrum.txt,0.000769,0.998956,0.883721,0.001329,0.946214,1.000000,0.002212,0.995726,1.000000,0.000658,1.000000,0.000000,0.000570,1.000000,0.000000
"Andesine (Feldspar) (NaSi,CaAl)AlSi_2O_8 (TS-4A)",TS-4A,becknic,mineral,mineral.silicate.tectosilicate.coarse.vswir.ts-4a.jpl.beckman.spectrum.txt,0.001666,0.999278,0.883721,0.002642,0.986054,1.000000,0.002896,0.995191,1.000000,0.000637,1.000000,0.000000,0.000731,1.000000,0.000000
"Andesine (Feldspar) (NaSi,CaAl)AlSi_2O_8 (TS-4A)",TS-4A,becknic,mineral,mineral.silicate.tectosilicate.coarse.vswir.ts-4a.jpl.perkin.spectrum.txt,0.001066,0.999717,0.883721,0.002087,0.988897,1.000000,0.002311,0.996130,1.000000,0.000605,1.000000,0.000000,0.000752,1.000000,0.000000
"Anorthite (Feldspar) (NaSi,CaAl)AlSi_2O_8 (TS-5A)",TS-5A,becknic,mineral,mineral.silicate.tectosilicate.coarse.vswir.ts-5a.jpl.beckman.spectrum.txt,0.001602,0.999075,0.883721,0.001089,0.990707,1.000000,0.002615,0.996528,1.000000,0.000664,1.000000,0.000000,0.000614,1.000000,0.000000
"Anorthite (Feldspar) (NaSi,CaAl)AlSi_2O_8 (TS-5A)",TS-5A,becknic,mineral,mineral.silicate.tectosilicate.coarse.vswir.ts-5a.jpl.perkin.spectrum.txt,0.002364,0.998389,0.883721,0.001953,0.974312,1.000000,0.003375,0.995753,1.000000,0.000687,1.000000,0.000000,0.000575,1.000000,0.000000
"Albite (Feldspar) (K,Na)AlSi_3O_8 (TS-6A)",TS-6A,becknic,mineral,mineral.silicate.tectosilicate.coarse.vswir.ts-6a.jpl.beckman.spectrum.txt,0.001355,0.999276,0.883721,0.002013,0.989127,1.000000,0.002171,0.996659,1.000000,0.000643,1.000000,0.000000,0.000600,1.000000,0.000000
"Albite (Feldspar) (K,Na)AlSi_3O_8 (TS-6A)",TS-6A,becknic,mineral,mineral.silicate.tectosilicate.coarse.vswir.ts-6a.jpl.perkin.spectrum.txt,0.001121,0.999657,0.883721,0.002981,0.976263,1.000000,0.002776,0.995257,1.000000,0.000662,1.000000,0.000000,0.000565,1.000000,0.000000
"Natrolite Na_2Al_2Si_3O_10.2H_2O (TS-8A)",TS-8A,becknic,mineral,mineral.silicate.tectosilicate.coarse.vswir.ts-8a.jpl.beckman.spectrum.txt,0.000949,0.999482,0.883721,0.002178,0.960937,1.000000,0.017233,0.993873,1.000000,0.000515,1.000000,0.000000,0.000528,1.000000,0.000000
"Natrolite Na_2Al_2Si_3O_10.2H_2O (TS-8A)",TS-8A,becknic,mineral,mineral.silicate.tectosilicate.coarse.vswir.ts-8a.jpl.perkin.spectrum.txt,0.000686,0.999607,0.883721,0.001353,0.968838,1.000000,0.017857,0.993033,1.000000,0.000635,1.000000,0.000000,0.000565,1.000000,0.000000
"Stilbite NaCa_2Al_5Si_3O_36.14H_2O (TS-9A)",TS-9A,becknic,mineral,mineral.silicate.tectosilicate.coarse.vswir.ts-9a.jpl.beckman.spectrum.txt,0.001146,0.999408,0.883721,0.009491,0.919467,1.000000,0.012057,0.996880,1.000000,0.000154,1.000000,0.000000,0.000166,1.000000,0.000000
"Stilbite NaCa_2Al_5Si_3O_36.14H_2O (TS-9A)",TS-9A,becknic,mineral,mineral.silicate.tectosilicate.coarse.vswir.ts-9a.jpl.perkin.spectrum.txt,0.000634,0.999718,0.883721,0.005785,0.944003,1.000000,0.009982,0.997806,1.000000,0.000201,1.000000,0.000000,0.000203,1.000000,0.000000
"Albite NaAlSi3O8 (albite_1)",albite_1,becknic,mineral,mineral.silicate.tectosilicate.fine.tir.albite_1.jhu.nicolet.spectrum.txt,0.000597,1.000000,0.000000,0.000644,1.000000,0.000000,0.001393,0.000000,0.300357,0.001774,0.994568,1.000000,0.019463,0.993975,1.000000
"Analcime NaAlSi2O6.H2O (analcime_1)",analcime_1,becknic,mineral,mineral.silicate.tectosilicate.fine.tir.analcime_1.jhu.nicolet.spectrum.txt,0.000251,1.000000,0.000000,0.000715,1.000000,0.000000,0.001257,0.894814,0.300357,0.011315,0.964482,1.000000,0.010335,0.998535,1.000000
"Anorthite CaAl2Si2O8 (anorthite_1)",anorthite_1,becknic,mineral,mineral.silicate.tectosilicate.fine.tir.anorthite_1.jhu.nicolet.spectrum.txt,0.000597,1.000000,0.000000,0.000644,1.000000,0.000000,0.001393,0.000000,0.300357,0.001875,0.992080,1.000000,0.009768,0.997731,1.000000
"Chabazite CaAl2Si4O12.6H2O (chabazite_1)",chabazite_1,becknic,mineral,mineral.silicate.tectosilicate.fine.tir.chabazite_1.jhu.nicolet.spectrum.txt,0.000192,1.000000,0.000000,0.000750,1.000000,0.000000,0.000925,0.963974,0.300357,0.003985,0.998810,1.000000,0.005912,0.999357,1.000000
"Clinoptilolite (Na,K,Ca)2-3Al3(Al,Si)2Si13O36.12H2O (clinopt_1)",clinopt_1,becknic,mineral,mineral.silicate.tectosilicate.fine.tir.clinopt_1.jhu.nicolet.spectrum.txt,0.000187,1.000000,0.000000,0.000655,1.000000,0.000000,0.000977,0.855940,0.300357,0.002640,0.998426,1.000000,0.005343,0.999470,1.000000
"Erionite (K2,Ca,Na2)2Al4Si14O36.15H2O (erionite_1)",erionite_1,becknic,mineral,mineral.silicate.tectosilicate.fine.tir.erionite_1.jhu.nicolet.spectrum.txt,0.000193,1.000000,0.000000,0.000518,1.000000,0.000000,0.001449,0.925584,0.300357,0.003000,0.998755,1.000000,0.005504,0.999517,1.000000
"Heulandite (Na,Ca)2-3Al3(Al,Si)2Si13O36.12H2O (heulan_1)",heulan_1,becknic,mineral,mineral.silicate.tectosilicate.fine.tir.heulan_1.jhu.nicolet.spectrum.txt,0.000185,1.000000,0.000000,0.000619,1.000000,0.000000,0.001035,0.962436,0.300357,0.004848,0.998617,1.000000,0.006236,0.999360,1.000000
"Heulandite (Na,Ca)2-3Al3(Al,Si)2Si13O36.12H2O (heulan_2)",heulan_2,becknic,mineral,mineral.silicate.tectosilicate.fine.tir.heulan_2.jhu.nicolet.spectrum.txt,0.000181,1.000000,0.000000,0.000488,1.000000,0.000000,0.000908,0.564393,0.300357,0.005666,0.997576,1.000000,0.007514,0.999165,1.000000
"Labradorite (Na,Ca)Al(Al,Si)Si2O8 (labrador_1)",labrador_1,becknic,mineral,mineral.silicate.tectosilicate.fine.tir.labrador_1.jhu.nicolet.spectrum.txt,0.000597,1.000000,0.000000,0.000644,1.000000,0.000000,0.001340,0.152679,0.300357,0.002239,0.996315,1.000000,0.005169,0.999380,1.000000
"Leucite KAlSi2O6 (leucite_1)",leucite_1,becknic,mineral,mineral.silicate.tectosilicate.fine.tir.leucite_1.jhu.nicolet.spectrum.txt,0.000268,1.000000,0.000000,0.000732,1.000000,0.000000,0.001135,0.762225,0.300357,0.003042,0.989935,1.000000,0.005612,0.999284,1.000000
"Microcline KAlSi3O8 (micro_1)",micro_1,becknic,mineral,mineral.silicate.tectosilicate.fine.tir.micro_1.jhu.nicolet.spectrum.txt,0.000189,1.000000,0.000000,0.000700,1.000000,0.000000,0.001585,0.935933,0.300357,0.002257,0.991125,1.000000,0.014137,0.996869,1.000000
"Mordenite (Ca,Na2,K2)Al2Si10O24.7H2O (morden_1)",morden_1,becknic,mineral,mineral.silicate.tectosilicate.fine.tir.morden_1.jhu.nicolet.spectrum.txt,0.000204,1.000000,0.000000,0.000850,1.000000,0.000000,0.001523,0.889685,0.300357,0.003159,0.998376,1.000000,0.006810,0.999233,1.000000
"Natrolite Na2Al2Si3O10.2H2O (natrol_1)",natrol_1,becknic,mineral,mineral.silicate.tectosilicate.fine.tir.natrol_1.jhu.nicolet.spectrum.txt,0.000187,1.000000,0.000000,0.000498,1.000000,0.000000,0.001266,-0.071582,0.300357,0.011190,0.981270,1.000000,0.011839,0.997821,1.000000
"Nepheline (Na,K)AlSiO4 (nephel_2)",nephel_2,becknic,mineral,mineral.silicate.tectosilicate.fine.tir.nephel_2.jhu.nicolet.spectrum.txt,0.000525,1.000000,0.000000,0.000661,1.000000,0.000000,0.001232,0.726674,0.300357,0.001714,0.984732,1.000000,0.007111,0.999099,1.000000
"Orthoclase KAlSi3O8 (orthocl_3)",orthocl_3,becknic,mineral,mineral.silicate.tectosilicate.fine.tir.orthocl_3.jhu.nicolet.spectrum.txt,0.000180,1.000000,0.000000,0.000490,1.000000,0.000000,0.001012,0.922786,0.300357,0.001752,0.996083,1.000000,0.005341,0.999444,1.000000
"Quartz SiO2 (quartz_1)",quartz_1,becknic,mineral,mineral.silicate.tectosilicate.fine.tir.quartz_1.jhu.nicolet.spectrum.txt,0.000331,1.000000,0.000000,0.000710,1.000000,0.000000,0.000886,0.750119,0.300357,0.002879,0.995358,1.000000,0.021895,0.992563,1.000000
"Quartz SiO2 (quartz_2)",quartz_2,becknic,mineral,mineral.silicate.tectosilicate.fine.tir.quartz_2.jhu.nicolet.spectrum.txt,0.000597,1.000000,0.000000,0.000644,1.000000,0.000000,0.001393,0.000000,0.300357,0.001939,0.993673,1.000000,0.013863,0.996604,1.000000
"Sanidine (K,Na)Al3O8 (sanidine_1)",sanidine_1,becknic,mineral,mineral.silicate.tectosilicate.fine.tir.sanidine_1.jhu.nicolet.spectrum.txt,0.000187,1.000000,0.000000,0.000499,1.000000,0.000000,0.001126,0.961719,0.300357,0.001935,0.994362,1.000000,0.003954,0.999475,1.000000
"Sanidine (K,Na)Al3O8 (sanidine_3)",sanidine_3,becknic,mineral,mineral.silicate.tectosilicate.fine.tir.sanidine_3.jhu.nicolet.spectrum.txt,0.000178,1.000000,0.000000,0.000536,1.000000,0.000000,0.001023,0.974019,0.300357,0.002781,0.988650,1.000000,0.006342,0.999251,1.000000
"Sodalite Na8Al6Si6O24Cl2 (sodalite_1)",sodalite_1,becknic,mineral,mineral.silicate.tectosilicate.fine.tir.sodalite_1.jhu.nicolet.spectrum.txt,0.000206,1.000000,0.000000,0.000563,1.000000,0.000000,0.000679,0.725488,0.300357,0.002684,0.988396,1.000000,0.026138,0.990875,1.000000
"Sodalite Na_8Al_6Si_6O_24Cl_2 (TS-10A)",TS-10A,becknic,mineral,mineral.silicate.tectosilicate.fine.tir.ts-10a.jpl.nicolet.spectrum.txt,0.000178,1.000000,0.000000,0.000513,1.000000,0.000000,0.000989,0.989161,0.356929,0.018265,0.992139,1.000000,0.006703,0.973483,1.000000
"Orthoclase (Feldspar) (K,Na)AlSi_3O_8 (TS-12A)",TS-12A,becknic,mineral,mineral.silicate.tectosilicate.fine.tir.ts-12a.jpl.nicolet.spectrum.txt,0.000180,1.000000,0.000000,0.000493,1.000000,0.000000,0.000800,0.918773,0.356929,0.006230,0.999344,1.000000,0.009194,0.958899,1.000000
"Bytownite (Feldspar) (NaSi,CaAl)AlSi_2O_8 (TS-13A)",TS-13A,becknic,mineral,mineral.silicate.tectosilicate.fine.tir.ts-13a.jpl.nicolet.spectrum.txt,0.000225,1.000000,0.000000,0.000838,1.000000,0.000000,0.001317,0.981746,0.356929,0.005430,0.999117,1.000000,0.005665,0.975628,1.000000
"Sanidine (Feldspar) (K,Na)AlSi_3O_8 (TS-14A)",TS-14A,becknic,mineral,mineral.silicate.tectosilicate.fine.tir.ts-14a.jpl.nicolet.spectrum.txt,0.000188,1.000000,0.000000,0.000645,1.000000,0.000000,0.001388,0.988823,0.356929,0.004889,0.999519,1.000000,0.003039,0.985892,1.000000
"Chabazite CaAl_2Si_4O_12.6H_2O (TS-15A)",TS-15A,becknic,mineral,mineral.silicate.tectosilicate.fine.tir.ts-15a.jpl.nicolet.spectrum.txt,0.000802,1.000000,0.000000,0.000874,1.000000,0.000000,0.002550,0.998655,0.356929,0.005122,0.997748,1.000000,0.001567,0.992735,1.000000
"Microcline (Feldspar) (K,Na)AlSi_3O_8 (TS-17A)",TS-17A,becknic,mineral,mineral.silicate.tectosilicate.fine.tir.ts-17a.jpl.nicolet.spectrum.txt,0.000186,1.000000,0.000000,0.000632,1.000000,0.000000,0.001619,0.980466,0.356929,0.007449,0.998782,1.000000,0.005497,0.972358,1.000000
"Analcime NaAlSi_2O_6.H_2O (TS-18A)",TS-18A,becknic,mineral,mineral.silicate.tectosilicate.fine.tir.ts-18a.jpl.nicolet.spectrum.txt,0.000241,1.000000,0.000000,0.000713,1.000000,0.000000,0.006737,0.995014,0.356929,0.009870,0.998086,1.000000,0.003180,0.987142,1.000000
"Quartz SiO_2 (TS-1A)",TS-1A,becknic,mineral,mineral.silicate.tectosilicate.fine.tir.ts-1a.jpl.nicolet.spectrum.txt,0.000179,1.000000,0.000000,0.000503,1.000000,0.000000,0.000895,0.778636,0.356929,0.009168,0.999030,1.000000,0.009377,0.979517,1.000000
"Quartz SiO_2 (TS-1B)",TS-1B,becknic,mineral,mineral.silicate.tectosilicate.fine.tir.ts-1b.jpl.nicolet.spectrum.txt,0.000186,1.000000,0.000000,0.000632,1.000000,0.000000,0.001143,-0.086194,0.356929,0.009568,0.998939,1.000000,0.009370,0.980413,1.000000
"Quartz SiO_2 (TS-1C)",TS-1C,becknic,mineral,mineral.silicate.tectosilicate.fine.tir.ts-1c.jpl.nicolet.spectrum.txt,0.000188,1.000000,0.000000,0.000668,1.000000,0.000000,0.001159,0.343819,0.356929,0.008608,0.999071,1.000000,0.008630,0.980949,1.000000
"Quartz SiO_2 (TS-1D)",TS-1D,becknic,mineral,mineral.silicate.tectosilicate.fine.tir.ts-1d.jpl.nicolet.spectrum.txt,0.000180,1.000000,0.000000,0.000564,1.000000,0.000000,0.001064,-0.098337,0.356929,0.009639,0.998929,1.000000,0.009827,0.977926,1.000000
"Quartz SiO_2 (TS-1E)",TS-1E,becknic,mineral,mineral.silicate.tectosilicate.fine.tir.ts-1e.jpl.nicolet.spectrum.txt,0.000199,1.000000,0.000000,0.000819,1.000000,0.000000,0.001425,0.971843,0.356929,0.007138,0.999019,1.000000,0.008166,0.967768,1.000000
"Labradorite (Feldspar) (NaSi,CaAl)AlSi_2O_8 (TS-2A)",TS-2A,becknic,mineral,mineral.silicate.tectosilicate.fine.tir.ts-2a.jpl.nicolet.spectrum.txt,0.000184,1.000000,0.000000,0.000491,1.000000,0.000000,0.000784,0.966619,0.356929,0.005247,0.999455,1.000000,0.006670,0.966235,1.000000
"Labradorite (Feldspar) (NaSi,CaAl)AlSi_2O_8 (TS-2B)",TS-2B,becknic,mineral,mineral.silicate.tectosilicate.fine.tir.ts-2b.jpl.nicolet.spectrum.txt,0.000450,1.000000,0.000000,0.000936,1.000000,0.000000,0.001525,0.000000,0.356929,0.004234,0.999107,1.000000,0.004664,0.977575,1.000000
"Oligoclase (Feldspar) (NaSi,CaAl)AlSi_2O_8 (TS-3A)",TS-3A,becknic,mineral,mineral.silicate.tectosilicate.fine.tir.ts-3a.jpl.nicolet.spectrum.txt,0.000198,1.000000,0.000000,0.000536,1.000000,0.000000,0.001445,0.945735,0.356929,0.005781,0.999435,1.000000,0.005797,0.966196,1.000000
"Andesine (Feldspar) (NaSi,CaAl)AlSi_2O_8 (TS-4A)",TS-4A,becknic,mineral,mineral.silicate.tectosilicate.fine.tir.ts-4a.jpl.nicolet.spectrum.txt,0.000196,1.000000,0.000000,0.000528,1.000000,0.000000,0.001830,0.925185,0.356929,0.005197,0.999535,1.000000,0.006340,0.963105,1.000000
"Anorthite (Feldspar) (NaSi,CaAl)AlSi_2O_8 (TS-5A)",TS-5A,becknic,mineral,mineral.silicate.tectosilicate.fine.tir.ts-5a.jpl.nicolet.spectrum.txt,0.000197,1.000000,0.000000,0.000804,1.000000,0.000000,0.001033,0.992280,0.356929,0.006300,0.998717,1.000000,0.004797,0.984971,1.000000
"Albite (Feldspar) (K,Na)AlSi_3O_8 (TS-6A)",TS-6A,becknic,mineral,mineral.silicate.tectosilicate.fine.tir.ts-6a.jpl.nicolet.spectrum.txt,0.000180,1.000000,0.000000,0.000563,1.000000,0.000000,0.001380,0.932859,0.356929,0.004971,0.999536,1.000000,0.005585,0.969353,1.000000
"Cristobalite SiO_2 (TS-7A)",TS-7A,becknic,mineral,mineral.silicate.tectosilicate.fine.tir.ts-7a.jpl.nicolet.spectrum.txt,0.000568,1.000000,0.000000,0.000914,1.000000,0.000000,0.001172,0.853077,0.356929,0.004678,0.999079,1.000000,0.002951,0.983592,1.000000
"Natrolite Na_2Al_2Si_3O_10.2H_2O (TS-8A)",TS-8A,becknic,mineral,mineral.silicate.tectosilicate.fine.tir.ts-8a.jpl.nicolet.spectrum.txt,0.000527,1.000000,0.000000,0.000921,1.000000,0.000000,0.010143,0.980890,0.356929,0.023068,0.985161,1.000000,0.007528,0.971385,1.000000
"Stilbite NaCa_2Al_5Si_3O_36.14H_2O (TS-9A)",TS-9A,becknic,mineral,mineral.silicate.tectosilicate.fine.tir.ts-9a.jpl.nicolet.spectrum.txt,0.000363,1.000000,0.000000,0.000920,1.000000,0.000000,0.002777,0.998595,0.356929,0.008139,0.996919,1.000000,0.002616,0.992838,1.000000
"Sodalite Na_8Al_6Si_6O_24Cl_2 (TS-10A)",TS-10A,becknic,mineral,mineral.silicate.tectosilicate.fine.vswir.ts-10a.jpl.beckman.spectrum.txt,0.002880,0.996039,0.883721,0.001042,0.774033,1.000000,0.002050,0.971289,1.000000,0.000402,1.000000,0.000000,0.000652,1.000000,0.000000
"Sodalite Na_8Al_6Si_6O_24Cl_2 (TS-10A)",TS-10A,becknic,mineral,mineral.silicate.tectosilicate.fine.vswir.ts-10a.jpl.perkin.spectrum.txt,0.002826,0.996713,0.883721,0.001014,0.696322,1.000000,0.001510,0.990325,1.000000,0.000486,1.000000,0.000000,0.000604,1.000000,0.000000
"Buddingtonite (Feldspar) (NH_4)AlSi_3O_8.0.5H_2O (TS-11A)",TS-11A,becknic,mineral,mineral.silicate.tectosilicate.fine.vswir.ts-11a.jpl.beckman.spectrum.txt,0.001517,0.999826,0.883721,0.000736,0.993781,1.000000,0.005845,0.991515,1.000000,0.000582,1.000000,0.000000,0.000604,1.000000,0.000000
"Orthoclase (Feldspar) (K,Na)AlSi_3O_8 (TS-12A)",TS-12A,becknic,mineral,mineral.silicate.tectosilicate.fine.vswir.ts-12a.jpl.beckman.spectrum.txt,0.000863,0.997410,0.883721,0.000574,0.836482,1.000000,0.000927,0.823492,1.000000,0.000454,1.000000,0.000000,0.000740,1.000000,0.000000
"Orthoclase (Feldspar) (K,Na)AlSi_3O_8 (TS-12A)",TS-12A,becknic,mineral,mineral.silicate.tectosilicate.fine.vswir.ts-12a.jpl.perkin.spectrum.txt,0.000362,0.999697,0.883721,0.000558,1.000000,1.000000,0.001532,0.969166,1.000000,0.000591,1.000000,0.000000,0.000508,1.000000,0.000000
"Bytownite (Feldspar) (NaSi,CaAl)AlSi_2O_8 (TS-13A)",TS-13A,becknic,mineral,mineral.silicate.tectosilicate.fine.vswir.ts-13a.jpl.beckman.spectrum.txt,0.000933,0.999594,0.883721,0.001303,0.875250,1.000000,0.001225,0.992825,1.000000,0.000613,1.000000,0.000000,0.000743,1.000000,0.000000
"Bytownite (Feldspar) (NaSi,CaAl)AlSi_2O_8 (TS-13A)",TS-13A,becknic,mineral,mineral.silicate.tectosilicate.fine.vswir.ts-13a.jpl.perkin.spectrum.txt,0.001104,0.999604,0.883721,0.001363,0.787985,1.000000,0.001830,0.991612,1.000000,0.000602,1.000000,0.000000,0.000754,1.000000,0.000000
"Sanidine (Feldspar) (K,Na)AlSi_3O_8 (TS-14A)",TS-14A,becknic,mineral,mineral.silicate.tectosilicate.fine.vswir.ts-14a.jpl.beckman.spectrum.txt,0.001110,0.999837,0.883721,0.000629,0.979450,1.000000,0.002122,0.968648,1.000000,0.000578,1.000000,0.000000,0.000734,1.000000,0.000000
"Sanidine (Feldspar) (K,Na)AlSi_3O_8 (TS-14A)",TS-14A,becknic,mineral,mineral.silicate.tectosilicate.fine.vswir.ts-14a.jpl.perkin.spectrum.txt,0.000681,0.999954,0.883721,0.001080,0.944430,1.000000,0.001248,0.994688,1.000000,0.000655,1.000000,0.000000,0.000730,1.000000,0.000000
"Chabazite CaAl_2Si_4O_12.6H_2O (TS-15A)",TS-15A,becknic,mineral,mineral.silicate.tectosilicate.fine.vswir.ts-15a.jpl.beckman.spectrum.txt,0.001203,0.998940,0.883721,0.001758,0.914494,1.000000,0.003350,0.999541,1.000000,0.000822,1.000000,0.000000,0.000826,1.000000,0.000000
"Chabazite CaAl_2Si_4O_12.6H_2O (TS-15A)",TS-15A,becknic,mineral,mineral.silicate.tectosilicate.fine.vswir.ts-15a.jpl.perkin.spectrum.txt,0.000941,0.999462,0.883721,0.001607,0.896425,1.000000,0.004109,0.999355,1.000000,0.000798,1.000000,0.000000,0.000751,1.000000,0.000000
"Nepheline (Na,K)AlSiO_4 (TS-16A)",TS-16A,becknic,mineral,mineral.silicate.tectosilicate.fine.vswir.ts-16a.jpl.beckman.spectrum.txt,0.001185,0.998079,0.883721,0.000911,0.897259,1.000000,0.002809,0.985235,1.000000,0.000395,1.000000,0.000000,0.000641,1.000000,0.000000
"Microcline (Feldspar) (K,Na)AlSi_3O_8 (TS-17A)",TS-17A,becknic,mineral,mineral.silicate.tectosilicate.fine.vswir.ts-17a.jpl.beckman.spectrum.txt,0.001309,0.999613,0.883721,0.001177,0.955310,1.000000,0.001435,0.984320,1.000000,0.000441,1.000000,0.000000,0.000681,1.000000,0.000000
"Microcline (Feldspar) (K,Na)AlSi_3O_8 (TS-17A)",TS-17A,becknic,mineral,mineral.silicate.tectosilicate.fine.vswir.ts-17a.jpl.perkin.spectrum.txt,0.000957,0.999812,0.883721,0.002275,0.820725,1.000000,0.001383,0.994288,1.000000,0.000442,1.000000,0.000000,0.000636,1.000000,0.000000
"Analcime NaAlSi_2O_6.H_2O (TS-18A)",TS-18A,becknic,mineral,mineral.silicate.tectosilicate.fine.vswir.ts-18a.jpl.beckman.spectrum.txt,0.001044,0.999522,0.883721,0.003394,0.814051,1.000000,0.016005,0.987273,1.000000,0.000779,1.000000,0.000000,0.000733,1.000000,0.000000
"Quartz SiO_2 (TS-1A)",TS-1A,becknic,mineral,mineral.silicate.tectosilicate.fine.vswir.ts-1a.jpl.beckman.spectrum.txt,0.000829,0.979491,0.883721,0.000685,1.000000,1.000000,0.000933,0.920571,1.000000,0.000465,1.000000,0.000000,0.000606,1.000000,0.000000
"Quartz SiO_2 (TS-1A)",TS-1A,becknic,mineral,mineral.silicate.tectosilicate.fine.vswir.ts-1a.jpl.perkin.spectrum.txt,0.000574,0.997997,0.883721,0.000773,1.000000,1.000000,0.001106,0.982290,1.000000,0.000469,1.000000,0.000000,0.000674,1.000000,0.000000
"Quartz SiO_2 (TS-1B)",TS-1B,becknic,mineral,mineral.silicate.tectosilicate.fine.vswir.ts-1b.jpl.beckman.spectrum.txt,0.001146,0.990900,0.883721,0.000963,0.953025,1.000000,0.000896,0.946210,1.000000,0.000585,1.000000,0.000000,0.000501,1.000000,0.000000
"Quartz SiO_2 (TS-1B)",TS-1B,becknic,mineral,mineral.silicate.tectosilicate.fine.vswir.ts-1b.jpl.perkin.spectrum.txt,0.000624,0.998743,0.883721,0.001068,0.952095,1.000000,0.000995,0.982916,1.000000,0.000393,1.000000,0.000000,0.000633,1.000000,0.000000
"Quartz SiO_2 (TS-1C)",TS-1C,becknic,mineral,mineral.silicate.tectosilicate.fine.vswir.ts-1c.jpl.beckman.spectrum.txt,0.001252,0.979823,0.883721,0.000673,1.000000,1.000000,0.001165,0.726388,1.000000,0.000594,1.000000,0.000000,0.000514,1.000000,0.000000
"Quartz SiO_2 (TS-1C)",TS-1C,becknic,mineral,mineral.silicate.tectosilicate.fine.vswir.ts-1c.jpl.perkin.spectrum.txt,0.000662,0.996563,0.883721,0.001539,-0.256955,1.000000,0.001523,0.968829,1.000000,0.000392,1.000000,0.000000,0.000641,1.000000,0.000000
"Quartz SiO_2 (TS-1D)",TS-1D,becknic,mineral,mineral.silicate.tectosilicate.fine.vswir.ts-1d.jpl.beckman.spectrum.txt,0.000874,0.986409,0.883721,0.001110,0.000000,1.000000,0.001078,0.895418,1.000000,0.000516,1.000000,0.000000,0.000510,1.000000,0.000000
"Quartz SiO_2 (TS-1D)",TS-1D,becknic,mineral,mineral.silicate.tectosilicate.fine.vswir.ts-1d.jpl.perkin.spectrum.txt,0.000634,0.997603,0.883721,0.001108,0.462029,1.000000,0.001157,0.967748,1.000000,0.000496,1.000000,0.000000,0.000640,1.000000,0.000000
"Quartz SiO_2 (TS-1E)",TS-1E,becknic,mineral,mineral.silicate.tectosilicate.fine.vswir.ts-1e.jpl.beckman.spectrum.txt,0.001162,0.996113,0.883721,0.000791,0.838052,1.000000,0.001075,0.976391,1.000000,0.000569,1.000000,0.000000,0.000736,1.000000,0.000000
"Quartz SiO_2 (TS-1E)",TS-1E,becknic,mineral,mineral.silicate.tectosilicate.fine.vswir.ts-1e.jpl.perkin.spectrum.txt,0.001082,0.997856,0.883721,0.000537,0.948310,1.000000,0.000981,0.994781,1.000000,0.000597,1.000000,0.000000,0.000754,1.000000,0.000000
"Labradorite (Feldspar) (NaSi,CaAl)AlSi_2O_8 (TS-2A)",TS-2A,becknic,mineral,mineral.silicate.tectosilicate.fine.vswir.ts-2a.jpl.beckman.spectrum.txt,0.001097,0.996401,0.883721,0.002884,0.794726,1.000000,0.000959,0.974396,1.000000,0.000499,1.000000,0.000000,0.000538,1.000000,0.000000
"Labradorite (Feldspar) (NaSi,CaAl)AlSi_2O_8 (TS-2A)",TS-2A,becknic,mineral,mineral.silicate.tectosilicate.fine.vswir.ts-2a.jpl.perkin.spectrum.txt,0.000369,0.999254,0.883721,0.000959,0.884526,1.000000,0.001149,0.985202,1.000000,0.000770,1.000000,0.000000,0.001416,0.000000,0.000000
"Labradorite (Feldspar) (NaSi,CaAl)AlSi_2O_8 (TS-2B)",TS-2B,becknic,mineral,mineral.silicate.tectosilicate.fine.vswir.ts-2b.jpl.beckman.spectrum.txt,0.001259,0.994471,0.883721,0.001040,0.879409,1.000000,0.001269,0.935580,1.000000,0.000707,1.000000,0.000000,0.000590,1.000000,0.000000
"Labradorite (Feldspar) (NaSi,CaAl)AlSi_2O_8 (TS-2B)",TS-2B,becknic,mineral,mineral.silicate.tectosilicate.fine.vswir.ts-2b.jpl.perkin.spectrum.txt,0.000862,0.997975,0.883721,0.001114,0.835189,1.000000,0.001589,0.722459,1.000000,0.000767,1.000000,0.000000,0.000543,1.000000,0.000000
"Oligoclase (Feldspar) (NaSi,CaAl)AlSi_2O_8 (TS-3A)",TS-3A,becknic,mineral,mineral.silicate.tectosilicate.fine.vswir.ts-3a.jpl.beckman.spectrum.txt,0.001204,0.997019,0.883721,0.000656,0.581383,1.000000,0.001419,0.953613,1.000000,0.000450,1.000000,0.000000,0.000705,1.000000,0.000000
"Oligoclase (Feldspar) (NaSi,CaAl)AlSi_2O_8 (TS-3A)",TS-3A,becknic,mineral,mineral.silicate.tectosilicate.fine.vswir.ts-3a.jpl.perkin.spectrum.txt,0.000572,0.999516,0.883721,0.001089,0.000000,1.000000,0.001252,0.993147,1.000000,0.000582,1.000000,0.000000,0.000500,1.000000,0.000000
"Andesine (Feldspar) (NaSi,CaAl)AlSi_2O_8 (TS-4A)",TS-4A,becknic,mineral,mineral.silicate.tectosilicate.fine.vswir.ts-4a.jpl.beckman.spectrum.txt,0.001126,0.999724,0.883721,0.000664,0.598240,1.000000,0.000865,0.984341,1.000000,0.000469,1.000000,0.000000,0.000593,1.000000,0.000000
"Andesine (Feldspar) (NaSi,CaAl)AlSi_2O_8 (TS-4A)",TS-4A,becknic,mineral,mineral.silicate.tectosilicate.fine.vswir.ts-4a.jpl.perkin.spectrum.txt,0.000880,0.999858,0.883721,0.000875,0.562379,1.000000,0.000995,0.994466,1.000000,0.000482,1.000000,0.000000,0.000657,1.000000,0.000000
"Anorthite (Feldspar) (NaSi,CaAl)AlSi_2O_8 (TS-5A)",TS-5A,becknic,mineral,mineral.silicate.tectosilicate.fine.vswir.ts-5a.jpl.beckman.spectrum.txt,0.000887,0.999504,0.883721,0.001009,0.000000,1.000000,0.001065,0.989378,1.000000,0.000640,1.000000,0.000000,0.000731,1.000000,0.000000
"Anorthite (Feldspar) (NaSi,CaAl)AlSi_2O_8 (TS-5A)",TS-5A,becknic,mineral,mineral.silicate.tectosilicate.fine.vswir.ts-5a.jpl.perkin.spectrum.txt,0.000837,0.999709,0.883721,0.001106,0.176322,1.000000,0.001028,0.996297,1.000000,0.000597,1.000000,0.000000,0.000759,1.000000,0.000000
"Albite (Feldspar) (K,Na)AlSi_3O_8 (TS-6A)",TS-6A,becknic,mineral,mineral.silicate.tectosilicate.fine.vswir.ts-6a.jpl.beckman.spectrum.txt,0.000941,0.998704,0.883721,0.000770,0.577536,1.000000,0.000907,0.980497,1.000000,0.000460,1.000000,0.000000,0.000678,1.000000,0.000000
"Albite (Feldspar) (K,Na)AlSi_3O_8 (TS-6A)",TS-6A,becknic,mineral,mineral.silicate.tectosilicate.fine.vswir.ts-6a.jpl.perkin.spectrum.txt,0.001004,0.998992,0.883721,0.000582,0.725470,1.000000,0.001041,0.992015,1.000000,0.000447,1.000000,0.000000,0.000634,1.000000,0.000000
"Cristobalite SiO_2 (TS-7A)",TS-7A,becknic,mineral,mineral.silicate.tectosilicate.fine.vswir.ts-7a.jpl.beckman.spectrum.txt,0.001101,0.998544,0.883721,0.001328,0.951650,1.000000,0.001959,0.988201,1.000000,0.000781,1.000000,0.000000,0.000609,1.000000,0.000000
"Natrolite Na_2Al_2Si_3O_10.2H_2O (TS-8A)",TS-8A,becknic,mineral,mineral.silicate.tectosilicate.fine.vswir.ts-8a.jpl.beckman.spectrum.txt,0.001108,0.998222,0.883721,0.001264,0.107674,1.000000,0.011835,0.987934,1.000000,0.000582,1.000000,0.000000,0.000606,1.000000,0.000000
"Natrolite Na_2Al_2Si_3O_10.2H_2O (TS-8A)",TS-8A,becknic,mineral,mineral.silicate.tectosilicate.fine.vswir.ts-8a.jpl.perkin.spectrum.txt,0.000772,0.999309,0.883721,0.000889,0.680611,1.000000,0.016944,0.978632,1.000000,0.000633,1.000000,0.000000,0.000608,1.000000,0.000000
"Stilbite NaCa_2Al_5Si_3O_36.14H_2O (TS-9A)",TS-9A,becknic,mineral,mineral.silicate.tectosilicate.fine.vswir.ts-9a.jpl.beckman.spectrum.txt,0.001069,0.995610,0.883721,0.002036,0.803231,1.000000,0.005155,0.998778,1.000000,0.000673,1.000000,0.000000,0.000726,1.000000,0.000000
"Stilbite NaCa_2Al_5Si_3O_36.14H_2O (TS-9A)",TS-9A,becknic,mineral,mineral.silicate.tectosilicate.fine.vswir.ts-9a.jpl.perkin.spectrum.txt,0.000344,0.999695,0.883721,0.001380,0.907496,1.000000,0.006525,0.998137,1.000000,0.000822,1.000000,0.000000,0.000823,1.000000,0.000000
"Sodalite Na_8Al_6Si_6O_24Cl_2 (TS-10A)",TS-10A,becknic,mineral,mineral.silicate.tectosilicate.medium.tir.ts-10a.jpl.nicolet.spectrum.txt,0.000194,1.000000,0.000000,0.000774,1.000000,0.000000,0.001660,0.985654,0.356929,0.016714,0.992985,1.000000,0.012989,0.983453,1.000000
"Orthoclase (Feldspar) (K,Na)AlSi_3O_8 (TS-12A)",TS-12A,becknic,mineral,mineral.silicate.tectosilicate.medium.tir.ts-12a.jpl.nicolet.spectrum.txt,0.000210,1.000000,0.000000,0.000577,1.000000,0.000000,0.000807,0.935655,0.356929,0.005800,0.999628,1.000000,0.003218,0.996276,1.000000
"Microcline (Feldspar) (K,Na)AlSi_3O_8 (TS-17A)",TS-17A,becknic,mineral,mineral.silicate.tectosilicate.medium.tir.ts-17a.jpl.nicolet.spectrum.txt,0.000185,1.000000,0.000000,0.000620,1.000000,0.000000,0.003022,0.989076,0.356929,0.006606,0.999188,1.000000,0.003871,0.995167,1.000000
"Quartz SiO_2 (TS-1A)",TS-1A,becknic,mineral,mineral.silicate.tectosilicate.medium.tir.ts-1a.jpl.nicolet.spectrum.txt,0.000207,1.000000,0.000000,0.000567,1.000000,0.000000,0.000846,0.679705,0.356929,0.006488,0.999610,1.000000,0.006520,0.998321,1.000000
"Quartz SiO_2 (TS-1B)",TS-1B,becknic,mineral,mineral.silicate.tectosilicate.medium.tir.ts-1b.jpl.nicolet.spectrum.txt,0.000178,1.000000,0.000000,0.000514,1.000000,0.000000,0.000925,0.844678,0.356929,0.006708,0.999597,1.000000,0.006659,0.998260,1.000000
"Quartz SiO_2 (TS-1C)",TS-1C,becknic,mineral,mineral.silicate.tectosilicate.medium.tir.ts-1c.jpl.nicolet.spectrum.txt,0.000179,1.000000,0.000000,0.000498,1.000000,0.000000,0.000908,0.454421,0.356929,0.006512,0.999580,1.000000,0.006449,0.998312,1.000000
"Quartz SiO_2 (TS-1D)",TS-1D,becknic,mineral,mineral.silicate.tectosilicate.medium.tir.ts-1d.jpl.nicolet.spectrum.txt,0.000181,1.000000,0.000000,0.000487,1.000000,0.000000,0.000910,0.317876,0.356929,0.007224,0.999500,1.000000,0.006553,0.998372,1.000000
"Quartz SiO_2 (TS-1E)",TS-1E,becknic,mineral,mineral.silicate.tectosilicate.medium.tir.ts-1e.jpl.nicolet.spectrum.txt,0.000188,1.000000,0.000000,0.000679,1.000000,0.000000,0.001798,0.995960,0.356929,0.006536,0.999045,1.000000,0.003525,0.998769,1.000000
"Labradorite (Feldspar) (NaSi,CaAl)AlSi_2O_8 (TS-2A)",TS-2A,becknic,mineral,mineral.silicate.tectosilicate.medium.tir.ts-2a.jpl.nicolet.spectrum.txt,0.000184,1.000000,0.000000,0.000610,1.000000,0.000000,0.001199,-0.301215,0.356929,0.005563,0.999599,1.000000,0.002692,0.993489,1.000000
"Labradorite (Feldspar) (NaSi,CaAl)AlSi_2O_8 (TS-2B)",TS-2B,becknic,mineral,mineral.silicate.tectosilicate.medium.tir.ts-2b.jpl.nicolet.spectrum.txt,0.000863,1.000000,0.000000,0.000535,1.000000,0.000000,0.001579,0.959462,0.356929,0.002813,0.999695,1.000000,0.002408,0.994986,1.000000
"Oligoclase (Feldspar) (NaSi,CaAl)AlSi_2O_8 (TS-3A)",TS-3A,becknic,mineral,mineral.silicate.tectosilicate.medium.tir.ts-3a.jpl.nicolet.spectrum.txt,0.000186,1.000000,0.000000,0.000625,1.000000,0.000000,0.002159,0.968804,0.356929,0.004630,0.999673,1.000000,0.003683,0.992362,1.000000
"Andesine (Feldspar) (NaSi,CaAl)AlSi_2O_8 (TS-4A)",TS-4A,becknic,mineral,mineral.silicate.tectosilicate.medium.tir.ts-4a.jpl.nicolet.spectrum.txt,0.000178,1.000000,0.000000,0.000521,1.000000,0.000000,0.001546,0.940935,0.356929,0.005712,0.999591,1.000000,0.003039,0.994124,1.000000
"Anorthite (Feldspar) (NaSi,CaAl)AlSi_2O_8 (TS-5A)",TS-5A,becknic,mineral,mineral.silicate.tectosilicate.medium.tir.ts-5a.jpl.nicolet.spectrum.txt,0.000237,1.000000,0.000000,0.000738,1.000000,0.000000,0.003415,0.991846,0.356929,0.005096,0.999233,1.000000,0.005044,0.974015,1.000000
"Albite (Feldspar) (K,Na)AlSi_3O_8 (TS-6A)",TS-6A,becknic,mineral,mineral.silicate.tectosilicate.medium.tir.ts-6a.jpl.nicolet.spectrum.txt,0.000185,1.000000,0.000000,0.000624,1.000000,0.000000,0.001657,0.983098,0.356929,0.006900,0.999332,1.000000,0.003248,0.994202,1.000000
"Natrolite Na_2Al_2Si_3O_10.2H_2O (TS-8A)",TS-8A,becknic,mineral,mineral.silicate.tectosilicate.medium.tir.ts-8a.jpl.nicolet.spectrum.txt,0.000502,1.000000,0.000000,0.000795,1.000000,0.000000,0.013516,0.983757,0.356929,0.013149,0.989173,1.000000,0.015266,0.944162,1.000000
"Stilbite NaCa_2Al_5Si_3O_36.14H_2O (TS-9A)",TS-9A,becknic,mineral,mineral.silicate.tectosilicate.medium.tir.ts-9a.jpl.nicolet.spectrum.txt,0.000504,1.000000,0.000000,0.000837,1.000000,0.000000,0.002920,0.998822,0.356929,0.009359,0.981206,1.000000,0.002886,0.996212,1.000000
"Sodalite Na_8Al_6Si_6O_24Cl_2 (TS-10A)",TS-10A,becknic,mineral,mineral.silicate.tectosilicate.medium.vswir.ts-10a.jpl.beckman.spectrum.txt,0.004232,0.997014,0.883721,0.001836,0.902332,1.000000,0.002170,0.992723,1.000000,0.000623,1.000000,0.000000,0.000736,1.000000,0.000000
"Sodalite Na_8Al_6Si_6O_24Cl_2 (TS-10A)",TS-10A,becknic,mineral,mineral.silicate.tectosilicate.medium.vswir.ts-10a.jpl.perkin.spectrum.txt,0.004087,0.997189,0.883721,0.000923,0.972925,1.000000,0.001720,0.995624,1.000000,0.000601,1.000000,0.000000,0.000754,1.000000,0.000000
"Buddingtonite (Feldspar) (NH_4)AlSi_3O_8.0.5H_2O (TS-11A)",TS-11A,becknic,mineral,mineral.silicate.tectosilicate.medium.vswir.ts-11a.jpl.beckman.spectrum.txt,0.001520,0.999792,0.883721,0.001619,0.992224,1.000000,0.007727,0.992475,1.000000,0.000729,1.000000,0.000000,0.000549,1.000000,0.000000
"Orthoclase (Feldspar) (K,Na)AlSi_3O_8 (TS-12A)",TS-12A,becknic,mineral,mineral.silicate.tectosilicate.medium.vswir.ts-12a.jpl.beckman.spectrum.txt,0.000899,0.999495,0.883721,0.000765,0.960479,1.000000,0.000913,0.978966,1.000000,0.000595,1.000000,0.000000,0.001106,0.000000,0.000000
"Orthoclase (Feldspar) (K,Na)AlSi_3O_8 (TS-12A)",TS-12A,becknic,mineral,mineral.silicate.tectosilicate.medium.vswir.ts-12a.jpl.perkin.spectrum.txt,0.000692,0.999650,0.883721,0.000700,0.848841,1.000000,0.001518,0.953030,1.000000,0.000489,1.000000,0.000000,0.000551,1.000000,0.000000
"Nepheline (Na,K)AlSiO_4 (TS-16A)",TS-16A,becknic,mineral,mineral.silicate.tectosilicate.medium.vswir.ts-16a.jpl.beckman.spectrum.txt,0.000994,0.998637,0.883721,0.001791,0.679724,1.000000,0.003646,0.995488,1.000000,0.000589,1.000000,0.000000,0.000617,1.000000,0.000000
"Microcline (Feldspar) (K,Na)AlSi_3O_8 (TS-17A)",TS-17A,becknic,mineral,mineral.silicate.tectosilicate.medium.vswir.ts-17a.jpl.beckman.spectrum.txt,0.002093,0.999704,0.883721,0.001585,0.974940,1.000000,0.002188,0.996525,1.000000,0.000565,1.000000,0.000000,0.000731,1.000000,0.000000
"Microcline (Feldspar) (K,Na)AlSi_3O_8 (TS-17A)",TS-17A,becknic,mineral,mineral.silicate.tectosilicate.medium.vswir.ts-17a.jpl.perkin.spectrum.txt,0.002107,0.999723,0.883721,0.000995,0.987926,1.000000,0.001867,0.998047,1.000000,0.000649,1.000000,0.000000,0.000730,1.000000,0.000000
"Quartz SiO_2 (TS-1A)",TS-1A,becknic,mineral,mineral.silicate.tectosilicate.medium.vswir.ts-1a.jpl.beckman.spectrum.txt,0.001351,0.943832,0.883721,0.001251,0.665227,1.000000,0.001057,0.959931,1.000000,0.000589,1.000000,0.000000,0.001059,0.000000,0.000000
"Quartz SiO_2 (TS-1A)",TS-1A,becknic,mineral,mineral.silicate.tectosilicate.medium.vswir.ts-1a.jpl.perkin.spectrum.txt,0.000379,0.999133,0.883721,0.000626,1.000000,1.000000,0.001158,0.976225,1.000000,0.000463,1.000000,0.000000,0.000784,1.000000,0.000000
"Quartz SiO_2 (TS-1B)",TS-1B,becknic,mineral,mineral.silicate.tectosilicate.medium.vswir.ts-1b.jpl.beckman.spectrum.txt,0.001755,0.997012,0.883721,0.001387,0.996794,1.000000,0.001206,0.980071,1.000000,0.000497,1.000000,0.000000,0.000859,1.000000,0.000000
"Quartz SiO_2 (TS-1B)",TS-1B,becknic,mineral,mineral.silicate.tectosilicate.medium.vswir.ts-1b.jpl.perkin.spectrum.txt,0.001053,0.999099,0.883721,0.000737,0.999047,1.000000,0.001307,0.950786,1.000000,0.000457,1.000000,0.000000,0.000760,1.000000,0.000000
"Quartz SiO_2 (TS-1C)",TS-1C,becknic,mineral,mineral.silicate.tectosilicate.medium.vswir.ts-1c.jpl.beckman.spectrum.txt,0.001122,0.994994,0.883721,0.001138,0.602470,1.000000,0.000983,0.930489,1.000000,0.000593,1.000000,0.000000,0.001066,0.000000,0.000000
"Quartz SiO_2 (TS-1C)",TS-1C,becknic,mineral,mineral.silicate.tectosilicate.medium.vswir.ts-1c.jpl.perkin.spectrum.txt,0.000488,0.999262,0.883721,0.000595,1.000000,1.000000,0.001122,0.980010,1.000000,0.000539,1.000000,0.000000,0.000497,1.000000,0.000000
"Quartz SiO_2 (TS-1D)",TS-1D,becknic,mineral,mineral.silicate.tectosilicate.medium.vswir.ts-1d.jpl.beckman.spectrum.txt,0.001042,0.987599,0.883721,0.000920,0.317312,1.000000,0.000962,0.944812,1.000000,0.000609,1.000000,0.000000,0.001258,0.000000,0.000000
"Quartz SiO_2 (TS-1D)",TS-1D,becknic,mineral,mineral.silicate.tectosilicate.medium.vswir.ts-1d.jpl.perkin.spectrum.txt,0.000348,0.999199,0.883721,0.000573,1.000000,1.000000,0.001129,0.978604,1.000000,0.000450,1.000000,0.000000,0.000681,1.000000,0.000000
"Quartz SiO_2 (TS-1E)",TS-1E,becknic,mineral,mineral.silicate.tectosilicate.medium.vswir.ts-1e.jpl.beckman.spectrum.txt,0.002770,0.997272,0.883721,0.001448,0.997027,1.000000,0.002288,0.997206,1.000000,0.000583,1.000000,0.000000,0.000610,1.000000,0.000000
"Quartz SiO_2 (TS-1E)",TS-1E,becknic,mineral,mineral.silicate.tectosilicate.medium.vswir.ts-1e.jpl.perkin.spectrum.txt,0.002487,0.998245,0.883721,0.002191,0.993508,1.000000,0.002600,0.997408,1.000000,0.000619,1.000000,0.000000,0.000602,1.000000,0.000000
"Labradorite (Feldspar) (NaSi,CaAl)AlSi_2O_8 (TS-2A)",TS-2A,becknic,mineral,mineral.silicate.tectosilicate.medium.vswir.ts-2a.jpl.beckman.spectrum.txt,0.001863,0.997820,0.883721,0.002819,0.992751,1.000000,0.001475,0.997833,1.000000,0.000504,1.000000,0.000000,0.000630,1.000000,0.000000
"Labradorite (Feldspar) (NaSi,CaAl)AlSi_2O_8 (TS-2A)",TS-2A,becknic,mineral,mineral.silicate.tectosilicate.medium.vswir.ts-2a.jpl.perkin.spectrum.txt,0.000921,0.999549,0.883721,0.001426,0.998030,1.000000,0.002084,0.993706,1.000000,0.000391,1.000000,0.000000,0.000636,1.000000,0.000000
"Labradorite (Feldspar) (NaSi,CaAl)AlSi_2O_8 (TS-2B)",TS-2B,becknic,mineral,mineral.silicate.tectosilicate.medium.vswir.ts-2b.jpl.beckman.spectrum.txt,0.001340,0.997618,0.883721,0.001774,0.944429,1.000000,0.001174,0.995650,1.000000,0.000697,1.000000,0.000000,0.000561,1.000000,0.000000
"Labradorite (Feldspar) (NaSi,CaAl)AlSi_2O_8 (TS-2B)",TS-2B,becknic,mineral,mineral.silicate.tectosilicate.medium.vswir.ts-2b.jpl.perkin.spectrum.txt,0.001297,0.997964,0.883721,0.000934,0.978991,1.000000,0.001200,0.992669,1.000000,0.000663,1.000000,0.000000,0.000615,1.000000,0.000000
"Oligoclase (Feldspar) (NaSi,CaAl)AlSi_2O_8 (TS-3A)",TS-3A,becknic,mineral,mineral.silicate.tectosilicate.medium.vswir.ts-3a.jpl.beckman.spectrum.txt,0.001143,0.997895,0.883721,0.000618,0.940572,1.000000,0.002082,0.989160,1.000000,0.000392,1.000000,0.000000,0.000633,1.000000,0.000000
"Oligoclase (Feldspar) (NaSi,CaAl)AlSi_2O_8 (TS-3A)",TS-3A,becknic,mineral,mineral.silicate.tectosilicate.medium.vswir.ts-3a.jpl.perkin.spectrum.txt,0.000895,0.999259,0.883721,0.000743,0.935848,1.000000,0.001582,0.996636,1.000000,0.000509,1.000000,0.000000,0.000632,1.000000,0.000000
"Andesine (Feldspar) (NaSi,CaAl)AlSi_2O_8 (TS-4A)",TS-4A,becknic,mineral,mineral.silicate.tectosilicate.medium.vswir.ts-4a.jpl.beckman.spectrum.txt,0.001337,0.999464,0.883721,0.001378,0.989980,1.000000,0.001424,0.997448,1.000000,0.000393,1.000000,0.000000,0.000641,1.000000,0.000000
"Andesine (Feldspar) (NaSi,CaAl)AlSi_2O_8 (TS-4A)",TS-4A,becknic,mineral,mineral.silicate.tectosilicate.medium.vswir.ts-4a.jpl.perkin.spectrum.txt,0.001211,0.999592,0.883721,0.001412,0.987111,1.000000,0.001652,0.995114,1.000000,0.000392,1.000000,0.000000,0.000639,1.000000,0.000000
"Anorthite (Feldspar) (NaSi,CaAl)AlSi_2O_8 (TS-5A)",TS-5A,becknic,mineral,mineral.silicate.tectosilicate.medium.vswir.ts-5a.jpl.beckman.spectrum.txt,0.001457,0.999221,0.883721,0.000909,0.980701,1.000000,0.002320,0.996732,1.000000,0.000648,1.000000,0.000000,0.000588,1.000000,0.000000
"Anorthite (Feldspar) (NaSi,CaAl)AlSi_2O_8 (TS-5A)",TS-5A,becknic,mineral,mineral.silicate.tectosilicate.medium.vswir.ts-5a.jpl.perkin.spectrum.txt,0.001206,0.999582,0.883721,0.001013,0.972063,1.000000,0.002927,0.995946,1.000000,0.000753,1.000000,0.000000,0.000601,1.000000,0.000000
"Albite (Feldspar) (K,Na)AlSi_3O_8 (TS-6A)",TS-6A,becknic,mineral,mineral.silicate.tectosilicate.medium.vswir.ts-6a.jpl.beckman.spectrum.txt,0.001130,0.999184,0.883721,0.003616,0.795881,1.000000,0.001394,0.997400,1.000000,0.000600,1.000000,0.000000,0.000726,1.000000,0.000000
"Albite (Feldspar) (K,Na)AlSi_3O_8 (TS-6A)",TS-6A,becknic,mineral,mineral.silicate.tectosilicate.medium.vswir.ts-6a.jpl.perkin.spectrum.txt,0.001052,0.999515,0.883721,0.001352,0.965268,1.000000,0.001482,0.996825,1.000000,0.000639,1.000000,0.000000,0.000725,1.000000,0.000000
"Natrolite Na_2Al_2Si_3O_10.2H_2O (TS-8A)",TS-8A,becknic,mineral,mineral.silicate.tectosilicate.medium.vswir.ts-8a.jpl.beckman.spectrum.txt,0.001361,0.998545,0.883721,0.001032,0.968351,1.000000,0.014138,0.994191,1.000000,0.000719,1.000000,0.000000,0.000532,1.000000,0.000000
"Natrolite Na_2Al_2Si_3O_10.2H_2O (TS-8A)",TS-8A,becknic,mineral,mineral.silicate.tectosilicate.medium.vswir.ts-8a.jpl.perkin.spectrum.txt,0.001108,0.999084,0.883721,0.001159,0.956454,1.000000,0.018139,0.990748,1.000000,0.000733,1.000000,0.000000,0.000525,1.000000,0.000000
"Stilbite NaCa_2Al_5Si_3O_36.14H_2O (TS-9A)",TS-9A,becknic,mineral,mineral.silicate.tectosilicate.medium.vswir.ts-9a.jpl.beckman.spectrum.txt,0.001183,0.998521,0.883721,0.006771,0.872501,1.000000,0.008784,0.998285,1.000000,0.000415,1.000000,0.000000,0.000391,1.000000,0.000000
"Stilbite NaCa_2Al_5Si_3O_36.14H_2O (TS-9A)",TS-9A,becknic,mineral,mineral.silicate.tectosilicate.medium.vswir.ts-9a.jpl.perkin.spectrum.txt,0.000955,0.999236,0.883721,0.004007,0.944218,1.000000,0.007722,0.998706,1.000000,0.000388,1.000000,0.000000,0.000388,1.000000,0.000000
"Chabazite CaAl2Si4O12.6H2O (chabazite_1)",chabazite_1,becknic,mineral,mineral.silicate.tectosilicate.solid.tir.chabazite_1.jhu.nicolet.spectrum.txt,0.000079,1.000000,0.000000,0.000063,1.000000,0.000000,0.000171,1.000000,0.300357,0.000330,0.988508,1.000000,0.001524,0.998030,1.000000
"Clinoptilolite (Na,K,Ca)2-3Al3(Al,Si)2Si13O36.12H2O (clinopt_1)",clinopt_1,becknic,mineral,mineral.silicate.tectosilicate.solid.tir.clinopt_1.jhu.nicolet.spectrum.txt,0.000349,1.000000,0.000000,0.000287,1.000000,0.000000,0.000813,0.993875,0.300357,0.001109,0.998617,1.000000,0.000502,0.988253,1.000000
"Erionite (K2,Ca,Na2)2Al4Si14O36.15H2O (erionite_1)",erionite_1,becknic,mineral,mineral.silicate.tectosilicate.solid.tir.erionite_1.jhu.nicolet.spectrum.txt,0.000306,1.000000,0.000000,0.000307,1.000000,0.000000,0.000754,0.992235,0.300357,0.000990,0.998980,1.000000,0.000445,0.996820,1.000000
"Heulandite (Na,Ca)2-3Al3(Al,Si)2Si13O36.12H2O (heulan_2)",heulan_2,becknic,mineral,mineral.silicate.tectosilicate.solid.tir.heulan_2.jhu.nicolet.spectrum.txt,0.000489,1.000000,0.000000,0.000420,1.000000,0.000000,0.001100,0.993398,0.300357,0.001422,0.998435,1.000000,0.004742,0.997399,1.000000
"Labradorite (Na,Ca)Al(Al,Si)Si2O8 (labrador_1)",labrador_1,becknic,mineral,mineral.silicate.tectosilicate.solid.tir.labrador_1.jhu.nicolet.spectrum.txt,0.000064,1.000000,0.000000,0.000051,1.000000,0.000000,0.000170,0.995713,0.300357,0.000467,0.994250,1.000000,0.003630,0.994262,1.000000
"Leucite KAlSi2O6 (leucite_1)",leucite_1,becknic,mineral,mineral.silicate.tectosilicate.solid.tir.leucite_1.jhu.nicolet.spectrum.txt,0.000113,1.000000,0.000000,0.000090,1.000000,0.000000,0.000192,1.000000,0.300357,0.000442,0.990447,1.000000,0.004322,0.994805,1.000000
"Microcline KAlSi3O8 (micro_1)",micro_1,becknic,mineral,mineral.silicate.tectosilicate.solid.tir.micro_1.jhu.nicolet.spectrum.txt,0.000496,1.000000,0.000000,0.000248,1.000000,0.000000,0.000339,1.000000,0.300357,0.001181,0.997267,1.000000,0.006556,0.994775,1.000000
"Mordenite (Ca,Na2,K2)Al2Si10O24.7H2O (morden_1)",morden_1,becknic,mineral,mineral.silicate.tectosilicate.solid.tir.morden_1.jhu.nicolet.spectrum.txt,0.000194,1.000000,0.000000,0.000157,1.000000,0.000000,0.000558,0.995621,0.300357,0.000364,0.998795,1.000000,0.003182,0.967277,1.000000
"Natrolite Na2Al2Si3O10.2H2O (natrol_1)",natrol_1,becknic,mineral,mineral.silicate.tectosilicate.solid.tir.natrol_1.jhu.nicolet.spectrum.txt,0.000488,1.000000,0.000000,0.000253,1.000000,0.000000,0.000880,0.958785,0.300357,0.001935,0.965988,1.000000,0.021905,0.975523,1.000000
"Nepheline (Na,K)AlSiO4 (nephel_2)",nephel_2,becknic,mineral,mineral.silicate.tectosilicate.solid.tir.nephel_2.jhu.nicolet.spectrum.txt,0.000097,1.000000,0.000000,0.000077,1.000000,0.000000,0.000162,1.000000,0.300357,0.000339,0.992042,1.000000,0.005125,0.996972,1.000000
"Orthoclase KAlSi3O8 (orthocl_3)",orthocl_3,becknic,mineral,mineral.silicate.tectosilicate.solid.tir.orthocl_3.jhu.nicolet.spectrum.txt,0.000193,1.000000,0.000000,0.000155,1.000000,0.000000,0.000281,0.935053,0.300357,0.000291,0.995235,1.000000,0.004006,0.998070,1.000000
"Quartz SiO2 (quartz_1)",quartz_1,becknic,mineral,mineral.silicate.tectosilicate.solid.tir.quartz_1.jhu.nicolet.spectrum.txt,0.000357,1.000000,0.000000,0.000284,1.000000,0.000000,0.000457,1.000000,0.300357,0.001005,0.994051,1.000000,0.021912,0.991119,1.000000
"Sanidine (K,Na)Al3O8 (sanidine_1)",sanidine_1,becknic,mineral,mineral.silicate.tectosilicate.solid.tir.sanidine_1.jhu.nicolet.spectrum.txt,0.000259,1.000000,0.000000,0.000193,1.000000,0.000000,0.000329,0.938228,0.300357,0.000447,0.991751,1.000000,0.007324,0.997002,1.000000
"Sanidine (K,Na)Al3O8 (sanidine_3)",sanidine_3,becknic,mineral,mineral.silicate.tectosilicate.solid.tir.sanidine_3.jhu.nicolet.spectrum.txt,0.000101,1.000000,0.000000,0.000080,1.000000,0.000000,0.000191,0.990317,0.300357,0.000545,0.993767,1.000000,0.007989,0.993723,1.000000
"Sodalite Na8Al6Si6O24Cl2 (sodalite_1)",sodalite_1,becknic,mineral,mineral.silicate.tectosilicate.solid.tir.sodalite_1.jhu.nicolet.spectrum.txt,0.000062,1.000000,0.000000,0.000050,1.000000,0.000000,0.000112,1.000000,0.300357,0.000370,0.994399,1.000000,0.010838,0.976209,1.000000
"Epsomite MgSO4�7H2O (Epsomite)",Epsomite,becknic,mineral,mineral.sulfate.none.coarse.all.epsomite.usgs.perknic.spectrum.txt,0.001561,0.999297,0.883721,0.004555,0.982373,1.000000,0.006283,0.999038,1.000000,0.002130,0.970754,1.000000,0.002395,0.975729,0.888353
"Eugsterite Na4Ca(SO4)3 * 2H2O (Eugstec)",Eugstec,becknic,mineral,mineral.sulfate.none.coarse.all.eugstec.usgs.perknic.spectrum.txt,0.000647,0.999382,0.883721,0.001251,0.954027,1.000000,0.003356,0.996605,1.000000,0.013420,0.990208,1.000000,0.004362,0.980863,0.870588
"Bloedite Na2Mg(So4)2 * 3H2O (GDS147)",GDS147,becknic,mineral,mineral.sulfate.none.coarse.all.gds147.usgs.perknic.spectrum.txt,0.000906,0.998952,0.883721,0.001906,0.808930,1.000000,0.004730,0.998061,1.000000,0.001174,0.993404,1.000000,0.004583,0.975782,0.870588
"Gypsum CaSO4 * 2H2O (gypsumc)",gypsumc,becknic,mineral,mineral.sulfate.none.coarse.all.gypsumc.usgs.perknic.spectrum.txt,0.001135,0.999657,0.883721,0.003299,0.708398,1.000000,0.009388,0.994247,1.000000,0.003747,0.986044,1.000000,0.005749,0.982189,0.870588
"Hexahydrite MgSO4�6H2O (Hexahydr)",Hexahydr,becknic,mineral,mineral.sulfate.none.coarse.all.hexahydr.usgs.perknic.spectrum.txt,0.000838,0.999554,0.883721,0.001220,0.982156,1.000000,0.006259,0.998994,1.000000,0.003573,0.986298,1.000000,0.000653,0.993739,0.888353
"Mirabilite Na2SO4�10H2O (Mirabili)",Mirabili,becknic,mineral,mineral.sulfate.none.coarse.all.mirabili.usgs.perknic.spectrum.txt,0.000729,0.997148,0.883721,0.008262,0.934504,1.000000,0.009035,0.997554,1.000000,0.002460,0.992975,1.000000,0.002278,0.987156,0.888353
"Polyhalite K2Ca2Mg(SO4)4 * 2H2O (NMNH92669-4)",NMNH92669-4,becknic,mineral,mineral.sulfate.none.coarse.all.nmnh92669-4.usgs.perknic.spectrum.txt,0.001684,0.999817,0.883721,0.001525,0.995055,1.000000,0.010270,0.993644,1.000000,0.006469,0.983168,1.000000,0.006001,0.912909,0.870588
"Thenardite Na2SO4 (None)",None,becknic,mineral,mineral.sulfate.none.coarse.all.none.usgs.perknic.spectrum.txt,0.000945,0.999781,0.883721,0.001660,0.950402,1.000000,0.002096,0.996494,1.000000,0.013548,0.990910,1.000000,0.006933,0.982176,0.870588
"Alunite (potassium alunite) KAl3(SO4)2(OH)6 (alunite_2)",alunite_2,becknic,mineral,mineral.sulfate.none.coarse.tir.alunite_2.jhu.nicolet.spectrum.txt,0.000265,1.000000,0.000000,0.000195,1.000000,0.000000,0.002174,0.975551,0.300357,0.002010,0.959439,1.000000,0.003621,0.979467,1.000000
"Alunite (potassium alunite) KAl3(SO4)2(OH)6 (alunite_3)",alunite_3,becknic,mineral,mineral.sulfate.none.coarse.tir.alunite_3.jhu.nicolet.spectrum.txt,0.000420,1.000000,0.000000,0.000346,1.000000,0.000000,0.002181,0.959792,0.300357,0.002276,0.988036,1.000000,0.009209,0.920158,1.000000
"Alunite (sodium alunite) NaAl3(SO4)2(OH)6 (alunite_4)",alunite_4,becknic,mineral,mineral.sulfate.none.coarse.tir.alunite_4.jhu.nicolet.spectrum.txt,0.000495,1.000000,0.000000,0.000387,1.000000,0.000000,0.003009,0.964981,0.300357,0.003218,0.976349,1.000000,0.012369,0.948817,1.000000
"Anhydrite CaSO4 (anhydrite_1)",anhydrite_1,becknic,mineral,mineral.sulfate.none.coarse.tir.anhydrite_1.jhu.nicolet.spectrum.txt,0.000187,1.000000,0.000000,0.000150,1.000000,0.000000,0.000372,0.906516,0.300357,0.002412,0.982766,1.000000,0.001216,0.970171,1.000000
"Barite, BaSO4 (barite_1)",barite_1,becknic,mineral,mineral.sulfate.none.coarse.tir.barite_1.jhu.nicolet.spectrum.txt,0.000484,1.000000,0.000000,0.000254,1.000000,0.000000,0.000399,0.923116,0.300357,0.003348,0.988990,1.000000,0.001960,0.983481,1.000000
"Gypsum (alabaster) CaSO4.2H20 (gypsum_1)",gypsum_1,becknic,mineral,mineral.sulfate.none.coarse.tir.gypsum_1.jhu.nicolet.spectrum.txt,0.000492,1.000000,0.000000,0.000252,1.000000,0.000000,0.000792,0.995739,0.300357,0.001402,0.996936,1.000000,0.001345,0.982999,1.000000
"Gypsum (selenite) CaSO4.2H2O (gypsum_2)",gypsum_2,becknic,mineral,mineral.sulfate.none.coarse.tir.gypsum_2.jhu.nicolet.spectrum.txt,0.000304,1.000000,0.000000,0.000205,1.000000,0.000000,0.000678,0.997368,0.300357,0.001381,0.994124,1.000000,0.001250,0.973028,1.000000
"Anhydrite CaSO_4 (SO-1A)",SO-1A,becknic,mineral,mineral.sulfate.none.coarse.tir.so-1a.jpl.nicolet.spectrum.txt,0.000352,1.000000,0.000000,0.000732,1.000000,0.000000,0.001931,0.996916,0.356929,0.016857,0.989567,1.000000,0.015338,0.974693,1.000000
"Gypsum CaSO_4.2H_2O (SO-2B)",SO-2B,becknic,mineral,mineral.sulfate.none.coarse.tir.so-2b.jpl.nicolet.spectrum.txt,0.000463,1.000000,0.000000,0.000645,1.000000,0.000000,0.008186,0.983248,0.356929,0.009800,0.980404,1.000000,0.008669,0.983601,1.000000
"Barite BaSO_4 (SO-3A)",SO-3A,becknic,mineral,mineral.sulfate.none.coarse.tir.so-3a.jpl.nicolet.spectrum.txt,0.000197,1.000000,0.000000,0.000531,1.000000,0.000000,0.001045,0.984234,0.356929,0.023980,0.990567,1.000000,0.013493,0.969529,1.000000
"Celestite SrSO_4 (SO-5A)",SO-5A,becknic,mineral,mineral.sulfate.none.coarse.tir.so-5a.jpl.nicolet.spectrum.txt,0.000200,1.000000,0.000000,0.000540,1.000000,0.000000,0.001021,0.909815,0.356929,0.021584,0.993803,1.000000,0.018935,0.945576,1.000000
"Tschermigite (NH_4)Al(SO_4)_2.12H_2O (SO-6A)",SO-6A,becknic,mineral,mineral.sulfate.none.coarse.tir.so-6a.jpl.nicolet.spectrum.txt,0.000096,1.000000,0.000000,0.000076,1.000000,0.000000,0.000886,0.929749,0.356929,0.001012,0.949849,1.000000,0.007352,0.955987,1.000000
"Jarosite KFe_3^3+(SO_4)_2(OH)_6 (SO-7A)",SO-7A,becknic,mineral,mineral.sulfate.none.coarse.tir.so-7a.jpl.nicolet.spectrum.txt,0.000324,1.000000,0.000000,0.000229,1.000000,0.000000,0.002172,0.998634,0.356929,0.006653,0.994210,1.000000,0.001414,0.996491,1.000000
"Anglesite PbSO_4 (SO-10A)",SO-10A,becknic,mineral,mineral.sulfate.none.coarse.vswir.so-10a.jpl.beckman.spectrum.txt,0.000768,0.999278,0.883721,0.001233,0.991469,1.000000,0.001133,0.992809,1.000000,0.000636,1.000000,0.000000,0.000700,1.000000,0.000000
"Anglesite PbSO_4 (SO-10A)",SO-10A,becknic,mineral,mineral.sulfate.none.coarse.vswir.so-10a.jpl.perkin.spectrum.txt,0.000716,0.999428,0.883721,0.001031,0.995859,1.000000,0.000903,0.989617,1.000000,0.000673,1.000000,0.000000,0.000725,1.000000,0.000000
"Antlerite Cu_3(SO_4)(OH)_4 (SO-11A)",SO-11A,becknic,mineral,mineral.sulfate.none.coarse.vswir.so-11a.jpl.beckman.spectrum.txt,0.002701,0.997433,0.883721,0.000961,0.925179,1.000000,0.005840,0.994855,1.000000,0.000478,1.000000,0.000000,0.000520,1.000000,0.000000
"Antlerite Cu_3(SO_4)(OH)_4 (SO-11A)",SO-11A,becknic,mineral,mineral.sulfate.none.coarse.vswir.so-11a.jpl.perkin.spectrum.txt,0.002712,0.997506,0.883721,0.000576,0.968217,1.000000,0.008076,0.990518,1.000000,0.000434,1.000000,0.000000,0.000533,1.000000,0.000000
"Anhydrite CaSO_4 (SO-1A)",SO-1A,becknic,mineral,mineral.sulfate.none.coarse.vswir.so-1a.jpl.beckman.spectrum.txt,0.002164,0.998218,0.883721,0.001491,0.976076,1.000000,0.004176,0.996756,1.000000,0.000826,1.000000,0.000000,0.000550,1.000000,0.000000
"Anhydrite CaSO_4 (SO-1A)",SO-1A,becknic,mineral,mineral.sulfate.none.coarse.vswir.so-1a.jpl.perkin.spectrum.txt,0.002044,0.998433,0.883721,0.001984,0.934137,1.000000,0.004090,0.996938,1.000000,0.000808,1.000000,0.000000,0.000556,1.000000,0.000000
"Gypsum CaSO_4.2H_2O (SO-2B)",SO-2B,becknic,mineral,mineral.sulfate.none.coarse.vswir.so-2b.jpl.beckman.spectrum.txt,0.001094,0.987196,0.883721,0.005090,0.952466,1.000000,0.010686,0.997892,1.000000,0.000373,1.000000,0.000000,0.000385,1.000000,0.000000
"Gypsum CaSO_4.2H_2O (SO-2B)",SO-2B,becknic,mineral,mineral.sulfate.none.coarse.vswir.so-2b.jpl.perkin.spectrum.txt,0.000579,0.997491,0.883721,0.006077,0.912183,1.000000,0.013221,0.996799,1.000000,0.000374,1.000000,0.000000,0.000385,1.000000,0.000000
"Barite BaSO_4 (SO-3A)",SO-3A,becknic,mineral,mineral.sulfate.none.coarse.vswir.so-3a.jpl.beckman.spectrum.txt,0.001051,0.998237,0.883721,0.001607,0.000000,1.000000,0.001405,0.996160,1.000000,0.000527,1.000000,0.000000,0.000916,1.000000,0.000000
"Barite BaSO_4 (SO-3A)",SO-3A,becknic,mineral,mineral.sulfate.none.coarse.vswir.so-3a.jpl.perkin.spectrum.txt,0.001005,0.997830,0.883721,0.001450,0.659559,1.000000,0.001501,0.996119,1.000000,0.000514,1.000000,0.000000,0.000512,1.000000,0.000000
"Alunite KAl_3(SO_4)_2(OH)_6 (SO-4A)",SO-4A,becknic,mineral,mineral.sulfate.none.coarse.vswir.so-4a.jpl.beckman.spectrum.txt,0.002626,0.999719,0.883721,0.006592,0.749466,1.000000,0.017705,0.994233,1.000000,0.000225,1.000000,0.000000,0.000331,1.000000,0.000000
"Alunite KAl_3(SO_4)_2(OH)_6 (SO-4A)",SO-4A,becknic,mineral,mineral.sulfate.none.coarse.vswir.so-4a.jpl.perkin.spectrum.txt,0.000950,0.999955,0.883721,0.006392,0.712897,1.000000,0.020767,0.991869,1.000000,0.000215,1.000000,0.000000,0.000326,1.000000,0.000000
"Celestite SrSO_4 (SO-5A)",SO-5A,becknic,mineral,mineral.sulfate.none.coarse.vswir.so-5a.jpl.beckman.spectrum.txt,0.002624,0.980404,0.883721,0.002380,0.878898,1.000000,0.001506,0.843107,1.000000,0.000489,1.000000,0.000000,0.000843,1.000000,0.000000
"Celestite SrSO_4 (SO-5A)",SO-5A,becknic,mineral,mineral.sulfate.none.coarse.vswir.so-5a.jpl.perkin.spectrum.txt,0.002072,0.985437,0.883721,0.000657,0.968454,1.000000,0.001417,0.975122,1.000000,0.000451,1.000000,0.000000,0.000662,1.000000,0.000000
"Tschermigite (NH_4)Al(SO_4)_2.12H_2O (SO-6A)",SO-6A,becknic,mineral,mineral.sulfate.none.coarse.vswir.so-6a.jpl.beckman.spectrum.txt,0.000994,0.997519,0.883721,0.004450,0.984873,1.000000,0.004259,0.999679,1.000000,0.000124,1.000000,0.000000,0.000134,1.000000,0.000000
"Tschermigite (NH_4)Al(SO_4)_2.12H_2O (SO-6A)",SO-6A,becknic,mineral,mineral.sulfate.none.coarse.vswir.so-6a.jpl.perkin.spectrum.txt,0.000568,0.998256,0.883721,0.004445,0.979557,1.000000,0.004829,0.999553,1.000000,0.000116,1.000000,0.000000,0.000125,1.000000,0.000000
"Jarosite KFe_3^3+(SO_4)_2(OH)_6 (SO-7A)",SO-7A,becknic,mineral,mineral.sulfate.none.coarse.vswir.so-7a.jpl.beckman.spectrum.txt,0.004513,0.998964,0.883721,0.002697,0.993071,1.000000,0.004482,0.997778,1.000000,0.000679,1.000000,0.000000,0.000556,1.000000,0.000000
"Jarosite KFe_3^3+(SO_4)_2(OH)_6 (SO-7A)",SO-7A,becknic,mineral,mineral.sulfate.none.coarse.vswir.so-7a.jpl.perkin.spectrum.txt,0.003321,0.999467,0.883721,0.002637,0.993427,1.000000,0.003901,0.998242,1.000000,0.000679,1.000000,0.000000,0.000550,1.000000,0.000000
"Plumbojarosite PbFe_3^3+(SO_4)_4(OH)_12 (SO-7B)",SO-7B,becknic,mineral,mineral.sulfate.none.coarse.vswir.so-7b.jpl.beckman.spectrum.txt,0.003546,0.999494,0.883721,0.002950,0.986058,1.000000,0.002425,0.998945,1.000000,0.000699,1.000000,0.000000,0.000567,1.000000,0.000000
"Plumbojarosite PbFe_3^3+(SO_4)_4(OH)_12 (SO-7B)",SO-7B,becknic,mineral,mineral.sulfate.none.coarse.vswir.so-7b.jpl.perkin.spectrum.txt,0.003210,0.999627,0.883721,0.003376,0.984133,1.000000,0.003025,0.998604,1.000000,0.000680,1.000000,0.000000,0.000549,1.000000,0.000000
"Natrojarosite NaFe_3^3+(SO_4)_2(OH)_6 (SO-7C)",SO-7C,becknic,mineral,mineral.sulfate.none.coarse.vswir.so-7c.jpl.beckman.spectrum.txt,0.007471,0.998007,0.883721,0.003620,0.989980,1.000000,0.007340,0.994335,1.000000,0.000716,1.000000,0.000000,0.000535,1.000000,0.000000
"Natrojarosite NaFe_3^3+(SO_4)_2(OH)_6 (SO-7C)",SO-7C,becknic,mineral,mineral.sulfate.none.coarse.vswir.so-7c.jpl.perkin.spectrum.txt,0.007371,0.998302,0.883721,0.003991,0.989081,1.000000,0.008663,0.993107,1.000000,0.000701,1.000000,0.000000,0.000560,1.000000,0.000000
"Glauberite Na_2Ca(SO_4)_2 (SO-8A)",SO-8A,becknic,mineral,mineral.sulfate.none.coarse.vswir.so-8a.jpl.beckman.spectrum.txt,0.000938,0.999607,0.883721,0.001292,0.956891,1.000000,0.001149,0.994736,1.000000,0.000483,1.000000,0.000000,0.000604,1.000000,0.000000
"Glauberite Na_2Ca(SO_4)_2 (SO-8A)",SO-8A,becknic,mineral,mineral.sulfate.none.coarse.vswir.so-8a.jpl.perkin.spectrum.txt,0.000652,0.999804,0.883721,0.000749,0.978023,1.000000,0.001373,0.995085,1.000000,0.000580,1.000000,0.000000,0.000733,1.000000,0.000000
"Aphthitalite (K,Na)_3Na(SO_4)_2 (SO-9A)",SO-9A,becknic,mineral,mineral.sulfate.none.coarse.vswir.so-9a.jpl.beckman.spectrum.txt,0.000840,0.999701,0.883721,0.000646,0.951761,1.000000,0.001511,0.998643,1.000000,0.000419,1.000000,0.000000,0.000678,1.000000,0.000000
"Aphthitalite (K,Na)_3Na(SO_4)_2 (SO-9A)",SO-9A,becknic,mineral,mineral.sulfate.none.coarse.vswir.so-9a.jpl.perkin.spectrum.txt,0.000574,0.999800,0.883721,0.001401,-0.019734,1.000000,0.001724,0.997398,1.000000,0.000397,1.000000,0.000000,0.000634,1.000000,0.000000
"Alunite (ammonioalunite) NH4Al3(SO4)2(OH)6 (alunite_1)",alunite_1,becknic,mineral,mineral.sulfate.none.fine.tir.alunite_1.jhu.nicolet.spectrum.txt,0.000273,1.000000,0.000000,0.000730,1.000000,0.000000,0.001724,0.828217,0.300357,0.020388,0.978937,1.000000,0.029663,0.985757,1.000000
"Alunite (potassium alunite) KAl3(SO4)2(OH)6 (alunite_2)",alunite_2,becknic,mineral,mineral.sulfate.none.fine.tir.alunite_2.jhu.nicolet.spectrum.txt,0.000291,1.000000,0.000000,0.000723,1.000000,0.000000,0.001636,0.764127,0.300357,0.007701,0.992262,1.000000,0.007642,0.998368,1.000000
"Alunite (potassium alunite) KAl3(SO4)2(OH)6 (alunite_3)",alunite_3,becknic,mineral,mineral.sulfate.none.fine.tir.alunite_3.jhu.nicolet.spectrum.txt,0.000406,1.000000,0.000000,0.000692,1.000000,0.000000,0.001653,0.911281,0.300357,0.015542,0.965571,1.000000,0.014831,0.995971,1.000000
"Alunite (sodium alunite) NaAl3(SO4)2(OH)6 (alunite_4)",alunite_4,becknic,mineral,mineral.sulfate.none.fine.tir.alunite_4.jhu.nicolet.spectrum.txt,0.000597,1.000000,0.000000,0.000644,1.000000,0.000000,0.001046,0.000000,0.300357,0.021322,0.960928,1.000000,0.018575,0.994456,1.000000
"Anhydrite CaSO4 (anhydrite_1)",anhydrite_1,becknic,mineral,mineral.sulfate.none.fine.tir.anhydrite_1.jhu.nicolet.spectrum.txt,0.000522,1.000000,0.000000,0.000661,1.000000,0.000000,0.001593,0.000000,0.300357,0.002799,0.989730,1.000000,0.029328,0.986211,1.000000
"Barite, BaSO4 (barite_1)",barite_1,becknic,mineral,mineral.sulfate.none.fine.tir.barite_1.jhu.nicolet.spectrum.txt,0.000197,1.000000,0.000000,0.000802,1.000000,0.000000,0.001713,0.975363,0.300357,0.002861,0.995205,1.000000,0.015957,0.997379,1.000000
"Gypsum (alabaster) CaSO4.2H20 (gypsum_1)",gypsum_1,becknic,mineral,mineral.sulfate.none.fine.tir.gypsum_1.jhu.nicolet.spectrum.txt,0.000597,1.000000,0.000000,0.000644,1.000000,0.000000,0.001393,0.000000,0.300357,0.010874,0.902825,1.000000,0.019277,0.992954,1.000000
"Gypsum (selenite) CaSO4.2H2O (gypsum_2)",gypsum_2,becknic,mineral,mineral.sulfate.none.fine.tir.gypsum_2.jhu.nicolet.spectrum.txt,0.000443,1.000000,0.000000,0.000684,1.000000,0.000000,0.001133,0.942429,0.300357,0.012535,0.950202,1.000000,0.008059,0.997956,1.000000
"Anglesite PbSO_4 (SO-10A)",SO-10A,becknic,mineral,mineral.sulfate.none.fine.tir.so-10a.jpl.nicolet.spectrum.txt,0.000239,1.000000,0.000000,0.000730,1.000000,0.000000,0.000980,0.773789,0.356929,0.014197,0.989125,1.000000,0.011260,0.989639,1.000000
"Antlerite Cu_3(SO_4)(OH)_4 (SO-11A)",SO-11A,becknic,mineral,mineral.sulfate.none.fine.tir.so-11a.jpl.nicolet.spectrum.txt,0.000341,1.000000,0.000000,0.000204,1.000000,0.000000,0.015585,0.975775,0.356929,0.021030,0.976877,1.000000,0.004802,0.993548,1.000000
"Anhydrite CaSO_4 (SO-1A)",SO-1A,becknic,mineral,mineral.sulfate.none.fine.tir.so-1a.jpl.nicolet.spectrum.txt,0.000188,1.000000,0.000000,0.000500,1.000000,0.000000,0.001749,0.991728,0.356929,0.016993,0.992569,1.000000,0.010229,0.986007,1.000000
"Gypsum CaSO_4.2H_2O (SO-2B)",SO-2B,becknic,mineral,mineral.sulfate.none.fine.tir.so-2b.jpl.nicolet.spectrum.txt,0.000362,1.000000,0.000000,0.000918,1.000000,0.000000,0.005286,0.994196,0.356929,0.022827,0.983828,1.000000,0.004799,0.977413,1.000000
"Barite BaSO_4 (SO-3A)",SO-3A,becknic,mineral,mineral.sulfate.none.fine.tir.so-3a.jpl.nicolet.spectrum.txt,0.000402,1.000000,0.000000,0.000693,1.000000,0.000000,0.001045,0.900079,0.356929,0.021595,0.988237,1.000000,0.018139,0.987344,1.000000
"Alunite KAl_3(SO_4)_2(OH)_6 (SO-4A)",SO-4A,becknic,mineral,mineral.sulfate.none.fine.tir.so-4a.jpl.nicolet.spectrum.txt,0.000210,1.000000,0.000000,0.000864,1.000000,0.000000,0.008499,0.984527,0.356929,0.014189,0.987277,1.000000,0.007111,0.961773,1.000000
"Celestite SrSO_4 (SO-5A)",SO-5A,becknic,mineral,mineral.sulfate.none.fine.tir.so-5a.jpl.nicolet.spectrum.txt,0.000187,1.000000,0.000000,0.000499,1.000000,0.000000,0.000893,1.000000,0.356929,0.023239,0.985710,1.000000,0.016061,0.987634,1.000000
"Tschermigite (NH_4)Al(SO_4)_2.12H_2O (SO-6A)",SO-6A,becknic,mineral,mineral.sulfate.none.fine.tir.so-6a.jpl.nicolet.spectrum.txt,0.000493,1.000000,0.000000,0.000463,1.000000,0.000000,0.002355,0.988709,0.356929,0.004242,0.985202,1.000000,0.001573,0.963753,1.000000
"Jarosite KFe_3^3+(SO_4)_2(OH)_6 (SO-7A)",SO-7A,becknic,mineral,mineral.sulfate.none.fine.tir.so-7a.jpl.nicolet.spectrum.txt,0.000179,1.000000,0.000000,0.000505,1.000000,0.000000,0.002013,0.997940,0.356929,0.016225,0.986212,1.000000,0.005292,0.995462,1.000000
"Plumbojarosite PbFe_3^3+(SO_4)_4(OH)_12 (SO-7B)",SO-7B,becknic,mineral,mineral.sulfate.none.fine.tir.so-7b.jpl.nicolet.spectrum.txt,0.000178,1.000000,0.000000,0.000519,1.000000,0.000000,0.003216,0.995560,0.356929,0.009187,0.995488,1.000000,0.004182,0.989341,1.000000
"Natrojarosite NaFe_3^3+(SO_4)_2(OH)_6 (SO-7C)",SO-7C,becknic,mineral,mineral.sulfate.none.fine.tir.so-7c.jpl.nicolet.spectrum.txt,0.000204,1.000000,0.000000,0.000554,1.000000,0.000000,0.004170,0.993862,0.356929,0.017994,0.985949,1.000000,0.010007,0.984143,1.000000
"Glauberite Na_2Ca(SO_4)_2 (SO-8A)",SO-8A,becknic,mineral,mineral.sulfate.none.fine.tir.so-8a.jpl.nicolet.spectrum.txt,0.000217,1.000000,0.000000,0.000600,1.000000,0.000000,0.000860,0.961038,0.356929,0.019530,0.989880,1.000000,0.010805,0.990657,1.000000
"Aphthitalite (K,Na)_3Na(SO_4)_2 (SO-9A)",SO-9A,becknic,mineral,mineral.sulfate.none.fine.tir.so-9a.jpl.nicolet.spectrum.txt,0.000187,1.000000,0.000000,0.000497,1.000000,0.000000,0.000997,0.971730,0.356929,0.018951,0.981940,1.000000,0.011840,0.987499,1.000000
"Anglesite PbSO_4 (SO-10A)",SO-10A,becknic,mineral,mineral.sulfate.none.fine.vswir.so-10a.jpl.beckman.spectrum.txt,0.001497,0.999537,0.883721,0.001834,0.990856,1.000000,0.001683,0.976257,1.000000,0.000392,1.000000,0.000000,0.000633,1.000000,0.000000
"Anglesite PbSO_4 (SO-10A)",SO-10A,becknic,mineral,mineral.sulfate.none.fine.vswir.so-10a.jpl.perkin.spectrum.txt,0.001413,0.999644,0.883721,0.000780,0.998475,1.000000,0.001937,0.969432,1.000000,0.000587,1.000000,0.000000,0.000730,1.000000,0.000000
"Antlerite Cu_3(SO_4)(OH)_4 (SO-11A)",SO-11A,becknic,mineral,mineral.sulfate.none.fine.vswir.so-11a.jpl.beckman.spectrum.txt,0.010646,0.995253,0.883721,0.002950,0.990173,1.000000,0.010987,0.992102,1.000000,0.000709,1.000000,0.000000,0.000549,1.000000,0.000000
"Antlerite Cu_3(SO_4)(OH)_4 (SO-11A)",SO-11A,becknic,mineral,mineral.sulfate.none.fine.vswir.so-11a.jpl.perkin.spectrum.txt,0.010889,0.994487,0.883721,0.002182,0.993797,1.000000,0.015802,0.984598,1.000000,0.000693,1.000000,0.000000,0.000543,1.000000,0.000000
"Anhydrite CaSO_4 (SO-1A)",SO-1A,becknic,mineral,mineral.sulfate.none.fine.vswir.so-1a.jpl.beckman.spectrum.txt,0.001269,0.997235,0.883721,0.002361,0.434909,1.000000,0.003008,0.993184,1.000000,0.000579,1.000000,0.000000,0.000564,1.000000,0.000000
"Anhydrite CaSO_4 (SO-1A)",SO-1A,becknic,mineral,mineral.sulfate.none.fine.vswir.so-1a.jpl.perkin.spectrum.txt,0.001345,0.997802,0.883721,0.000719,0.864784,1.000000,0.004215,0.992213,1.000000,0.000465,1.000000,0.000000,0.000624,1.000000,0.000000
"Gypsum CaSO_4.2H_2O (SO-2B)",SO-2B,becknic,mineral,mineral.sulfate.none.fine.vswir.so-2b.jpl.beckman.spectrum.txt,0.000983,0.993238,0.883721,0.001575,0.922060,1.000000,0.011691,0.994911,1.000000,0.000711,1.000000,0.000000,0.000541,1.000000,0.000000
"Gypsum CaSO_4.2H_2O (SO-2B)",SO-2B,becknic,mineral,mineral.sulfate.none.fine.vswir.so-2b.jpl.perkin.spectrum.txt,0.000750,0.998271,0.883721,0.001731,0.928131,1.000000,0.011938,0.995287,1.000000,0.000733,1.000000,0.000000,0.000787,1.000000,0.000000
"Barite BaSO_4 (SO-3A)",SO-3A,becknic,mineral,mineral.sulfate.none.fine.vswir.so-3a.jpl.beckman.spectrum.txt,0.001110,0.993582,0.883721,0.001360,0.276664,1.000000,0.001332,0.893654,1.000000,0.000949,1.000000,0.000000,0.001627,0.000000,0.000000
"Barite BaSO_4 (SO-3A)",SO-3A,becknic,mineral,mineral.sulfate.none.fine.vswir.so-3a.jpl.perkin.spectrum.txt,0.000690,0.998529,0.883721,0.001313,0.000000,1.000000,0.001639,0.980246,1.000000,0.000639,1.000000,0.000000,0.001307,0.000000,0.000000
"Alunite KAl_3(SO_4)_2(OH)_6 (SO-4A)",SO-4A,becknic,mineral,mineral.sulfate.none.fine.vswir.so-4a.jpl.beckman.spectrum.txt,0.002625,0.998834,0.883721,0.001994,0.870993,1.000000,0.007352,0.995732,1.000000,0.000818,1.000000,0.000000,0.000553,1.000000,0.000000
"Alunite KAl_3(SO_4)_2(OH)_6 (SO-4A)",SO-4A,becknic,mineral,mineral.sulfate.none.fine.vswir.so-4a.jpl.perkin.spectrum.txt,0.001091,0.999820,0.883721,0.001725,0.874123,1.000000,0.009622,0.993942,1.000000,0.000707,1.000000,0.000000,0.000553,1.000000,0.000000
"Celestite SrSO_4 (SO-5A)",SO-5A,becknic,mineral,mineral.sulfate.none.fine.vswir.so-5a.jpl.beckman.spectrum.txt,0.002695,0.987099,0.883721,0.001384,0.430026,1.000000,0.000998,0.930219,1.000000,0.000600,1.000000,0.000000,0.001237,0.000000,0.000000
"Celestite SrSO_4 (SO-5A)",SO-5A,becknic,mineral,mineral.sulfate.none.fine.vswir.so-5a.jpl.perkin.spectrum.txt,0.000604,0.999065,0.883721,0.001441,0.000000,1.000000,0.001144,0.977029,1.000000,0.000450,1.000000,0.000000,0.000692,1.000000,0.000000
"Tschermigite (NH_4)Al(SO_4)_2.12H_2O (SO-6A)",SO-6A,becknic,mineral,mineral.sulfate.none.fine.vswir.so-6a.jpl.beckman.spectrum.txt,0.001157,0.997795,0.883721,0.000853,0.986514,1.000000,0.003752,0.999707,1.000000,0.000517,1.000000,0.000000,0.000528,1.000000,0.000000
"Tschermigite (NH_4)Al(SO_4)_2.12H_2O (SO-6A)",SO-6A,becknic,mineral,mineral.sulfate.none.fine.vswir.so-6a.jpl.perkin.spectrum.txt,0.000878,0.998918,0.883721,0.001315,0.964486,1.000000,0.004854,0.999539,1.000000,0.000360,1.000000,0.000000,0.000555,1.000000,0.000000
"Jarosite KFe_3^3+(SO_4)_2(OH)_6 (SO-7A)",SO-7A,becknic,mineral,mineral.sulfate.none.fine.vswir.so-7a.jpl.beckman.spectrum.txt,0.005187,0.999523,0.883721,0.003066,0.993434,1.000000,0.002780,0.997812,1.000000,0.000599,1.000000,0.000000,0.000726,1.000000,0.000000
"Jarosite KFe_3^3+(SO_4)_2(OH)_6 (SO-7A)",SO-7A,becknic,mineral,mineral.sulfate.none.fine.vswir.so-7a.jpl.perkin.spectrum.txt,0.006125,0.999225,0.883721,0.003212,0.993759,1.000000,0.003617,0.997506,1.000000,0.000582,1.000000,0.000000,0.000606,1.000000,0.000000
"Plumbojarosite PbFe_3^3+(SO_4)_4(OH)_12 (SO-7B)",SO-7B,becknic,mineral,mineral.sulfate.none.fine.vswir.so-7b.jpl.beckman.spectrum.txt,0.006087,0.999388,0.883721,0.003248,0.987984,1.000000,0.002348,0.997852,1.000000,0.000539,1.000000,0.000000,0.000691,1.000000,0.000000
"Plumbojarosite PbFe_3^3+(SO_4)_4(OH)_12 (SO-7B)",SO-7B,becknic,mineral,mineral.sulfate.none.fine.vswir.so-7b.jpl.perkin.spectrum.txt,0.004944,0.999537,0.883721,0.003594,0.987571,1.000000,0.002981,0.997709,1.000000,0.000598,1.000000,0.000000,0.000762,1.000000,0.000000
"Natrojarosite NaFe_3^3+(SO_4)_2(OH)_6 (SO-7C)",SO-7C,becknic,mineral,mineral.sulfate.none.fine.vswir.so-7c.jpl.beckman.spectrum.txt,0.012149,0.997772,0.883721,0.003855,0.992819,1.000000,0.004610,0.994632,1.000000,0.000641,1.000000,0.000000,0.000731,1.000000,0.000000
"Natrojarosite NaFe_3^3+(SO_4)_2(OH)_6 (SO-7C)",SO-7C,becknic,mineral,mineral.sulfate.none.fine.vswir.so-7c.jpl.perkin.spectrum.txt,0.011326,0.997920,0.883721,0.004146,0.993075,1.000000,0.006122,0.993399,1.000000,0.000582,1.000000,0.000000,0.000606,1.000000,0.000000
"Glauberite Na_2Ca(SO_4)_2 (SO-8A)",SO-8A,becknic,mineral,mineral.sulfate.none.fine.vswir.so-8a.jpl.beckman.spectrum.txt,0.000898,0.999608,0.883721,0.002260,0.654175,1.000000,0.001159,0.973275,1.000000,0.000593,1.000000,0.000000,0.001173,0.000000,0.000000
"Glauberite Na_2Ca(SO_4)_2 (SO-8A)",SO-8A,becknic,mineral,mineral.sulfate.none.fine.vswir.so-8a.jpl.perkin.spectrum.txt,0.000708,0.999477,0.883721,0.001290,0.705427,1.000000,0.001066,0.984578,1.000000,0.001008,0.000000,0.000000,0.001719,0.000000,0.000000
"Aphthitalite (K,Na)_3Na(SO_4)_2 (SO-9A)",SO-9A,becknic,mineral,mineral.sulfate.none.fine.vswir.so-9a.jpl.beckman.spectrum.txt,0.000826,0.999404,0.883721,0.001081,0.564267,1.000000,0.001385,0.997616,1.000000,0.000559,1.000000,0.000000,0.000996,1.000000,0.000000
"Aphthitalite (K,Na)_3Na(SO_4)_2 (SO-9A)",SO-9A,becknic,mineral,mineral.sulfate.none.fine.vswir.so-9a.jpl.perkin.spectrum.txt,0.000496,0.999772,0.883721,0.000606,0.777644,1.000000,0.002371,0.995002,1.000000,0.000602,1.000000,0.000000,0.000528,1.000000,0.000000
"Anglesite PbSO_4 (SO-10A)",SO-10A,becknic,mineral,mineral.sulfate.none.medium.tir.so-10a.jpl.nicolet.spectrum.txt,0.000886,1.000000,0.000000,0.000859,1.000000,0.000000,0.001456,0.872226,0.356929,0.017687,0.982528,1.000000,0.010646,0.938100,1.000000
"Antlerite Cu_3(SO_4)(OH)_4 (SO-11A)",SO-11A,becknic,mineral,mineral.sulfate.none.medium.tir.so-11a.jpl.nicolet.spectrum.txt,0.000987,1.000000,0.000000,0.000809,1.000000,0.000000,0.012363,0.984254,0.356929,0.012822,0.982402,1.000000,0.005533,0.972090,1.000000
"Anhydrite CaSO_4 (SO-1A)",SO-1A,becknic,mineral,mineral.sulfate.none.medium.tir.so-1a.jpl.nicolet.spectrum.txt,0.000234,1.000000,0.000000,0.000761,1.000000,0.000000,0.001580,0.996862,0.356929,0.017752,0.992079,1.000000,0.015834,0.967165,1.000000
"Gypsum CaSO_4.2H_2O (SO-2B)",SO-2B,becknic,mineral,mineral.sulfate.none.medium.tir.so-2b.jpl.nicolet.spectrum.txt,0.000600,1.000000,0.000000,0.000522,1.000000,0.000000,0.008014,0.988617,0.356929,0.015358,0.981752,1.000000,0.006430,0.984071,1.000000
"Barite BaSO_4 (SO-3A)",SO-3A,becknic,mineral,mineral.sulfate.none.medium.tir.so-3a.jpl.nicolet.spectrum.txt,0.000237,1.000000,0.000000,0.000672,1.000000,0.000000,0.000777,0.933106,0.356929,0.025478,0.989891,1.000000,0.014674,0.978071,1.000000
"Alunite KAl_3(SO_4)_2(OH)_6 (SO-4A)",SO-4A,becknic,mineral,mineral.sulfate.none.medium.tir.so-4a.jpl.nicolet.spectrum.txt,0.000896,1.000000,0.000000,0.000857,1.000000,0.000000,0.013393,0.979470,0.356929,0.013605,0.942435,1.000000,0.014863,0.967182,1.000000
"Celestite SrSO_4 (SO-5A)",SO-5A,becknic,mineral,mineral.sulfate.none.medium.tir.so-5a.jpl.nicolet.spectrum.txt,0.000243,1.000000,0.000000,0.000691,1.000000,0.000000,0.000849,0.877443,0.356929,0.022145,0.993146,1.000000,0.019411,0.948481,1.000000
"Tschermigite (NH_4)Al(SO_4)_2.12H_2O (SO-6A)",SO-6A,becknic,mineral,mineral.sulfate.none.medium.tir.so-6a.jpl.nicolet.spectrum.txt,0.000265,1.000000,0.000000,0.000195,1.000000,0.000000,0.001740,0.986573,0.356929,0.001152,0.983386,1.000000,0.004469,0.952545,1.000000
"Jarosite KFe_3^3+(SO_4)_2(OH)_6 (SO-7A)",SO-7A,becknic,mineral,mineral.sulfate.none.medium.tir.so-7a.jpl.nicolet.spectrum.txt,0.000233,1.000000,0.000000,0.000773,1.000000,0.000000,0.002186,0.998599,0.356929,0.008472,0.992623,1.000000,0.001903,0.996988,1.000000
"Plumbojarosite PbFe_3^3+(SO_4)_4(OH)_12 (SO-7B)",SO-7B,becknic,mineral,mineral.sulfate.none.medium.tir.so-7b.jpl.nicolet.spectrum.txt,0.000277,1.000000,0.000000,0.000459,1.000000,0.000000,0.003101,0.997286,0.356929,0.006691,0.995150,1.000000,0.002392,0.976414,1.000000
"Natrojarosite NaFe_3^3+(SO_4)_2(OH)_6 (SO-7C)",SO-7C,becknic,mineral,mineral.sulfate.none.medium.tir.so-7c.jpl.nicolet.spectrum.txt,0.000205,1.000000,0.000000,0.000852,1.000000,0.000000,0.005229,0.995472,0.356929,0.010039,0.988956,1.000000,0.005427,0.962628,1.000000
"Glauberite Na_2Ca(SO_4)_2 (SO-8A)",SO-8A,becknic,mineral,mineral.sulfate.none.medium.tir.so-8a.jpl.nicolet.spectrum.txt,0.000179,1.000000,0.000000,0.000505,1.000000,0.000000,0.000901,0.969649,0.356929,0.021231,0.991897,1.000000,0.012240,0.981005,1.000000
"Aphthitalite (K,Na)_3Na(SO_4)_2 (SO-9A)",SO-9A,becknic,mineral,mineral.sulfate.none.medium.tir.so-9a.jpl.nicolet.spectrum.txt,0.000197,1.000000,0.000000,0.000530,1.000000,0.000000,0.001058,0.969160,0.356929,0.020670,0.984044,1.000000,0.016313,0.970893,1.000000
"Anglesite PbSO_4 (SO-10A)",SO-10A,becknic,mineral,mineral.sulfate.none.medium.vswir.so-10a.jpl.beckman.spectrum.txt,0.000788,0.999734,0.883721,0.001525,0.993992,1.000000,0.000883,0.997455,1.000000,0.000701,1.000000,0.000000,0.000554,1.000000,0.000000
"Anglesite PbSO_4 (SO-10A)",SO-10A,becknic,mineral,mineral.sulfate.none.medium.vswir.so-10a.jpl.perkin.spectrum.txt,0.000717,0.999757,0.883721,0.000817,0.997847,1.000000,0.001214,0.993018,1.000000,0.000810,1.000000,0.000000,0.000549,1.000000,0.000000
"Antlerite Cu_3(SO_4)(OH)_4 (SO-11A)",SO-11A,becknic,mineral,mineral.sulfate.none.medium.vswir.so-11a.jpl.beckman.spectrum.txt,0.007331,0.991504,0.883721,0.001499,0.952096,1.000000,0.008775,0.993715,1.000000,0.000623,1.000000,0.000000,0.000563,1.000000,0.000000
"Antlerite Cu_3(SO_4)(OH)_4 (SO-11A)",SO-11A,becknic,mineral,mineral.sulfate.none.medium.vswir.so-11a.jpl.perkin.spectrum.txt,0.006698,0.992790,0.883721,0.001089,0.967566,1.000000,0.012221,0.988087,1.000000,0.000515,1.000000,0.000000,0.000528,1.000000,0.000000
"Anhydrite CaSO_4 (SO-1A)",SO-1A,becknic,mineral,mineral.sulfate.none.medium.vswir.so-1a.jpl.beckman.spectrum.txt,0.002000,0.997995,0.883721,0.000728,0.992224,1.000000,0.004126,0.995119,1.000000,0.000594,1.000000,0.000000,0.000630,1.000000,0.000000
"Anhydrite CaSO_4 (SO-1A)",SO-1A,becknic,mineral,mineral.sulfate.none.medium.vswir.so-1a.jpl.perkin.spectrum.txt,0.001888,0.998175,0.883721,0.001269,0.966244,1.000000,0.004701,0.994404,1.000000,0.000625,1.000000,0.000000,0.000601,1.000000,0.000000
"Gypsum CaSO_4.2H_2O (SO-2B)",SO-2B,becknic,mineral,mineral.sulfate.none.medium.vswir.so-2b.jpl.beckman.spectrum.txt,0.001243,0.963368,0.883721,0.002692,0.943881,1.000000,0.010880,0.997353,1.000000,0.000397,1.000000,0.000000,0.000539,1.000000,0.000000
"Gypsum CaSO_4.2H_2O (SO-2B)",SO-2B,becknic,mineral,mineral.sulfate.none.medium.vswir.so-2b.jpl.perkin.spectrum.txt,0.000523,0.997494,0.883721,0.002989,0.886127,1.000000,0.012567,0.996511,1.000000,0.000487,1.000000,0.000000,0.000507,1.000000,0.000000
"Barite BaSO_4 (SO-3A)",SO-3A,becknic,mineral,mineral.sulfate.none.medium.vswir.so-3a.jpl.beckman.spectrum.txt,0.001283,0.995460,0.883721,0.001240,-0.020029,1.000000,0.001432,0.979240,1.000000,0.000699,1.000000,0.000000,0.001360,0.000000,0.000000
"Barite BaSO_4 (SO-3A)",SO-3A,becknic,mineral,mineral.sulfate.none.medium.vswir.so-3a.jpl.perkin.spectrum.txt,0.000819,0.998867,0.883721,0.000592,0.715922,1.000000,0.001513,0.992399,1.000000,0.000593,1.000000,0.000000,0.001162,0.000000,0.000000
"Alunite KAl_3(SO_4)_2(OH)_6 (SO-4A)",SO-4A,becknic,mineral,mineral.sulfate.none.medium.vswir.so-4a.jpl.beckman.spectrum.txt,0.002485,0.999584,0.883721,0.004336,0.820517,1.000000,0.015149,0.994741,1.000000,0.000457,1.000000,0.000000,0.000525,1.000000,0.000000
"Alunite KAl_3(SO_4)_2(OH)_6 (SO-4A)",SO-4A,becknic,mineral,mineral.sulfate.none.medium.vswir.so-4a.jpl.perkin.spectrum.txt,0.001383,0.999856,0.883721,0.004199,0.793990,1.000000,0.018528,0.992747,1.000000,0.000534,1.000000,0.000000,0.000513,1.000000,0.000000
"Celestite SrSO_4 (SO-5A)",SO-5A,becknic,mineral,mineral.sulfate.none.medium.vswir.so-5a.jpl.beckman.spectrum.txt,0.003012,0.982041,0.883721,0.001564,0.759754,1.000000,0.001014,0.900845,1.000000,0.000835,1.000000,0.000000,0.001477,0.000000,0.000000
"Celestite SrSO_4 (SO-5A)",SO-5A,becknic,mineral,mineral.sulfate.none.medium.vswir.so-5a.jpl.perkin.spectrum.txt,0.001749,0.991506,0.883721,0.000679,0.868298,1.000000,0.001459,0.975029,1.000000,0.000542,1.000000,0.000000,0.000951,1.000000,0.000000
"Tschermigite (NH_4)Al(SO_4)_2.12H_2O (SO-6A)",SO-6A,becknic,mineral,mineral.sulfate.none.medium.vswir.so-6a.jpl.beckman.spectrum.txt,0.000967,0.993860,0.883721,0.001617,0.990957,1.000000,0.003372,0.999821,1.000000,0.000254,1.000000,0.000000,0.000338,1.000000,0.000000
"Tschermigite (NH_4)Al(SO_4)_2.12H_2O (SO-6A)",SO-6A,becknic,mineral,mineral.sulfate.none.medium.vswir.so-6a.jpl.perkin.spectrum.txt,0.000391,0.999246,0.883721,0.002127,0.986079,1.000000,0.004490,0.999694,1.000000,0.000239,1.000000,0.000000,0.000330,1.000000,0.000000
"Jarosite KFe_3^3+(SO_4)_2(OH)_6 (SO-7A)",SO-7A,becknic,mineral,mineral.sulfate.none.medium.vswir.so-7a.jpl.beckman.spectrum.txt,0.003633,0.999257,0.883721,0.002853,0.994448,1.000000,0.003377,0.998482,1.000000,0.000692,1.000000,0.000000,0.000558,1.000000,0.000000
"Jarosite KFe_3^3+(SO_4)_2(OH)_6 (SO-7A)",SO-7A,becknic,mineral,mineral.sulfate.none.medium.vswir.so-7a.jpl.perkin.spectrum.txt,0.003220,0.999440,0.883721,0.003009,0.993776,1.000000,0.003771,0.998326,1.000000,0.000810,1.000000,0.000000,0.000555,1.000000,0.000000
"Plumbojarosite PbFe_3^3+(SO_4)_4(OH)_12 (SO-7B)",SO-7B,becknic,mineral,mineral.sulfate.none.medium.vswir.so-7b.jpl.beckman.spectrum.txt,0.003732,0.999512,0.883721,0.004028,0.982195,1.000000,0.002602,0.998835,1.000000,0.000699,1.000000,0.000000,0.000554,1.000000,0.000000
"Plumbojarosite PbFe_3^3+(SO_4)_4(OH)_12 (SO-7B)",SO-7B,becknic,mineral,mineral.sulfate.none.medium.vswir.so-7b.jpl.perkin.spectrum.txt,0.003188,0.999633,0.883721,0.003967,0.983831,1.000000,0.003151,0.998392,1.000000,0.000759,1.000000,0.000000,0.000545,1.000000,0.000000
"Natrojarosite NaFe_3^3+(SO_4)_2(OH)_6 (SO-7C)",SO-7C,becknic,mineral,mineral.sulfate.none.medium.vswir.so-7c.jpl.beckman.spectrum.txt,0.007933,0.997962,0.883721,0.004271,0.989539,1.000000,0.006925,0.995474,1.000000,0.000734,1.000000,0.000000,0.000542,1.000000,0.000000
"Natrojarosite NaFe_3^3+(SO_4)_2(OH)_6 (SO-7C)",SO-7C,becknic,mineral,mineral.sulfate.none.medium.vswir.so-7c.jpl.perkin.spectrum.txt,0.006787,0.998344,0.883721,0.004430,0.988062,1.000000,0.007749,0.994229,1.000000,0.000699,1.000000,0.000000,0.000567,1.000000,0.000000
"Glauberite Na_2Ca(SO_4)_2 (SO-8A)",SO-8A,becknic,mineral,mineral.sulfate.none.medium.vswir.so-8a.jpl.beckman.spectrum.txt,0.001312,0.998951,0.883721,0.000969,0.959979,1.000000,0.001329,0.986001,1.000000,0.000514,1.000000,0.000000,0.000513,1.000000,0.000000
"Glauberite Na_2Ca(SO_4)_2 (SO-8A)",SO-8A,becknic,mineral,mineral.sulfate.none.medium.vswir.so-8a.jpl.perkin.spectrum.txt,0.000606,0.999829,0.883721,0.001469,0.954662,1.000000,0.001354,0.994939,1.000000,0.000412,1.000000,0.000000,0.000674,1.000000,0.000000
"Aphthitalite (K,Na)_3Na(SO_4)_2 (SO-9A)",SO-9A,becknic,mineral,mineral.sulfate.none.medium.vswir.so-9a.jpl.beckman.spectrum.txt,0.000826,0.999405,0.883721,0.001761,0.044999,1.000000,0.001081,0.997477,1.000000,0.000570,1.000000,0.000000,0.001026,0.000000,0.000000
"Aphthitalite (K,Na)_3Na(SO_4)_2 (SO-9A)",SO-9A,becknic,mineral,mineral.sulfate.none.medium.vswir.so-9a.jpl.perkin.spectrum.txt,0.000906,0.999064,0.883721,0.000941,0.602902,1.000000,0.001335,0.996923,1.000000,0.000522,1.000000,0.000000,0.000504,1.000000,0.000000
"Anhydrite CaSO4 (anhydrite_1)",anhydrite_1,becknic,mineral,mineral.sulfate.none.solid.tir.anhydrite_1.jhu.nicolet.spectrum.txt,0.000089,1.000000,0.000000,0.000071,1.000000,0.000000,0.000187,0.982562,0.300357,0.000203,0.997429,1.000000,0.004555,0.979089,1.000000
"Barite, BaSO4 (barite_1)",barite_1,becknic,mineral,mineral.sulfate.none.solid.tir.barite_1.jhu.nicolet.spectrum.txt,0.000217,1.000000,0.000000,0.000173,1.000000,0.000000,0.000312,0.982238,0.300357,0.000985,0.995611,1.000000,0.005571,0.987418,1.000000
"Gypsum (alabaster) CaSO4.2H20 (gypsum_1)",gypsum_1,becknic,mineral,mineral.sulfate.none.solid.tir.gypsum_1.jhu.nicolet.spectrum.txt,0.000493,1.000000,0.000000,0.000245,1.000000,0.000000,0.000536,1.000000,0.300357,0.004142,0.889165,1.000000,0.007672,0.996060,1.000000
"Gypsum (selenite) CaSO4.2H2O (gypsum_2)",gypsum_2,becknic,mineral,mineral.sulfate.none.solid.tir.gypsum_2.jhu.nicolet.spectrum.txt,0.000441,1.000000,0.000000,0.000234,1.000000,0.000000,0.000363,0.992946,0.300357,0.007950,0.739655,1.000000,0.011264,0.994268,1.000000
"Pyrite FeS2 (pyrite_1)",pyrite_1,becknic,mineral,mineral.sulfide.none.coarse.tir.pyrite_1.jhu.nicolet.spectrum.txt,0.000135,1.000000,0.000000,0.000107,1.000000,0.000000,0.000207,0.970162,0.300357,0.000425,0.996382,1.000000,0.000517,0.989966,1.000000
"Pyrrhotite Fe(1-x)S (pyroph_1)",pyroph_1,becknic,mineral,mineral.sulfide.none.coarse.tir.pyroph_1.jhu.nicolet.spectrum.txt,0.000139,1.000000,0.000000,0.000111,1.000000,0.000000,0.000217,1.000000,0.300357,0.000351,0.994712,1.000000,0.000249,0.993662,1.000000
"Marcasite FeS_2 (S-10A)",S-10A,becknic,mineral,mineral.sulfide.none.coarse.tir.s-10a.jpl.nicolet.spectrum.txt,0.000415,1.000000,0.000000,0.000345,1.000000,0.000000,0.000983,0.952707,0.356929,0.002479,0.990997,1.000000,0.003328,0.988676,1.000000
"Molybdenite MoS_2 (S-11A)",S-11A,becknic,mineral,mineral.sulfide.none.coarse.tir.s-11a.jpl.nicolet.spectrum.txt,0.000408,1.000000,0.000000,0.000947,1.000000,0.000000,0.001916,0.657967,0.356929,0.003786,0.992272,1.000000,0.004574,0.993227,1.000000
"Sphalerite (Zn,Fe)S (S-1A)",S-1A,becknic,mineral,mineral.sulfide.none.coarse.tir.s-1a.jpl.nicolet.spectrum.txt,0.000480,1.000000,0.000000,0.000492,1.000000,0.000000,0.002736,0.998451,0.356929,0.009446,0.996323,1.000000,0.003426,0.997246,1.000000
"Pyrite FeS_2 (S-2A)",S-2A,becknic,mineral,mineral.sulfide.none.coarse.tir.s-2a.jpl.nicolet.spectrum.txt,0.000352,1.000000,0.000000,0.000286,1.000000,0.000000,0.001029,0.799998,0.356929,0.001049,0.995859,1.000000,0.001831,0.990510,1.000000
"Realgar AsS (S-3A)",S-3A,becknic,mineral,mineral.sulfide.none.coarse.tir.s-3a.jpl.nicolet.spectrum.txt,0.000187,1.000000,0.000000,0.000661,1.000000,0.000000,0.001192,0.992998,0.356929,0.005373,0.998787,1.000000,0.003009,0.999505,1.000000
"Chalcopyrite CuFeS_2 (S-4A)",S-4A,becknic,mineral,mineral.sulfide.none.coarse.tir.s-4a.jpl.nicolet.spectrum.txt,0.000207,1.000000,0.000000,0.000857,1.000000,0.000000,0.001432,0.991176,0.356929,0.006370,0.996804,1.000000,0.001858,0.999263,1.000000
"Arsenopyrite FeAsS (S-5A)",S-5A,becknic,mineral,mineral.sulfide.none.coarse.tir.s-5a.jpl.nicolet.spectrum.txt,0.000469,1.000000,0.000000,0.000239,1.000000,0.000000,0.000851,0.897476,0.356929,0.001151,0.985534,1.000000,0.001394,0.999165,1.000000
"Galena PbS (S-7A)",S-7A,becknic,mineral,mineral.sulfide.none.coarse.tir.s-7a.jpl.nicolet.spectrum.txt,0.000402,1.000000,0.000000,0.000342,1.000000,0.000000,0.000789,0.733356,0.356929,0.001982,0.969394,1.000000,0.000970,0.993871,1.000000
"Chalcocite Cu_2S (S-8A)",S-8A,becknic,mineral,mineral.sulfide.none.coarse.tir.s-8a.jpl.nicolet.spectrum.txt,0.000212,1.000000,0.000000,0.000170,1.000000,0.000000,0.000829,0.926055,0.356929,0.000857,0.990583,1.000000,0.000824,0.948944,1.000000
"Bornite Cu_5FeS_4 (S-9A)",S-9A,becknic,mineral,mineral.sulfide.none.coarse.tir.s-9a.jpl.nicolet.spectrum.txt,0.000517,1.000000,0.000000,0.000380,1.000000,0.000000,0.000980,0.536791,0.356929,0.001102,0.629837,1.000000,0.000969,0.971244,1.000000
"Marcasite FeS_2 (S-10A)",S-10A,becknic,mineral,mineral.sulfide.none.coarse.vswir.s-10a.jpl.beckman.spectrum.txt,0.000671,0.998124,0.883721,0.000584,0.997293,1.000000,0.000687,0.999226,1.000000,0.000596,1.000000,0.000000,0.000554,1.000000,0.000000
"Marcasite FeS_2 (S-10A)",S-10A,becknic,mineral,mineral.sulfide.none.coarse.vswir.s-10a.jpl.perkin.spectrum.txt,0.000694,0.997102,0.883721,0.000416,0.973626,1.000000,0.000528,0.998440,1.000000,0.000509,1.000000,0.000000,0.000472,1.000000,0.000000
"Molybdenite MoS_2 (S-11A)",S-11A,becknic,mineral,mineral.sulfide.none.coarse.vswir.s-11a.jpl.beckman.spectrum.txt,0.003140,0.968994,0.883721,0.005195,0.989462,1.000000,0.001234,0.998663,1.000000,0.000696,1.000000,0.000000,0.000555,1.000000,0.000000
"Molybdenite MoS_2 (S-11A)",S-11A,becknic,mineral,mineral.sulfide.none.coarse.vswir.s-11a.jpl.perkin.spectrum.txt,0.003253,0.967458,0.883721,0.005840,0.988456,1.000000,0.001478,0.997877,1.000000,0.000766,1.000000,0.000000,0.000544,1.000000,0.000000
"Sphalerite (Zn,Fe)S (S-1A)",S-1A,becknic,mineral,mineral.sulfide.none.coarse.vswir.s-1a.jpl.beckman.spectrum.txt,0.001020,0.999544,0.883721,0.001131,0.997056,1.000000,0.003328,0.998927,1.000000,0.000277,1.000000,0.000000,0.000349,1.000000,0.000000
"Sphalerite (Zn,Fe)S (S-1A)",S-1A,becknic,mineral,mineral.sulfide.none.coarse.vswir.s-1a.jpl.perkin.spectrum.txt,0.000863,0.999681,0.883721,0.002175,0.990817,1.000000,0.003674,0.998849,1.000000,0.000231,1.000000,0.000000,0.000330,1.000000,0.000000
"Pyrite FeS_2 (S-2A)",S-2A,becknic,mineral,mineral.sulfide.none.coarse.vswir.s-2a.jpl.beckman.spectrum.txt,0.000882,0.999109,0.883721,0.000432,0.997233,1.000000,0.000852,0.875667,1.000000,0.000525,1.000000,0.000000,0.000502,1.000000,0.000000
"Pyrite FeS_2 (S-2A)",S-2A,becknic,mineral,mineral.sulfide.none.coarse.vswir.s-2a.jpl.perkin.spectrum.txt,0.000725,0.998886,0.883721,0.000644,0.993801,1.000000,0.000815,0.993324,1.000000,0.000379,1.000000,0.000000,0.000387,1.000000,0.000000
"Realgar AsS (S-3A)",S-3A,becknic,mineral,mineral.sulfide.none.coarse.vswir.s-3a.jpl.beckman.spectrum.txt,0.011108,0.997955,0.883721,0.001266,0.989072,1.000000,0.001762,0.998388,1.000000,0.000394,1.000000,0.000000,0.000641,1.000000,0.000000
"Realgar AsS (S-3A)",S-3A,becknic,mineral,mineral.sulfide.none.coarse.vswir.s-3a.jpl.perkin.spectrum.txt,0.012554,0.997664,0.883721,0.001265,0.919104,1.000000,0.001293,0.998358,1.000000,0.000475,1.000000,0.000000,0.000613,1.000000,0.000000
"Chalcopyrite CuFeS_2 (S-4A)",S-4A,becknic,mineral,mineral.sulfide.none.coarse.vswir.s-4a.jpl.beckman.spectrum.txt,0.000583,0.999473,0.883721,0.000544,0.963467,1.000000,0.000616,0.993352,1.000000,0.000524,1.000000,0.000000,0.000512,1.000000,0.000000
"Chalcopyrite CuFeS_2 (S-4A)",S-4A,becknic,mineral,mineral.sulfide.none.coarse.vswir.s-4a.jpl.perkin.spectrum.txt,0.005419,0.946975,0.883721,0.013594,0.974797,1.000000,0.002013,0.986367,1.000000,0.000595,1.000000,0.000000,0.001101,0.000000,0.000000
"Arsenopyrite FeAsS (S-5A)",S-5A,becknic,mineral,mineral.sulfide.none.coarse.vswir.s-5a.jpl.beckman.spectrum.txt,0.000727,0.986495,0.883721,0.000332,1.000000,1.000000,0.000521,0.957658,1.000000,0.000491,1.000000,0.000000,0.000400,1.000000,0.000000
"Arsenopyrite FeAsS (S-5A)",S-5A,becknic,mineral,mineral.sulfide.none.coarse.vswir.s-5a.jpl.perkin.spectrum.txt,0.000299,0.994272,0.883721,0.000534,0.972665,1.000000,0.000528,0.871763,1.000000,0.000299,1.000000,0.000000,0.000360,1.000000,0.000000
"Stibnite Sb_2S_3 (S-6A)",S-6A,becknic,mineral,mineral.sulfide.none.coarse.vswir.s-6a.jpl.beckman.spectrum.txt,0.004608,0.930354,0.883721,0.014840,0.982129,1.000000,0.001508,0.996545,1.000000,0.000597,1.000000,0.000000,0.000754,1.000000,0.000000
"Galena PbS (S-7A)",S-7A,becknic,mineral,mineral.sulfide.none.coarse.vswir.s-7a.jpl.beckman.spectrum.txt,0.001004,0.996264,0.883721,0.000486,0.967214,1.000000,0.000731,0.724797,1.000000,0.000504,1.000000,0.000000,0.000459,1.000000,0.000000
"Galena PbS (S-7A)",S-7A,becknic,mineral,mineral.sulfide.none.coarse.vswir.s-7a.jpl.perkin.spectrum.txt,0.000732,0.993631,0.883721,0.000649,0.879826,1.000000,0.000541,0.892568,1.000000,0.000532,1.000000,0.000000,0.000509,1.000000,0.000000
"Chalcocite Cu_2S (S-8A)",S-8A,becknic,mineral,mineral.sulfide.none.coarse.vswir.s-8a.jpl.beckman.spectrum.txt,0.000595,0.972880,0.883721,0.000525,0.819551,1.000000,0.000452,0.973610,1.000000,0.000279,1.000000,0.000000,0.000351,1.000000,0.000000
"Chalcocite Cu_2S (S-8A)",S-8A,becknic,mineral,mineral.sulfide.none.coarse.vswir.s-8a.jpl.perkin.spectrum.txt,0.000298,0.987333,0.883721,0.000451,0.943824,1.000000,0.000532,0.948400,1.000000,0.000262,1.000000,0.000000,0.000342,1.000000,0.000000
"Bornite Cu_5FeS_4 (S-9A)",S-9A,becknic,mineral,mineral.sulfide.none.coarse.vswir.s-9a.jpl.beckman.spectrum.txt,0.001803,0.978696,0.883721,0.000573,0.996309,1.000000,0.000701,0.989790,1.000000,0.000499,1.000000,0.000000,0.000507,1.000000,0.000000
"Bornite Cu_5FeS_4 (S-9A)",S-9A,becknic,mineral,mineral.sulfide.none.coarse.vswir.s-9a.jpl.perkin.spectrum.txt,0.001663,0.982948,0.883721,0.000626,0.995831,1.000000,0.000673,0.990060,1.000000,0.000451,1.000000,0.000000,0.000527,1.000000,0.000000
"Pyrite FeS2 (pyrite_1)",pyrite_1,becknic,mineral,mineral.sulfide.none.fine.tir.pyrite_1.jhu.nicolet.spectrum.txt,0.000163,1.000000,0.000000,0.000130,1.000000,0.000000,0.000313,0.990341,0.300357,0.001605,0.997946,1.000000,0.001689,0.999465,1.000000
"Pyrrhotite Fe(1-x)S (pyroph_1)",pyroph_1,becknic,mineral,mineral.sulfide.none.fine.tir.pyroph_1.jhu.nicolet.spectrum.txt,0.000064,1.000000,0.000000,0.000051,1.000000,0.000000,0.000103,1.000000,0.300357,0.000131,0.993407,1.000000,0.000220,0.980985,1.000000
"Pyrrhotite, Fe(1-x)S (pyrrhot_1)",pyrrhot_1,becknic,mineral,mineral.sulfide.none.fine.tir.pyrrhot_1.jhu.nicolet.spectrum.txt,0.000127,1.000000,0.000000,0.000101,1.000000,0.000000,0.000233,0.985472,0.300357,0.001246,0.998136,1.000000,0.002366,0.998803,1.000000
"Marcasite FeS_2 (S-10A)",S-10A,becknic,mineral,mineral.sulfide.none.fine.tir.s-10a.jpl.nicolet.spectrum.txt,0.000496,1.000000,0.000000,0.000386,1.000000,0.000000,0.001375,0.910552,0.356929,0.003280,0.993697,1.000000,0.005228,0.932537,1.000000
"Molybdenite MoS_2 (S-11A)",S-11A,becknic,mineral,mineral.sulfide.none.fine.tir.s-11a.jpl.nicolet.spectrum.txt,0.000405,1.000000,0.000000,0.000948,1.000000,0.000000,0.001874,0.958067,0.356929,0.004514,0.996482,1.000000,0.004429,0.996511,1.000000
"Sphalerite (Zn,Fe)S (S-1A)",S-1A,becknic,mineral,mineral.sulfide.none.fine.tir.s-1a.jpl.nicolet.spectrum.txt,0.000406,1.000000,0.000000,0.000948,1.000000,0.000000,0.003291,0.999343,0.356929,0.005994,0.999110,1.000000,0.002521,0.997057,1.000000
"Pyrite FeS_2 (S-2A)",S-2A,becknic,mineral,mineral.sulfide.none.fine.tir.s-2a.jpl.nicolet.spectrum.txt,0.000491,1.000000,0.000000,0.000243,1.000000,0.000000,0.000793,0.916713,0.356929,0.000844,0.996726,1.000000,0.001297,0.983879,1.000000
"Realgar AsS (S-3A)",S-3A,becknic,mineral,mineral.sulfide.none.fine.tir.s-3a.jpl.nicolet.spectrum.txt,0.000289,1.000000,0.000000,0.000724,1.000000,0.000000,0.001161,0.689939,0.356929,0.003579,0.998052,1.000000,0.006527,0.997620,1.000000
"Chalcopyrite CuFeS_2 (S-4A)",S-4A,becknic,mineral,mineral.sulfide.none.fine.tir.s-4a.jpl.nicolet.spectrum.txt,0.000206,1.000000,0.000000,0.000561,1.000000,0.000000,0.000812,0.647506,0.356929,0.005244,0.993138,1.000000,0.004899,0.998647,1.000000
"Arsenopyrite FeAsS (S-5A)",S-5A,becknic,mineral,mineral.sulfide.none.fine.tir.s-5a.jpl.nicolet.spectrum.txt,0.000430,1.000000,0.000000,0.000231,1.000000,0.000000,0.000781,0.829067,0.356929,0.001124,0.978528,1.000000,0.001167,0.994089,1.000000
"Galena PbS (S-7A)",S-7A,becknic,mineral,mineral.sulfide.none.fine.tir.s-7a.jpl.nicolet.spectrum.txt,0.000466,1.000000,0.000000,0.000238,1.000000,0.000000,0.000852,0.830967,0.356929,0.003867,0.997825,1.000000,0.001486,0.998538,1.000000
"Chalcocite Cu_2S (S-8A)",S-8A,becknic,mineral,mineral.sulfide.none.fine.tir.s-8a.jpl.nicolet.spectrum.txt,0.000142,1.000000,0.000000,0.000113,1.000000,0.000000,0.000788,0.977858,0.356929,0.000998,0.995482,1.000000,0.000938,0.886946,1.000000
"Bornite Cu_5FeS_4 (S-9A)",S-9A,becknic,mineral,mineral.sulfide.none.fine.tir.s-9a.jpl.nicolet.spectrum.txt,0.000488,1.000000,0.000000,0.000242,1.000000,0.000000,0.000854,0.295695,0.356929,0.000860,0.507834,1.000000,0.000935,0.922991,1.000000
"Marcasite FeS_2 (S-10A)",S-10A,becknic,mineral,mineral.sulfide.none.fine.vswir.s-10a.jpl.beckman.spectrum.txt,0.000564,0.992752,0.883721,0.000458,0.959290,1.000000,0.000652,0.999337,1.000000,0.000363,1.000000,0.000000,0.000551,1.000000,0.000000
"Marcasite FeS_2 (S-10A)",S-10A,becknic,mineral,mineral.sulfide.none.fine.vswir.s-10a.jpl.perkin.spectrum.txt,0.000565,0.997331,0.883721,0.001029,0.967952,1.000000,0.001365,0.988657,1.000000,0.000476,1.000000,0.000000,0.000521,1.000000,0.000000
"Molybdenite MoS_2 (S-11A)",S-11A,becknic,mineral,mineral.sulfide.none.fine.vswir.s-11a.jpl.beckman.spectrum.txt,0.001862,0.986410,0.883721,0.004191,0.994272,1.000000,0.001398,0.999419,1.000000,0.000694,1.000000,0.000000,0.000562,1.000000,0.000000
"Molybdenite MoS_2 (S-11A)",S-11A,becknic,mineral,mineral.sulfide.none.fine.vswir.s-11a.jpl.perkin.spectrum.txt,0.001922,0.985952,0.883721,0.004589,0.994620,1.000000,0.001439,0.999351,1.000000,0.000716,1.000000,0.000000,0.000595,1.000000,0.000000
"Pyrrhotite Fe_1-xS (S-12A)",S-12A,becknic,mineral,mineral.sulfide.none.fine.vswir.s-12a.jpl.beckman.spectrum.txt,0.000443,0.998588,0.883721,0.000666,0.974355,1.000000,0.000583,0.996219,1.000000,0.000511,1.000000,0.000000,0.000478,1.000000,0.000000
"Sphalerite (Zn,Fe)S (S-1A)",S-1A,becknic,mineral,mineral.sulfide.none.fine.vswir.s-1a.jpl.beckman.spectrum.txt,0.001697,0.999800,0.883721,0.000664,0.995733,1.000000,0.002709,0.999569,1.000000,0.000507,1.000000,0.000000,0.000526,1.000000,0.000000
"Sphalerite (Zn,Fe)S (S-1A)",S-1A,becknic,mineral,mineral.sulfide.none.fine.vswir.s-1a.jpl.perkin.spectrum.txt,0.001659,0.999783,0.883721,0.000559,0.997833,1.000000,0.002710,0.999556,1.000000,0.000486,1.000000,0.000000,0.000514,1.000000,0.000000
"Pyrite FeS_2 (S-2A)",S-2A,becknic,mineral,mineral.sulfide.none.fine.vswir.s-2a.jpl.beckman.spectrum.txt,0.000554,0.997932,0.883721,0.000507,0.973138,1.000000,0.000864,0.996033,1.000000,0.000477,1.000000,0.000000,0.000369,1.000000,0.000000
"Pyrite FeS_2 (S-2A)",S-2A,becknic,mineral,mineral.sulfide.none.fine.vswir.s-2a.jpl.perkin.spectrum.txt,0.000681,0.997786,0.883721,0.000511,0.991776,1.000000,0.000773,0.995153,1.000000,0.000274,1.000000,0.000000,0.000345,1.000000,0.000000
"Realgar AsS (S-3A)",S-3A,becknic,mineral,mineral.sulfide.none.fine.vswir.s-3a.jpl.beckman.spectrum.txt,0.015057,0.998295,0.883721,0.001214,0.972302,1.000000,0.001037,0.989070,1.000000,0.000824,1.000000,0.000000,0.001466,0.000000,0.000000
"Realgar AsS (S-3A)",S-3A,becknic,mineral,mineral.sulfide.none.fine.vswir.s-3a.jpl.perkin.spectrum.txt,0.011867,0.998772,0.883721,0.000653,0.991503,1.000000,0.001426,0.987294,1.000000,0.000458,1.000000,0.000000,0.000763,1.000000,0.000000
"Chalcopyrite CuFeS_2 (S-4A)",S-4A,becknic,mineral,mineral.sulfide.none.fine.vswir.s-4a.jpl.beckman.spectrum.txt,0.000658,0.998870,0.883721,0.000480,0.977053,1.000000,0.000517,0.848133,1.000000,0.000395,1.000000,0.000000,0.000389,1.000000,0.000000
"Chalcopyrite CuFeS_2 (S-4A)",S-4A,becknic,mineral,mineral.sulfide.none.fine.vswir.s-4a.jpl.perkin.spectrum.txt,0.000622,0.999133,0.883721,0.001183,0.712175,1.000000,0.001410,0.850150,1.000000,0.000408,1.000000,0.000000,0.000533,1.000000,0.000000
"Arsenopyrite FeAsS (S-5A)",S-5A,becknic,mineral,mineral.sulfide.none.fine.vswir.s-5a.jpl.beckman.spectrum.txt,0.000695,0.969230,0.883721,0.000581,0.775487,1.000000,0.000463,1.000000,1.000000,0.000507,1.000000,0.000000,0.000466,1.000000,0.000000
"Arsenopyrite FeAsS (S-5A)",S-5A,becknic,mineral,mineral.sulfide.none.fine.vswir.s-5a.jpl.perkin.spectrum.txt,0.000398,0.901658,0.883721,0.000441,0.952259,1.000000,0.000453,0.989054,1.000000,0.000252,1.000000,0.000000,0.000337,1.000000,0.000000
"Stibnite Sb_2S_3 (S-6A)",S-6A,becknic,mineral,mineral.sulfide.none.fine.vswir.s-6a.jpl.beckman.spectrum.txt,0.021611,0.857992,0.883721,0.016978,0.956422,1.000000,0.001270,0.980992,1.000000,0.000591,1.000000,0.000000,0.001063,0.000000,0.000000
"Galena PbS (S-7A)",S-7A,becknic,mineral,mineral.sulfide.none.fine.vswir.s-7a.jpl.beckman.spectrum.txt,0.000889,0.996979,0.883721,0.000721,0.960937,1.000000,0.000486,0.924922,1.000000,0.000471,1.000000,0.000000,0.000375,1.000000,0.000000
"Galena PbS (S-7A)",S-7A,becknic,mineral,mineral.sulfide.none.fine.vswir.s-7a.jpl.perkin.spectrum.txt,0.000565,0.997711,0.883721,0.000421,0.975714,1.000000,0.000500,0.965603,1.000000,0.000302,1.000000,0.000000,0.000361,1.000000,0.000000
"Chalcocite Cu_2S (S-8A)",S-8A,becknic,mineral,mineral.sulfide.none.fine.vswir.s-8a.jpl.beckman.spectrum.txt,0.000474,0.974681,0.883721,0.000538,0.935084,1.000000,0.000357,0.998663,1.000000,0.000218,1.000000,0.000000,0.000335,1.000000,0.000000
"Chalcocite Cu_2S (S-8A)",S-8A,becknic,mineral,mineral.sulfide.none.fine.vswir.s-8a.jpl.perkin.spectrum.txt,0.000098,0.999269,0.883721,0.000457,0.971918,1.000000,0.000460,0.997409,1.000000,0.000222,1.000000,0.000000,0.000309,1.000000,0.000000
"Bornite Cu_5FeS_4 (S-9A)",S-9A,becknic,mineral,mineral.sulfide.none.fine.vswir.s-9a.jpl.beckman.spectrum.txt,0.001125,0.982028,0.883721,0.000504,0.992649,1.000000,0.000569,0.968733,1.000000,0.000476,1.000000,0.000000,0.000371,1.000000,0.000000
"Bornite Cu_5FeS_4 (S-9A)",S-9A,becknic,mineral,mineral.sulfide.none.fine.vswir.s-9a.jpl.perkin.spectrum.txt,0.000368,0.996371,0.883721,0.000451,0.987507,1.000000,0.000499,0.946326,1.000000,0.000329,1.000000,0.000000,0.000370,1.000000,0.000000
"Marcasite FeS_2 (S-10A)",S-10A,becknic,mineral,mineral.sulfide.none.medium.tir.s-10a.jpl.nicolet.spectrum.txt,0.000402,1.000000,0.000000,0.000223,1.000000,0.000000,0.000884,0.343784,0.356929,0.001938,0.994970,1.000000,0.002284,0.984253,1.000000
"Molybdenite MoS_2 (S-11A)",S-11A,becknic,mineral,mineral.sulfide.none.medium.tir.s-11a.jpl.nicolet.spectrum.txt,0.000409,1.000000,0.000000,0.000947,1.000000,0.000000,0.001530,0.916623,0.356929,0.004962,0.992180,1.000000,0.004980,0.993037,1.000000
"Sphalerite (Zn,Fe)S (S-1A)",S-1A,becknic,mineral,mineral.sulfide.none.medium.tir.s-1a.jpl.nicolet.spectrum.txt,0.000527,1.000000,0.000000,0.000577,1.000000,0.000000,0.004065,0.998674,0.356929,0.008481,0.998275,1.000000,0.004323,0.994786,1.000000
"Pyrite FeS_2 (S-2A)",S-2A,becknic,mineral,mineral.sulfide.none.medium.tir.s-2a.jpl.nicolet.spectrum.txt,0.000466,1.000000,0.000000,0.000258,1.000000,0.000000,0.000860,0.759889,0.356929,0.001262,0.991225,1.000000,0.001859,0.986270,1.000000
"Realgar AsS (S-3A)",S-3A,becknic,mineral,mineral.sulfide.none.medium.tir.s-3a.jpl.nicolet.spectrum.txt,0.000191,1.000000,0.000000,0.000511,1.000000,0.000000,0.000746,0.983502,0.356929,0.002659,0.999610,1.000000,0.005331,0.998905,1.000000
"Chalcopyrite CuFeS_2 (S-4A)",S-4A,becknic,mineral,mineral.sulfide.none.medium.tir.s-4a.jpl.nicolet.spectrum.txt,0.000181,1.000000,0.000000,0.000488,1.000000,0.000000,0.001121,0.930276,0.356929,0.007524,0.994960,1.000000,0.003368,0.998884,1.000000
"Arsenopyrite FeAsS (S-5A)",S-5A,becknic,mineral,mineral.sulfide.none.medium.tir.s-5a.jpl.nicolet.spectrum.txt,0.000368,1.000000,0.000000,0.000281,1.000000,0.000000,0.001058,0.936472,0.356929,0.001495,0.990148,1.000000,0.001275,0.998995,1.000000
"Galena PbS (S-7A)",S-7A,becknic,mineral,mineral.sulfide.none.medium.tir.s-7a.jpl.nicolet.spectrum.txt,0.000370,1.000000,0.000000,0.000334,1.000000,0.000000,0.000841,1.000000,0.356929,0.002685,0.990897,1.000000,0.001084,0.996982,1.000000
"Chalcocite Cu_2S (S-8A)",S-8A,becknic,mineral,mineral.sulfide.none.medium.tir.s-8a.jpl.nicolet.spectrum.txt,0.000249,1.000000,0.000000,0.000189,1.000000,0.000000,0.000907,0.447744,0.356929,0.000701,0.958798,1.000000,0.000913,0.952251,1.000000
"Bornite Cu_5FeS_4 (S-9A)",S-9A,becknic,mineral,mineral.sulfide.none.medium.tir.s-9a.jpl.nicolet.spectrum.txt,0.000522,1.000000,0.000000,0.000369,1.000000,0.000000,0.001043,0.462069,0.356929,0.001116,0.554992,1.000000,0.000917,0.977946,1.000000
"Marcasite FeS_2 (S-10A)",S-10A,becknic,mineral,mineral.sulfide.none.medium.vswir.s-10a.jpl.beckman.spectrum.txt,0.000636,0.998423,0.883721,0.000612,0.996912,1.000000,0.000705,0.999082,1.000000,0.000402,1.000000,0.000000,0.000535,1.000000,0.000000
"Marcasite FeS_2 (S-10A)",S-10A,becknic,mineral,mineral.sulfide.none.medium.vswir.s-10a.jpl.perkin.spectrum.txt,0.000395,0.998449,0.883721,0.000437,0.948669,1.000000,0.000546,0.996464,1.000000,0.000379,1.000000,0.000000,0.000387,1.000000,0.000000
"Molybdenite MoS_2 (S-11A)",S-11A,becknic,mineral,mineral.sulfide.none.medium.vswir.s-11a.jpl.beckman.spectrum.txt,0.002499,0.965770,0.883721,0.005171,0.990013,1.000000,0.001138,0.999362,1.000000,0.000747,1.000000,0.000000,0.000546,1.000000,0.000000
"Molybdenite MoS_2 (S-11A)",S-11A,becknic,mineral,mineral.sulfide.none.medium.vswir.s-11a.jpl.perkin.spectrum.txt,0.002861,0.966056,0.883721,0.004045,0.994511,1.000000,0.001270,0.999287,1.000000,0.000732,1.000000,0.000000,0.000603,1.000000,0.000000
"Sphalerite (Zn,Fe)S (S-1A)",S-1A,becknic,mineral,mineral.sulfide.none.medium.vswir.s-1a.jpl.beckman.spectrum.txt,0.001087,0.999853,0.883721,0.000838,0.997896,1.000000,0.004774,0.998788,1.000000,0.000348,1.000000,0.000000,0.000378,1.000000,0.000000
"Sphalerite (Zn,Fe)S (S-1A)",S-1A,becknic,mineral,mineral.sulfide.none.medium.vswir.s-1a.jpl.perkin.spectrum.txt,0.000978,0.999867,0.883721,0.001132,0.996349,1.000000,0.004753,0.998797,1.000000,0.000273,1.000000,0.000000,0.000345,1.000000,0.000000
"Pyrite FeS_2 (S-2A)",S-2A,becknic,mineral,mineral.sulfide.none.medium.vswir.s-2a.jpl.beckman.spectrum.txt,0.000953,0.998729,0.883721,0.000442,0.997220,1.000000,0.000879,0.934523,1.000000,0.000509,1.000000,0.000000,0.000470,1.000000,0.000000
"Pyrite FeS_2 (S-2A)",S-2A,becknic,mineral,mineral.sulfide.none.medium.vswir.s-2a.jpl.perkin.spectrum.txt,0.000707,0.998186,0.883721,0.000441,0.994684,1.000000,0.000797,0.979145,1.000000,0.000300,1.000000,0.000000,0.000360,1.000000,0.000000
"Realgar AsS (S-3A)",S-3A,becknic,mineral,mineral.sulfide.none.medium.vswir.s-3a.jpl.beckman.spectrum.txt,0.012356,0.998413,0.883721,0.001029,0.989373,1.000000,0.001495,0.994698,1.000000,0.000456,1.000000,0.000000,0.000752,1.000000,0.000000
"Realgar AsS (S-3A)",S-3A,becknic,mineral,mineral.sulfide.none.medium.vswir.s-3a.jpl.perkin.spectrum.txt,0.011130,0.998556,0.883721,0.000694,0.992535,1.000000,0.001315,0.993025,1.000000,0.000393,1.000000,0.000000,0.000642,1.000000,0.000000
"Chalcopyrite CuFeS_2 (S-4A)",S-4A,becknic,mineral,mineral.sulfide.none.medium.vswir.s-4a.jpl.beckman.spectrum.txt,0.000846,0.999510,0.883721,0.000486,0.991302,1.000000,0.000641,0.926906,1.000000,0.000418,1.000000,0.000000,0.000536,1.000000,0.000000
"Chalcopyrite CuFeS_2 (S-4A)",S-4A,becknic,mineral,mineral.sulfide.none.medium.vswir.s-4a.jpl.perkin.spectrum.txt,0.008990,0.896295,0.883721,0.015393,0.958365,1.000000,0.001107,0.982417,1.000000,0.000654,1.000000,0.000000,0.001326,0.000000,0.000000
"Arsenopyrite FeAsS (S-5A)",S-5A,becknic,mineral,mineral.sulfide.none.medium.vswir.s-5a.jpl.beckman.spectrum.txt,0.000861,0.980259,0.883721,0.000341,1.000000,1.000000,0.000776,0.916816,1.000000,0.000479,1.000000,0.000000,0.000520,1.000000,0.000000
"Arsenopyrite FeAsS (S-5A)",S-5A,becknic,mineral,mineral.sulfide.none.medium.vswir.s-5a.jpl.perkin.spectrum.txt,0.000345,0.996479,0.883721,0.000501,0.985383,1.000000,0.000622,0.925157,1.000000,0.000400,1.000000,0.000000,0.000389,1.000000,0.000000
"Stibnite Sb_2S_3 (S-6A)",S-6A,becknic,mineral,mineral.sulfide.none.medium.vswir.s-6a.jpl.beckman.spectrum.txt,0.008055,0.876933,0.883721,0.017573,0.975599,1.000000,0.001709,0.981968,1.000000,0.000507,1.000000,0.000000,0.000627,1.000000,0.000000
"Galena PbS (S-7A)",S-7A,becknic,mineral,mineral.sulfide.none.medium.vswir.s-7a.jpl.beckman.spectrum.txt,0.000994,0.996055,0.883721,0.000469,0.964889,1.000000,0.000579,0.813462,1.000000,0.000490,1.000000,0.000000,0.000399,1.000000,0.000000
"Galena PbS (S-7A)",S-7A,becknic,mineral,mineral.sulfide.none.medium.vswir.s-7a.jpl.perkin.spectrum.txt,0.000768,0.996628,0.883721,0.000593,0.975953,1.000000,0.000546,0.806408,1.000000,0.000503,1.000000,0.000000,0.000452,1.000000,0.000000
"Chalcocite Cu_2S (S-8A)",S-8A,becknic,mineral,mineral.sulfide.none.medium.vswir.s-8a.jpl.beckman.spectrum.txt,0.000947,0.963592,0.883721,0.000597,0.857596,1.000000,0.000463,0.970125,1.000000,0.000244,1.000000,0.000000,0.000332,1.000000,0.000000
"Chalcocite Cu_2S (S-8A)",S-8A,becknic,mineral,mineral.sulfide.none.medium.vswir.s-8a.jpl.perkin.spectrum.txt,0.000353,0.994972,0.883721,0.000471,0.944813,1.000000,0.000612,0.953889,1.000000,0.000277,1.000000,0.000000,0.000349,1.000000,0.000000
"Bornite Cu_5FeS_4 (S-9A)",S-9A,becknic,mineral,mineral.sulfide.none.medium.vswir.s-9a.jpl.beckman.spectrum.txt,0.001095,0.989618,0.883721,0.000633,0.994671,1.000000,0.000725,0.987535,1.000000,0.000520,1.000000,0.000000,0.000511,1.000000,0.000000
"Bornite Cu_5FeS_4 (S-9A)",S-9A,becknic,mineral,mineral.sulfide.none.medium.vswir.s-9a.jpl.perkin.spectrum.txt,0.000586,0.996212,0.883721,0.000597,0.993226,1.000000,0.000670,0.986155,1.000000,0.000528,1.000000,0.000000,0.000513,1.000000,0.000000
"Scheelite CaWO_4 (T-1A)",T-1A,becknic,mineral,mineral.tungstate.none.coarse.tir.t-1a.jpl.nicolet.spectrum.txt,0.000279,1.000000,0.000000,0.000448,1.000000,0.000000,0.001304,0.991213,0.356929,0.015408,0.993271,1.000000,0.008470,0.995003,1.000000
"Scheelite CaWO_4 (T-1A)",T-1A,becknic,mineral,mineral.tungstate.none.coarse.vswir.t-1a.jpl.beckman.spectrum.txt,0.001818,0.999644,0.883721,0.001729,0.961421,1.000000,0.001110,0.998714,1.000000,0.000638,1.000000,0.000000,0.000604,1.000000,0.000000
"Scheelite CaWO_4 (T-1A)",T-1A,becknic,mineral,mineral.tungstate.none.coarse.vswir.t-1a.jpl.perkin.spectrum.txt,0.000830,0.999934,0.883721,0.002004,0.923870,1.000000,0.001172,0.998910,1.000000,0.000616,1.000000,0.000000,0.000604,1.000000,0.000000
"Scheelite CaWO_4 (T-1A)",T-1A,becknic,mineral,mineral.tungstate.none.fine.tir.t-1a.jpl.nicolet.spectrum.txt,0.000179,1.000000,0.000000,0.000555,1.000000,0.000000,0.000847,0.978903,0.356929,0.013800,0.993007,1.000000,0.007166,0.995443,1.000000
"Scheelite CaWO_4 (T-1A)",T-1A,becknic,mineral,mineral.tungstate.none.fine.vswir.t-1a.jpl.beckman.spectrum.txt,0.000950,0.999882,0.883721,0.001498,0.956956,1.000000,0.001130,0.973500,1.000000,0.000591,1.000000,0.000000,0.000509,1.000000,0.000000
"Scheelite CaWO_4 (T-1A)",T-1A,becknic,mineral,mineral.tungstate.none.fine.vswir.t-1a.jpl.perkin.spectrum.txt,0.000681,0.999949,0.883721,0.002635,0.839164,1.000000,0.001401,0.988426,1.000000,0.000392,1.000000,0.000000,0.000633,1.000000,0.000000
"Scheelite CaWO_4 (T-1A)",T-1A,becknic,mineral,mineral.tungstate.none.medium.tir.t-1a.jpl.nicolet.spectrum.txt,0.000190,1.000000,0.000000,0.000721,1.000000,0.000000,0.001292,0.979149,0.356929,0.013676,0.995637,1.000000,0.007892,0.995332,1.000000
"Scheelite CaWO_4 (T-1A)",T-1A,becknic,mineral,mineral.tungstate.none.medium.vswir.t-1a.jpl.beckman.spectrum.txt,0.001242,0.999847,0.883721,0.002722,0.860669,1.000000,0.001388,0.997511,1.000000,0.000589,1.000000,0.000000,0.000730,1.000000,0.000000
"Scheelite CaWO_4 (T-1A)",T-1A,becknic,mineral,mineral.tungstate.none.medium.vswir.t-1a.jpl.perkin.spectrum.txt,0.001124,0.999870,0.883721,0.001620,0.953326,1.000000,0.001717,0.997253,1.000000,0.000600,1.000000,0.000000,0.000752,1.000000,0.000000
"Abies concolor bark (VH311)",VH311,becknic,nonphotosyntheticvegetation,nonphotosyntheticvegetation.bark.abies.concolor.tir.vh311.ucsb.nicolet.spectrum.txt,0.000504,1.000000,0.000000,0.000884,1.000000,0.000000,0.000967,1.000000,0.000000,0.004156,0.997397,0.999750,0.001019,0.983351,1.000000
"Abies concolor bark (VH315)",VH315,becknic,nonphotosyntheticvegetation,nonphotosyntheticvegetation.bark.abies.concolor.tir.vh315.ucsb.nicolet.spectrum.txt,0.000470,1.000000,0.000000,0.000514,1.000000,0.000000,0.000726,1.000000,0.000000,0.002118,0.998723,0.999750,0.000775,0.976434,1.000000
"Abies concolor bark (VH311)",VH311,becknic,nonphotosyntheticvegetation,nonphotosyntheticvegetation.bark.abies.concolor.vswir.vh311.ucsb.asd.spectrum.txt,0.001774,0.998847,1.000000,0.001507,0.999362,1.000000,0.003133,0.997767,1.000000,0.000688,1.000000,0.000000,0.000744,1.000000,0.000000
"Abies concolor bark (VH315)",VH315,becknic,nonphotosyntheticvegetation,nonphotosyntheticvegetation.bark.abies.concolor.vswir.vh315.ucsb.asd.spectrum.txt,0.001494,0.997477,1.000000,0.001873,0.998067,1.000000,0.002524,0.997669,1.000000,0.000829,1.000000,0.000000,0.000797,1.000000,0.000000
"Acer rubrum (ACRU-1-81)",ACRU-1-81,becknic,nonphotosyntheticvegetation,nonphotosyntheticvegetation.bark.acer.rubrum.tir.acru-1-81.ucsb.nicolet.spectrum.txt,0.000468,1.000000,0.000000,0.000520,1.000000,0.000000,0.000728,1.000000,0.000000,0.004260,0.995479,0.999750,0.001889,0.873083,1.000000
"Acer rubrum (ACRU-2-82)",ACRU-2-82,becknic,nonphotosyntheticvegetation,nonphotosyntheticvegetation.bark.acer.rubrum.tir.acru-2-82.ucsb.nicolet.spectrum.txt,0.000500,1.000000,0.000000,0.000950,1.000000,0.000000,0.001048,0.000000,0.000000,0.004642,0.996742,0.999750,0.002263,0.952727,1.000000
"Acer rubrum (ACRU-1-81)",ACRU-1-81,becknic,nonphotosyntheticvegetation,nonphotosyntheticvegetation.bark.acer.rubrum.vswir.acru-1-81.ucsb.asd.spectrum.txt,0.003305,0.996864,1.000000,0.001031,0.999052,1.000000,0.003105,0.997832,1.000000,0.000553,1.000000,0.000000,0.000539,1.000000,0.000000
"Acer rubrum (ACRU-2-82)",ACRU-2-82,becknic,nonphotosyntheticvegetation,nonphotosyntheticvegetation.bark.acer.rubrum.vswir.acru-2-82.ucsb.asd.spectrum.txt,0.002679,0.998335,1.000000,0.002651,0.997673,1.000000,0.002381,0.999276,1.000000,0.000641,1.000000,0.000000,0.000682,1.000000,0.000000
"Betula papyrifera (BEPA-1-85)",BEPA-1-85,becknic,nonphotosyntheticvegetation,nonphotosyntheticvegetation.bark.betula.papyrifera.tir.bepa-1-85.ucsb.nicolet.spectrum.txt,0.000427,1.000000,0.000000,0.000942,1.000000,0.000000,0.001766,0.000000,0.000000,0.007655,0.996519,0.999750,0.005032,0.964813,1.000000
"Betula papyrifera (BEPA-2-86)",BEPA-2-86,becknic,nonphotosyntheticvegetation,nonphotosyntheticvegetation.bark.betula.papyrifera.tir.bepa-2-86.ucsb.nicolet.spectrum.txt,0.000830,1.000000,0.000000,0.000869,1.000000,0.000000,0.001651,0.000000,0.000000,0.006055,0.997559,0.999750,0.004197,0.980183,1.000000
"Betula papyrifera (BEPA-1-85)",BEPA-1-85,becknic,nonphotosyntheticvegetation,nonphotosyntheticvegetation.bark.betula.papyrifera.vswir.bepa-1-85.ucsb.asd.spectrum.txt,0.004610,0.997426,1.000000,0.001298,0.999643,1.000000,0.006261,0.992952,1.000000,0.000469,1.000000,0.000000,0.000675,1.000000,0.000000
"Betula papyrifera (BEPA-2-86)",BEPA-2-86,becknic,nonphotosyntheticvegetation,nonphotosyntheticvegetation.bark.betula.papyrifera.vswir.bepa-2-86.ucsb.asd.spectrum.txt,0.004207,0.996729,1.000000,0.002106,0.998510,1.000000,0.006532,0.992914,1.000000,0.000502,1.000000,0.000000,0.000618,1.000000,0.000000
"Calocedrus decurrens bark (VH312)",VH312,becknic,nonphotosyntheticvegetation,nonphotosyntheticvegetation.bark.calocedrus.decurrens.tir.vh312.ucsb.nicolet.spectrum.txt,0.000504,1.000000,0.000000,0.000859,1.000000,0.000000,0.000946,1.000000,0.000000,0.003623,0.997084,0.999750,0.001345,0.991580,1.000000
"Calocedrus decurrens bark (VH316)",VH316,becknic,nonphotosyntheticvegetation,nonphotosyntheticvegetation.bark.calocedrus.decurrens.tir.vh316.ucsb.nicolet.spectrum.txt,0.000469,1.000000,0.000000,0.000516,1.000000,0.000000,0.000727,1.000000,0.000000,0.002817,0.997992,0.999750,0.001047,0.986554,1.000000
"Calocedrus decurrens bark (VH312)",VH312,becknic,nonphotosyntheticvegetation,nonphotosyntheticvegetation.bark.calocedrus.decurrens.vswir.vh312.ucsb.asd.spectrum.txt,0.003540,0.998791,1.000000,0.002179,0.999243,1.000000,0.002822,0.999373,1.000000,0.000689,1.000000,0.000000,0.000544,1.000000,0.000000
"Calocedrus decurrens bark (VH316)",VH316,becknic,nonphotosyntheticvegetation,nonphotosyntheticvegetation.bark.calocedrus.decurrens.vswir.vh316.ucsb.asd.spectrum.txt,0.004233,0.998391,1.000000,0.001620,0.999741,1.000000,0.003294,0.999306,1.000000,0.000690,1.000000,0.000000,0.000573,1.000000,0.000000
"Pinus coulteri bark (VH342)",VH342,becknic,nonphotosyntheticvegetation,nonphotosyntheticvegetation.bark.pinus.coulteri.tir.vh342.ucsb.nicolet.spectrum.txt,0.000417,1.000000,0.000000,0.000346,1.000000,0.000000,0.000632,1.000000,0.000000,0.001835,0.997970,0.999750,0.000834,0.951289,1.000000
"Pinus coulteri bark (VH343)",VH343,becknic,nonphotosyntheticvegetation,nonphotosyntheticvegetation.bark.pinus.coulteri.tir.vh343.ucsb.nicolet.spectrum.txt,0.000493,1.000000,0.000000,0.000389,1.000000,0.000000,0.000621,1.000000,0.000000,0.002867,0.996889,0.999750,0.000970,0.946111,1.000000
"Pinus coulteri bark (VH344)",VH344,becknic,nonphotosyntheticvegetation,nonphotosyntheticvegetation.bark.pinus.coulteri.tir.vh344.ucsb.nicolet.spectrum.txt,0.000502,1.000000,0.000000,0.000384,1.000000,0.000000,0.000611,1.000000,0.000000,0.001945,0.998057,0.999750,0.000782,0.977771,1.000000
"Pinus coulteri bark (VH342)",VH342,becknic,nonphotosyntheticvegetation,nonphotosyntheticvegetation.bark.pinus.coulteri.vswir.vh342.ucsb.asd.spectrum.txt,0.001402,0.999006,1.000000,0.001029,0.999518,1.000000,0.002056,0.998479,1.000000,0.000644,1.000000,0.000000,0.000575,1.000000,0.000000
"Pinus coulteri bark (VH343)",VH343,becknic,nonphotosyntheticvegetation,nonphotosyntheticvegetation.bark.pinus.coulteri.vswir.vh343.ucsb.asd.spectrum.txt,0.000920,0.998417,1.000000,0.001176,0.998709,1.000000,0.002300,0.997287,1.000000,0.000621,1.000000,0.000000,0.000563,1.000000,0.000000
"Pinus coulteri bark (VH344)",VH344,becknic,nonphotosyntheticvegetation,nonphotosyntheticvegetation.bark.pinus.coulteri.vswir.vh344.ucsb.asd.spectrum.txt,0.001035,0.997768,1.000000,0.002867,0.997904,1.000000,0.002716,0.997734,1.000000,0.000821,1.000000,0.000000,0.000829,1.000000,0.000000
"Pinus lambertiana bark (VH317)",VH317,becknic,nonphotosyntheticvegetation,nonphotosyntheticvegetation.bark.pinus.lambertiana.tir.vh317.ucsb.nicolet.spectrum.txt,0.000498,1.000000,0.000000,0.000727,1.000000,0.000000,0.000860,1.000000,0.000000,0.002863,0.997936,0.999750,0.001142,0.990837,1.000000
"Pinus lambertiana bark (VH317)",VH317,becknic,nonphotosyntheticvegetation,nonphotosyntheticvegetation.bark.pinus.lambertiana.vswir.vh317.ucsb.asd.spectrum.txt,0.002603,0.997503,1.000000,0.002681,0.999029,1.000000,0.002882,0.998983,1.000000,0.000822,1.000000,0.000000,0.000823,1.000000,0.000000
"Pinus ponderosa Bark (VH313)",VH313,becknic,nonphotosyntheticvegetation,nonphotosyntheticvegetation.bark.pinus.ponderosa.tir.vh313.ucsb.nicolet.spectrum.txt,0.000500,1.000000,0.000000,0.000757,1.000000,0.000000,0.000878,1.000000,0.000000,0.002958,0.997901,0.999750,0.001956,0.991208,1.000000
"Pinus ponderosa bark (VH314)",VH314,becknic,nonphotosyntheticvegetation,nonphotosyntheticvegetation.bark.pinus.ponderosa.tir.vh314.ucsb.nicolet.spectrum.txt,0.000454,1.000000,0.000000,0.000554,1.000000,0.000000,0.000747,1.000000,0.000000,0.003554,0.996792,0.999750,0.001712,0.990908,1.000000
"Pinus ponderosa Bark (VH313)",VH313,becknic,nonphotosyntheticvegetation,nonphotosyntheticvegetation.bark.pinus.ponderosa.vswir.vh313.ucsb.asd.spectrum.txt,0.002874,0.997921,1.000000,0.003743,0.998365,1.000000,0.003060,0.999102,1.000000,0.000732,1.000000,0.000000,0.000542,1.000000,0.000000
"Pinus ponderosa bark (VH314)",VH314,becknic,nonphotosyntheticvegetation,nonphotosyntheticvegetation.bark.pinus.ponderosa.vswir.vh314.ucsb.asd.spectrum.txt,0.002073,0.997108,1.000000,0.002385,0.998836,1.000000,0.002954,0.998631,1.000000,0.000655,1.000000,0.000000,0.000629,1.000000,0.000000
"Pinus strobus (PIST-1-83)",PIST-1-83,becknic,nonphotosyntheticvegetation,nonphotosyntheticvegetation.bark.pinus.strobus.tir.pist-1-83.ucsb.nicolet.spectrum.txt,0.000498,1.000000,0.000000,0.000722,1.000000,0.000000,0.000856,1.000000,0.000000,0.003659,0.996382,0.999750,0.002066,0.953950,1.000000
"Pinus strobus (PIST-2-84)",PIST-2-84,becknic,nonphotosyntheticvegetation,nonphotosyntheticvegetation.bark.pinus.strobus.tir.pist-2-84.ucsb.nicolet.spectrum.txt,0.000463,1.000000,0.000000,0.000530,1.000000,0.000000,0.000733,1.000000,0.000000,0.002722,0.997079,0.999750,0.001792,0.950204,1.000000
"Pinus strobus (PIST-1-83)",PIST-1-83,becknic,nonphotosyntheticvegetation,nonphotosyntheticvegetation.bark.pinus.strobus.vswir.pist-1-83.ucsb.asd.spectrum.txt,0.003480,0.997883,1.000000,0.001567,0.999492,1.000000,0.002643,0.999282,1.000000,0.000802,1.000000,0.000000,0.000755,1.000000,0.000000
"Pinus strobus (PIST-2-84)",PIST-2-84,becknic,nonphotosyntheticvegetation,nonphotosyntheticvegetation.bark.pinus.strobus.vswir.pist-2-84.ucsb.asd.spectrum.txt,0.003923,0.994821,1.000000,0.003044,0.999023,1.000000,0.002860,0.999268,1.000000,0.000789,1.000000,0.000000,0.000806,1.000000,0.000000
"Quercus rubra (QURU-1-79)",QURU-1-79,becknic,nonphotosyntheticvegetation,nonphotosyntheticvegetation.bark.quercus.rubra.tir.quru-1-79.ucsb.nicolet.spectrum.txt,0.000450,1.000000,0.000000,0.000568,1.000000,0.000000,0.000755,1.000000,0.000000,0.003773,0.996543,0.999750,0.001812,0.919098,1.000000
"Quercus rubra (QURU-2-80)",QURU-2-80,becknic,nonphotosyntheticvegetation,nonphotosyntheticvegetation.bark.quercus.rubra.tir.quru-2-80.ucsb.nicolet.spectrum.txt,0.000489,1.000000,0.000000,0.000419,1.000000,0.000000,0.000679,1.000000,0.000000,0.003707,0.994676,0.999750,0.001863,0.840657,1.000000
"Quercus rubra (QURU-1-79)",QURU-1-79,becknic,nonphotosyntheticvegetation,nonphotosyntheticvegetation.bark.quercus.rubra.vswir.quru-1-79.ucsb.asd.spectrum.txt,0.001752,0.997434,1.000000,0.000989,0.998820,1.000000,0.003825,0.994699,1.000000,0.000364,1.000000,0.000000,0.000550,1.000000,0.000000
"Quercus rubra (QURU-2-80)",QURU-2-80,becknic,nonphotosyntheticvegetation,nonphotosyntheticvegetation.bark.quercus.rubra.vswir.quru-2-80.ucsb.asd.spectrum.txt,0.001803,0.997835,1.000000,0.001549,0.998333,1.000000,0.002518,0.998261,1.000000,0.000469,1.000000,0.000000,0.000522,1.000000,0.000000
"Adenostoma fasciculatum branch (VH333)",VH333,becknic,nonphotosyntheticvegetation,nonphotosyntheticvegetation.branches.adenostoma.fasciculatum.tir.vh333.ucsb.nicolet.spectrum.txt,0.000366,1.000000,0.000000,0.000282,1.000000,0.000000,0.000514,1.000000,0.000000,0.001169,0.997113,0.999750,0.000825,0.852996,1.000000
"Adenostoma fasciculatum branch (VH334)",VH334,becknic,nonphotosyntheticvegetation,nonphotosyntheticvegetation.branches.adenostoma.fasciculatum.tir.vh334.ucsb.nicolet.spectrum.txt,0.000495,1.000000,0.000000,0.000387,1.000000,0.000000,0.000617,1.000000,0.000000,0.002203,0.997412,0.999750,0.001097,0.950757,1.000000
"Adenostoma fasciculatum branch (VH333)",VH333,becknic,nonphotosyntheticvegetation,nonphotosyntheticvegetation.branches.adenostoma.fasciculatum.vswir.vh333.ucsb.asd.spectrum.txt,0.002428,0.998396,1.000000,0.002842,0.997571,1.000000,0.002456,0.998584,1.000000,0.000632,1.000000,0.000000,0.000690,1.000000,0.000000
"Adenostoma fasciculatum branch (VH334)",VH334,becknic,nonphotosyntheticvegetation,nonphotosyntheticvegetation.branches.adenostoma.fasciculatum.vswir.vh334.ucsb.asd.spectrum.txt,0.002597,0.998393,1.000000,0.002163,0.998826,1.000000,0.002750,0.998729,1.000000,0.000643,1.000000,0.000000,0.000705,1.000000,0.000000
"Ceanothus megacarpus branch (VH331)",VH331,becknic,nonphotosyntheticvegetation,nonphotosyntheticvegetation.branches.ceanothus.megacarpus.tir.vh331.ucsb.nicolet.spectrum.txt,0.000480,1.000000,0.000000,0.000360,1.000000,0.000000,0.000630,1.000000,0.000000,0.002049,0.997487,0.999750,0.000848,0.933434,1.000000
"Ceanothus megacarpus branch (VH332)",VH332,becknic,nonphotosyntheticvegetation,nonphotosyntheticvegetation.branches.ceanothus.megacarpus.tir.vh332.ucsb.nicolet.spectrum.txt,0.000488,1.000000,0.000000,0.000397,1.000000,0.000000,0.000653,1.000000,0.000000,0.003478,0.995138,0.999750,0.001224,0.929832,1.000000
"Ceanothus megacarpus branch (VH331)",VH331,becknic,nonphotosyntheticvegetation,nonphotosyntheticvegetation.branches.ceanothus.megacarpus.vswir.vh331.ucsb.asd.spectrum.txt,0.001236,0.997408,1.000000,0.001883,0.997974,1.000000,0.001954,0.997864,1.000000,0.000688,1.000000,0.000000,0.000639,1.000000,0.000000
"Ceanothus megacarpus branch (VH332)",VH332,becknic,nonphotosyntheticvegetation,nonphotosyntheticvegetation.branches.ceanothus.megacarpus.vswir.vh332.ucsb.asd.spectrum.txt,0.001746,0.997747,1.000000,0.002042,0.998555,1.000000,0.002742,0.997735,1.000000,0.000724,1.000000,0.000000,0.000686,1.000000,0.000000
"Foeniculum vulgare litter (VH360)",VH360,becknic,nonphotosyntheticvegetation,nonphotosyntheticvegetation.branches.foeniculum.vulgare.tir.vh360.ucsb.nicolet.spectrum.txt,0.000494,1.000000,0.000000,0.000451,1.000000,0.000000,0.000699,1.000000,0.000000,0.003418,0.996790,0.999750,0.001698,0.983533,1.000000
"Foeniculum vulgare litter (VH361)",VH361,becknic,nonphotosyntheticvegetation,nonphotosyntheticvegetation.branches.foeniculum.vulgare.tir.vh361.ucsb.nicolet.spectrum.txt,0.000467,1.000000,0.000000,0.000648,1.000000,0.000000,0.000801,1.000000,0.000000,0.003890,0.997395,0.999750,0.001761,0.990157,1.000000
"Foeniculum vulgare litter (VH360)",VH360,becknic,nonphotosyntheticvegetation,nonphotosyntheticvegetation.branches.foeniculum.vulgare.vswir.vh360.ucsb.asd.spectrum.txt,0.001920,0.998551,1.000000,0.001041,0.999471,1.000000,0.003418,0.995408,1.000000,0.000704,1.000000,0.000000,0.000552,1.000000,0.000000
"Foeniculum vulgare litter (VH361)",VH361,becknic,nonphotosyntheticvegetation,nonphotosyntheticvegetation.branches.foeniculum.vulgare.vswir.vh361.ucsb.asd.spectrum.txt,0.001775,0.998207,1.000000,0.002356,0.997088,1.000000,0.003477,0.996381,1.000000,0.000766,1.000000,0.000000,0.000544,1.000000,0.000000
"Salvia leucophylla 1 (VH290)",VH290,becknic,nonphotosyntheticvegetation,nonphotosyntheticvegetation.branches.salvia.leucophylla.tir.vh290.ucsb.nicolet.spectrum.txt,0.000498,1.000000,0.000000,0.000723,1.000000,0.000000,0.000857,1.000000,0.000000,0.002635,0.998511,0.999750,0.001672,0.964832,1.000000
"Salvia leucophylla 2 (VH291)",VH291,becknic,nonphotosyntheticvegetation,nonphotosyntheticvegetation.branches.salvia.leucophylla.tir.vh291.ucsb.nicolet.spectrum.txt,0.000496,1.000000,0.000000,0.000703,1.000000,0.000000,0.000844,1.000000,0.000000,0.002910,0.998356,0.999750,0.001975,0.971893,1.000000
"Salvia leucophylla 3 (VH292)",VH292,becknic,nonphotosyntheticvegetation,nonphotosyntheticvegetation.branches.salvia.leucophylla.tir.vh292.ucsb.nicolet.spectrum.txt,0.000476,1.000000,0.000000,0.000658,1.000000,0.000000,0.000808,1.000000,0.000000,0.003023,0.998029,0.999750,0.001578,0.973267,1.000000
"Salvia leucophylla 1 (VH290)",VH290,becknic,nonphotosyntheticvegetation,nonphotosyntheticvegetation.branches.salvia.leucophylla.vswir.vh290.ucsb.asd.spectrum.txt,0.001465,0.998613,1.000000,0.000746,0.999576,1.000000,0.002060,0.997284,1.000000,0.000826,1.000000,0.000000,0.000792,1.000000,0.000000
"Salvia leucophylla 2 (VH291)",VH291,becknic,nonphotosyntheticvegetation,nonphotosyntheticvegetation.branches.salvia.leucophylla.vswir.vh291.ucsb.asd.spectrum.txt,0.001746,0.998294,1.000000,0.000863,0.999538,1.000000,0.002347,0.996802,1.000000,0.000823,1.000000,0.000000,0.000835,1.000000,0.000000
"Salvia leucophylla 3 (VH292)",VH292,becknic,nonphotosyntheticvegetation,nonphotosyntheticvegetation.branches.salvia.leucophylla.vswir.vh292.ucsb.asd.spectrum.txt,0.001506,0.998554,1.000000,0.001575,0.999019,1.000000,0.002615,0.997510,1.000000,0.000653,1.000000,0.000000,0.000636,1.000000,0.000000
"Arctostaphylos glandulosa 4 (VH266)",VH266,becknic,nonphotosyntheticvegetation,nonphotosyntheticvegetation.flowers.calocedrus.decrruens.tir.vh266.ucsb.nicolet.spectrum.txt,0.000249,1.000000,0.000000,0.000189,1.000000,0.000000,0.000322,1.000000,0.000000,0.002672,0.862659,0.999750,0.001708,0.506016,1.000000
"Arctostaphylos glandulosa 5 (VH267)",VH267,becknic,nonphotosyntheticvegetation,nonphotosyntheticvegetation.flowers.calocedrus.decrruens.tir.vh267.ucsb.nicolet.spectrum.txt,0.000187,1.000000,0.000000,0.000149,1.000000,0.000000,0.000238,1.000000,0.000000,0.002139,0.879932,0.999750,0.001749,0.515958,1.000000
"Arctostaphylos glandulosa 5 (VH268)",VH268,becknic,nonphotosyntheticvegetation,nonphotosyntheticvegetation.flowers.calocedrus.decrruens.tir.vh268.ucsb.nicolet.spectrum.txt,0.000248,1.000000,0.000000,0.000188,1.000000,0.000000,0.000321,1.000000,0.000000,0.002005,0.918588,0.999750,0.001620,0.871354,1.000000
"Arctostaphylos glandulosa 4 (VH266)",VH266,becknic,nonphotosyntheticvegetation,nonphotosyntheticvegetation.flowers.calocedrus.decrruens.vswir.vh266.ucsb.asd.spectrum.txt,0.003884,0.999405,1.000000,0.000848,0.997908,1.000000,0.001284,0.999909,1.000000,0.000213,1.000000,0.000000,0.000329,1.000000,0.000000
"Arctostaphylos glandulosa 5 (VH267)",VH267,becknic,nonphotosyntheticvegetation,nonphotosyntheticvegetation.flowers.calocedrus.decrruens.vswir.vh267.ucsb.asd.spectrum.txt,0.003573,0.999346,1.000000,0.001037,0.996436,1.000000,0.001534,0.999830,1.000000,0.000222,1.000000,0.000000,0.000306,1.000000,0.000000
"Arctostaphylos glandulosa 5 (VH268)",VH268,becknic,nonphotosyntheticvegetation,nonphotosyntheticvegetation.flowers.calocedrus.decrruens.vswir.vh268.ucsb.asd.spectrum.txt,0.010321,0.997166,1.000000,0.002134,0.995990,1.000000,0.002754,0.999702,1.000000,0.000220,1.000000,0.000000,0.000317,1.000000,0.000000
"Calocedrus decrruens (VH253)",VH253,becknic,nonphotosyntheticvegetation,nonphotosyntheticvegetation.flowers.calocedrus.decurrens.tir.vh253.ucsb.nicolet.spectrum.txt,0.000163,1.000000,0.000000,0.000130,1.000000,0.000000,0.000203,1.000000,0.000000,0.002032,0.890636,0.999750,0.001708,0.577841,1.000000
"Calocedrus decrruens (VH266)",VH266,becknic,nonphotosyntheticvegetation,nonphotosyntheticvegetation.flowers.calocedrus.decurrens.tir.vh266.ucsb.nicolet.spectrum.txt,0.000249,1.000000,0.000000,0.000189,1.000000,0.000000,0.000322,1.000000,0.000000,0.002672,0.862659,0.999750,0.001708,0.506016,1.000000
"Calocedrus decrruens (VH267)",VH267,becknic,nonphotosyntheticvegetation,nonphotosyntheticvegetation.flowers.calocedrus.decurrens.tir.vh267.ucsb.nicolet.spectrum.txt,0.000187,1.000000,0.000000,0.000149,1.000000,0.000000,0.000238,1.000000,0.000000,0.002139,0.879932,0.999750,0.001749,0.515961,1.000000
"Calocedrus decrruens (VH268)",VH268,becknic,nonphotosyntheticvegetation,nonphotosyntheticvegetation.flowers.calocedrus.decurrens.tir.vh268.ucsb.nicolet.spectrum.txt,0.000248,1.000000,0.000000,0.000188,1.000000,0.000000,0.000321,1.000000,0.000000,0.002005,0.918588,0.999750,0.001620,0.871354,1.000000
"Calocedrus decrruens (VH253)",VH253,becknic,nonphotosyntheticvegetation,nonphotosyntheticvegetation.flowers.calocedrus.decurrens.vswir.vh253.ucsb.asd.spectrum.txt,0.002989,0.999796,1.000000,0.001426,0.996788,1.000000,0.001770,0.999901,1.000000,0.000215,1.000000,0.000000,0.000331,1.000000,0.000000
"Calocedrus decrruens (VH266)",VH266,becknic,nonphotosyntheticvegetation,nonphotosyntheticvegetation.flowers.calocedrus.decurrens.vswir.vh266.ucsb.asd.spectrum.txt,0.003884,0.999405,1.000000,0.000848,0.997908,1.000000,0.001284,0.999909,1.000000,0.000213,1.000000,0.000000,0.000329,1.000000,0.000000
"Calocedrus decrruens (VH267)",VH267,becknic,nonphotosyntheticvegetation,nonphotosyntheticvegetation.flowers.calocedrus.decurrens.vswir.vh267.ucsb.asd.spectrum.txt,0.003573,0.999346,1.000000,0.001037,0.996436,1.000000,0.001534,0.999830,1.000000,0.000222,1.000000,0.000000,0.000306,1.000000,0.000000
"Calocedrus decrruens (VH268)",VH268,becknic,nonphotosyntheticvegetation,nonphotosyntheticvegetation.flowers.calocedrus.decurrens.vswir.vh268.ucsb.asd.spectrum.txt,0.010321,0.997166,1.000000,0.002134,0.995990,1.000000,0.002754,0.999702,1.000000,0.000220,1.000000,0.000000,0.000317,1.000000,0.000000
"Avena fatua litter (VH354)",VH354,becknic,nonphotosyntheticvegetation,nonphotosyntheticvegetation.leaves.avena.fatua.tir.vh354.ucsb.nicolet.spectrum.txt,0.000250,1.000000,0.000000,0.000189,1.000000,0.000000,0.000322,1.000000,0.000000,0.000973,0.995008,0.999750,0.000936,0.979669,1.000000
"Avena fatua litter (VH355)",VH355,becknic,nonphotosyntheticvegetation,nonphotosyntheticvegetation.leaves.avena.fatua.tir.vh355.ucsb.nicolet.spectrum.txt,0.000286,1.000000,0.000000,0.000200,1.000000,0.000000,0.000345,1.000000,0.000000,0.001022,0.996311,0.999750,0.001089,0.986531,1.000000
"Avena fatua litter (VH354)",VH354,becknic,nonphotosyntheticvegetation,nonphotosyntheticvegetation.leaves.avena.fatua.vswir.vh354.ucsb.asd.spectrum.txt,0.010746,0.996322,1.000000,0.001332,0.983464,1.000000,0.001882,0.999869,1.000000,0.000489,1.000000,0.000000,0.000386,1.000000,0.000000
"Avena fatua litter (VH355)",VH355,becknic,nonphotosyntheticvegetation,nonphotosyntheticvegetation.leaves.avena.fatua.vswir.vh355.ucsb.asd.spectrum.txt,0.010088,0.996221,1.000000,0.000661,0.984801,1.000000,0.001737,0.999840,1.000000,0.000506,1.000000,0.000000,0.000509,1.000000,0.000000
"Misc Leaf Litter (LL-1-87y)",LL-1-87y,becknic,nonphotosyntheticvegetation,nonphotosyntheticvegetation.leaves.none.none.tir.ll-1-87y.ucsb.nicolet.spectrum.txt,0.000494,1.000000,0.000000,0.000806,1.000000,0.000000,0.001159,0.000000,0.000000,0.004825,0.995955,0.999750,0.002783,0.966859,1.000000
"Misc Leaf Litter (LL-2-89z)",LL-2-89z,becknic,nonphotosyntheticvegetation,nonphotosyntheticvegetation.leaves.none.none.tir.ll-2-89z.ucsb.nicolet.spectrum.txt,0.001145,0.000000,0.000000,0.000658,1.000000,0.000000,0.001488,0.000000,0.000000,0.005600,0.997263,0.999750,0.003632,0.967487,1.000000
"Misc Grass Litter - Mostly decomposed (VH356)",VH356,becknic,nonphotosyntheticvegetation,nonphotosyntheticvegetation.leaves.none.none.tir.vh356.ucsb.nicolet.spectrum.txt,0.000490,1.000000,0.000000,0.000425,1.000000,0.000000,0.000683,1.000000,0.000000,0.003730,0.996616,0.999750,0.001392,0.989120,1.000000
"Misc Grass Litter (VH357)",VH357,becknic,nonphotosyntheticvegetation,nonphotosyntheticvegetation.leaves.none.none.tir.vh357.ucsb.nicolet.spectrum.txt,0.000471,1.000000,0.000000,0.000512,1.000000,0.000000,0.000725,1.000000,0.000000,0.004738,0.994819,0.999750,0.001224,0.986013,1.000000
"Misc Grass Litter - Mostly decomposed (VH358)",VH358,becknic,nonphotosyntheticvegetation,nonphotosyntheticvegetation.leaves.none.none.tir.vh358.ucsb.nicolet.spectrum.txt,0.000491,1.000000,0.000000,0.000392,1.000000,0.000000,0.000633,1.000000,0.000000,0.003610,0.996159,0.999750,0.001362,0.989619,1.000000
"Misc Grass Litter (VH359)",VH359,becknic,nonphotosyntheticvegetation,nonphotosyntheticvegetation.leaves.none.none.tir.vh359.ucsb.nicolet.spectrum.txt,0.000502,1.000000,0.000000,0.000780,1.000000,0.000000,0.000892,1.000000,0.000000,0.006518,0.992945,0.999750,0.001381,0.988243,1.000000
"Misc Leaf Litter (LL-1-87y)",LL-1-87y,becknic,nonphotosyntheticvegetation,nonphotosyntheticvegetation.leaves.none.none.vswir.ll-1-87y.ucsb.asd.spectrum.txt,0.003103,0.998920,1.000000,0.002149,0.998170,1.000000,0.002694,0.999006,1.000000,0.000634,1.000000,0.000000,0.000697,1.000000,0.000000
"Misc Leaf Litter (LL-2-89z)",LL-2-89z,becknic,nonphotosyntheticvegetation,nonphotosyntheticvegetation.leaves.none.none.vswir.ll-2-89z.ucsb.asd.spectrum.txt,0.002151,0.999500,1.000000,0.002960,0.992488,1.000000,0.002304,0.998409,1.000000,0.000701,1.000000,0.000000,0.000566,1.000000,0.000000
"Misc Grass Litter - Mostly decomposed (VH356)",VH356,becknic,nonphotosyntheticvegetation,nonphotosyntheticvegetation.leaves.none.none.vswir.vh356.ucsb.asd.spectrum.txt,0.001266,0.999328,1.000000,0.001214,0.998150,1.000000,0.002289,0.996305,1.000000,0.000758,1.000000,0.000000,0.000714,1.000000,0.000000
"Misc Grass Litter (VH357)",VH357,becknic,nonphotosyntheticvegetation,nonphotosyntheticvegetation.leaves.none.none.vswir.vh357.ucsb.asd.spectrum.txt,0.003901,0.998962,1.000000,0.001556,0.999254,1.000000,0.002298,0.999480,1.000000,0.000776,1.000000,0.000000,0.000803,1.000000,0.000000
"Misc Grass Litter - Mostly decomposed (VH358)",VH358,becknic,nonphotosyntheticvegetation,nonphotosyntheticvegetation.leaves.none.none.vswir.vh358.ucsb.asd.spectrum.txt,0.001273,0.999453,1.000000,0.001558,0.997266,1.000000,0.003259,0.996565,1.000000,0.000632,1.000000,0.000000,0.000564,1.000000,0.000000
"Misc Grass Litter (VH359)",VH359,becknic,nonphotosyntheticvegetation,nonphotosyntheticvegetation.leaves.none.none.vswir.vh359.ucsb.asd.spectrum.txt,0.003456,0.999198,1.000000,0.001611,0.998939,1.000000,0.002826,0.998092,1.000000,0.000678,1.000000,0.000000,0.000552,1.000000,0.000000
"Quercus sp. litter (VH318)",VH318,becknic,nonphotosyntheticvegetation,nonphotosyntheticvegetation.leaves.quercus.species.tir.vh318.ucsb.nicolet.spectrum.txt,0.000499,1.000000,0.000000,0.000739,1.000000,0.000000,0.000868,1.000000,0.000000,0.003262,0.997830,0.999750,0.001258,0.991666,1.000000
"Quercus sp. litter (VH319)",VH319,becknic,nonphotosyntheticvegetation,nonphotosyntheticvegetation.leaves.quercus.species.tir.vh319.ucsb.nicolet.spectrum.txt,0.000504,1.000000,0.000000,0.000899,1.000000,0.000000,0.000980,1.000000,0.000000,0.003086,0.998291,0.999750,0.001325,0.991048,1.000000
"Quercus sp. litter (VH320)",VH320,becknic,nonphotosyntheticvegetation,nonphotosyntheticvegetation.leaves.quercus.species.tir.vh320.ucsb.nicolet.spectrum.txt,0.000502,1.000000,0.000000,0.000780,1.000000,0.000000,0.000893,1.000000,0.000000,0.003237,0.997945,0.999750,0.001280,0.993909,1.000000
"Quercus sp. litter (VH318)",VH318,becknic,nonphotosyntheticvegetation,nonphotosyntheticvegetation.leaves.quercus.species.vswir.vh318.ucsb.asd.spectrum.txt,0.003911,0.999147,1.000000,0.001083,0.998837,1.000000,0.002652,0.998831,1.000000,0.000711,1.000000,0.000000,0.000539,1.000000,0.000000
"Quercus sp. litter (VH319)",VH319,becknic,nonphotosyntheticvegetation,nonphotosyntheticvegetation.leaves.quercus.species.vswir.vh319.ucsb.asd.spectrum.txt,0.002063,0.999648,1.000000,0.001798,0.996062,1.000000,0.002499,0.998926,1.000000,0.000797,1.000000,0.000000,0.000750,1.000000,0.000000
"Quercus sp. litter (VH320)",VH320,becknic,nonphotosyntheticvegetation,nonphotosyntheticvegetation.leaves.quercus.species.vswir.vh320.ucsb.asd.spectrum.txt,0.003049,0.999459,1.000000,0.000881,0.998738,1.000000,0.002400,0.998988,1.000000,0.000654,1.000000,0.000000,0.000655,1.000000,0.000000
"Dry grass (drygrass)",drygrass,becknic,nonphotosyntheticvegetation,nonphotosyntheticvegetation.leaves.unknown.unknown.all.drygrass.jhu.becknic.spectrum.txt,0.001781,0.999791,0.929093,0.001715,0.998083,1.000000,0.004456,0.997906,1.000000,0.006265,0.995785,1.000000,0.001708,0.993454,0.883647
"lichen off trees (VH296)",VH296,becknic,nonphotosyntheticvegetation,nonphotosyntheticvegetation.lichen.lichen.species.tir.vh296.ucsb.nicolet.spectrum.txt,0.000338,1.000000,0.000000,0.000291,1.000000,0.000000,0.000531,1.000000,0.000000,0.002052,0.996333,0.999750,0.000907,0.809624,1.000000
"lichen off trees (VH297)",VH297,becknic,nonphotosyntheticvegetation,nonphotosyntheticvegetation.lichen.lichen.species.tir.vh297.ucsb.nicolet.spectrum.txt,0.000342,1.000000,0.000000,0.000325,1.000000,0.000000,0.000602,1.000000,0.000000,0.002423,0.995898,0.999750,0.000923,0.852672,1.000000
"lichen off trees (VH298)",VH298,becknic,nonphotosyntheticvegetation,nonphotosyntheticvegetation.lichen.lichen.species.tir.vh298.ucsb.nicolet.spectrum.txt,0.000451,1.000000,0.000000,0.000354,1.000000,0.000000,0.000633,1.000000,0.000000,0.002729,0.995721,0.999750,0.001034,0.857094,1.000000
"dry brown lichen (VH307)",VH307,becknic,nonphotosyntheticvegetation,nonphotosyntheticvegetation.lichen.lichen.species.tir.vh307.ucsb.nicolet.spectrum.txt,0.000488,1.000000,0.000000,0.000409,1.000000,0.000000,0.000670,1.000000,0.000000,0.001958,0.998681,0.999750,0.000807,0.979549,1.000000
"lichen off trees (VH296)",VH296,becknic,nonphotosyntheticvegetation,nonphotosyntheticvegetation.lichen.lichen.species.vswir.vh296.ucsb.asd.spectrum.txt,0.004394,0.998241,1.000000,0.001759,0.993508,1.000000,0.003826,0.998546,1.000000,0.000502,1.000000,0.000000,0.000450,1.000000,0.000000
"lichen off trees (VH297)",VH297,becknic,nonphotosyntheticvegetation,nonphotosyntheticvegetation.lichen.lichen.species.vswir.vh297.ucsb.asd.spectrum.txt,0.005496,0.997160,1.000000,0.001096,0.998171,1.000000,0.003486,0.998560,1.000000,0.000419,1.000000,0.000000,0.000535,1.000000,0.000000
"lichen off trees (VH298)",VH298,becknic,nonphotosyntheticvegetation,nonphotosyntheticvegetation.lichen.lichen.species.vswir.vh298.ucsb.asd.spectrum.txt,0.006715,0.996762,1.000000,0.001172,0.996938,1.000000,0.003544,0.998755,1.000000,0.000451,1.000000,0.000000,0.000527,1.000000,0.000000
"dry brown lichen (VH307)",VH307,becknic,nonphotosyntheticvegetation,nonphotosyntheticvegetation.lichen.lichen.species.vswir.vh307.ucsb.asd.spectrum.txt,0.001249,0.997521,1.000000,0.001560,0.999156,1.000000,0.002929,0.997398,1.000000,0.000718,1.000000,0.000000,0.000656,1.000000,0.000000
"Abies concolor dry needles (VH325)",VH325,becknic,nonphotosyntheticvegetation,nonphotosyntheticvegetation.needles.abies.concolor.tir.vh325.ucsb.nicolet.spectrum.txt,0.000366,1.000000,0.000000,0.000333,1.000000,0.000000,0.000624,1.000000,0.000000,0.001199,0.996892,0.999750,0.000852,0.708661,1.000000
"Abies concolor dry needles (VH326)",VH326,becknic,nonphotosyntheticvegetation,nonphotosyntheticvegetation.needles.abies.concolor.tir.vh326.ucsb.nicolet.spectrum.txt,0.000318,1.000000,0.000000,0.000315,1.000000,0.000000,0.000580,1.000000,0.000000,0.001414,0.996762,0.999750,0.000926,0.770429,1.000000
"Abies concolor dry needles (VH327)",VH327,becknic,nonphotosyntheticvegetation,nonphotosyntheticvegetation.needles.abies.concolor.tir.vh327.ucsb.nicolet.spectrum.txt,0.000493,1.000000,0.000000,0.000389,1.000000,0.000000,0.000624,1.000000,0.000000,0.001189,0.996929,0.999750,0.000897,0.790182,1.000000
"Abies concolor dry needles (VH325)",VH325,becknic,nonphotosyntheticvegetation,nonphotosyntheticvegetation.needles.abies.concolor.vswir.vh325.ucsb.asd.spectrum.txt,0.003048,0.999162,1.000000,0.001983,0.996348,1.000000,0.003818,0.998919,1.000000,0.000484,1.000000,0.000000,0.000518,1.000000,0.000000
"Abies concolor dry needles (VH326)",VH326,becknic,nonphotosyntheticvegetation,nonphotosyntheticvegetation.needles.abies.concolor.vswir.vh326.ucsb.asd.spectrum.txt,0.003516,0.998899,1.000000,0.002451,0.995577,1.000000,0.004158,0.998911,1.000000,0.000511,1.000000,0.000000,0.000509,1.000000,0.000000
"Abies concolor dry needles (VH327)",VH327,becknic,nonphotosyntheticvegetation,nonphotosyntheticvegetation.needles.abies.concolor.vswir.vh327.ucsb.asd.spectrum.txt,0.003129,0.999202,1.000000,0.001720,0.997469,1.000000,0.004238,0.998874,1.000000,0.000490,1.000000,0.000000,0.000507,1.000000,0.000000
"Pinus coulteri dry needles (VH339)",VH339,becknic,nonphotosyntheticvegetation,nonphotosyntheticvegetation.needles.pinus.coulteri.tir.vh339.ucsb.nicolet.spectrum.txt,0.000443,1.000000,0.000000,0.000262,1.000000,0.000000,0.000478,1.000000,0.000000,0.001384,0.995322,0.999750,0.000820,0.835531,1.000000
"Pinus coulteri dry needles (VH340)",VH340,becknic,nonphotosyntheticvegetation,nonphotosyntheticvegetation.needles.pinus.coulteri.tir.vh340.ucsb.nicolet.spectrum.txt,0.000440,1.000000,0.000000,0.000263,1.000000,0.000000,0.000479,1.000000,0.000000,0.001382,0.995013,0.999750,0.000791,0.887618,1.000000
"Pinus coulteri dry needles (VH341)",VH341,becknic,nonphotosyntheticvegetation,nonphotosyntheticvegetation.needles.pinus.coulteri.tir.vh341.ucsb.nicolet.spectrum.txt,0.000460,1.000000,0.000000,0.000259,1.000000,0.000000,0.000471,1.000000,0.000000,0.001405,0.997004,0.999750,0.000966,0.828235,1.000000
"Pinus coulteri dry needles (VH339)",VH339,becknic,nonphotosyntheticvegetation,nonphotosyntheticvegetation.needles.pinus.coulteri.vswir.vh339.ucsb.asd.spectrum.txt,0.003334,0.999157,1.000000,0.001607,0.992125,1.000000,0.003538,0.999032,1.000000,0.000468,1.000000,0.000000,0.000378,1.000000,0.000000
"Pinus coulteri dry needles (VH340)",VH340,becknic,nonphotosyntheticvegetation,nonphotosyntheticvegetation.needles.pinus.coulteri.vswir.vh340.ucsb.asd.spectrum.txt,0.002142,0.999255,1.000000,0.002171,0.989588,1.000000,0.003432,0.998188,1.000000,0.000532,1.000000,0.000000,0.000509,1.000000,0.000000
"Pinus coulteri dry needles (VH341)",VH341,becknic,nonphotosyntheticvegetation,nonphotosyntheticvegetation.needles.pinus.coulteri.vswir.vh341.ucsb.asd.spectrum.txt,0.001448,0.999419,1.000000,0.001285,0.996341,1.000000,0.003345,0.997563,1.000000,0.000494,1.000000,0.000000,0.000421,1.000000,0.000000
"Pinus lambertiana dry needles (VH328)",VH328,becknic,nonphotosyntheticvegetation,nonphotosyntheticvegetation.needles.pinus.lambertiana.tir.vh328.ucsb.nicolet.spectrum.txt,0.000413,1.000000,0.000000,0.000226,1.000000,0.000000,0.000406,1.000000,0.000000,0.001580,0.994377,0.999750,0.000870,0.773201,1.000000
"Pinus lambertiana dry needles (VH329)",VH329,becknic,nonphotosyntheticvegetation,nonphotosyntheticvegetation.needles.pinus.lambertiana.tir.vh329.ucsb.nicolet.spectrum.txt,0.000458,1.000000,0.000000,0.000237,1.000000,0.000000,0.000426,1.000000,0.000000,0.001781,0.994074,0.999750,0.000879,0.811254,1.000000
"Pinus lambertiana dry needles (VH330)",VH330,becknic,nonphotosyntheticvegetation,nonphotosyntheticvegetation.needles.pinus.lambertiana.tir.vh330.ucsb.nicolet.spectrum.txt,0.000316,1.000000,0.000000,0.000295,1.000000,0.000000,0.000540,1.000000,0.000000,0.001382,0.996006,0.999750,0.000927,0.816788,1.000000
"Pinus lambertiana dry needles (VH328)",VH328,becknic,nonphotosyntheticvegetation,nonphotosyntheticvegetation.needles.pinus.lambertiana.vswir.vh328.ucsb.asd.spectrum.txt,0.004973,0.999020,1.000000,0.002269,0.994104,1.000000,0.003670,0.999406,1.000000,0.000399,1.000000,0.000000,0.000538,1.000000,0.000000
"Pinus lambertiana dry needles (VH329)",VH329,becknic,nonphotosyntheticvegetation,nonphotosyntheticvegetation.needles.pinus.lambertiana.vswir.vh329.ucsb.asd.spectrum.txt,0.004530,0.999130,1.000000,0.002115,0.990730,1.000000,0.003498,0.999351,1.000000,0.000504,1.000000,0.000000,0.000508,1.000000,0.000000
"Pinus lambertiana dry needles (VH330)",VH330,becknic,nonphotosyntheticvegetation,nonphotosyntheticvegetation.needles.pinus.lambertiana.vswir.vh330.ucsb.asd.spectrum.txt,0.003934,0.999307,1.000000,0.002009,0.988934,1.000000,0.003436,0.999358,1.000000,0.000488,1.000000,0.000000,0.000507,1.000000,0.000000
"Pinus ponderosa dry needles (VH322)",VH322,becknic,nonphotosyntheticvegetation,nonphotosyntheticvegetation.needles.pinus.ponderosa.tir.vh322.ucsb.nicolet.spectrum.txt,0.000371,1.000000,0.000000,0.000334,1.000000,0.000000,0.000629,1.000000,0.000000,0.001581,0.994090,0.999750,0.000994,0.657578,1.000000
"Pinus ponderosa dry needles (VH323)",VH323,becknic,nonphotosyntheticvegetation,nonphotosyntheticvegetation.needles.pinus.ponderosa.tir.vh323.ucsb.nicolet.spectrum.txt,0.000483,1.000000,0.000000,0.000242,1.000000,0.000000,0.000435,1.000000,0.000000,0.002283,0.991037,0.999750,0.001097,0.651164,1.000000
"Pinus ponderosa dry needles (VH324)",VH324,becknic,nonphotosyntheticvegetation,nonphotosyntheticvegetation.needles.pinus.ponderosa.tir.vh324.ucsb.nicolet.spectrum.txt,0.000357,1.000000,0.000000,0.000219,1.000000,0.000000,0.000378,1.000000,0.000000,0.002121,0.989100,0.999750,0.001008,0.530656,1.000000
"Pinus ponderosa dry needles (VH322)",VH322,becknic,nonphotosyntheticvegetation,nonphotosyntheticvegetation.needles.pinus.ponderosa.vswir.vh322.ucsb.asd.spectrum.txt,0.003927,0.999263,1.000000,0.002552,0.990208,1.000000,0.004047,0.999148,1.000000,0.000506,1.000000,0.000000,0.000509,1.000000,0.000000
"Pinus ponderosa dry needles (VH323)",VH323,becknic,nonphotosyntheticvegetation,nonphotosyntheticvegetation.needles.pinus.ponderosa.vswir.vh323.ucsb.asd.spectrum.txt,0.004822,0.999186,1.000000,0.002084,0.994775,1.000000,0.004088,0.999290,1.000000,0.000365,1.000000,0.000000,0.000555,1.000000,0.000000
"Pinus ponderosa dry needles (VH324)",VH324,becknic,nonphotosyntheticvegetation,nonphotosyntheticvegetation.needles.pinus.ponderosa.vswir.vh324.ucsb.asd.spectrum.txt,0.004828,0.998581,1.000000,0.004098,0.980322,1.000000,0.003883,0.999203,1.000000,0.000479,1.000000,0.000000,0.000368,1.000000,0.000000
"Trachyte (Ward17)",Ward17,becknic,rock,rock.igneous.alkalic.solid.all.ward17.jpl.nicolet.spectrum.txt,0.001055,0.000000,0.000000,0.000589,1.000000,0.000000,0.002881,0.975685,0.357286,0.004119,0.999218,1.000000,0.003009,0.994160,1.000000
"Syenite (Ward18)",Ward18,becknic,rock,rock.igneous.alkalic.solid.all.ward18.jpl.nicolet.spectrum.txt,0.000488,1.000000,0.000000,0.000398,1.000000,0.000000,0.006379,0.770845,0.357286,0.002884,0.994655,1.000000,0.002824,0.998646,1.000000
"Hornblende Syenite (Ward19)",Ward19,becknic,rock,rock.igneous.alkalic.solid.all.ward19.jpl.nicolet.spectrum.txt,0.000501,1.000000,0.000000,0.000953,1.000000,0.000000,0.003634,0.884814,0.357286,0.001490,0.999541,1.000000,0.003343,0.997179,1.000000
"Nepheline-Sodalite Syenite (Ward23)",Ward23,becknic,rock,rock.igneous.alkalic.solid.all.ward23.jpl.nicolet.spectrum.txt,0.000504,1.000000,0.000000,0.000383,1.000000,0.000000,0.003334,0.734300,0.357286,0.001433,0.998337,1.000000,0.003770,0.996830,1.000000
"Trachyte (Ward17)",Ward17,becknic,rock,rock.igneous.alkalic.solid.vswir.ward17.jpl.perkin.spectrum.txt,0.001162,0.998390,0.883721,0.000881,0.933242,1.000000,0.001075,0.988332,1.000000,0.000815,1.000000,0.000000,0.000815,1.000000,0.000000
"Syenite (Ward18)",Ward18,becknic,rock,rock.igneous.alkalic.solid.vswir.ward18.jpl.perkin.spectrum.txt,0.001047,0.987095,0.883721,0.000690,0.975854,1.000000,0.002609,0.979719,1.000000,0.000523,1.000000,0.000000,0.000500,1.000000,0.000000
"Hornblende Syenite (Ward19)",Ward19,becknic,rock,rock.igneous.alkalic.solid.vswir.ward19.jpl.perkin.spectrum.txt,0.001040,0.998261,0.883721,0.001741,0.699596,1.000000,0.001478,0.993161,1.000000,0.000687,1.000000,0.000000,0.000644,1.000000,0.000000
"Nepheline-Sodalite Syenite (Ward23)",Ward23,becknic,rock,rock.igneous.alkalic.solid.vswir.ward23.jpl.perkin.spectrum.txt,0.000821,0.997911,0.883721,0.001450,0.957045,1.000000,0.001063,0.991178,1.000000,0.000388,1.000000,0.000000,0.000540,1.000000,0.000000
"Scoria (Ward02)",Ward02,becknic,rock,rock.igneous.basic.solid.all.ward02.jpl.nicolet.spectrum.txt,0.000187,1.000000,0.000000,0.000150,1.000000,0.000000,0.003390,0.158355,0.357286,0.001221,0.987143,1.000000,0.001172,0.996869,1.000000
"Amygdaloidal Basalt (Ward34)",Ward34,becknic,rock,rock.igneous.basic.solid.all.ward34.jpl.nicolet.spectrum.txt,0.000505,1.000000,0.000000,0.000383,1.000000,0.000000,0.002175,0.917311,0.357286,0.001523,0.998570,1.000000,0.001382,0.996766,1.000000
"Scoria (Ward02)",Ward02,becknic,rock,rock.igneous.basic.solid.vswir.ward02.jpl.perkin.spectrum.txt,0.000350,0.998519,0.883721,0.000422,0.981406,1.000000,0.000479,0.993363,1.000000,0.000213,1.000000,0.000000,0.000328,1.000000,0.000000
"Amygdaloidal Basalt (Ward34)",Ward34,becknic,rock,rock.igneous.basic.solid.vswir.ward34.jpl.perkin.spectrum.txt,0.000558,0.999838,0.883721,0.000531,0.973012,1.000000,0.000993,0.997855,1.000000,0.000489,1.000000,0.000000,0.000381,1.000000,0.000000
"Aplite (Aplite_H1)",Aplite_H1,becknic,rock,rock.igneous.felsic.fine.all.aplite_h1.jhu.becknic.spectrum.txt,0.001502,0.998267,0.883721,0.001407,0.978741,1.000000,0.003159,0.993332,1.000000,0.004585,0.999576,1.000000,0.003036,0.977474,0.883647
"Alkalic Granite (Granite_H1)",Granite_H1,becknic,rock,rock.igneous.felsic.fine.all.granite_h1.jhu.becknic.spectrum.txt,0.002344,0.979066,0.883721,0.001400,0.990921,1.000000,0.002034,0.998089,1.000000,0.003903,0.999411,1.000000,0.003257,0.975484,0.883647
"Granite (Granite_H2)",Granite_H2,becknic,rock,rock.igneous.felsic.fine.all.granite_h2.jhu.becknic.spectrum.txt,0.003138,0.998919,0.883721,0.001523,0.988662,1.000000,0.001961,0.988003,1.000000,0.003380,0.999693,1.000000,0.002450,0.986660,0.883647
"Granite (Granite_H3)",Granite_H3,becknic,rock,rock.igneous.felsic.fine.all.granite_h3.jhu.becknic.spectrum.txt,0.002062,0.997956,0.883721,0.001755,0.834013,1.000000,0.001808,0.967456,1.000000,0.003057,0.999615,1.000000,0.002401,0.988913,0.883647
"Granite (Granite_H5)",Granite_H5,becknic,rock,rock.igneous.felsic.fine.all.granite_h5.jhu.becknic.spectrum.txt,0.002284,0.999472,0.883721,0.002090,0.971385,1.000000,0.002020,0.980776,1.000000,0.003540,0.999647,1.000000,0.002250,0.988000,0.883647
"Rhyolite (Rhyolite_H1)",Rhyolite_H1,becknic,rock,rock.igneous.felsic.fine.all.rhyolite_h1.jhu.becknic.spectrum.txt,0.002113,0.999496,0.883721,0.001849,0.998242,1.000000,0.002308,0.991066,1.000000,0.006242,0.998902,1.000000,0.002882,0.976512,0.883647
"Rhyolite (AP-936-10)",AP-936-10,becknic,rock,rock.igneous.felsic.solid.all.ap-936-10.usgs.perknic.spectrum.txt,0.003583,0.998557,0.872093,0.002637,0.964514,1.000000,0.003366,0.998878,1.000000,0.002136,0.999571,1.000000,0.001545,0.997993,0.888353
"Rhyolite (AP-936-185)",AP-936-185,becknic,rock,rock.igneous.felsic.solid.all.ap-936-185.usgs.perknic.spectrum.txt,0.002249,0.998700,0.872093,0.002519,0.982021,1.000000,0.004342,0.998662,1.000000,0.001339,0.999019,1.000000,0.003074,0.998721,0.888353
"Rhyolite (AP-936-186)",AP-936-186,becknic,rock,rock.igneous.felsic.solid.all.ap-936-186.usgs.perknic.spectrum.txt,0.002340,0.997720,0.872093,0.001215,0.910790,1.000000,0.001294,0.996854,1.000000,0.001021,0.997681,1.000000,0.004054,0.988548,0.888353
"Rhyolite (AP-936-193b)",AP-936-193b,becknic,rock,rock.igneous.felsic.solid.all.ap-936-193b.usgs.perknic.spectrum.txt,0.002558,0.999152,0.872093,0.002509,0.944939,1.000000,0.006265,0.997803,1.000000,0.001027,0.998151,1.000000,0.002802,0.998943,0.888353
"Rhyolite (AP-936-194)",AP-936-194,becknic,rock,rock.igneous.felsic.solid.all.ap-936-194.usgs.perknic.spectrum.txt,0.002564,0.995923,0.872093,0.006134,0.946884,1.000000,0.002477,0.991653,1.000000,0.003417,0.997992,1.000000,0.003397,0.986501,0.888353
"Rhyolite (AP-937-100)",AP-937-100,becknic,rock,rock.igneous.felsic.solid.all.ap-937-100.usgs.perknic.spectrum.txt,0.002867,0.998238,0.872093,0.002308,0.969359,1.000000,0.005460,0.998060,1.000000,0.001744,0.996476,1.000000,0.000917,0.997202,0.888353
"Rhyolite (AP-937-168)",AP-937-168,becknic,rock,rock.igneous.felsic.solid.all.ap-937-168.usgs.perknic.spectrum.txt,0.003760,0.999061,0.872093,0.003195,0.915579,1.000000,0.006787,0.998303,1.000000,0.002700,0.999253,1.000000,0.001342,0.997629,0.888353
"Rhyolite (AP-937-182)",AP-937-182,becknic,rock,rock.igneous.felsic.solid.all.ap-937-182.usgs.perknic.spectrum.txt,0.001593,0.999248,0.872093,0.001629,0.806252,1.000000,0.005384,0.997911,1.000000,0.001162,0.998826,1.000000,0.001812,0.998966,0.888353
"Rhyolite (AP-937-200)",AP-937-200,becknic,rock,rock.igneous.felsic.solid.all.ap-937-200.usgs.perknic.spectrum.txt,0.002716,0.999219,0.872093,0.003173,0.971779,1.000000,0.003959,0.998922,1.000000,0.001583,0.999228,1.000000,0.004003,0.994098,0.888353
"Rhyolite (AP-938-226)",AP-938-226,becknic,rock,rock.igneous.felsic.solid.all.ap-938-226.usgs.perknic.spectrum.txt,0.002316,0.983676,0.872093,0.002659,0.919287,1.000000,0.001886,0.998416,1.000000,0.001240,0.998763,1.000000,0.002290,0.998595,0.888353
"Rhyolite (AP-938-90)",AP-938-90,becknic,rock,rock.igneous.felsic.solid.all.ap-938-90.usgs.perknic.spectrum.txt,0.003103,0.999473,0.872093,0.002827,0.975878,1.000000,0.004047,0.999225,1.000000,0.002685,0.997969,1.000000,0.001848,0.994744,0.888353
"Rhyolite (AP-938-91)",AP-938-91,becknic,rock,rock.igneous.felsic.solid.all.ap-938-91.usgs.perknic.spectrum.txt,0.001885,0.989159,0.872093,0.003022,0.763019,1.000000,0.001588,0.993695,1.000000,0.001213,0.998969,1.000000,0.002806,0.998804,0.888353
"Rhyolite (AP-938-93)",AP-938-93,becknic,rock,rock.igneous.felsic.solid.all.ap-938-93.usgs.perknic.spectrum.txt,0.005686,0.998771,0.872093,0.002043,0.990882,1.000000,0.005536,0.998476,1.000000,0.002987,0.998938,1.000000,0.001728,0.996765,0.888353
"Rhyolite (AP-939-212b)",AP-939-212b,becknic,rock,rock.igneous.felsic.solid.all.ap-939-212b.usgs.perknic.spectrum.txt,0.002265,0.999523,0.872093,0.002006,0.958471,1.000000,0.005842,0.997865,1.000000,0.002464,0.997744,1.000000,0.002562,0.994517,0.888353
"Rhyolite (AP-939-214)",AP-939-214,becknic,rock,rock.igneous.felsic.solid.all.ap-939-214.usgs.perknic.spectrum.txt,0.001794,0.998270,0.872093,0.001502,0.967909,1.000000,0.001726,0.997550,1.000000,0.000830,0.997919,1.000000,0.002244,0.998829,0.888353
"Rhyolite (AP-939-220a)",AP-939-220a,becknic,rock,rock.igneous.felsic.solid.all.ap-939-220a.usgs.perknic.spectrum.txt,0.002734,0.998610,0.872093,0.001978,0.978754,1.000000,0.005828,0.997298,1.000000,0.003003,0.999029,1.000000,0.002964,0.996676,0.888353
"Rhyolite (AP-939-221)",AP-939-221,becknic,rock,rock.igneous.felsic.solid.all.ap-939-221.usgs.perknic.spectrum.txt,0.002558,0.997121,0.872093,0.002526,0.913687,1.000000,0.007149,0.997990,1.000000,0.001983,0.998910,1.000000,0.002954,0.995977,0.888353
"Rhyolite (AP-939-223)",AP-939-223,becknic,rock,rock.igneous.felsic.solid.all.ap-939-223.usgs.perknic.spectrum.txt,0.007643,0.997963,0.872093,0.002077,0.985550,1.000000,0.005850,0.997797,1.000000,0.001998,0.998371,1.000000,0.001388,0.994957,0.888353
"Rhyolite (AP-960-134)",AP-960-134,becknic,rock,rock.igneous.felsic.solid.all.ap-960-134.usgs.perknic.spectrum.txt,0.003306,0.998074,0.872093,0.002888,0.875435,1.000000,0.005082,0.997140,1.000000,0.003860,0.998093,1.000000,0.001720,0.998557,0.888353
"Rhyolite (AP-961-149)",AP-961-149,becknic,rock,rock.igneous.felsic.solid.all.ap-961-149.usgs.perknic.spectrum.txt,0.003856,0.998588,0.872093,0.001769,0.947992,1.000000,0.002974,0.997311,1.000000,0.001992,0.998905,1.000000,0.002395,0.997209,0.888353
"Rhyolite (AP-980-121)",AP-980-121,becknic,rock,rock.igneous.felsic.solid.all.ap-980-121.usgs.perknic.spectrum.txt,0.002527,0.999137,0.872093,0.001826,0.837755,1.000000,0.003421,0.998479,1.000000,0.001798,0.999473,1.000000,0.001277,0.997698,0.888353
"Rhyolite (AP-981-175)",AP-981-175,becknic,rock,rock.igneous.felsic.solid.all.ap-981-175.usgs.perknic.spectrum.txt,0.003904,0.997816,0.872093,0.002172,0.950242,1.000000,0.004170,0.996592,1.000000,0.001947,0.997796,1.000000,0.002078,0.997908,0.888353
"Rhyolite (AP-981-176)",AP-981-176,becknic,rock,rock.igneous.felsic.solid.all.ap-981-176.usgs.perknic.spectrum.txt,0.003314,0.998935,0.872093,0.001973,0.961925,1.000000,0.002731,0.998795,1.000000,0.001687,0.999330,1.000000,0.001463,0.997216,0.888353
"Aplite (Aplite_H1)",Aplite_H1,becknic,rock,rock.igneous.felsic.solid.all.aplite_h1.jhu.becknic.spectrum.txt,0.002800,0.996678,0.883721,0.002218,0.968975,1.000000,0.001744,0.996726,1.000000,0.002732,0.998620,1.000000,0.003097,0.998689,0.883671
"Altered volcanic tuff (Cup1)",Cup1,becknic,rock,rock.igneous.felsic.solid.all.cup1.usgs.perknic.spectrum.txt,0.000737,0.999636,0.883721,0.001305,0.865762,1.000000,0.003201,0.997446,1.000000,0.003021,0.997447,1.000000,0.002937,0.998343,0.870588
"Altered volcanic tuff (Cup2)",Cup2,becknic,rock,rock.igneous.felsic.solid.all.cup2.usgs.perknic.spectrum.txt,0.001668,0.999738,0.883721,0.003437,0.997758,1.000000,0.001931,0.998442,1.000000,0.002595,0.999174,1.000000,0.001280,0.998771,0.870588
"Altered volcanic tuff (cup3)",cup3,becknic,rock,rock.igneous.felsic.solid.all.cup3.usgs.perknic.spectrum.txt,0.000784,0.999913,0.883721,0.001208,0.844996,1.000000,0.001926,0.999229,1.000000,0.002448,0.997829,1.000000,0.004607,0.996155,0.870588
"Altered volcanic tuff (Cup4)",Cup4,becknic,rock,rock.igneous.felsic.solid.all.cup4.usgs.perknic.spectrum.txt,0.001542,0.999655,0.883721,0.001841,0.981564,1.000000,0.007263,0.996581,1.000000,0.002106,0.993672,1.000000,0.006012,0.989064,0.870588
"Altered volcanic tuff (Cup5)",Cup5,becknic,rock,rock.igneous.felsic.solid.all.cup5.usgs.perknic.spectrum.txt,0.001365,0.999750,0.883721,0.002090,0.974704,1.000000,0.006993,0.994655,1.000000,0.004235,0.990731,1.000000,0.004292,0.994017,0.870588
"Altered volcanic tuff (Cup6)",Cup6,becknic,rock,rock.igneous.felsic.solid.all.cup6.usgs.perknic.spectrum.txt,0.001043,0.999685,0.883721,0.001195,0.996949,1.000000,0.002101,0.998556,1.000000,0.001618,0.998595,1.000000,0.002176,0.998433,0.870588
"Altered volcanic tuff (Cup7)",Cup7,becknic,rock,rock.igneous.felsic.solid.all.cup7.usgs.perknic.spectrum.txt,0.000777,0.999752,0.883721,0.002453,0.801697,1.000000,0.008075,0.994903,1.000000,0.003005,0.982275,1.000000,0.004076,0.990375,0.870588
"Altered volcanic tuff (Cup8)",Cup8,becknic,rock,rock.igneous.felsic.solid.all.cup8.usgs.perknic.spectrum.txt,0.000625,0.999827,0.883721,0.001925,0.888201,1.000000,0.001296,0.999165,1.000000,0.002316,0.997557,1.000000,0.002880,0.997895,0.870588
"Alkalic Granite (Granite_H1)",Granite_H1,becknic,rock,rock.igneous.felsic.solid.all.granite_h1.jhu.becknic.spectrum.txt,0.001528,0.986464,0.883721,0.001013,0.872087,1.000000,0.001123,0.977510,1.000000,0.000730,0.999383,1.000000,0.003390,0.998451,0.883671
"Granite (Granite_H2)",Granite_H2,becknic,rock,rock.igneous.felsic.solid.all.granite_h2.jhu.becknic.spectrum.txt,0.001258,0.999479,0.883721,0.001074,0.890513,1.000000,0.001468,0.995061,1.000000,0.000924,0.999580,1.000000,0.003659,0.998860,0.883671
"Granite (Granite_H3)",Granite_H3,becknic,rock,rock.igneous.felsic.solid.all.granite_h3.jhu.becknic.spectrum.txt,0.001304,0.995913,0.883721,0.001009,0.983291,1.000000,0.000918,0.996294,1.000000,0.000646,0.999623,1.000000,0.002480,0.999181,0.883671
"Granite (Granite_H5)",Granite_H5,becknic,rock,rock.igneous.felsic.solid.all.granite_h5.jhu.becknic.spectrum.txt,0.001715,0.998679,0.883721,0.001387,0.978810,1.000000,0.001369,0.998434,1.000000,0.000668,0.999686,1.000000,0.003691,0.997937,0.883671
"Rhyolite (Rhyolite_H1)",Rhyolite_H1,becknic,rock,rock.igneous.felsic.solid.all.rhyolite_h1.jhu.becknic.spectrum.txt,0.001635,0.998160,0.883721,0.003407,0.991844,1.000000,0.001515,0.985162,1.000000,0.002344,0.998618,1.000000,0.004385,0.996686,0.883671
"Obsidian (Ward01)",Ward01,becknic,rock,rock.igneous.felsic.solid.all.ward01.jpl.nicolet.spectrum.txt,0.000099,1.000000,0.000000,0.000079,1.000000,0.000000,0.003240,0.798485,0.357286,0.001172,0.982757,1.000000,0.004708,0.997747,1.000000
"Tuff (Ward04)",Ward04,becknic,rock,rock.igneous.felsic.solid.all.ward04.jpl.nicolet.spectrum.txt,0.000643,1.000000,0.000000,0.000904,1.000000,0.000000,0.005166,0.988497,0.357286,0.002975,0.998709,1.000000,0.001534,0.997532,1.000000
"Aporhyolite (felsite) (Ward05)",Ward05,becknic,rock,rock.igneous.felsic.solid.all.ward05.jpl.nicolet.spectrum.txt,0.000490,1.000000,0.000000,0.000426,1.000000,0.000000,0.003485,0.798145,0.357286,0.002553,0.998589,1.000000,0.002470,0.999036,1.000000
"Rhyolite (Ward07)",Ward07,becknic,rock,rock.igneous.felsic.solid.all.ward07.jpl.nicolet.spectrum.txt,0.001022,0.000000,0.000000,0.000791,1.000000,0.000000,0.004581,0.933719,0.357286,0.004233,0.999239,1.000000,0.003428,0.992638,1.000000
"Quartz Felsite Porphyry (Ward09)",Ward09,becknic,rock,rock.igneous.felsic.solid.all.ward09.jpl.nicolet.spectrum.txt,0.000229,1.000000,0.000000,0.000179,1.000000,0.000000,0.003094,0.685205,0.357286,0.001289,0.997272,1.000000,0.002725,0.999120,1.000000
"Biotite Granite (Ward10)",Ward10,becknic,rock,rock.igneous.felsic.solid.all.ward10.jpl.nicolet.spectrum.txt,0.000500,1.000000,0.000000,0.000949,1.000000,0.000000,0.003517,0.857525,0.357286,0.001622,0.999558,1.000000,0.002438,0.999202,1.000000
"Muscovite-Biotite Granite (Ward12)",Ward12,becknic,rock,rock.igneous.felsic.solid.all.ward12.jpl.nicolet.spectrum.txt,0.000493,1.000000,0.000000,0.000722,1.000000,0.000000,0.003644,0.979435,0.357286,0.002024,0.999273,1.000000,0.002671,0.999195,1.000000
"Alkali Granite (Ward13)",Ward13,becknic,rock,rock.igneous.felsic.solid.all.ward13.jpl.nicolet.spectrum.txt,0.000521,1.000000,0.000000,0.000588,1.000000,0.000000,0.006034,0.805276,0.357286,0.002947,0.998510,1.000000,0.005682,0.997879,1.000000
"Hornblende Granite (Ward14)",Ward14,becknic,rock,rock.igneous.felsic.solid.all.ward14.jpl.nicolet.spectrum.txt,0.000970,1.000000,0.000000,0.000547,1.000000,0.000000,0.003862,0.877865,0.357286,0.002216,0.999285,1.000000,0.003738,0.998638,1.000000
"Pegmatite (Ward15)",Ward15,becknic,rock,rock.igneous.felsic.solid.all.ward15.jpl.nicolet.spectrum.txt,0.000336,1.000000,0.000000,0.000208,1.000000,0.000000,0.003393,0.991475,0.357286,0.004924,0.998334,1.000000,0.005882,0.997008,1.000000
"Aplite (Ward16)",Ward16,becknic,rock,rock.igneous.felsic.solid.all.ward16.jpl.nicolet.spectrum.txt,0.000494,1.000000,0.000000,0.000824,1.000000,0.000000,0.006249,0.928288,0.357286,0.002892,0.997739,1.000000,0.004785,0.998197,1.000000
"Obsidian (Ward01)",Ward01,becknic,rock,rock.igneous.felsic.solid.vswir.ward01.jpl.perkin.spectrum.txt,0.000269,0.972361,0.883721,0.000466,0.922887,1.000000,0.000500,1.000000,1.000000,0.000223,1.000000,0.000000,0.000220,1.000000,0.000000
"Tuff (Ward04)",Ward04,becknic,rock,rock.igneous.felsic.solid.vswir.ward04.jpl.perkin.spectrum.txt,0.000775,0.999592,0.883721,0.002143,0.725551,1.000000,0.003652,0.995547,1.000000,0.000822,1.000000,0.000000,0.000823,1.000000,0.000000
"Aporhyolite (felsite) (Ward05)",Ward05,becknic,rock,rock.igneous.felsic.solid.vswir.ward05.jpl.perkin.spectrum.txt,0.000844,0.999591,0.883721,0.002803,0.987587,1.000000,0.001837,0.992618,1.000000,0.000416,1.000000,0.000000,0.000532,1.000000,0.000000
"Rhyolite (Ward07)",Ward07,becknic,rock,rock.igneous.felsic.solid.vswir.ward07.jpl.perkin.spectrum.txt,0.000906,0.999746,0.883721,0.002335,0.995403,1.000000,0.001208,0.996056,1.000000,0.000739,1.000000,0.000000,0.000543,1.000000,0.000000
"Quartz Felsite Porphyry (Ward09)",Ward09,becknic,rock,rock.igneous.felsic.solid.vswir.ward09.jpl.perkin.spectrum.txt,0.000550,0.976818,0.883721,0.001114,0.924237,1.000000,0.000606,0.985995,1.000000,0.000277,1.000000,0.000000,0.000350,1.000000,0.000000
"Biotite Granite (Ward10)",Ward10,becknic,rock,rock.igneous.felsic.solid.vswir.ward10.jpl.perkin.spectrum.txt,0.001477,0.996027,0.883721,0.000947,0.849409,1.000000,0.001635,0.991385,1.000000,0.000821,1.000000,0.000000,0.000829,1.000000,0.000000
"Muscovite-Biotite Granite (Ward12)",Ward12,becknic,rock,rock.igneous.felsic.solid.vswir.ward12.jpl.perkin.spectrum.txt,0.001085,0.996369,0.883721,0.001748,0.963129,1.000000,0.001783,0.996503,1.000000,0.000641,1.000000,0.000000,0.000571,1.000000,0.000000
"Alkali Granite (Ward13)",Ward13,becknic,rock,rock.igneous.felsic.solid.vswir.ward13.jpl.perkin.spectrum.txt,0.000813,0.997791,0.883721,0.001254,0.993775,1.000000,0.001913,0.995919,1.000000,0.000772,1.000000,0.000000,0.000725,1.000000,0.000000
"Hornblende Granite (Ward14)",Ward14,becknic,rock,rock.igneous.felsic.solid.vswir.ward14.jpl.perkin.spectrum.txt,0.000810,0.998743,0.883721,0.002272,0.945207,1.000000,0.001326,0.998241,1.000000,0.000678,1.000000,0.000000,0.000591,1.000000,0.000000
"Pegmatite (Ward15)",Ward15,becknic,rock,rock.igneous.felsic.solid.vswir.ward15.jpl.perkin.spectrum.txt,0.001129,0.999772,0.883721,0.000945,0.998971,1.000000,0.001752,0.999167,1.000000,0.000791,1.000000,0.000000,0.000549,1.000000,0.000000
"Aplite (Ward16)",Ward16,becknic,rock,rock.igneous.felsic.solid.vswir.ward16.jpl.perkin.spectrum.txt,0.000700,0.999798,0.883721,0.001214,0.976468,1.000000,0.001245,0.997367,1.000000,0.000524,1.000000,0.000000,0.000530,1.000000,0.000000
"Rhyolite Porphyry (Ward08)",Ward08,becknic,rock,rock.igneous.feslic.solid.all.ward08.jpl.nicolet.spectrum.txt,0.000689,1.000000,0.000000,0.000531,1.000000,0.000000,0.002872,0.196756,0.357286,0.002382,0.999665,1.000000,0.002015,0.998926,1.000000
"Rhyolite Porphyry (Ward08)",Ward08,becknic,rock,rock.igneous.feslic.solid.vswir.ward08.jpl.perkin.spectrum.txt,0.001391,0.997258,0.883721,0.001091,0.902044,1.000000,0.001135,0.988095,1.000000,0.000719,1.000000,0.000000,0.000776,1.000000,0.000000
"Augite-hypersthene Andesite (Andesite_H1)",Andesite_H1,becknic,rock,rock.igneous.intermediate.fine.all.andesite_h1.jhu.becknic.spectrum.txt,0.001476,0.998075,0.883721,0.001869,0.971363,1.000000,0.001734,0.875851,1.000000,0.002353,0.998940,1.000000,0.003552,0.978407,0.866000
"Augite-hypersthene Andesite (Andesite_H2)",Andesite_H2,becknic,rock,rock.igneous.intermediate.fine.all.andesite_h2.jhu.becknic.spectrum.txt,0.001597,0.998114,0.883721,0.001959,0.895995,1.000000,0.001632,0.965847,1.000000,0.003836,0.998777,1.000000,0.001645,0.991149,0.883647
"Basaltic Andesite (Andesite_H4)",Andesite_H4,becknic,rock,rock.igneous.intermediate.fine.all.andesite_h4.jhu.becknic.spectrum.txt,0.001409,0.993576,0.883721,0.002022,0.943406,1.000000,0.001270,0.911283,1.000000,0.001327,0.999255,1.000000,0.002343,0.983209,0.883647
"Diorite (Diorite_H1)",Diorite_H1,becknic,rock,rock.igneous.intermediate.fine.all.diorite_h1.jhu.becknic.spectrum.txt,0.001681,0.994675,0.883721,0.001457,0.995769,1.000000,0.003600,0.999050,1.000000,0.004972,0.999229,1.000000,0.003201,0.988555,0.883647
"Granodiorite (Granodior_H1)",Granodior_H1,becknic,rock,rock.igneous.intermediate.fine.all.granodior_h1.jhu.becknic.spectrum.txt,0.001877,0.996878,0.883721,0.001283,0.975856,1.000000,0.001940,0.998180,1.000000,0.003119,0.999286,1.000000,0.002259,0.977820,0.883647
"Granodiorite (Granodior_H2)",Granodior_H2,becknic,rock,rock.igneous.intermediate.fine.all.granodior_h2.jhu.becknic.spectrum.txt,0.002201,0.992539,0.883721,0.001279,0.839314,1.000000,0.002219,0.912663,1.000000,0.002812,0.998813,1.000000,0.001945,0.981467,0.883647
"Monzonite (Monzonite_H1)",Monzonite_H1,becknic,rock,rock.igneous.intermediate.fine.all.monzonite_h1.jhu.becknic.spectrum.txt,0.001965,0.995283,0.883721,0.000919,0.949187,1.000000,0.001353,0.989915,1.000000,0.002328,0.999300,1.000000,0.001930,0.982524,0.883647
"Rhyolitic obsidian (Obsidian_H1)",Obsidian_H1,becknic,rock,rock.igneous.intermediate.fine.all.obsidian_h1.jhu.becknic.spectrum.txt,0.002390,0.992435,0.883721,0.001587,0.949791,1.000000,0.001923,0.990688,1.000000,0.004488,0.999216,1.000000,0.003073,0.967464,0.883647
"Quartz Monzonite (Qmonzonite_H1)",Qmonzonite_H1,becknic,rock,rock.igneous.intermediate.fine.all.qmonzonite_h1.jhu.becknic.spectrum.txt,0.003082,0.997778,0.883721,0.001801,0.962909,1.000000,0.002866,0.993709,1.000000,0.002743,0.999839,1.000000,0.002800,0.982377,0.883647
"Alkalic Syenite (Syenite_H1)",Syenite_H1,becknic,rock,rock.igneous.intermediate.fine.all.syenite_h1.jhu.becknic.spectrum.txt,0.001647,0.995358,0.883721,0.000950,0.561009,1.000000,0.001381,0.991255,1.000000,0.002712,0.999079,1.000000,0.002232,0.980121,0.883647
"Nepheline Syenite (Syenite_H2)",Syenite_H2,becknic,rock,rock.igneous.intermediate.fine.all.syenite_h2.jhu.becknic.spectrum.txt,0.002667,0.994219,0.883721,0.001141,0.986597,1.000000,0.003733,0.997872,1.000000,0.006078,0.999130,1.000000,0.004932,0.972160,0.883647
"Tonalite (Bonsall Tonalite) (Tonalite_H1)",Tonalite_H1,becknic,rock,rock.igneous.intermediate.fine.all.tonalite_h1.jhu.becknic.spectrum.txt,0.001830,0.996992,0.883721,0.002436,0.971668,1.000000,0.003445,0.999064,1.000000,0.003872,0.999584,1.000000,0.002273,0.989003,0.883647
"Augite-hypersthene Andesite (Andesite_H1)",Andesite_H1,becknic,rock,rock.igneous.intermediate.solid.all.andesite_h1.jhu.becknic.spectrum.txt,0.001002,0.965981,0.883721,0.000762,0.963900,1.000000,0.000543,0.978585,1.000000,0.000300,0.998421,1.000000,0.001742,0.997948,0.883671
"Augite-hypersthene Andesite (Andesite_H2)",Andesite_H2,becknic,rock,rock.igneous.intermediate.solid.all.andesite_h2.jhu.becknic.spectrum.txt,0.001149,0.987877,0.883721,0.000965,0.996227,1.000000,0.000830,0.991055,1.000000,0.000902,0.999392,1.000000,0.002048,0.994042,0.883671
"Basaltic Andesite (Andesite_H4)",Andesite_H4,becknic,rock,rock.igneous.intermediate.solid.all.andesite_h4.jhu.becknic.spectrum.txt,0.001343,0.983364,0.883721,0.001521,0.945348,1.000000,0.000824,0.985647,1.000000,0.000550,0.998986,1.000000,0.001810,0.997010,0.883671
"Diorite (Diorite_H1)",Diorite_H1,becknic,rock,rock.igneous.intermediate.solid.all.diorite_h1.jhu.becknic.spectrum.txt,0.001339,0.974155,0.883721,0.000664,0.934790,1.000000,0.001736,0.998037,1.000000,0.001100,0.999285,1.000000,0.001962,0.996911,0.883671
"Granodiorite (Granodior_H1)",Granodior_H1,becknic,rock,rock.igneous.intermediate.solid.all.granodior_h1.jhu.becknic.spectrum.txt,0.001490,0.977406,0.883721,0.001270,0.960956,1.000000,0.000758,0.968931,1.000000,0.000602,0.999704,1.000000,0.002535,0.998911,0.883671
"Granodiorite (Granodior_H2)",Granodior_H2,becknic,rock,rock.igneous.intermediate.solid.all.granodior_h2.jhu.becknic.spectrum.txt,0.001248,0.992907,0.883721,0.000781,0.980490,1.000000,0.000729,0.996332,1.000000,0.000292,0.998958,1.000000,0.001756,0.998739,0.883671
"Monzonite (Monzonite_H1)",Monzonite_H1,becknic,rock,rock.igneous.intermediate.solid.all.monzonite_h1.jhu.becknic.spectrum.txt,0.001977,0.996707,0.883721,0.001256,0.970270,1.000000,0.001277,0.996777,1.000000,0.000841,0.999581,1.000000,0.001956,0.999114,0.883671
"Rhyolitic obsidian (Obsidian_H1)",Obsidian_H1,becknic,rock,rock.igneous.intermediate.solid.all.obsidian_h1.jhu.becknic.spectrum.txt,0.000951,0.963865,0.883721,0.000570,0.918610,1.000000,0.000540,0.900112,1.000000,0.000340,0.999103,1.000000,0.004112,0.998001,0.883671
"Quartz Monzonite (Qmonzonite_H1)",Qmonzonite_H1,becknic,rock,rock.igneous.intermediate.solid.all.qmonzonite_h1.jhu.becknic.spectrum.txt,0.001742,0.999263,0.883721,0.001603,0.874428,1.000000,0.001606,0.996428,1.000000,0.001152,0.999417,1.000000,0.003056,0.998218,0.883671
"Alkalic Syenite (Syenite_H1)",Syenite_H1,becknic,rock,rock.igneous.intermediate.solid.all.syenite_h1.jhu.becknic.spectrum.txt,0.001650,0.991992,0.883721,0.000790,0.984579,1.000000,0.001537,0.966620,1.000000,0.000442,0.999553,1.000000,0.002289,0.998510,0.883671
"Nepheline Syenite (Syenite_H2)",Syenite_H2,becknic,rock,rock.igneous.intermediate.solid.all.syenite_h2.jhu.becknic.spectrum.txt,0.001696,0.996726,0.883721,0.001145,0.985621,1.000000,0.002186,0.993396,1.000000,0.001481,0.999308,1.000000,0.005993,0.993488,0.883671
"Tonalite (Bonsall Tonalite) (Tonalite_H1)",Tonalite_H1,becknic,rock,rock.igneous.intermediate.solid.all.tonalite_h1.jhu.becknic.spectrum.txt,0.001840,0.984802,0.883721,0.001399,0.985111,1.000000,0.001131,0.993545,1.000000,0.001512,0.998654,1.000000,0.002429,0.998983,0.883671
"Monzonite (Ward24)",Ward24,becknic,rock,rock.igneous.intermediate.solid.all.ward24.jpl.nicolet.spectrum.txt,0.000479,1.000000,0.000000,0.000495,1.000000,0.000000,0.003078,0.929433,0.357286,0.001462,0.999076,1.000000,0.001571,0.999411,1.000000
"Quartz Monzonite Porphyry (Ward25)",Ward25,becknic,rock,rock.igneous.intermediate.solid.all.ward25.jpl.nicolet.spectrum.txt,0.000497,1.000000,0.000000,0.000715,1.000000,0.000000,0.003112,0.971959,0.357286,0.001573,0.999072,1.000000,0.001716,0.999349,1.000000
"Granodiorite (Ward26)",Ward26,becknic,rock,rock.igneous.intermediate.solid.all.ward26.jpl.nicolet.spectrum.txt,0.000455,1.000000,0.000000,0.000551,1.000000,0.000000,0.008378,0.905212,0.357286,0.002881,0.996373,1.000000,0.003405,0.998031,1.000000
"Mica Dacite Porphyry (Ward27)",Ward27,becknic,rock,rock.igneous.intermediate.solid.all.ward27.jpl.nicolet.spectrum.txt,0.000538,1.000000,0.000000,0.000373,1.000000,0.000000,0.002355,0.889317,0.357286,0.001500,0.997549,1.000000,0.001431,0.998991,1.000000
"Andesite Breccia (Ward28)",Ward28,becknic,rock,rock.igneous.intermediate.solid.all.ward28.jpl.nicolet.spectrum.txt,0.000500,1.000000,0.000000,0.000754,1.000000,0.000000,0.003361,0.985081,0.357286,0.001824,0.999086,1.000000,0.001227,0.998532,1.000000
"Andesite Porphyry (Ward30)",Ward30,becknic,rock,rock.igneous.intermediate.solid.all.ward30.jpl.nicolet.spectrum.txt,0.000439,1.000000,0.000000,0.000606,1.000000,0.000000,0.005201,0.953799,0.357286,0.002464,0.996729,1.000000,0.002538,0.998353,1.000000
"Diorite Porphyry (Ward32)",Ward32,becknic,rock,rock.igneous.intermediate.solid.all.ward32.jpl.nicolet.spectrum.txt,0.000490,1.000000,0.000000,0.000423,1.000000,0.000000,0.003593,0.708908,0.357286,0.001482,0.999056,1.000000,0.001326,0.998374,1.000000
"Monzonite (Ward24)",Ward24,becknic,rock,rock.igneous.intermediate.solid.vswir.ward24.jpl.perkin.spectrum.txt,0.000589,0.999710,0.883721,0.001325,0.971992,1.000000,0.001048,0.995135,1.000000,0.000380,1.000000,0.000000,0.000549,1.000000,0.000000
"Quartz Monzonite Porphyry (Ward25)",Ward25,becknic,rock,rock.igneous.intermediate.solid.vswir.ward25.jpl.perkin.spectrum.txt,0.000715,0.999505,0.883721,0.001140,0.909668,1.000000,0.001008,0.997760,1.000000,0.000373,1.000000,0.000000,0.000544,1.000000,0.000000
"Granodiorite (Ward26)",Ward26,becknic,rock,rock.igneous.intermediate.solid.vswir.ward26.jpl.perkin.spectrum.txt,0.000886,0.991198,0.883721,0.000785,0.979895,1.000000,0.001092,0.975091,1.000000,0.000362,1.000000,0.000000,0.000555,1.000000,0.000000
"Mica Dacite Porphyry (Ward27)",Ward27,becknic,rock,rock.igneous.intermediate.solid.vswir.ward27.jpl.perkin.spectrum.txt,0.000714,0.992497,0.883721,0.000673,0.978245,1.000000,0.000860,0.994597,1.000000,0.000478,1.000000,0.000000,0.000368,1.000000,0.000000
"Andesite Breccia (Ward28)",Ward28,becknic,rock,rock.igneous.intermediate.solid.vswir.ward28.jpl.perkin.spectrum.txt,0.001106,0.997448,0.883721,0.001893,0.820367,1.000000,0.002207,0.997543,1.000000,0.000756,1.000000,0.000000,0.000713,1.000000,0.000000
"Andesite Porphyry (Ward30)",Ward30,becknic,rock,rock.igneous.intermediate.solid.vswir.ward30.jpl.perkin.spectrum.txt,0.000495,0.999765,0.883721,0.001357,0.859093,1.000000,0.001072,0.997623,1.000000,0.000411,1.000000,0.000000,0.000537,1.000000,0.000000
"Diorite Porphyry (Ward32)",Ward32,becknic,rock,rock.igneous.intermediate.solid.vswir.ward32.jpl.perkin.spectrum.txt,0.000518,0.999523,0.883721,0.001465,0.989591,1.000000,0.001022,0.985443,1.000000,0.000370,1.000000,0.000000,0.000546,1.000000,0.000000
"Anorthosite (Anorthos_H1)",Anorthos_H1,becknic,rock,rock.igneous.mafic.fine.all.anorthos_h1.jhu.becknic.spectrum.txt,0.002286,0.983934,0.883721,0.002429,0.826120,1.000000,0.003018,0.971407,1.000000,0.005988,0.997891,1.000000,0.004604,0.932413,0.883647
"Basalt (Basalt_7)",Basalt_7,becknic,rock,rock.igneous.mafic.fine.all.basalt_7.jhu.becknic.spectrum.txt,0.001562,0.995473,0.883721,0.004313,0.951304,1.000000,0.001383,0.986919,1.000000,0.002092,0.999094,1.000000,0.001255,0.998231,0.883647
"Basalt (Basalt_H1)",Basalt_H1,becknic,rock,rock.igneous.mafic.fine.all.basalt_h1.jhu.becknic.spectrum.txt,0.001603,0.996403,0.883721,0.003203,0.949542,1.000000,0.001101,0.955565,1.000000,0.002004,0.998293,1.000000,0.003570,0.973608,0.883647
"Basalt (Basalt_H10)",Basalt_H10,becknic,rock,rock.igneous.mafic.fine.all.basalt_h10.jhu.becknic.spectrum.txt,0.001422,0.998166,0.883721,0.002457,0.961088,1.000000,0.001686,0.998510,1.000000,0.002757,0.999496,1.000000,0.003431,0.991157,0.883647
"Basalt (Basalt_H2)",Basalt_H2,becknic,rock,rock.igneous.mafic.fine.all.basalt_h2.jhu.becknic.spectrum.txt,0.001332,0.979599,0.883721,0.001257,0.902330,1.000000,0.000877,0.992775,1.000000,0.002847,0.995050,1.000000,0.002893,0.992630,0.883647
"Basalt (Basalt_H5)",Basalt_H5,becknic,rock,rock.igneous.mafic.fine.all.basalt_h5.jhu.becknic.spectrum.txt,0.001509,0.993429,0.883721,0.003649,0.927380,1.000000,0.001181,0.980150,1.000000,0.001961,0.999152,1.000000,0.001058,0.998554,0.883647
"Basalt (Basalt_H9)",Basalt_H9,becknic,rock,rock.igneous.mafic.fine.all.basalt_h9.jhu.becknic.spectrum.txt,0.001421,0.998032,0.883721,0.002177,0.950698,1.000000,0.001281,0.998007,1.000000,0.002062,0.999439,1.000000,0.003030,0.991403,0.883647
"Diabase (Diabase_H1)",Diabase_H1,becknic,rock,rock.igneous.mafic.fine.all.diabase_h1.jhu.becknic.spectrum.txt,0.001766,0.996795,0.883721,0.001609,0.995971,1.000000,0.001992,0.991608,1.000000,0.002867,0.999255,1.000000,0.003626,0.986677,0.883647
"Diabase (Diabase_H2)",Diabase_H2,becknic,rock,rock.igneous.mafic.fine.all.diabase_h2.jhu.becknic.spectrum.txt,0.001946,0.996938,0.883721,0.002583,0.990507,1.000000,0.002655,0.990104,1.000000,0.002873,0.999403,1.000000,0.003028,0.990322,0.883647
"Gabbro (Gabbro_H1)",Gabbro_H1,becknic,rock,rock.igneous.mafic.fine.all.gabbro_h1.jhu.becknic.spectrum.txt,0.001489,0.992922,0.883721,0.001241,0.854056,1.000000,0.001252,0.992747,1.000000,0.002510,0.998288,1.000000,0.002427,0.987385,0.883647
"Lamprophyre (Lamproph_H1)",Lamproph_H1,becknic,rock,rock.igneous.mafic.fine.all.lamproph_h1.jhu.becknic.spectrum.txt,0.001724,0.992397,0.883721,0.001491,0.931151,1.000000,0.001279,0.989773,1.000000,0.002365,0.998295,1.000000,0.001814,0.992335,0.883647
"Norite (Norite_H1)",Norite_H1,becknic,rock,rock.igneous.mafic.fine.all.norite_h1.jhu.becknic.spectrum.txt,0.001627,0.991522,0.883721,0.001313,0.992844,1.000000,0.002451,0.998151,1.000000,0.003449,0.998757,1.000000,0.003971,0.980938,0.883647
"Norite (Norite_H2)",Norite_H2,becknic,rock,rock.igneous.mafic.fine.all.norite_h2.jhu.becknic.spectrum.txt,0.001752,0.998540,0.883721,0.001737,0.997466,1.000000,0.002663,0.993256,1.000000,0.003740,0.998801,1.000000,0.002468,0.993348,0.883647
"Anorthosite (Anorthos_H1)",Anorthos_H1,becknic,rock,rock.igneous.mafic.solid.all.anorthos_h1.jhu.becknic.spectrum.txt,0.001510,0.924141,0.883721,0.000638,0.990615,1.000000,0.001137,0.990116,1.000000,0.000895,0.998943,1.000000,0.001289,0.997188,0.883671
"Basalt (ba12c1f)",ba12c1f,becknic,rock,rock.igneous.mafic.solid.all.ba12c1f.usgs.perknic.spectrum.txt,0.000013,1.000000,0.883721,0.000011,1.000000,1.000000,0.000012,1.000000,1.000000,0.000007,1.000000,1.000000,0.000014,1.000000,0.883894
"Basalt (ba12c3f)",ba12c3f,becknic,rock,rock.igneous.mafic.solid.all.ba12c3f.usgs.perknic.spectrum.txt,0.000014,1.000000,0.883721,0.000013,1.000000,1.000000,0.000012,1.000000,1.000000,0.000028,1.000000,1.000000,0.000017,1.000000,0.883894
"Basalt (ba14c1f)",ba14c1f,becknic,rock,rock.igneous.mafic.solid.all.ba14c1f.usgs.perknic.spectrum.txt,0.000015,1.000000,0.883721,0.000011,1.000000,1.000000,0.000015,1.000000,1.000000,0.000010,1.000000,1.000000,0.000014,1.000000,0.883894
"Basalt (ba14c2f)",ba14c2f,becknic,rock,rock.igneous.mafic.solid.all.ba14c2f.usgs.perknic.spectrum.txt,0.000013,1.000000,0.883721,0.000012,1.000000,1.000000,0.000011,1.000000,1.000000,0.000015,1.000000,1.000000,0.000015,1.000000,0.883894
"Basalt (ba14d1f)",ba14d1f,becknic,rock,rock.igneous.mafic.solid.all.ba14d1f.usgs.perknic.spectrum.txt,0.000012,1.000000,0.883721,0.000009,1.000000,1.000000,0.000011,1.000000,1.000000,0.000010,1.000000,1.000000,0.000014,1.000000,0.883894
"Basalt (ba14d2f)",ba14d2f,becknic,rock,rock.igneous.mafic.solid.all.ba14d2f.usgs.perknic.spectrum.txt,0.000012,1.000000,0.883721,0.000011,1.000000,1.000000,0.000010,1.000000,1.000000,0.000006,1.000000,1.000000,0.000013,1.000000,0.883894
"Basalt (ba19a1w)",ba19a1w,becknic,rock,rock.igneous.mafic.solid.all.ba19a1w.usgs.perknic.spectrum.txt,0.000020,1.000000,0.883721,0.000013,1.000000,1.000000,0.000013,1.000000,1.000000,0.000015,1.000000,1.000000,0.000014,1.000000,0.883894
"Basalt (ba1b1f1)",ba1b1f1,becknic,rock,rock.igneous.mafic.solid.all.ba1b1f1.usgs.perknic.spectrum.txt,0.000012,1.000000,0.883721,0.000012,1.000000,1.000000,0.000010,1.000000,1.000000,0.000006,1.000000,1.000000,0.000009,1.000000,0.883894
"Basalt (ba1b1f2)",ba1b1f2,becknic,rock,rock.igneous.mafic.solid.all.ba1b1f2.usgs.perknic.spectrum.txt,0.000012,1.000000,0.883721,0.000010,1.000000,1.000000,0.000012,1.000000,1.000000,0.000006,1.000000,1.000000,0.000009,1.000000,0.883894
"Basalt (ba1d1c)",ba1d1c,becknic,rock,rock.igneous.mafic.solid.all.ba1d1c.usgs.perknic.spectrum.txt,0.000013,1.000000,0.883721,0.000011,1.000000,1.000000,0.000011,1.000000,1.000000,0.000007,1.000000,1.000000,0.000009,1.000000,0.883894
"Basalt (ba1d1f)",ba1d1f,becknic,rock,rock.igneous.mafic.solid.all.ba1d1f.usgs.perknic.spectrum.txt,0.000011,1.000000,0.883721,0.000007,1.000000,1.000000,0.000009,1.000000,1.000000,0.000020,1.000000,1.000000,0.000029,1.000000,0.883894
"Basalt (ba2b1c)",ba2b1c,becknic,rock,rock.igneous.mafic.solid.all.ba2b1c.usgs.perknic.spectrum.txt,0.000012,1.000000,0.883721,0.000007,1.000000,1.000000,0.000009,1.000000,1.000000,0.000009,1.000000,1.000000,0.000011,1.000000,0.883894
"Basalt (ba2b1f)",ba2b1f,becknic,rock,rock.igneous.mafic.solid.all.ba2b1f.usgs.perknic.spectrum.txt,0.000013,1.000000,0.883721,0.000010,1.000000,1.000000,0.000009,1.000000,1.000000,0.000007,1.000000,1.000000,0.000011,1.000000,0.883894
"Basalt (ba4b1w)",ba4b1w,becknic,rock,rock.igneous.mafic.solid.all.ba4b1w.usgs.perknic.spectrum.txt,0.000014,1.000000,0.883721,0.000009,1.000000,1.000000,0.000012,1.000000,1.000000,0.000009,1.000000,1.000000,0.000017,1.000000,0.883894
"Basalt (ba4b2c)",ba4b2c,becknic,rock,rock.igneous.mafic.solid.all.ba4b2c.usgs.perknic.spectrum.txt,0.000017,1.000000,0.883721,0.000014,1.000000,1.000000,0.000017,1.000000,1.000000,0.000007,1.000000,1.000000,0.000014,1.000000,0.883894
"Basalt (ba9a1f)",ba9a1f,becknic,rock,rock.igneous.mafic.solid.all.ba9a1f.usgs.perknic.spectrum.txt,0.000014,1.000000,0.883721,0.000007,1.000000,1.000000,0.000009,1.000000,1.000000,0.000011,1.000000,1.000000,0.000007,1.000000,0.883894
"Basalt (ba9a2f)",ba9a2f,becknic,rock,rock.igneous.mafic.solid.all.ba9a2f.usgs.perknic.spectrum.txt,0.000012,1.000000,0.883721,0.000011,1.000000,1.000000,0.000011,1.000000,1.000000,0.000014,1.000000,1.000000,0.000007,1.000000,0.883894
"Basalt (ba9a3f)",ba9a3f,becknic,rock,rock.igneous.mafic.solid.all.ba9a3f.usgs.perknic.spectrum.txt,0.000010,1.000000,0.883721,0.000009,1.000000,1.000000,0.000010,1.000000,1.000000,0.000014,1.000000,1.000000,0.000008,1.000000,0.883894
"Basalt (ba9a4f)",ba9a4f,becknic,rock,rock.igneous.mafic.solid.all.ba9a4f.usgs.perknic.spectrum.txt,0.000014,1.000000,0.883721,0.000010,1.000000,1.000000,0.000010,1.000000,1.000000,0.000011,1.000000,1.000000,0.000009,1.000000,0.883894
"Basalt (ba9b1f)",ba9b1f,becknic,rock,rock.igneous.mafic.solid.all.ba9b1f.usgs.perknic.spectrum.txt,0.000014,1.000000,0.883721,0.000009,1.000000,1.000000,0.000009,1.000000,1.000000,0.000006,1.000000,1.000000,0.000007,1.000000,0.883894
"Basalt (ba9c1f)",ba9c1f,becknic,rock,rock.igneous.mafic.solid.all.ba9c1f.usgs.perknic.spectrum.txt,0.000014,1.000000,0.883721,0.000007,1.000000,1.000000,0.000010,1.000000,1.000000,0.000013,1.000000,1.000000,0.000012,1.000000,0.883894
"Basalt (ba9c2f)",ba9c2f,becknic,rock,rock.igneous.mafic.solid.all.ba9c2f.usgs.perknic.spectrum.txt,0.000015,1.000000,0.883721,0.000011,1.000000,1.000000,0.000009,1.000000,1.000000,0.000018,1.000000,1.000000,0.000016,1.000000,0.883894
"Basalt (ba9c3c)",ba9c3c,becknic,rock,rock.igneous.mafic.solid.all.ba9c3c.usgs.perknic.spectrum.txt,0.000015,1.000000,0.883721,0.000011,1.000000,1.000000,0.000011,1.000000,1.000000,0.000016,1.000000,1.000000,0.000012,1.000000,0.883894
"Basalt (Basalt_7)",Basalt_7,becknic,rock,rock.igneous.mafic.solid.all.basalt_7.jhu.becknic.spectrum.txt,0.001555,0.984814,0.883721,0.002210,0.986690,1.000000,0.001019,0.996599,1.000000,0.000733,0.999594,1.000000,0.001928,0.997230,0.883671
"Basalt (Basalt_H1)",Basalt_H1,becknic,rock,rock.igneous.mafic.solid.all.basalt_h1.jhu.becknic.spectrum.txt,0.001099,0.952475,0.883721,0.000662,0.954900,1.000000,0.000463,0.968525,1.000000,0.000265,0.997574,1.000000,0.001621,0.997509,0.883671
"Basalt (Basalt_H10)",Basalt_H10,becknic,rock,rock.igneous.mafic.solid.all.basalt_h10.jhu.becknic.spectrum.txt,0.001911,0.994499,0.883721,0.002036,0.991023,1.000000,0.000931,0.992640,1.000000,0.001466,0.998628,1.000000,0.002496,0.995669,0.883671
"Basalt (Basalt_H2)",Basalt_H2,becknic,rock,rock.igneous.mafic.solid.all.basalt_h2.jhu.becknic.spectrum.txt,0.001331,0.906629,0.883721,0.000966,0.142587,1.000000,0.000724,0.888160,1.000000,0.000849,0.997361,1.000000,0.001513,0.994396,0.883671
"Basalt (Basalt_H5)",Basalt_H5,becknic,rock,rock.igneous.mafic.solid.all.basalt_h5.jhu.becknic.spectrum.txt,0.001211,0.971300,0.883721,0.001134,0.993419,1.000000,0.001010,0.993384,1.000000,0.000721,0.999562,1.000000,0.002631,0.997149,0.883671
"Basalt (Basalt_H9)",Basalt_H9,becknic,rock,rock.igneous.mafic.solid.all.basalt_h9.jhu.becknic.spectrum.txt,0.001444,0.976523,0.883721,0.001198,0.988419,1.000000,0.000842,0.987734,1.000000,0.000585,0.999514,1.000000,0.002530,0.995942,0.883671
"Unaltered volcanic tuff (Cup9)",Cup9,becknic,rock,rock.igneous.mafic.solid.all.cup9.usgs.perknic.spectrum.txt,0.000396,0.999900,0.883721,0.001327,0.937899,1.000000,0.001185,0.962438,1.000000,0.002347,0.998806,1.000000,0.001069,0.998857,0.870588
"Diabase (Diabase_H1)",Diabase_H1,becknic,rock,rock.igneous.mafic.solid.all.diabase_h1.jhu.becknic.spectrum.txt,0.001303,0.983576,0.883721,0.000790,0.991125,1.000000,0.000568,0.997699,1.000000,0.000845,0.999159,1.000000,0.001939,0.997095,0.883671
"Diabase (Diabase_H2)",Diabase_H2,becknic,rock,rock.igneous.mafic.solid.all.diabase_h2.jhu.becknic.spectrum.txt,0.001518,0.973655,0.883721,0.001014,0.986582,1.000000,0.000757,0.996794,1.000000,0.000476,0.999614,1.000000,0.002000,0.997556,0.883671
"Gabbro (Gabbro_H1)",Gabbro_H1,becknic,rock,rock.igneous.mafic.solid.all.gabbro_h1.jhu.becknic.spectrum.txt,0.001109,0.971862,0.883721,0.000738,0.982555,1.000000,0.000673,0.980451,1.000000,0.000386,0.999479,1.000000,0.001860,0.997804,0.883671
"Lamprophyre (Lamproph_H1)",Lamproph_H1,becknic,rock,rock.igneous.mafic.solid.all.lamproph_h1.jhu.becknic.spectrum.txt,0.001195,0.854114,0.883721,0.000599,0.964765,1.000000,0.000603,0.962033,1.000000,0.000469,0.997706,1.000000,0.001512,0.998328,0.883671
"Basalt (ME10B)",ME10B,becknic,rock,rock.igneous.mafic.solid.all.me10b.usgs.perknic.spectrum.txt,0.000346,0.995692,0.883721,0.003417,0.597340,1.000000,0.000868,0.980364,1.000000,0.000875,0.987362,1.000000,0.001233,0.998919,0.888353
"Basalt (Me11a)",Me11a,becknic,rock,rock.igneous.mafic.solid.all.me11a.usgs.perknic.spectrum.txt,0.000423,1.000000,0.883721,0.003930,0.422823,1.000000,0.000931,0.946962,1.000000,0.000925,0.990607,1.000000,0.001576,0.998676,0.888353
"Basalt (Me13)",Me13,becknic,rock,rock.igneous.mafic.solid.all.me13.usgs.perknic.spectrum.txt,0.000911,0.996387,0.883721,0.001860,0.961680,1.000000,0.001316,0.980033,1.000000,0.001578,0.996765,1.000000,0.000792,0.997549,0.888353
"Basalt (Me13a)",Me13a,becknic,rock,rock.igneous.mafic.solid.all.me13a.usgs.perknic.spectrum.txt,0.000342,1.000000,0.883721,0.001268,0.968772,1.000000,0.001052,0.948339,1.000000,0.000821,0.995981,1.000000,0.001288,0.998714,0.888353
"Basalt (me14b)",me14b,becknic,rock,rock.igneous.mafic.solid.all.me14b.usgs.perknic.spectrum.txt,0.000395,0.995011,0.883721,0.000741,0.965616,1.000000,0.000917,0.987116,1.000000,0.000895,0.997271,1.000000,0.001189,0.998208,0.888353
"Basalt (me15a)",me15a,becknic,rock,rock.igneous.mafic.solid.all.me15a.usgs.perknic.spectrum.txt,0.000570,0.969426,0.883721,0.001016,0.977938,1.000000,0.001029,0.965967,1.000000,0.000882,0.996861,1.000000,0.001136,0.997653,0.888353
"Basalt (Me16b)",Me16b,becknic,rock,rock.igneous.mafic.solid.all.me16b.usgs.perknic.spectrum.txt,0.000565,0.864881,0.883721,0.000734,0.981201,1.000000,0.001016,0.871703,1.000000,0.000824,0.979648,1.000000,0.001346,0.998304,0.888353
"Basalt (Me17)",Me17,becknic,rock,rock.igneous.mafic.solid.all.me17.usgs.perknic.spectrum.txt,0.000436,0.999866,0.883721,0.000939,0.996844,1.000000,0.001093,0.997655,1.000000,0.001548,0.997890,1.000000,0.001085,0.995274,0.888353
"Basalt (Me24)",Me24,becknic,rock,rock.igneous.mafic.solid.all.me24.usgs.perknic.spectrum.txt,0.000834,0.999173,0.883721,0.000815,0.991618,1.000000,0.001119,0.995587,1.000000,0.001050,0.998902,1.000000,0.000989,0.996888,0.888353
"Basalt (Me28)",Me28,becknic,rock,rock.igneous.mafic.solid.all.me28.usgs.perknic.spectrum.txt,0.000732,0.998693,0.883721,0.000910,0.993305,1.000000,0.001242,0.991067,1.000000,0.000859,0.999203,1.000000,0.001236,0.997614,0.888353
"Basalt (Me28b)",Me28b,becknic,rock,rock.igneous.mafic.solid.all.me28b.usgs.perknic.spectrum.txt,0.000754,0.998263,0.883721,0.001719,0.974470,1.000000,0.001136,0.989638,1.000000,0.000949,0.999098,1.000000,0.001164,0.997642,0.888353
"Basalt (Me3)",Me3,becknic,rock,rock.igneous.mafic.solid.all.me3.usgs.perknic.spectrum.txt,0.000715,0.999646,0.883721,0.003435,0.703859,1.000000,0.000976,0.996876,1.000000,0.001397,0.999285,1.000000,0.000954,0.997485,0.888353
"Basalt (Me41)",Me41,becknic,rock,rock.igneous.mafic.solid.all.me41.usgs.perknic.spectrum.txt,0.000763,0.999638,0.883721,0.001158,0.958307,1.000000,0.001321,0.994016,1.000000,0.000994,0.999382,1.000000,0.000797,0.997743,0.888353
"Basalt (Me5)",Me5,becknic,rock,rock.igneous.mafic.solid.all.me5.usgs.perknic.spectrum.txt,0.000556,0.999655,0.883721,0.002698,0.897570,1.000000,0.001048,0.995323,1.000000,0.001224,0.998406,1.000000,0.000837,0.998902,0.883882
"Basalt (Me64)",Me64,becknic,rock,rock.igneous.mafic.solid.all.me64.usgs.perknic.spectrum.txt,0.000240,0.998761,0.883721,0.000573,0.951538,1.000000,0.000885,0.990339,1.000000,0.000821,0.996450,1.000000,0.000725,0.997410,0.888353
"Basalt (Me67)",Me67,becknic,rock,rock.igneous.mafic.solid.all.me67.usgs.perknic.spectrum.txt,0.000317,0.998984,0.883721,0.001548,0.966793,1.000000,0.001056,0.993325,1.000000,0.000884,0.998558,1.000000,0.000951,0.997926,0.888353
"Basalt (Me69)",Me69,becknic,rock,rock.igneous.mafic.solid.all.me69.usgs.perknic.spectrum.txt,0.000312,0.998437,0.883721,0.001050,0.955292,1.000000,0.001067,0.878665,1.000000,0.000935,0.992350,1.000000,0.001055,0.998909,0.888353
"Basanite (Mewy327)",Mewy327,becknic,rock,rock.igneous.mafic.solid.all.mewy327.usgs.perknic.spectrum.txt,0.000369,0.998735,0.883721,0.000563,0.994577,1.000000,0.001069,0.963381,1.000000,0.000937,0.976628,1.000000,0.001413,0.998594,0.888353
"Basanite (Mewy327b)",Mewy327b,becknic,rock,rock.igneous.mafic.solid.all.mewy327b.usgs.perknic.spectrum.txt,0.000332,0.998564,0.883721,0.000729,0.989780,1.000000,0.000928,0.973551,1.000000,0.000734,0.986387,1.000000,0.001362,0.998419,0.888353
"Alkali Basalt (Mewy366)",Mewy366,becknic,rock,rock.igneous.mafic.solid.all.mewy366.usgs.perknic.spectrum.txt,0.000568,0.998243,0.883721,0.001640,0.992945,1.000000,0.001200,0.995925,1.000000,0.001131,0.999321,1.000000,0.001259,0.997290,0.888353
"Alkali Basalt (Mewy410a)",Mewy410a,becknic,rock,rock.igneous.mafic.solid.all.mewy410a.usgs.perknic.spectrum.txt,0.000385,0.999147,0.883721,0.000565,0.997937,1.000000,0.000969,0.994055,1.000000,0.000716,0.994206,1.000000,0.001257,0.998443,0.888353
"Basalt (Mewy9)",Mewy9,becknic,rock,rock.igneous.mafic.solid.all.mewy9.usgs.perknic.spectrum.txt,0.000617,0.977763,0.883721,0.000498,0.987653,1.000000,0.000854,0.866843,1.000000,0.000951,0.975881,1.000000,0.001106,0.998325,0.888353
"Norite (Norite_H1)",Norite_H1,becknic,rock,rock.igneous.mafic.solid.all.norite_h1.jhu.becknic.spectrum.txt,0.001218,0.965565,0.883721,0.000714,0.974906,1.000000,0.002001,0.996409,1.000000,0.001220,0.999296,1.000000,0.001395,0.998849,0.883671
"Norite (Norite_H2)",Norite_H2,becknic,rock,rock.igneous.mafic.solid.all.norite_h2.jhu.becknic.spectrum.txt,0.001611,0.978582,0.883721,0.000845,0.969057,1.000000,0.000675,0.996053,1.000000,0.000335,0.999235,1.000000,0.001925,0.998299,0.883671
"Vesicular Basalt (Ward33)",Ward33,becknic,rock,rock.igneous.mafic.solid.all.ward33.jpl.nicolet.spectrum.txt,0.000350,1.000000,0.000000,0.000286,1.000000,0.000000,0.004102,0.826167,0.357286,0.002284,0.992076,1.000000,0.002447,0.995814,1.000000
"Basalt (Ward35)",Ward35,becknic,rock,rock.igneous.mafic.solid.all.ward35.jpl.nicolet.spectrum.txt,0.000059,1.000000,0.000000,0.000047,1.000000,0.000000,0.007300,0.783978,0.357286,0.002685,0.889745,1.000000,0.002162,0.995960,1.000000
"Olivine Basalt Porphyry (Ward36)",Ward36,becknic,rock,rock.igneous.mafic.solid.all.ward36.jpl.nicolet.spectrum.txt,0.000495,1.000000,0.000000,0.000246,1.000000,0.000000,0.005774,0.495346,0.357286,0.002451,0.983986,1.000000,0.002590,0.997361,1.000000
"Diabase (Ward37)",Ward37,becknic,rock,rock.igneous.mafic.solid.all.ward37.jpl.nicolet.spectrum.txt,0.000489,1.000000,0.000000,0.000472,1.000000,0.000000,0.002534,0.987543,0.357286,0.001384,0.998749,1.000000,0.001849,0.997995,1.000000
"Diabase Porphyry (Ward38)",Ward38,becknic,rock,rock.igneous.mafic.solid.all.ward38.jpl.nicolet.spectrum.txt,0.000489,1.000000,0.000000,0.000418,1.000000,0.000000,0.002602,0.929786,0.357286,0.001168,0.999103,1.000000,0.002202,0.998079,1.000000
"Olivine Gabbro (Ward39)",Ward39,becknic,rock,rock.igneous.mafic.solid.all.ward39.jpl.nicolet.spectrum.txt,0.000421,1.000000,0.000000,0.000229,1.000000,0.000000,0.003207,0.813997,0.357286,0.001213,0.995899,1.000000,0.002304,0.997391,1.000000
"Hypersthene Gabbro (Norite) (Ward40)",Ward40,becknic,rock,rock.igneous.mafic.solid.all.ward40.jpl.nicolet.spectrum.txt,0.000364,1.000000,0.000000,0.000220,1.000000,0.000000,0.003583,0.804153,0.357286,0.001377,0.996069,1.000000,0.002097,0.998168,1.000000
"Hypersthene Gabbro (Ward41)",Ward41,becknic,rock,rock.igneous.mafic.solid.all.ward41.jpl.nicolet.spectrum.txt,0.000511,1.000000,0.000000,0.000381,1.000000,0.000000,0.005615,0.813139,0.357286,0.002334,0.994287,1.000000,0.002676,0.997774,1.000000
"Anorthosite (Ward42)",Ward42,becknic,rock,rock.igneous.mafic.solid.all.ward42.jpl.nicolet.spectrum.txt,0.000337,1.000000,0.000000,0.000324,1.000000,0.000000,0.005102,0.692260,0.357286,0.004027,0.984140,1.000000,0.003743,0.994742,1.000000
"Vesicular Basalt (Ward33)",Ward33,becknic,rock,rock.igneous.mafic.solid.vswir.ward33.jpl.perkin.spectrum.txt,0.000398,0.999355,0.883721,0.000850,0.977392,1.000000,0.000535,0.994351,1.000000,0.000355,1.000000,0.000000,0.000380,1.000000,0.000000
"Basalt (Ward35)",Ward35,becknic,rock,rock.igneous.mafic.solid.vswir.ward35.jpl.perkin.spectrum.txt,0.000137,0.999185,0.883721,0.000591,0.986897,1.000000,0.000490,0.989371,1.000000,0.000248,1.000000,0.000000,0.000258,1.000000,0.000000
"Olivine Basalt Porphyry (Ward36)",Ward36,becknic,rock,rock.igneous.mafic.solid.vswir.ward36.jpl.perkin.spectrum.txt,0.000283,0.996352,0.883721,0.000568,0.965460,1.000000,0.000692,0.992928,1.000000,0.000324,1.000000,0.000000,0.000368,1.000000,0.000000
"Diabase (Ward37)",Ward37,becknic,rock,rock.igneous.mafic.solid.vswir.ward37.jpl.perkin.spectrum.txt,0.000469,0.999492,0.883721,0.001150,0.702894,1.000000,0.001075,0.998724,1.000000,0.000467,1.000000,0.000000,0.000523,1.000000,0.000000
"Diabase Porphyry (Ward38)",Ward38,becknic,rock,rock.igneous.mafic.solid.vswir.ward38.jpl.perkin.spectrum.txt,0.000314,0.999261,0.883721,0.000608,0.831066,1.000000,0.000635,0.996562,1.000000,0.000498,1.000000,0.000000,0.000437,1.000000,0.000000
"Olivine Gabbro (Ward39)",Ward39,becknic,rock,rock.igneous.mafic.solid.vswir.ward39.jpl.perkin.spectrum.txt,0.000303,0.998094,0.883721,0.000491,0.940656,1.000000,0.000610,0.987405,1.000000,0.000260,1.000000,0.000000,0.000341,1.000000,0.000000
"Hypersthene Gabbro (Norite) (Ward40)",Ward40,becknic,rock,rock.igneous.mafic.solid.vswir.ward40.jpl.perkin.spectrum.txt,0.000386,0.995020,0.883721,0.000539,0.911266,1.000000,0.000547,0.979829,1.000000,0.000275,1.000000,0.000000,0.000345,1.000000,0.000000
"Hypersthene Gabbro (Ward41)",Ward41,becknic,rock,rock.igneous.mafic.solid.vswir.ward41.jpl.perkin.spectrum.txt,0.000477,0.999296,0.883721,0.000874,0.707327,1.000000,0.000955,0.990227,1.000000,0.000536,1.000000,0.000000,0.000513,1.000000,0.000000
"Anorthosite (Ward42)",Ward42,becknic,rock,rock.igneous.mafic.solid.vswir.ward42.jpl.perkin.spectrum.txt,0.000407,0.990692,0.883721,0.000762,0.788057,1.000000,0.000516,0.989878,1.000000,0.000393,1.000000,0.000000,0.000388,1.000000,0.000000
"Dunite (Dunite_H1)",Dunite_H1,becknic,rock,rock.igneous.ultramafic.fine.all.dunite_h1.jhu.becknic.spectrum.txt,0.003384,0.994511,0.883721,0.004262,0.985903,1.000000,0.003512,0.996040,1.000000,0.009252,0.993634,1.000000,0.002896,0.996244,0.883647
"Ijolite (Ijolite_H1)",Ijolite_H1,becknic,rock,rock.igneous.ultramafic.fine.all.ijolite_h1.jhu.becknic.spectrum.txt,0.001361,0.997393,0.883721,0.001761,0.965615,1.000000,0.002478,0.999581,1.000000,0.004312,0.999106,1.000000,0.001511,0.998075,0.883647
"Picrite (Picrite_H1)",Picrite_H1,becknic,rock,rock.igneous.ultramafic.fine.all.picrite_h1.jhu.becknic.spectrum.txt,0.001618,0.998833,0.883721,0.002793,0.985514,1.000000,0.002526,0.998787,1.000000,0.004797,0.998680,1.000000,0.001846,0.998800,0.883647
"Picrite (Picrite_H2)",Picrite_H2,becknic,rock,rock.igneous.ultramafic.fine.all.picrite_h2.jhu.becknic.spectrum.txt,0.002324,0.996951,0.883721,0.004565,0.968284,1.000000,0.002491,0.997765,1.000000,0.003196,0.999462,1.000000,0.001913,0.997949,0.883647
"Dunite (Dunite_H1)",Dunite_H1,becknic,rock,rock.igneous.ultramafic.solid.all.dunite_h1.jhu.becknic.spectrum.txt,0.002679,0.995803,0.883721,0.001925,0.990586,1.000000,0.002417,0.996919,1.000000,0.001468,0.997311,1.000000,0.005559,0.986598,0.883671
"Ijolite (Ijolite_H1)",Ijolite_H1,becknic,rock,rock.igneous.ultramafic.solid.all.ijolite_h1.jhu.becknic.spectrum.txt,0.001321,0.967024,0.883721,0.000771,0.879588,1.000000,0.001002,0.998691,1.000000,0.001230,0.999183,1.000000,0.002063,0.996827,0.883671
"Picrite (Picrite_H1)",Picrite_H1,becknic,rock,rock.igneous.ultramafic.solid.all.picrite_h1.jhu.becknic.spectrum.txt,0.001644,0.993826,0.883721,0.000908,0.994917,1.000000,0.001216,0.998854,1.000000,0.001112,0.998957,1.000000,0.008194,0.992078,0.883671
"Picrite (Picrite_H2)",Picrite_H2,becknic,rock,rock.igneous.ultramafic.solid.all.picrite_h2.jhu.becknic.spectrum.txt,0.002062,0.993802,0.883721,0.002791,0.990027,1.000000,0.001311,0.996181,1.000000,0.001312,0.999481,1.000000,0.003704,0.992862,0.883671
"Pyroxenite (Ward43)",Ward43,becknic,rock,rock.igneous.ultramafic.solid.all.ward43.jpl.nicolet.spectrum.txt,0.000449,1.000000,0.000000,0.000261,1.000000,0.000000,0.005937,0.872771,0.357286,0.002969,0.989893,1.000000,0.009118,0.986338,1.000000
"Dunite (Olivine Peridotite) (Ward44)",Ward44,becknic,rock,rock.igneous.ultramafic.solid.all.ward44.jpl.nicolet.spectrum.txt,0.000501,1.000000,0.000000,0.000957,1.000000,0.000000,0.003664,0.989670,0.357286,0.002507,0.996204,1.000000,0.008327,0.992235,1.000000
"Mica Peridotite (Ward45)",Ward45,becknic,rock,rock.igneous.ultramafic.solid.all.ward45.jpl.nicolet.spectrum.txt,0.000409,1.000000,0.000000,0.000344,1.000000,0.000000,0.005851,0.915286,0.357286,0.003101,0.970316,1.000000,0.002386,0.988207,1.000000
"Augite-Mica Peridotie (Ward46)",Ward46,becknic,rock,rock.igneous.ultramafic.solid.all.ward46.jpl.nicolet.spectrum.txt,0.000354,1.000000,0.000000,0.000285,1.000000,0.000000,0.006054,0.801705,0.357286,0.002777,0.973102,1.000000,0.002323,0.997049,1.000000
"Pyroxenite (Ward43)",Ward43,becknic,rock,rock.igneous.ultramafic.solid.vswir.ward43.jpl.perkin.spectrum.txt,0.001547,0.990844,0.883721,0.002729,0.970141,1.000000,0.003416,0.991508,1.000000,0.000365,1.000000,0.000000,0.000382,1.000000,0.000000
"Dunite (Olivine Peridotite) (Ward44)",Ward44,becknic,rock,rock.igneous.ultramafic.solid.vswir.ward44.jpl.perkin.spectrum.txt,0.002108,0.998263,0.883721,0.001775,0.994465,1.000000,0.002912,0.998585,1.000000,0.000379,1.000000,0.000000,0.000549,1.000000,0.000000
"Mica Peridotite (Ward45)",Ward45,becknic,rock,rock.igneous.ultramafic.solid.vswir.ward45.jpl.perkin.spectrum.txt,0.000451,0.997236,0.883721,0.000803,0.943218,1.000000,0.000861,0.995753,1.000000,0.000335,1.000000,0.000000,0.000372,1.000000,0.000000
"Augite-Mica Peridotie (Ward46)",Ward46,becknic,rock,rock.igneous.ultramafic.solid.vswir.ward46.jpl.perkin.spectrum.txt,0.000300,0.998936,0.883721,0.000740,0.676236,1.000000,0.000638,0.997101,1.000000,0.000318,1.000000,0.000000,0.000366,1.000000,0.000000
"Dacite (AP-937-161)",AP-937-161,becknic,rock,rock.intermediate.felsic.solid.all.ap-937-161.usgs.perknic.spectrum.txt,0.010525,0.995788,0.872093,0.004608,0.984609,1.000000,0.004700,0.997737,1.000000,0.003916,0.997471,1.000000,0.000845,0.980946,0.888353
"Dacite (AP-939-213)",AP-939-213,becknic,rock,rock.intermediate.felsic.solid.all.ap-939-213.usgs.perknic.spectrum.txt,0.002492,0.993461,0.872093,0.002280,0.749326,1.000000,0.007875,0.996253,1.000000,0.001594,0.998961,1.000000,0.001805,0.998070,0.888353
"Dacite (AP-960-157b)",AP-960-157b,becknic,rock,rock.intermediate.felsic.solid.all.ap-960-157b.usgs.perknic.spectrum.txt,0.005387,0.996349,0.872093,0.003775,0.972911,1.000000,0.002708,0.998127,1.000000,0.001600,0.998685,1.000000,0.000621,0.997843,0.888353
"Dacite (AP-961-198)",AP-961-198,becknic,rock,rock.intermediate.felsic.solid.all.ap-961-198.usgs.perknic.spectrum.txt,0.002754,0.998153,0.872093,0.002385,0.981649,1.000000,0.005106,0.997851,1.000000,0.001277,0.999243,1.000000,0.003177,0.997391,0.888353
"Chloritic Gneiss (Gneiss1)",Gneiss1,becknic,rock,rock.metamorphic.gneis.coarse.all.gneiss1.jhu.becknic.spectrum.txt,0.005605,0.996593,0.883721,0.002499,0.983920,1.000000,0.007177,0.997349,1.000000,0.007785,0.996313,1.000000,0.001891,0.997343,0.998012
"Garnet Gneiss (gneiss2)",gneiss2,becknic,rock,rock.metamorphic.gneis.coarse.all.gneiss2.jhu.becknic.spectrum.txt,0.001127,0.996423,0.883721,0.002641,0.800699,1.000000,0.001506,0.993728,1.000000,0.000828,0.999725,1.000000,0.000720,0.999463,0.998012
"Felsitic Gneiss (gneiss3)",gneiss3,becknic,rock,rock.metamorphic.gneis.coarse.all.gneiss3.jhu.becknic.spectrum.txt,0.001406,0.999425,0.883721,0.001372,0.826037,1.000000,0.002928,0.996822,1.000000,0.002252,0.999520,1.000000,0.001387,0.999184,0.883671
"Syenite Gneiss (gneiss4)",gneiss4,becknic,rock,rock.metamorphic.gneis.coarse.all.gneiss4.jhu.becknic.spectrum.txt,0.001125,0.995765,0.883721,0.000904,0.977139,1.000000,0.001098,0.991215,1.000000,0.001579,0.999404,1.000000,0.002861,0.995202,0.998012
"Albite Gneiss (gneiss5)",gneiss5,becknic,rock,rock.metamorphic.gneis.coarse.all.gneiss5.jhu.becknic.spectrum.txt,0.002499,0.998145,0.883721,0.001332,0.980843,1.000000,0.006723,0.997819,1.000000,0.003024,0.999441,1.000000,0.003005,0.992249,0.998012
"Hornblende Gneiss (gneiss6)",gneiss6,becknic,rock,rock.metamorphic.gneis.coarse.all.gneiss6.jhu.becknic.spectrum.txt,0.001202,0.891326,0.883721,0.001079,0.510179,1.000000,0.003791,0.996836,1.000000,0.002382,0.998970,1.000000,0.001290,0.998376,0.998000
"Diorite Gneiss (gneiss7)",gneiss7,becknic,rock,rock.metamorphic.gneis.coarse.all.gneiss7.jhu.becknic.spectrum.txt,0.001506,0.997333,0.883721,0.001461,0.995414,1.000000,0.003265,0.998817,1.000000,0.002612,0.999662,1.000000,0.001111,0.998035,0.998012
"Augen Gneiss (gneiss8)",gneiss8,becknic,rock,rock.metamorphic.gneis.coarse.all.gneiss8.jhu.becknic.spectrum.txt,0.001568,0.996472,0.883721,0.001088,0.719031,1.000000,0.001383,0.998279,1.000000,0.001686,0.999599,1.000000,0.001635,0.998764,0.998000
"Chloritic Gneiss (Gneiss1)",Gneiss1,becknic,rock,rock.metamorphic.gneis.fine.all.gneiss1.jhu.becknic.spectrum.txt,0.004906,0.997239,0.883721,0.003881,0.949544,1.000000,0.003257,0.979961,1.000000,0.008750,0.998542,1.000000,0.003090,0.985849,0.998000
"Garnet Gneiss (gneiss2)",gneiss2,becknic,rock,rock.metamorphic.gneis.fine.all.gneiss2.jhu.becknic.spectrum.txt,0.002419,0.998059,0.883721,0.002501,0.937038,1.000000,0.002317,0.988716,1.000000,0.003424,0.999348,1.000000,0.001487,0.996403,0.998000
"Felsitic Gneiss (gneiss3)",gneiss3,becknic,rock,rock.metamorphic.gneis.fine.all.gneiss3.jhu.becknic.spectrum.txt,0.003536,0.995802,0.883721,0.002189,0.973419,1.000000,0.003337,0.997891,1.000000,0.004159,0.999627,1.000000,0.002001,0.990961,0.998000
"Syenite Gneiss (gneiss4)",gneiss4,becknic,rock,rock.metamorphic.gneis.fine.all.gneiss4.jhu.becknic.spectrum.txt,0.002689,0.949419,0.883721,0.001498,0.759064,1.000000,0.002334,0.994612,1.000000,0.004157,0.999115,1.000000,0.004236,0.971600,0.998000
"Albite Gneiss (gneiss5)",gneiss5,becknic,rock,rock.metamorphic.gneis.fine.all.gneiss5.jhu.becknic.spectrum.txt,0.004116,0.992337,0.883721,0.002650,0.971198,1.000000,0.004494,0.992195,1.000000,0.005503,0.999422,1.000000,0.002261,0.988199,0.998000
"Hornblende Gneiss (gneiss6)",gneiss6,becknic,rock,rock.metamorphic.gneis.fine.all.gneiss6.jhu.becknic.spectrum.txt,0.001781,0.990584,0.883721,0.001341,0.996113,1.000000,0.002962,0.999389,1.000000,0.005704,0.998816,1.000000,0.001581,0.998514,0.998000
"Diorite Gneiss (gneiss7)",gneiss7,becknic,rock,rock.metamorphic.gneis.fine.all.gneiss7.jhu.becknic.spectrum.txt,0.001614,0.994711,0.883721,0.001813,0.993320,1.000000,0.002541,0.999564,1.000000,0.004472,0.999235,1.000000,0.001362,0.998082,0.998000
"Augen Gneiss (gneiss8)",gneiss8,becknic,rock,rock.metamorphic.gneis.fine.all.gneiss8.jhu.becknic.spectrum.txt,0.002302,0.996202,0.883721,0.002564,0.950832,1.000000,0.002697,0.999199,1.000000,0.003781,0.999618,1.000000,0.002175,0.986892,0.998000
"Biotite Gneiss (Ward79)",Ward79,becknic,rock,rock.metamorphic.gneis.solid.all.ward79.jpl.nicolet.spectrum.txt,0.000581,1.000000,0.000000,0.000523,1.000000,0.000000,0.003227,0.902929,0.357286,0.002245,0.999578,1.000000,0.002493,0.998701,1.000000
"Sillimanite-Garnet Gneiss (Ward80)",Ward80,becknic,rock,rock.metamorphic.gneis.solid.all.ward80.jpl.nicolet.spectrum.txt,0.000352,1.000000,0.000000,0.000286,1.000000,0.000000,0.003315,0.828353,0.357286,0.001541,0.997068,1.000000,0.005440,0.992895,1.000000
"Granitoid Gneiss (Ward82)",Ward82,becknic,rock,rock.metamorphic.gneis.solid.all.ward82.jpl.nicolet.spectrum.txt,0.000894,1.000000,0.000000,0.000538,1.000000,0.000000,0.003157,0.898962,0.357286,0.002292,0.999325,1.000000,0.003803,0.998546,1.000000
"Biotite Gneiss (Ward79)",Ward79,becknic,rock,rock.metamorphic.gneis.solid.vswir.ward79.jpl.perkin.spectrum.txt,0.000978,0.998485,0.883721,0.001616,0.920880,1.000000,0.001005,0.999323,1.000000,0.000707,1.000000,0.000000,0.000555,1.000000,0.000000
"Sillimanite-Garnet Gneiss (Ward80)",Ward80,becknic,rock,rock.metamorphic.gneis.solid.vswir.ward80.jpl.perkin.spectrum.txt,0.000568,0.993157,0.883721,0.001208,0.961054,1.000000,0.000644,0.964043,1.000000,0.000335,1.000000,0.000000,0.000373,1.000000,0.000000
"Granitoid Gneiss (Ward82)",Ward82,becknic,rock,rock.metamorphic.gneis.solid.vswir.ward82.jpl.perkin.spectrum.txt,0.001067,0.999676,0.883721,0.001830,0.912867,1.000000,0.001369,0.996734,1.000000,0.000649,1.000000,0.000000,0.000672,1.000000,0.000000
"Hornfels (hornfe2)",hornfe2,becknic,rock,rock.metamorphic.hornfel.coarse.all.hornfe2.jhu.becknic.spectrum.txt,0.001408,0.946777,0.883721,0.000691,0.977068,1.000000,0.000557,0.995094,1.000000,0.000475,0.996128,1.000000,0.000486,0.998357,0.998012
"Spotted Hornfels (hornfe3)",hornfe3,becknic,rock,rock.metamorphic.hornfel.coarse.all.hornfe3.jhu.becknic.spectrum.txt,0.000608,0.986587,0.883721,0.000578,0.972373,1.000000,0.001672,0.997530,1.000000,0.001474,0.998923,1.000000,0.000708,0.999136,0.998012
"Banded Hornfels (hornfel1)",hornfel1,becknic,rock,rock.metamorphic.hornfel.coarse.all.hornfel1.jhu.becknic.spectrum.txt,0.000903,0.993647,0.883721,0.001207,0.554327,1.000000,0.005465,0.996488,1.000000,0.009379,0.985631,1.000000,0.001367,0.995419,0.998012
"Banded Hornfels (hornfel1)",hornfel1,becknic,rock,rock.metamorphic.hornfel.fine.all.hornfel1.jhu.becknic.spectrum.txt,0.002458,0.996431,0.883721,0.001716,0.987080,1.000000,0.004596,0.997446,1.000000,0.011880,0.994853,1.000000,0.002329,0.993914,0.998000
"Hornfels (hornfel2)",hornfel2,becknic,rock,rock.metamorphic.hornfel.fine.all.hornfel2.jhu.becknic.spectrum.txt,0.001796,0.838803,0.883721,0.001133,0.938491,1.000000,0.001109,0.984247,1.000000,0.001979,0.996515,1.000000,0.001074,0.998767,0.998000
"Spotted Hornfels (hornfel3)",hornfel3,becknic,rock,rock.metamorphic.hornfel.fine.all.hornfel3.jhu.becknic.spectrum.txt,0.002055,0.996807,0.883721,0.001488,0.983971,1.000000,0.001785,0.999245,1.000000,0.004957,0.998875,1.000000,0.002224,0.994023,0.998000
"Dolomitic Marble (marble1)",marble1,becknic,rock,rock.metamorphic.marble.coarse.all.marble1.jhu.becknic.spectrum.txt,0.001640,0.942950,0.883721,0.000870,0.993930,1.000000,0.002349,0.993907,1.000000,0.005952,0.991592,1.000000,0.003966,0.989761,0.998012
"Serpentine Marble (marble2)",marble2,becknic,rock,rock.metamorphic.marble.coarse.all.marble2.jhu.becknic.spectrum.txt,0.001640,0.942950,0.883721,0.000870,0.993930,1.000000,0.002349,0.993907,1.000000,0.005952,0.991592,1.000000,0.003966,0.989761,0.998012
"Marble (marble3)",marble3,becknic,rock,rock.metamorphic.marble.coarse.all.marble3.jhu.becknic.spectrum.txt,0.002733,0.997798,0.883721,0.002039,0.987914,1.000000,0.009112,0.996934,1.000000,0.025261,0.965107,1.000000,0.005902,0.986849,0.883671
"Dolomitic Marble (marble4)",marble4,becknic,rock,rock.metamorphic.marble.coarse.all.marble4.jhu.becknic.spectrum.txt,0.002280,0.993338,0.883721,0.001712,0.992338,1.000000,0.007091,0.996005,1.000000,0.019437,0.967349,1.000000,0.007040,0.978539,0.998012
"Serpentine Marble (marble5)",marble5,becknic,rock,rock.metamorphic.marble.coarse.all.marble5.jhu.becknic.spectrum.txt,0.007482,0.997561,0.883721,0.009019,0.585147,1.000000,0.022011,0.990490,1.000000,0.005855,0.976819,1.000000,0.001197,0.995657,0.998012
"White Marble (marble6)",marble6,becknic,rock,rock.metamorphic.marble.coarse.all.marble6.jhu.becknic.spectrum.txt,0.003407,0.987441,0.883721,0.002321,0.990476,1.000000,0.006859,0.997671,1.000000,0.013350,0.982969,1.000000,0.005165,0.987981,0.998012
"Pink Marble (marble7)",marble7,becknic,rock,rock.metamorphic.marble.coarse.all.marble7.jhu.becknic.spectrum.txt,0.002901,0.999332,0.883721,0.002203,0.870470,1.000000,0.005316,0.997046,1.000000,0.009750,0.988951,1.000000,0.003210,0.986377,0.998012
"Dolomitic Marble (marble1)",marble1,becknic,rock,rock.metamorphic.marble.fine.all.marble1.jhu.becknic.spectrum.txt,0.003382,0.557309,0.883721,0.001920,0.645085,1.000000,0.003069,0.930726,1.000000,0.007189,0.998715,1.000000,0.010583,0.989381,0.998000
"Serpentine Marble (marble2)",marble2,becknic,rock,rock.metamorphic.marble.fine.all.marble2.jhu.becknic.spectrum.txt,0.003502,0.993513,0.883721,0.002095,0.904751,1.000000,0.003751,0.985483,1.000000,0.012896,0.994282,1.000000,0.009916,0.963389,0.998000
"Marble (marble3)",marble3,becknic,rock,rock.metamorphic.marble.fine.all.marble3.jhu.becknic.spectrum.txt,0.004168,0.968504,0.883721,0.004046,0.766110,1.000000,0.004791,0.987923,1.000000,0.009342,0.998793,1.000000,0.010257,0.992713,0.998000
"Dolomitic Marble (marble4)",marble4,becknic,rock,rock.metamorphic.marble.fine.all.marble4.jhu.becknic.spectrum.txt,0.004472,0.831652,0.883721,0.002691,0.659243,1.000000,0.004129,0.988793,1.000000,0.013263,0.997087,1.000000,0.014595,0.982736,0.998000
"Serpentine Marble (marble5)",marble5,becknic,rock,rock.metamorphic.marble.fine.all.marble5.jhu.becknic.spectrum.txt,0.005190,0.993510,0.883721,0.002463,0.908585,1.000000,0.009217,0.989254,1.000000,0.016323,0.991136,1.000000,0.010213,0.956917,0.998000
"White Marble (marble6)",marble6,becknic,rock,rock.metamorphic.marble.fine.all.marble6.jhu.becknic.spectrum.txt,0.003776,0.953390,0.883721,0.003575,0.820824,1.000000,0.003981,0.989644,1.000000,0.009137,0.998796,1.000000,0.011052,0.992302,0.998000
"Pink Marble (marble7)",marble7,becknic,rock,rock.metamorphic.marble.fine.all.marble7.jhu.becknic.spectrum.txt,0.003633,0.996088,0.883721,0.003027,0.791435,1.000000,0.004637,0.981920,1.000000,0.010622,0.998262,1.000000,0.011008,0.991061,0.998000
"White Marble (Ward95)",Ward95,becknic,rock,rock.metamorphic.marble.solid.all.ward95.jpl.nicolet.spectrum.txt,0.000997,1.000000,0.000000,0.000800,1.000000,0.000000,0.008636,0.991441,0.357286,0.016143,0.963986,1.000000,0.012584,0.981198,1.000000
"Pink Marble (Ward96)",Ward96,becknic,rock,rock.metamorphic.marble.solid.all.ward96.jpl.nicolet.spectrum.txt,0.000496,1.000000,0.000000,0.000704,1.000000,0.000000,0.004180,0.987100,0.357286,0.014799,0.955428,1.000000,0.008927,0.990098,1.000000
"Dolomite Marble (Ward97)",Ward97,becknic,rock,rock.metamorphic.marble.solid.all.ward97.jpl.nicolet.spectrum.txt,0.000694,1.000000,0.000000,0.000531,1.000000,0.000000,0.006799,0.992215,0.357286,0.017087,0.971558,1.000000,0.010774,0.985438,1.000000
"Verde Antique (Ward98)",Ward98,becknic,rock,rock.metamorphic.marble.solid.all.ward98.jpl.nicolet.spectrum.txt,0.000495,1.000000,0.000000,0.000250,1.000000,0.000000,0.003701,0.781493,0.357286,0.001885,0.989884,1.000000,0.008963,0.987253,1.000000
"White Marble (Ward95)",Ward95,becknic,rock,rock.metamorphic.marble.solid.vswir.ward95.jpl.perkin.spectrum.txt,0.001328,0.999243,0.883721,0.001616,0.995699,1.000000,0.010806,0.995157,1.000000,0.000486,1.000000,0.000000,0.000513,1.000000,0.000000
"Pink Marble (Ward96)",Ward96,becknic,rock,rock.metamorphic.marble.solid.vswir.ward96.jpl.perkin.spectrum.txt,0.001272,0.999500,0.883721,0.002008,0.995223,1.000000,0.002206,0.997412,1.000000,0.000522,1.000000,0.000000,0.000511,1.000000,0.000000
"Dolomite Marble (Ward97)",Ward97,becknic,rock,rock.metamorphic.marble.solid.vswir.ward97.jpl.perkin.spectrum.txt,0.000532,0.999923,0.883721,0.002136,0.974887,1.000000,0.008506,0.995596,1.000000,0.000490,1.000000,0.000000,0.000396,1.000000,0.000000
"Verde Antique (Ward98)",Ward98,becknic,rock,rock.metamorphic.marble.solid.vswir.ward98.jpl.perkin.spectrum.txt,0.000657,0.994321,0.883721,0.001168,0.972918,1.000000,0.000600,0.970246,1.000000,0.000345,1.000000,0.000000,0.000377,1.000000,0.000000
"Phyllite (phyllit1)",phyllit1,becknic,rock,rock.metamorphic.phyllite.coarse.all.phyllit1.jhu.becknic.spectrum.txt,0.000796,0.963211,0.883721,0.000684,0.932183,1.000000,0.000566,0.989306,1.000000,0.000729,0.994679,1.000000,0.002636,0.996331,0.998012
"Phyllite (phyllit1)",phyllit1,becknic,rock,rock.metamorphic.phyllite.fine.all.phyllit1.jhu.becknic.spectrum.txt,0.001172,0.986968,0.883721,0.000520,1.000000,1.000000,0.000785,0.917147,1.000000,0.001278,0.994711,1.000000,0.000921,0.994226,0.998000
"Phyllite (Ward85)",Ward85,becknic,rock,rock.metamorphic.phyllite.solid.all.ward85.jpl.nicolet.spectrum.txt,0.000501,1.000000,0.000000,0.000771,1.000000,0.000000,0.004661,0.987630,0.357286,0.002074,0.996922,1.000000,0.003323,0.998656,1.000000
"Grey-green phyllite (FGE4)",FGE4,becknic,rock,rock.metamorphic.phyllite.solid.tir.fge4.jpl.nicolet.spectrum.txt,0.000975,1.000000,0.000000,0.000822,1.000000,0.000000,0.002256,0.995062,0.300357,0.002006,0.999510,1.000000,0.002330,0.999067,0.998000
"Phyllite (Ward85)",Ward85,becknic,rock,rock.metamorphic.phyllite.solid.vswir.ward85.jpl.perkin.spectrum.txt,0.000596,0.992138,0.883721,0.001575,0.802359,1.000000,0.002997,0.996863,1.000000,0.000447,1.000000,0.000000,0.000528,1.000000,0.000000
"Purple Quartzite (qrtzit4)",qrtzit4,becknic,rock,rock.metamorphic.quartzite.coarse.all.qrtzit4.jhu.becknic.spectrum.txt,0.001984,0.999367,0.883721,0.002339,0.974919,1.000000,0.003781,0.996046,1.000000,0.006764,0.996678,1.000000,0.003570,0.998762,0.998012
"Gray Quartzite (qrtzit5)",qrtzit5,becknic,rock,rock.metamorphic.quartzite.coarse.all.qrtzit5.jhu.becknic.spectrum.txt,0.001575,0.999599,0.883721,0.002013,0.983740,1.000000,0.001965,0.997705,1.000000,0.005072,0.997408,1.000000,0.002916,0.999097,0.998012
"Red Quartzite (qtzite1)",qtzite1,becknic,rock,rock.metamorphic.quartzite.coarse.all.qtzite1.jhu.becknic.spectrum.txt,0.002528,0.999644,0.883721,0.002530,0.998558,1.000000,0.007200,0.992571,1.000000,0.011323,0.984796,1.000000,0.002724,0.997054,0.883671
"Green Quartzite (qtzite2)",qtzite2,becknic,rock,rock.metamorphic.quartzite.coarse.all.qtzite2.jhu.becknic.spectrum.txt,0.004714,0.997713,0.883721,0.002705,0.773610,1.000000,0.008712,0.995299,1.000000,0.015494,0.991696,1.000000,0.002178,0.999334,0.998012
"Pink Quartzite (qtzite3)",qtzite3,becknic,rock,rock.metamorphic.quartzite.coarse.all.qtzite3.jhu.becknic.spectrum.txt,0.002169,0.999689,0.883721,0.003075,0.998383,1.000000,0.003939,0.989198,1.000000,0.007641,0.996945,1.000000,0.002601,0.999171,0.998012
"Purple Quartzite (qrtzit4)",qrtzit4,becknic,rock,rock.metamorphic.quartzite.fine.all.qrtzit4.jhu.becknic.spectrum.txt,0.004548,0.996846,0.883721,0.002481,0.979265,1.000000,0.003106,0.957840,1.000000,0.008777,0.998621,1.000000,0.005364,0.972731,0.998000
"Gray Quartzite (qrtzit5)",qrtzit5,becknic,rock,rock.metamorphic.quartzite.fine.all.qrtzit5.jhu.becknic.spectrum.txt,0.003206,0.997628,0.883721,0.002271,0.957413,1.000000,0.002939,0.975027,1.000000,0.005308,0.999450,1.000000,0.005262,0.981512,0.998000
"Green Quartzite (qrtzit6)",qrtzit6,becknic,rock,rock.metamorphic.quartzite.fine.all.qrtzit6.jhu.becknic.spectrum.txt,0.003150,0.995747,0.883721,0.001839,0.987816,1.000000,0.002863,0.993620,1.000000,0.010977,0.997821,1.000000,0.006992,0.947873,0.998000
"Red Quartzite (qtzite1)",qtzite1,becknic,rock,rock.metamorphic.quartzite.fine.all.qtzite1.jhu.becknic.spectrum.txt,0.002910,0.999676,0.883721,0.001950,0.998865,1.000000,0.006199,0.984079,1.000000,0.011586,0.996185,1.000000,0.003739,0.976984,0.998000
"Green Quartzite (qtzite2)",qtzite2,becknic,rock,rock.metamorphic.quartzite.fine.all.qtzite2.jhu.becknic.spectrum.txt,0.003666,0.991331,0.883721,0.002760,0.929955,1.000000,0.003364,0.971022,1.000000,0.010584,0.998244,1.000000,0.005825,0.949053,0.998000
"Pink Quartzite (qtzite3)",qtzite3,becknic,rock,rock.metamorphic.quartzite.fine.all.qtzite3.jhu.becknic.spectrum.txt,0.004664,0.998892,0.883721,0.002951,0.988800,1.000000,0.003044,0.991192,1.000000,0.008521,0.998855,1.000000,0.007319,0.959983,0.998000
"Quartzite (AP-958-111)",AP-958-111,becknic,rock,rock.metamorphic.quartzite.solid.all.ap-958-111.usgs.perknic.spectrum.txt,0.002079,0.993314,0.872093,0.001428,0.883583,1.000000,0.002911,0.984145,1.000000,0.003302,0.996854,1.000000,0.005630,0.996835,0.888353
"Quartzite (Ward93)",Ward93,becknic,rock,rock.metamorphic.quartzite.solid.all.ward93.jpl.nicolet.spectrum.txt,0.000459,1.000000,0.000000,0.000355,1.000000,0.000000,0.003542,0.711628,0.357286,0.002341,0.997214,1.000000,0.005597,0.997949,1.000000
"Quartzite (Ward94)",Ward94,becknic,rock,rock.metamorphic.quartzite.solid.all.ward94.jpl.nicolet.spectrum.txt,0.001128,0.000000,0.000000,0.000681,1.000000,0.000000,0.005021,0.985388,0.357286,0.003140,0.997762,1.000000,0.006608,0.998483,1.000000
"Quartzite (Ward93)",Ward93,becknic,rock,rock.metamorphic.quartzite.solid.vswir.ward93.jpl.perkin.spectrum.txt,0.000661,0.998513,0.883721,0.002267,0.948560,1.000000,0.002055,0.985612,1.000000,0.000483,1.000000,0.000000,0.000371,1.000000,0.000000
"Quartzite (Ward94)",Ward94,becknic,rock,rock.metamorphic.quartzite.solid.vswir.ward94.jpl.perkin.spectrum.txt,0.001120,0.999749,0.883721,0.001355,0.994786,1.000000,0.004407,0.994410,1.000000,0.000726,1.000000,0.000000,0.000663,1.000000,0.000000
"Green Schist (schist1)",schist1,becknic,rock,rock.metamorphic.schist.coarse.all.schist1.jhu.becknic.spectrum.txt,0.003321,0.998015,0.883721,0.002525,0.931627,1.000000,0.004443,0.997060,1.000000,0.002101,0.998976,1.000000,0.001471,0.994956,0.998000
"Graphite Schist (schist10)",schist10,becknic,rock,rock.metamorphic.schist.coarse.all.schist10.jhu.becknic.spectrum.txt,0.000707,0.990524,0.883721,0.000546,0.966558,1.000000,0.001093,0.995063,1.000000,0.004256,0.985280,1.000000,0.002419,0.991290,0.998012
"Hornblende Schist (schist2)",schist2,becknic,rock,rock.metamorphic.schist.coarse.all.schist2.jhu.becknic.spectrum.txt,0.000614,0.987719,0.883721,0.000999,0.921341,1.000000,0.004393,0.998444,1.000000,0.004881,0.997340,1.000000,0.003160,0.995609,0.998012
"Mica Schist (schist3)",schist3,becknic,rock,rock.metamorphic.schist.coarse.all.schist3.jhu.becknic.spectrum.txt,0.000864,0.998319,0.883721,0.001006,0.985164,1.000000,0.000711,0.987898,1.000000,0.000667,0.999364,1.000000,0.001831,0.998078,0.998012
"Tourmaline Schist (schist4)",schist4,becknic,rock,rock.metamorphic.schist.coarse.all.schist4.jhu.becknic.spectrum.txt,0.001267,0.997231,0.883721,0.001071,0.951728,1.000000,0.007370,0.991428,1.000000,0.004187,0.995406,1.000000,0.003006,0.996927,0.998012
"Graphite Schist (schist5)",schist5,becknic,rock,rock.metamorphic.schist.coarse.all.schist5.jhu.becknic.spectrum.txt,0.000638,0.951592,0.883721,0.000566,1.000000,1.000000,0.000605,0.773834,1.000000,0.000428,0.993836,1.000000,0.000629,0.999373,0.998012
"Tremolite Schist (schist6)",schist6,becknic,rock,rock.metamorphic.schist.coarse.all.schist6.jhu.becknic.spectrum.txt,0.004605,0.993465,0.883721,0.020086,0.967433,1.000000,0.018986,0.990075,1.000000,0.016090,0.991069,1.000000,0.004672,0.995514,0.998012
"Chlorite Schist (schist7)",schist7,becknic,rock,rock.metamorphic.schist.coarse.all.schist7.jhu.becknic.spectrum.txt,0.001067,0.993762,0.883721,0.000632,0.933950,1.000000,0.003183,0.997452,1.000000,0.001770,0.999473,1.000000,0.001565,0.998188,0.883671
"Anthophyllite Mica Schist (schist8)",schist8,becknic,rock,rock.metamorphic.schist.coarse.all.schist8.jhu.becknic.spectrum.txt,0.000774,0.998933,0.883721,0.001010,0.989628,1.000000,0.003092,0.996263,1.000000,0.002003,0.998649,1.000000,0.001814,0.998570,0.998012
"Hornblende Schist (schist9)",schist9,becknic,rock,rock.metamorphic.schist.coarse.all.schist9.jhu.becknic.spectrum.txt,0.000770,0.990836,0.883721,0.000657,0.919594,1.000000,0.003155,0.997480,1.000000,0.001665,0.999271,1.000000,0.000842,0.999206,0.977882
"Green Schist (schist1)",schist1,becknic,rock,rock.metamorphic.schist.fine.all.schist1.jhu.becknic.spectrum.txt,0.003172,0.997641,0.883721,0.001454,0.981571,1.000000,0.003976,0.997094,1.000000,0.005580,0.998962,1.000000,0.001273,0.998367,0.998000
"Graphite Schist (schist10)",schist10,becknic,rock,rock.metamorphic.schist.fine.all.schist10.jhu.becknic.spectrum.txt,0.001571,0.994928,0.883721,0.001098,0.994573,1.000000,0.001715,0.998603,1.000000,0.009733,0.995047,1.000000,0.004722,0.989628,0.998000
"Hornblende Schist (schist2)",schist2,becknic,rock,rock.metamorphic.schist.fine.all.schist2.jhu.becknic.spectrum.txt,0.001973,0.997384,0.883721,0.004596,0.879665,1.000000,0.004514,0.998269,1.000000,0.007355,0.998418,1.000000,0.002526,0.995943,0.998000
"Mica Schist (schist3)",schist3,becknic,rock,rock.metamorphic.schist.fine.all.schist3.jhu.becknic.spectrum.txt,0.001939,0.996360,0.883721,0.000909,0.937775,1.000000,0.001388,0.952648,1.000000,0.002764,0.997438,1.000000,0.000922,0.997577,0.998000
"Tourmaline Schist (schist4)",schist4,becknic,rock,rock.metamorphic.schist.fine.all.schist4.jhu.becknic.spectrum.txt,0.002218,0.994127,0.883721,0.001748,0.993762,1.000000,0.004999,0.998079,1.000000,0.009656,0.996061,1.000000,0.002189,0.986360,0.998000
"Tremolite Schist (schist6)",schist6,becknic,rock,rock.metamorphic.schist.fine.all.schist6.jhu.becknic.spectrum.txt,0.004538,0.965092,0.883721,0.006133,0.977549,1.000000,0.008166,0.987085,1.000000,0.012119,0.997477,1.000000,0.002863,0.987492,0.998000
"Chlorite Schist (schist7)",schist7,becknic,rock,rock.metamorphic.schist.fine.all.schist7.jhu.becknic.spectrum.txt,0.002167,0.996817,0.883721,0.001434,0.986602,1.000000,0.003253,0.999109,1.000000,0.004421,0.999340,1.000000,0.001319,0.998848,0.998000
"Anthophyllite Mica Schist (schist8)",schist8,becknic,rock,rock.metamorphic.schist.fine.all.schist8.jhu.becknic.spectrum.txt,0.001632,0.999233,0.883721,0.002070,0.996453,1.000000,0.002760,0.997643,1.000000,0.005577,0.997680,1.000000,0.001536,0.998780,0.998000
"Hornblende Schist (schist9)",schist9,becknic,rock,rock.metamorphic.schist.fine.all.schist9.jhu.becknic.spectrum.txt,0.001847,0.994170,0.883721,0.001186,0.997379,1.000000,0.003837,0.998473,1.000000,0.005055,0.998959,1.000000,0.001563,0.995152,0.998000
"Biotite Schist (Ap-938-95)",Ap-938-95,becknic,rock,rock.metamorphic.schist.solid.all.ap-938-95.usgs.perknic.spectrum.txt,0.002985,0.980076,0.872093,0.001776,0.919687,1.000000,0.001655,0.997461,1.000000,0.000741,0.997388,1.000000,0.001144,0.996855,0.888353
"Chlorite Schist (AP-961-197)",AP-961-197,becknic,rock,rock.metamorphic.schist.solid.all.ap-961-197.usgs.perknic.spectrum.txt,0.001098,0.996148,0.872093,0.000943,0.574158,1.000000,0.001902,0.997202,1.000000,0.001277,0.999243,1.000000,0.003177,0.997391,0.888353
"Mica Schist (Ward83)",Ward83,becknic,rock,rock.metamorphic.schist.solid.all.ward83.jpl.nicolet.spectrum.txt,0.000455,1.000000,0.000000,0.000550,1.000000,0.000000,0.003755,0.985138,0.357286,0.001952,0.998648,1.000000,0.002574,0.998977,1.000000
"Garnetiferous Mica Schist (Ward84)",Ward84,becknic,rock,rock.metamorphic.schist.solid.all.ward84.jpl.nicolet.spectrum.txt,0.000499,1.000000,0.000000,0.000648,1.000000,0.000000,0.003768,0.996480,0.357286,0.003213,0.998470,1.000000,0.001608,0.999436,1.000000
"Garnetiferous Mica Schist (Ward84)",Ward84,becknic,rock,rock.metamorphic.schist.solid.all.ward84.jpl.perkin.spectrum.txt,0.000801,0.998533,0.883721,0.002033,0.809680,1.000000,0.001567,0.997918,0.999286,0.000546,1.000000,0.000000,0.000536,1.000000,0.000000
"Hornblende Schist (Ward86)",Ward86,becknic,rock,rock.metamorphic.schist.solid.all.ward86.jpl.nicolet.spectrum.txt,0.000492,1.000000,0.000000,0.000391,1.000000,0.000000,0.003619,0.986296,0.357286,0.001719,0.995977,1.000000,0.003419,0.996837,1.000000
"Tourmaline-Mica Schist (Ward89)",Ward89,becknic,rock,rock.metamorphic.schist.solid.all.ward89.jpl.nicolet.spectrum.txt,0.000491,1.000000,0.000000,0.000435,1.000000,0.000000,0.004962,0.926597,0.357286,0.002109,0.996793,1.000000,0.004852,0.997623,1.000000
"Quartz-Sericite Schist (Ward90)",Ward90,becknic,rock,rock.metamorphic.schist.solid.all.ward90.jpl.nicolet.spectrum.txt,0.000250,1.000000,0.000000,0.000641,1.000000,0.000000,0.007223,0.994683,0.357286,0.005379,0.998785,1.000000,0.006540,0.993814,1.000000
"Mica Schist (Ward83)",Ward83,becknic,rock,rock.metamorphic.schist.solid.vswir.ward83.jpl.perkin.spectrum.txt,0.000390,0.999708,0.883721,0.002025,0.936490,1.000000,0.001172,0.995847,1.000000,0.000486,1.000000,0.000000,0.000514,1.000000,0.000000
"Hornblende Schist (Ward86)",Ward86,becknic,rock,rock.metamorphic.schist.solid.vswir.ward86.jpl.perkin.spectrum.txt,0.000318,0.995715,0.883721,0.000460,0.862358,1.000000,0.001460,0.998609,1.000000,0.000485,1.000000,0.000000,0.000373,1.000000,0.000000
"Tourmaline-Mica Schist (Ward89)",Ward89,becknic,rock,rock.metamorphic.schist.solid.vswir.ward89.jpl.perkin.spectrum.txt,0.000547,0.992785,0.883721,0.000749,0.991033,1.000000,0.003573,0.990806,1.000000,0.000473,1.000000,0.000000,0.000522,1.000000,0.000000
"Quartz-Sericite Schist (Ward90)",Ward90,becknic,rock,rock.metamorphic.schist.solid.vswir.ward90.jpl.perkin.spectrum.txt,0.000975,0.999875,0.883721,0.001886,0.928449,1.000000,0.005891,0.996278,1.000000,0.000793,1.000000,0.000000,0.000549,1.000000,0.000000
"Serpentine (Ward99)",Ward99,becknic,rock,rock.metamorphic.serpentinite.solid.all.ward99.jpl.nicolet.spectrum.txt,0.000347,1.000000,0.000000,0.000327,1.000000,0.000000,0.002588,0.976936,0.357286,0.002451,0.985352,1.000000,0.006041,0.994666,1.000000
"Serpentine (Ward99)",Ward99,becknic,rock,rock.metamorphic.serpentinite.solid.vswir.ward99.jpl.perkin.spectrum.txt,0.000766,0.997692,0.883721,0.001866,0.773603,1.000000,0.002135,0.997080,1.000000,0.000484,1.000000,0.000000,0.000371,1.000000,0.000000
"Gray Slate (slate1)",slate1,becknic,rock,rock.metamorphic.slate.coarse.all.slate1.jhu.becknic.spectrum.txt,0.000860,0.993665,0.883721,0.000940,0.932839,1.000000,0.001415,0.989036,1.000000,0.001641,0.997731,1.000000,0.001644,0.997553,0.883671
"Green Slate (slate2)",slate2,becknic,rock,rock.metamorphic.slate.coarse.all.slate2.jhu.becknic.spectrum.txt,0.001137,0.973657,0.883721,0.000837,0.694962,1.000000,0.004142,0.997645,1.000000,0.002243,0.998999,1.000000,0.000928,0.996978,0.883671
"Chiastolic Slate (slate3)",slate3,becknic,rock,rock.metamorphic.slate.coarse.all.slate3.jhu.becknic.spectrum.txt,0.000752,0.934173,0.883721,0.000554,0.963293,1.000000,0.000542,0.991139,1.000000,0.000341,0.996585,1.000000,0.000603,0.999029,0.883671
"Gray Slate (slate1)",slate1,becknic,rock,rock.metamorphic.slate.fine.all.slate1.jhu.becknic.spectrum.txt,0.002361,0.997002,0.883721,0.001742,0.977202,1.000000,0.002510,0.991055,1.000000,0.007223,0.997615,1.000000,0.002410,0.980450,0.998000
"Green Slate (slate2)",slate2,becknic,rock,rock.metamorphic.slate.fine.all.slate2.jhu.becknic.spectrum.txt,0.002399,0.992929,0.883721,0.001685,0.994406,1.000000,0.003639,0.999159,1.000000,0.004618,0.999369,1.000000,0.001429,0.998358,0.998000
"Chiastolic Slate (slate3)",slate3,becknic,rock,rock.metamorphic.slate.fine.all.slate3.jhu.becknic.spectrum.txt,0.001216,0.958554,0.883721,0.000776,0.905794,1.000000,0.000629,0.984901,1.000000,0.000671,0.996542,1.000000,0.000625,0.991265,0.998000
"Red Slate (Ward91)",Ward91,becknic,rock,rock.metamorphic.slate.solid.all.ward91.jpl.nicolet.spectrum.txt,0.000488,1.000000,0.000000,0.000407,1.000000,0.000000,0.003504,0.821115,0.357286,0.002084,0.998027,1.000000,0.003937,0.997297,1.000000
"Gray Slate (Ward92)",Ward92,becknic,rock,rock.metamorphic.slate.solid.all.ward92.jpl.nicolet.spectrum.txt,0.000488,1.000000,0.000000,0.000407,1.000000,0.000000,0.003504,0.821115,0.357286,0.002084,0.998027,1.000000,0.003937,0.997297,1.000000
"Red Slate (Ward91)",Ward91,becknic,rock,rock.metamorphic.slate.solid.vswir.ward91.jpl.perkin.spectrum.txt,0.000985,0.999652,0.883721,0.002232,0.857710,1.000000,0.001299,0.997881,1.000000,0.000446,1.000000,0.000000,0.000529,1.000000,0.000000
"Gray Slate (Ward92)",Ward92,becknic,rock,rock.metamorphic.slate.solid.vswir.ward92.jpl.perkin.spectrum.txt,0.000805,0.950676,0.883721,0.000606,0.968651,1.000000,0.000639,0.983806,1.000000,0.000260,1.000000,0.000000,0.000341,1.000000,0.000000
"White kaolinitic sandstone (fge1)",fge1,becknic,rock,rock.sedimentary.arenaceou.solid.tir.fge1.jpl.nicolet.spectrum.txt,0.000419,1.000000,0.000000,0.000944,1.000000,0.000000,0.005410,0.990106,0.300357,0.005881,0.996829,1.000000,0.002510,0.998679,0.998000
"Desert varnished ferruginous sandstone (fge2)",fge2,becknic,rock,rock.sedimentary.arenaceou.solid.tir.fge2.jpl.nicolet.spectrum.txt,0.000962,1.000000,0.000000,0.000834,1.000000,0.000000,0.002791,0.996367,0.300357,0.002025,0.999134,1.000000,0.002459,0.998787,0.998000
"White siltstone (fge5)",fge5,becknic,rock,rock.sedimentary.arenaceou.solid.tir.fge5.jpl.nicolet.spectrum.txt,0.000606,1.000000,0.000000,0.000909,1.000000,0.000000,0.003665,0.992174,0.300357,0.003374,0.999135,1.000000,0.002192,0.994710,0.998000
"Grey-green shale (FGE6)",FGE6,becknic,rock,rock.sedimentary.argillaceou.solid.tir.fge6.jpl.nicolet.spectrum.txt,0.000685,1.000000,0.000000,0.000532,1.000000,0.000000,0.002514,0.994522,0.300357,0.001324,0.999570,1.000000,0.002938,0.998546,0.998000
"Limestone Breccia (Ward47)",Ward47,becknic,rock,rock.sedimentary.breccia.solid.all.ward47.jpl.nicolet.spectrum.txt,0.000493,1.000000,0.000000,0.000785,1.000000,0.000000,0.005980,0.974059,0.357286,0.008747,0.981047,1.000000,0.007941,0.985248,1.000000
"Limestone Breccia (Ward47)",Ward47,becknic,rock,rock.sedimentary.breccia.solid.vswir.ward47.jpl.perkin.spectrum.txt,0.001088,0.999812,0.883721,0.001822,0.987409,1.000000,0.003639,0.995834,1.000000,0.000384,1.000000,0.000000,0.000545,1.000000,0.000000
"Grey limestone (FGE3)",FGE3,becknic,rock,rock.sedimentary.carbonate.solid.tir.fge3.jpl.nicolet.spectrum.txt,0.000513,1.000000,0.000000,0.000381,1.000000,0.000000,0.000972,0.992284,0.300357,0.004501,0.986542,1.000000,0.002792,0.996048,0.998000
"Gypsum (Ward75)",Ward75,becknic,rock,rock.sedimentary.chemicalprecipitate.solid.all.ward75.jpl.nicolet.spectrum.txt,0.000494,1.000000,0.000000,0.000245,1.000000,0.000000,0.003643,0.944127,0.357286,0.002757,0.983500,1.000000,0.010389,0.983988,1.000000
"Oolitic Iron Ore (Ward76)",Ward76,becknic,rock,rock.sedimentary.chemicalprecipitate.solid.all.ward76.jpl.nicolet.spectrum.txt,0.000374,1.000000,0.000000,0.000279,1.000000,0.000000,0.003242,0.182232,0.357286,0.002038,0.977876,1.000000,0.001250,0.998350,1.000000
"Gypsum (Ward75)",Ward75,becknic,rock,rock.sedimentary.chemicalprecipitate.solid.vswir.ward75.jpl.perkin.spectrum.txt,0.002060,0.989258,0.883721,0.005279,0.775892,1.000000,0.003998,0.998136,1.000000,0.000716,1.000000,0.000000,0.000656,1.000000,0.000000
"Oolitic Iron Ore (Ward76)",Ward76,becknic,rock,rock.sedimentary.chemicalprecipitate.solid.vswir.ward76.jpl.perkin.spectrum.txt,0.001111,0.998782,0.883721,0.002618,0.911179,1.000000,0.000833,0.997180,1.000000,0.000475,1.000000,0.000000,0.000371,1.000000,0.000000
"Quartz Conglomerate (Ward48)",Ward48,becknic,rock,rock.sedimentary.conglomerate.solid.all.ward48.jpl.nicolet.spectrum.txt,0.000540,1.000000,0.000000,0.000556,1.000000,0.000000,0.005469,0.949161,0.357286,0.002956,0.997265,1.000000,0.009034,0.997517,1.000000
"Quartz Conglomerate (Ward49)",Ward49,becknic,rock,rock.sedimentary.conglomerate.solid.all.ward49.jpl.nicolet.spectrum.txt,0.000404,1.000000,0.000000,0.000949,1.000000,0.000000,0.003327,0.977175,0.357286,0.004721,0.998015,1.000000,0.003686,0.999280,1.000000
"Limestone Conglomerate-Breccia (Ward50)",Ward50,becknic,rock,rock.sedimentary.conglomerate.solid.all.ward50.jpl.nicolet.spectrum.txt,0.000502,1.000000,0.000000,0.000790,1.000000,0.000000,0.003365,0.985043,0.357286,0.005312,0.993265,1.000000,0.003964,0.995917,1.000000
"Quartz Conglomerate (Ward48)",Ward48,becknic,rock,rock.sedimentary.conglomerate.solid.vswir.ward48.jpl.perkin.spectrum.txt,0.000828,0.999716,0.883721,0.001744,0.987634,1.000000,0.004071,0.996551,1.000000,0.000623,1.000000,0.000000,0.000563,1.000000,0.000000
"Quartz Conglomerate (Ward49)",Ward49,becknic,rock,rock.sedimentary.conglomerate.solid.vswir.ward49.jpl.perkin.spectrum.txt,0.001293,0.999898,0.883721,0.000903,0.998481,1.000000,0.002190,0.998923,1.000000,0.000711,1.000000,0.000000,0.000548,1.000000,0.000000
"Limestone Conglomerate-Breccia (Ward50)",Ward50,becknic,rock,rock.sedimentary.conglomerate.solid.vswir.ward50.jpl.perkin.spectrum.txt,0.000943,0.999758,0.883721,0.001316,0.978454,1.000000,0.001421,0.998218,1.000000,0.000459,1.000000,0.000000,0.000525,1.000000,0.000000
"Dolomite  CaMgCO3 (ro350c)",ro350c,becknic,rock,rock.sedimentary.dolomite.solid.all.ro350c.usgs.perknic.spectrum.txt,0.000019,1.000000,0.883721,0.000018,1.000000,1.000000,0.000053,0.997356,1.000000,0.000095,1.000000,1.000000,0.000044,1.000000,0.883894
"Dolomite  CaMgCO3 (ro368)",ro368,becknic,rock,rock.sedimentary.dolomite.solid.all.ro368.usgs.perknic.spectrum.txt,0.000032,1.000000,0.883721,0.000026,1.000000,1.000000,0.000060,0.996533,1.000000,0.000086,1.000000,1.000000,0.000047,1.000000,0.883894
"Dolomite  CaMgCO3 (ro391)",ro391,becknic,rock,rock.sedimentary.dolomite.solid.all.ro391.usgs.perknic.spectrum.txt,0.000015,1.000000,0.883721,0.000011,1.000000,1.000000,0.000025,1.000000,1.000000,0.000085,1.000000,1.000000,0.000036,1.000000,0.883894
"Fossiliferous Limestone (limestone_1)",limestone_1,becknic,rock,rock.sedimentary.limestone.coarse.all.limestone_1.jhu.becknic.spectrum.txt,0.001603,0.999605,0.883721,0.002306,0.963925,1.000000,0.003422,0.996853,1.000000,0.007382,0.990700,1.000000,0.002289,0.990364,0.883671
"Dolomitic Limestone (limestone_2)",limestone_2,becknic,rock,rock.sedimentary.limestone.coarse.all.limestone_2.jhu.becknic.spectrum.txt,0.003507,0.999300,0.883721,0.002798,0.996587,1.000000,0.009162,0.994651,1.000000,0.019266,0.964459,1.000000,0.002957,0.990504,0.883671
"Limestone (limestone_3)",limestone_3,becknic,rock,rock.sedimentary.limestone.coarse.all.limestone_3.jhu.becknic.spectrum.txt,0.001160,0.964980,0.883721,0.001205,0.857293,1.000000,0.000841,0.983964,1.000000,0.010560,0.942405,1.000000,0.005087,0.976705,0.883671
"Oolitic Limestone (limestone_4)",limestone_4,becknic,rock,rock.sedimentary.limestone.coarse.all.limestone_4.jhu.becknic.spectrum.txt,0.001129,0.998629,0.883721,0.000737,0.963104,1.000000,0.001882,0.982673,1.000000,0.007957,0.983170,1.000000,0.003994,0.989384,0.998012
"Lithographic Limestone (limestone_5)",limestone_5,becknic,rock,rock.sedimentary.limestone.coarse.all.limestone_5.jhu.becknic.spectrum.txt,0.002324,0.999668,0.883721,0.002889,0.918994,1.000000,0.004936,0.997712,1.000000,0.013755,0.981911,1.000000,0.003406,0.971271,0.998012
"Argillaceous Limestone (limestone_6)",limestone_6,becknic,rock,rock.sedimentary.limestone.coarse.all.limestone_6.jhu.becknic.spectrum.txt,0.002325,0.998874,0.883721,0.002008,0.973225,1.000000,0.002629,0.995996,1.000000,0.007971,0.992357,1.000000,0.001922,0.988786,0.998012
"Oolitic Limestone (limestone_7)",limestone_7,becknic,rock,rock.sedimentary.limestone.coarse.all.limestone_7.jhu.becknic.spectrum.txt,0.002352,0.999481,0.883721,0.002330,0.751209,1.000000,0.002348,0.998588,1.000000,0.003657,0.992721,1.000000,0.001474,0.994695,0.998012
"Fossiliferous Limestone (limestone_1)",limestone_1,becknic,rock,rock.sedimentary.limestone.fine.all.limestone_1.jhu.becknic.spectrum.txt,0.003145,0.999479,0.883721,0.002081,0.976585,1.000000,0.004007,0.983381,1.000000,0.008758,0.998453,1.000000,0.009146,0.981947,0.998000
"Dolomitic Limestone (limestone_2)",limestone_2,becknic,rock,rock.sedimentary.limestone.fine.all.limestone_2.jhu.becknic.spectrum.txt,0.003007,0.998105,0.883721,0.002252,0.698607,1.000000,0.003620,0.990267,1.000000,0.017375,0.994706,1.000000,0.013135,0.933253,0.998000
"Limestone (limestone_3)",limestone_3,becknic,rock,rock.sedimentary.limestone.fine.all.limestone_3.jhu.becknic.spectrum.txt,0.001803,0.996475,0.883721,0.001101,0.982886,1.000000,0.003005,0.993129,1.000000,0.014403,0.992227,1.000000,0.014077,0.981956,0.998000
"Oolitic Limestone (limestone_4)",limestone_4,becknic,rock,rock.sedimentary.limestone.fine.all.limestone_4.jhu.becknic.spectrum.txt,0.002214,0.998115,0.883721,0.002128,0.967587,1.000000,0.003623,0.989545,1.000000,0.013020,0.995206,1.000000,0.005345,0.993058,0.998000
"Lithographic Limestone (limestone_5)",limestone_5,becknic,rock,rock.sedimentary.limestone.fine.all.limestone_5.jhu.becknic.spectrum.txt,0.004014,0.999112,0.883721,0.002182,0.912464,1.000000,0.006195,0.957964,1.000000,0.011083,0.997839,1.000000,0.009799,0.986258,0.998000
"Argillaceous Limestone (limestone_6)",limestone_6,becknic,rock,rock.sedimentary.limestone.fine.all.limestone_6.jhu.becknic.spectrum.txt,0.002647,0.999289,0.883721,0.002071,0.993583,1.000000,0.004741,0.970322,1.000000,0.010531,0.996952,1.000000,0.008998,0.952610,0.998000
"Oolitic Limestone (limestone_7)",limestone_7,becknic,rock,rock.sedimentary.limestone.fine.all.limestone_7.jhu.becknic.spectrum.txt,0.002423,0.999548,0.883721,0.002445,0.944186,1.000000,0.004665,0.933331,1.000000,0.009816,0.996413,1.000000,0.006950,0.951509,0.998000
"Limestone CaCO3 (ro337)",ro337,becknic,rock,rock.sedimentary.limestone.solid.all.ro337.usgs.perknic.spectrum.txt,0.000021,1.000000,0.883721,0.000019,1.000000,1.000000,0.000058,1.000000,1.000000,0.000105,1.000000,1.000000,0.000053,1.000000,0.883894
"Limestone CaCO3 (ro350b)",ro350b,becknic,rock,rock.sedimentary.limestone.solid.all.ro350b.usgs.perknic.spectrum.txt,0.000020,1.000000,0.883721,0.000012,1.000000,1.000000,0.000034,1.000000,1.000000,0.000056,1.000000,1.000000,0.000041,1.000000,0.883894
"Limestone CaCO3 (ro353)",ro353,becknic,rock,rock.sedimentary.limestone.solid.all.ro353.usgs.perknic.spectrum.txt,0.000022,1.000000,0.883721,0.000018,1.000000,1.000000,0.000051,1.000000,1.000000,0.000058,1.000000,1.000000,0.000043,1.000000,0.883894
"Limestone CaCO3 (ro354)",ro354,becknic,rock,rock.sedimentary.limestone.solid.all.ro354.usgs.perknic.spectrum.txt,0.000032,1.000000,0.883721,0.000024,1.000000,1.000000,0.000079,0.996222,1.000000,0.000069,1.000000,1.000000,0.000042,1.000000,0.883894
"Limestone CaCO3 (ro357)",ro357,becknic,rock,rock.sedimentary.limestone.solid.all.ro357.usgs.perknic.spectrum.txt,0.000022,1.000000,0.883721,0.000014,1.000000,1.000000,0.000028,1.000000,1.000000,0.000053,1.000000,1.000000,0.000048,1.000000,0.883894
"Limestone CaCO3 (ro359)",ro359,becknic,rock,rock.sedimentary.limestone.solid.all.ro359.usgs.perknic.spectrum.txt,0.000038,1.000000,0.883721,0.000031,1.000000,1.000000,0.000088,0.995430,1.000000,0.000068,1.000000,1.000000,0.000042,1.000000,0.883894
"Limestone CaCO3 (ro360)",ro360,becknic,rock,rock.sedimentary.limestone.solid.all.ro360.usgs.perknic.spectrum.txt,0.000030,1.000000,0.883721,0.000021,1.000000,1.000000,0.000065,1.000000,1.000000,0.000058,1.000000,1.000000,0.000040,1.000000,0.883894
"Limestone CaCO3 (ro363)",ro363,becknic,rock,rock.sedimentary.limestone.solid.all.ro363.usgs.perknic.spectrum.txt,0.000037,1.000000,0.883721,0.000021,1.000000,1.000000,0.000079,0.996235,1.000000,0.000094,1.000000,1.000000,0.000069,1.000000,0.883894
"Limestone CaCO3 (ro367)",ro367,becknic,rock,rock.sedimentary.limestone.solid.all.ro367.usgs.perknic.spectrum.txt,0.000029,1.000000,0.883721,0.000024,1.000000,1.000000,0.000078,0.996442,1.000000,0.000070,1.000000,1.000000,0.000047,1.000000,0.883894
"Limestone CaCO3 (ro397)",ro397,becknic,rock,rock.sedimentary.limestone.solid.all.ro397.usgs.perknic.spectrum.txt,0.000019,1.000000,0.883721,0.000049,1.000000,1.000000,0.000055,1.000000,1.000000,0.000053,1.000000,1.000000,0.000024,1.000000,0.883894
"Ecrinal Limestone (Ward66)",Ward66,becknic,rock,rock.sedimentary.limestone.solid.all.ward66.jpl.nicolet.spectrum.txt,0.000974,1.000000,0.000000,0.000823,1.000000,0.000000,0.003841,0.992088,0.357286,0.004911,0.997080,1.000000,0.004983,0.995139,1.000000
"Chalk (Ward67)",Ward67,becknic,rock,rock.sedimentary.limestone.solid.all.ward67.jpl.nicolet.spectrum.txt,0.000851,1.000000,0.000000,0.000865,1.000000,0.000000,0.002946,0.974819,0.357286,0.007280,0.994731,1.000000,0.002612,0.993485,1.000000
"Chocolate "Marble" Limestone (Ward68)",Ward68,becknic,rock,rock.sedimentary.limestone.solid.all.ward68.jpl.nicolet.spectrum.txt,0.000492,1.000000,0.000000,0.000437,1.000000,0.000000,0.003663,0.957408,0.357286,0.011351,0.964675,1.000000,0.007232,0.991130,1.000000
"Argillaceous Limestone (Ward69)",Ward69,becknic,rock,rock.sedimentary.limestone.solid.all.ward69.jpl.nicolet.spectrum.txt,0.000490,1.000000,0.000000,0.000424,1.000000,0.000000,0.003916,0.920191,0.357286,0.006412,0.980478,1.000000,0.005691,0.981588,1.000000
"Gray Limestone (Birdseye Limestone) (Ward70)",Ward70,becknic,rock,rock.sedimentary.limestone.solid.all.ward70.jpl.nicolet.spectrum.txt,0.000488,1.000000,0.000000,0.000406,1.000000,0.000000,0.003531,0.939340,0.357286,0.006207,0.986390,1.000000,0.005456,0.993742,1.000000
"Cherty Limestone (Ward71)",Ward71,becknic,rock,rock.sedimentary.limestone.solid.all.ward71.jpl.nicolet.spectrum.txt,0.000495,1.000000,0.000000,0.000458,1.000000,0.000000,0.003686,0.967507,0.357286,0.005854,0.986593,1.000000,0.005037,0.992291,1.000000
"Oolitic Limestone (Ward72)",Ward72,becknic,rock,rock.sedimentary.limestone.solid.all.ward72.jpl.nicolet.spectrum.txt,0.000362,1.000000,0.000000,0.000224,1.000000,0.000000,0.004683,0.992372,0.357286,0.006708,0.997049,1.000000,0.003650,0.992062,1.000000
"Travertine (Calcareous Tufa) (Ward73)",Ward73,becknic,rock,rock.sedimentary.limestone.solid.all.ward73.jpl.nicolet.spectrum.txt,0.000915,1.000000,0.000000,0.000854,1.000000,0.000000,0.003429,0.978978,0.357286,0.005368,0.996755,1.000000,0.003208,0.981326,1.000000
"Dolomitic Limestone (Ward74)",Ward74,becknic,rock,rock.sedimentary.limestone.solid.all.ward74.jpl.nicolet.spectrum.txt,0.000472,1.000000,0.000000,0.000511,1.000000,0.000000,0.003522,0.946171,0.357286,0.016616,0.968834,1.000000,0.009636,0.985266,1.000000
"Ecrinal Limestone (Ward66)",Ward66,becknic,rock,rock.sedimentary.limestone.solid.vswir.ward66.jpl.perkin.spectrum.txt,0.000824,0.999821,0.883721,0.001429,0.987159,1.000000,0.002170,0.998565,1.000000,0.000693,1.000000,0.000000,0.000625,1.000000,0.000000
"Chalk (Ward67)",Ward67,becknic,rock,rock.sedimentary.limestone.solid.vswir.ward67.jpl.perkin.spectrum.txt,0.000751,0.999744,0.883721,0.001540,-0.075731,1.000000,0.001153,0.998596,1.000000,0.000711,1.000000,0.000000,0.000542,1.000000,0.000000
"Chocolate "Marble" Limestone (Ward68)",Ward68,becknic,rock,rock.sedimentary.limestone.solid.vswir.ward68.jpl.perkin.spectrum.txt,0.001146,0.999502,0.883721,0.001836,0.885836,1.000000,0.001912,0.995022,1.000000,0.000528,1.000000,0.000000,0.000505,1.000000,0.000000
"Argillaceous Limestone (Ward69)",Ward69,becknic,rock,rock.sedimentary.limestone.solid.vswir.ward69.jpl.perkin.spectrum.txt,0.000532,0.998186,0.883721,0.000681,0.967701,1.000000,0.001044,0.980168,1.000000,0.000487,1.000000,0.000000,0.000376,1.000000,0.000000
"Gray Limestone (Birdseye Limestone) (Ward70)",Ward70,becknic,rock,rock.sedimentary.limestone.solid.vswir.ward70.jpl.perkin.spectrum.txt,0.000631,0.998518,0.883721,0.000878,0.991373,1.000000,0.001666,0.991615,1.000000,0.000501,1.000000,0.000000,0.000446,1.000000,0.000000
"Cherty Limestone (Ward71)",Ward71,becknic,rock,rock.sedimentary.limestone.solid.vswir.ward71.jpl.perkin.spectrum.txt,0.000770,0.998052,0.883721,0.000639,0.984674,1.000000,0.001928,0.993772,1.000000,0.000496,1.000000,0.000000,0.000429,1.000000,0.000000
"Oolitic Limestone (Ward72)",Ward72,becknic,rock,rock.sedimentary.limestone.solid.vswir.ward72.jpl.perkin.spectrum.txt,0.001298,0.999764,0.883721,0.001601,0.997756,1.000000,0.002624,0.998666,1.000000,0.000735,1.000000,0.000000,0.000523,1.000000,0.000000
"Travertine (Calcareous Tufa) (Ward73)",Ward73,becknic,rock,rock.sedimentary.limestone.solid.vswir.ward73.jpl.perkin.spectrum.txt,0.001423,0.999747,0.883721,0.001165,0.996045,1.000000,0.001446,0.999258,1.000000,0.000823,1.000000,0.000000,0.000834,1.000000,0.000000
"Dolomitic Limestone (Ward74)",Ward74,becknic,rock,rock.sedimentary.limestone.solid.vswir.ward74.jpl.perkin.spectrum.txt,0.000420,0.999112,0.883721,0.000885,0.995604,1.000000,0.001973,0.995727,1.000000,0.000366,1.000000,0.000000,0.000549,1.000000,0.000000
"Greywacke Sandstone (greywacke_1)",greywacke_1,becknic,rock,rock.sedimentary.sandstone.coarse.all.greywacke_1.jhu.becknic.spectrum.txt,0.001181,0.989783,0.883721,0.000941,0.883739,1.000000,0.003366,0.997062,1.000000,0.002095,0.998760,1.000000,0.000984,0.999541,0.883671
"Arkosic Sandstone (sandstone_1)",sandstone_1,becknic,rock,rock.sedimentary.sandstone.coarse.all.sandstone_1.jhu.becknic.spectrum.txt,0.001841,0.999692,0.883721,0.001843,0.991825,1.000000,0.002293,0.998635,1.000000,0.003843,0.997975,1.000000,0.002808,0.997814,0.883671
"Glauconitic Sandstone (sandstone_2)",sandstone_2,becknic,rock,rock.sedimentary.sandstone.coarse.all.sandstone_2.jhu.becknic.spectrum.txt,0.001273,0.998470,0.883721,0.001042,0.876374,1.000000,0.001283,0.997146,1.000000,0.001063,0.999437,1.000000,0.000817,0.999291,0.883671
"Sandstone (Micaceous Red) (sandstone_3)",sandstone_3,becknic,rock,rock.sedimentary.sandstone.coarse.all.sandstone_3.jhu.becknic.spectrum.txt,0.001549,0.999253,0.883721,0.001783,0.958864,1.000000,0.001199,0.971695,1.000000,0.003591,0.993627,1.000000,0.000899,0.999346,0.883671
"Ferruginous Sandstone (sandstone_4)",sandstone_4,becknic,rock,rock.sedimentary.sandstone.coarse.all.sandstone_4.jhu.becknic.spectrum.txt,0.001534,0.998926,0.883721,0.002272,0.901520,1.000000,0.001384,0.975409,1.000000,0.003412,0.995005,1.000000,0.001590,0.999308,0.883671
"Purple-banded Sandstone (sandstone_6)",sandstone_6,becknic,rock,rock.sedimentary.sandstone.coarse.all.sandstone_6.jhu.becknic.spectrum.txt,0.002675,0.998880,0.883721,0.002227,0.952548,1.000000,0.005021,0.987509,1.000000,0.004532,0.997431,1.000000,0.003732,0.992743,0.998012
"Sandstone (Red) (sandstone_7)",sandstone_7,becknic,rock,rock.sedimentary.sandstone.coarse.all.sandstone_7.jhu.becknic.spectrum.txt,0.002934,0.999599,0.883721,0.002430,0.998281,1.000000,0.005468,0.995729,1.000000,0.006754,0.996516,1.000000,0.003792,0.992125,0.998012
"Greywacke Sandstone (greywacke_1)",greywacke_1,becknic,rock,rock.sedimentary.sandstone.fine.all.greywacke_1.jhu.becknic.spectrum.txt,0.001976,0.998374,0.883721,0.001726,0.985405,1.000000,0.003810,0.997233,1.000000,0.004148,0.999496,1.000000,0.002067,0.988928,0.998000
"Arkosic Sandstone (sandstone_1)",sandstone_1,becknic,rock,rock.sedimentary.sandstone.fine.all.sandstone_1.jhu.becknic.spectrum.txt,0.003148,0.999368,0.883721,0.002303,0.978883,1.000000,0.005626,0.952749,1.000000,0.005187,0.999387,1.000000,0.005508,0.954243,0.998000
"Glauconitic Sandstone (sandstone_2)",sandstone_2,becknic,rock,rock.sedimentary.sandstone.fine.all.sandstone_2.jhu.becknic.spectrum.txt,0.002790,0.998398,0.883721,0.002305,0.976844,1.000000,0.002918,0.997007,1.000000,0.004469,0.999017,1.000000,0.001669,0.990707,0.998000
"Sandstone (Micaceous Red) (sandstone_3)",sandstone_3,becknic,rock,rock.sedimentary.sandstone.fine.all.sandstone_3.jhu.becknic.spectrum.txt,0.002024,0.999571,0.883721,0.002261,0.985813,1.000000,0.002959,0.985625,1.000000,0.009601,0.994632,1.000000,0.002130,0.987050,0.998000
"Ferruginous Sandstone (sandstone_4)",sandstone_4,becknic,rock,rock.sedimentary.sandstone.fine.all.sandstone_4.jhu.becknic.spectrum.txt,0.002466,0.999186,0.883721,0.002300,0.898601,1.000000,0.002175,0.992175,1.000000,0.007508,0.997232,1.000000,0.005521,0.968609,0.998000
"Purple-banded Sandstone (sandstone_6)",sandstone_6,becknic,rock,rock.sedimentary.sandstone.fine.all.sandstone_6.jhu.becknic.spectrum.txt,0.003622,0.998906,0.883721,0.001943,0.908006,1.000000,0.007024,0.953843,1.000000,0.007479,0.998167,1.000000,0.002314,0.986980,0.998000
"Sandstone (Red) (sandstone_7)",sandstone_7,becknic,rock,rock.sedimentary.sandstone.fine.all.sandstone_7.jhu.becknic.spectrum.txt,0.004050,0.999416,0.883721,0.002073,0.995492,1.000000,0.004318,0.956488,1.000000,0.004148,0.999496,1.000000,0.002067,0.988928,0.998000
"Gray Sandstone (Ward58)",Ward58,becknic,rock,rock.sedimentary.sandstone.solid.all.ward58.jpl.nicolet.spectrum.txt,0.000332,1.000000,0.000000,0.000858,1.000000,0.000000,0.004485,0.986621,0.357286,0.003983,0.999238,1.000000,0.002539,0.999465,1.000000
"Red Sandstone (Ward59)",Ward59,becknic,rock,rock.sedimentary.sandstone.solid.all.ward59.jpl.nicolet.spectrum.txt,0.000964,1.000000,0.000000,0.000831,1.000000,0.000000,0.003544,0.949289,0.357286,0.005618,0.997756,1.000000,0.003113,0.999417,1.000000
"Micaceous Sandstone (Brownstone) (Ward60)",Ward60,becknic,rock,rock.sedimentary.sandstone.solid.all.ward60.jpl.nicolet.spectrum.txt,0.000496,1.000000,0.000000,0.000387,1.000000,0.000000,0.003435,0.578686,0.357286,0.001810,0.998925,1.000000,0.001838,0.999237,1.000000
"Sandstone (Flagstone) (Ward61)",Ward61,becknic,rock,rock.sedimentary.sandstone.solid.all.ward61.jpl.nicolet.spectrum.txt,0.000488,1.000000,0.000000,0.000406,1.000000,0.000000,0.003269,0.913079,0.357286,0.001824,0.998075,1.000000,0.002064,0.999290,1.000000
"Arkose (Ward62)",Ward62,becknic,rock,rock.sedimentary.sandstone.solid.all.ward62.jpl.nicolet.spectrum.txt,0.000500,1.000000,0.000000,0.000750,1.000000,0.000000,0.002696,0.739806,0.357286,0.002105,0.999226,1.000000,0.002129,0.998904,1.000000
"Argillaceous Sandstone (Ward63)",Ward63,becknic,rock,rock.sedimentary.sandstone.solid.all.ward63.jpl.nicolet.spectrum.txt,0.000503,1.000000,0.000000,0.000919,1.000000,0.000000,0.002353,0.982040,0.357286,0.001883,0.999116,1.000000,0.001656,0.999077,1.000000
"Glauconitic Sandstone (Ward64)",Ward64,becknic,rock,rock.sedimentary.sandstone.solid.all.ward64.jpl.nicolet.spectrum.txt,0.000503,1.000000,0.000000,0.000818,1.000000,0.000000,0.002858,0.985862,0.357286,0.001859,0.997604,1.000000,0.001044,0.982636,1.000000
"Gray Sandstone (Ward58)",Ward58,becknic,rock,rock.sedimentary.sandstone.solid.vswir.ward58.jpl.perkin.spectrum.txt,0.000866,0.999773,0.883721,0.001968,0.781958,1.000000,0.003172,0.994937,1.000000,0.000706,1.000000,0.000000,0.000561,1.000000,0.000000
"Red Sandstone (Ward59)",Ward59,becknic,rock,rock.sedimentary.sandstone.solid.vswir.ward59.jpl.perkin.spectrum.txt,0.001596,0.999769,0.883721,0.003288,0.975046,1.000000,0.001878,0.992549,1.000000,0.000723,1.000000,0.000000,0.000528,1.000000,0.000000
"Micaceous Sandstone (Brownstone) (Ward60)",Ward60,becknic,rock,rock.sedimentary.sandstone.solid.vswir.ward60.jpl.perkin.spectrum.txt,0.000745,0.999387,0.883721,0.001123,0.919706,1.000000,0.000692,0.966294,1.000000,0.000498,1.000000,0.000000,0.000507,1.000000,0.000000
"Sandstone (Flagstone) (Ward61)",Ward61,becknic,rock,rock.sedimentary.sandstone.solid.vswir.ward61.jpl.perkin.spectrum.txt,0.000503,0.998845,0.883721,0.000889,0.950179,1.000000,0.000921,0.993755,1.000000,0.000487,1.000000,0.000000,0.000515,1.000000,0.000000
"Arkose (Ward62)",Ward62,becknic,rock,rock.sedimentary.sandstone.solid.vswir.ward62.jpl.perkin.spectrum.txt,0.000784,0.999803,0.883721,0.000909,0.866593,1.000000,0.000798,0.996683,1.000000,0.000687,1.000000,0.000000,0.000642,1.000000,0.000000
"Argillaceous Sandstone (Ward63)",Ward63,becknic,rock,rock.sedimentary.sandstone.solid.vswir.ward63.jpl.perkin.spectrum.txt,0.000630,0.999494,0.883721,0.001404,0.836210,1.000000,0.001212,0.997349,1.000000,0.000656,1.000000,0.000000,0.000595,1.000000,0.000000
"Glauconitic Sandstone (Ward64)",Ward64,becknic,rock,rock.sedimentary.sandstone.solid.vswir.ward64.jpl.perkin.spectrum.txt,0.000880,0.999508,0.883721,0.000733,0.899665,1.000000,0.001173,0.999281,1.000000,0.000437,1.000000,0.000000,0.000529,1.000000,0.000000
"Shale (Arenaceous) (shale_1)",shale_1,becknic,rock,rock.sedimentary.shale.coarse.all.shale_1.jhu.becknic.spectrum.txt,0.001139,0.998378,0.883721,0.001025,0.980394,1.000000,0.003204,0.995053,1.000000,0.001253,0.999337,1.000000,0.001093,0.995091,0.883671
"Shale (Phosphatic) (shale_2)",shale_2,becknic,rock,rock.sedimentary.shale.coarse.all.shale_2.jhu.becknic.spectrum.txt,0.001515,0.997338,0.883721,0.001474,0.998315,1.000000,0.002743,0.997913,1.000000,0.008531,0.980137,1.000000,0.002556,0.991864,0.883671
"Shale (Calcareous) (shale_3)",shale_3,becknic,rock,rock.sedimentary.shale.coarse.all.shale_3.jhu.becknic.spectrum.txt,0.001590,0.996860,0.883721,0.001321,0.487115,1.000000,0.001530,0.994610,1.000000,0.005394,0.990961,1.000000,0.001433,0.994338,0.883671
"Black Shale (shale_4)",shale_4,becknic,rock,rock.sedimentary.shale.coarse.all.shale_4.jhu.becknic.spectrum.txt,0.000625,0.998412,0.883721,0.000547,0.854208,1.000000,0.000557,0.989374,1.000000,0.001322,0.988761,1.000000,0.001042,0.995071,0.883671
"Illite-bearing Shale (shale_5)",shale_5,becknic,rock,rock.sedimentary.shale.coarse.all.shale_5.jhu.becknic.spectrum.txt,0.000915,0.996167,0.883721,0.000860,0.981902,1.000000,0.001688,0.996171,1.000000,0.001002,0.998854,1.000000,0.000697,0.998112,0.883671
"Carbonaceous Shale (shale_6)",shale_6,becknic,rock,rock.sedimentary.shale.coarse.all.shale_6.jhu.becknic.spectrum.txt,0.000770,0.996965,0.883721,0.000580,0.890085,1.000000,0.000836,0.970297,1.000000,0.001333,0.992558,1.000000,0.000863,0.996687,0.883671
"Argillaceous Shale (shale_7)",shale_7,becknic,rock,rock.sedimentary.shale.coarse.all.shale_7.jhu.becknic.spectrum.txt,0.001095,0.997088,0.883721,0.000742,1.000000,1.000000,0.000803,0.991620,1.000000,0.001199,0.998415,1.000000,0.000810,0.995449,0.998012
"Shale (Arenaceous) (shale_1)",shale_1,becknic,rock,rock.sedimentary.shale.fine.all.shale_1.jhu.becknic.spectrum.txt,0.001860,0.998737,0.883721,0.002317,0.991216,1.000000,0.004972,0.977763,1.000000,0.005479,0.998753,1.000000,0.001538,0.984768,0.998000
"Shale (Phosphatic) (shale_2)",shale_2,becknic,rock,rock.sedimentary.shale.fine.all.shale_2.jhu.becknic.spectrum.txt,0.002551,0.999189,0.883721,0.001945,0.998642,1.000000,0.004804,0.988222,1.000000,0.020123,0.979694,1.000000,0.007994,0.948282,0.998000
"Shale (Calcareous) (shale_3)",shale_3,becknic,rock,rock.sedimentary.shale.fine.all.shale_3.jhu.becknic.spectrum.txt,0.002240,0.998851,0.883721,0.001817,0.976770,1.000000,0.004208,0.987843,1.000000,0.006890,0.998575,1.000000,0.007341,0.970227,0.998000
"Black Shale (shale_4)",shale_4,becknic,rock,rock.sedimentary.shale.fine.all.shale_4.jhu.becknic.spectrum.txt,0.001267,0.997021,0.883721,0.000863,0.996327,1.000000,0.001789,0.996803,1.000000,0.006451,0.993176,1.000000,0.003803,0.974500,0.998000
"Illite-bearing Shale (shale_5)",shale_5,becknic,rock,rock.sedimentary.shale.fine.all.shale_5.jhu.becknic.spectrum.txt,0.002310,0.996928,0.883721,0.001946,0.884096,1.000000,0.003548,0.998119,1.000000,0.006537,0.998363,1.000000,0.002518,0.983662,0.998000
"Carbonaceous Shale (shale_6)",shale_6,becknic,rock,rock.sedimentary.shale.fine.all.shale_6.jhu.becknic.spectrum.txt,0.001138,0.997940,0.883721,0.001428,0.989609,1.000000,0.001890,0.996132,1.000000,0.006715,0.993167,1.000000,0.003944,0.979477,0.998000
"Argillaceous Shale (shale_7)",shale_7,becknic,rock,rock.sedimentary.shale.fine.all.shale_7.jhu.becknic.spectrum.txt,0.001207,0.999084,0.883721,0.001328,0.993448,1.000000,0.002494,0.995849,1.000000,0.004498,0.998715,1.000000,0.002783,0.954742,0.998000
"Phosphorite (Phop002)",Phop002,becknic,rock,rock.sedimentary.shale.solid.all.phop002.usgs.perknic.spectrum.txt,0.002042,0.999136,0.883721,0.002751,0.995480,1.000000,0.002194,0.998282,1.000000,0.005070,0.997370,1.000000,0.000839,0.994126,0.888353
"Phosphorite (Phop004)",Phop004,becknic,rock,rock.sedimentary.shale.solid.all.phop004.usgs.perknic.spectrum.txt,0.002063,0.999569,0.883721,0.002347,0.984041,1.000000,0.002412,0.999043,1.000000,0.004270,0.997851,1.000000,0.001227,0.992108,0.888353
"Phosphorite (Phop005)",Phop005,becknic,rock,rock.sedimentary.shale.solid.all.phop005.usgs.perknic.spectrum.txt,0.001400,0.999417,0.883721,0.002249,0.991969,1.000000,0.002875,0.994770,1.000000,0.005306,0.996013,1.000000,0.001561,0.998285,0.888353
"Phosphorite (Phop008)",Phop008,becknic,rock,rock.sedimentary.shale.solid.all.phop008.usgs.perknic.spectrum.txt,0.001593,0.998984,0.883721,0.003379,0.982241,1.000000,0.002086,0.998879,1.000000,0.002089,0.996649,1.000000,0.001349,0.996017,0.888353
"Phosphorite (Phop009)",Phop009,becknic,rock,rock.sedimentary.shale.solid.all.phop009.usgs.perknic.spectrum.txt,0.002286,0.998479,0.883721,0.002481,0.998897,1.000000,0.003166,0.998210,1.000000,0.003424,0.998011,1.000000,0.000786,0.997636,0.888353
"Phosphorite (Phop011)",Phop011,becknic,rock,rock.sedimentary.shale.solid.all.phop011.usgs.perknic.spectrum.txt,0.001615,0.999414,0.883721,0.001576,0.977145,1.000000,0.001757,0.997024,1.000000,0.003359,0.996686,1.000000,0.000967,0.998641,0.888353
"Phosphorite (Phop02a)",Phop02a,becknic,rock,rock.sedimentary.shale.solid.all.phop02a.usgs.perknic.spectrum.txt,0.001575,0.998966,0.883721,0.001506,0.997647,1.000000,0.001720,0.997966,1.000000,0.005769,0.991810,1.000000,0.000954,0.995185,0.888353
"Calcareous Shale (Ward51)",Ward51,becknic,rock,rock.sedimentary.shale.solid.all.ward51.jpl.nicolet.spectrum.txt,0.000340,1.000000,0.000000,0.000215,1.000000,0.000000,0.003772,0.233960,0.357286,0.001621,0.983820,1.000000,0.002780,0.998092,1.000000
"Arenaceous Shale (Ward53)",Ward53,becknic,rock,rock.sedimentary.shale.solid.all.ward53.jpl.nicolet.spectrum.txt,0.000483,1.000000,0.000000,0.000242,1.000000,0.000000,0.003759,0.435174,0.357286,0.001657,0.992249,1.000000,0.002377,0.998336,1.000000
"Carbonaceous Shale (Ward54)",Ward54,becknic,rock,rock.sedimentary.shale.solid.all.ward54.jpl.nicolet.spectrum.txt,0.000318,1.000000,0.000000,0.000315,1.000000,0.000000,0.003120,0.806334,0.357286,0.001379,0.996603,1.000000,0.002558,0.997137,1.000000
"Oil Shale (Kerogen Shale) (Ward55)",Ward55,becknic,rock,rock.sedimentary.shale.solid.all.ward55.jpl.nicolet.spectrum.txt,0.000461,1.000000,0.000000,0.000643,1.000000,0.000000,0.004604,0.965290,0.357286,0.002811,0.995136,1.000000,0.002098,0.991991,1.000000
"Calcareous Shale (Ward51)",Ward51,becknic,rock,rock.sedimentary.shale.solid.vswir.ward51.jpl.perkin.spectrum.txt,0.000273,0.963667,0.883721,0.000600,0.889329,1.000000,0.000610,0.994623,1.000000,0.000273,1.000000,0.000000,0.000345,1.000000,0.000000
"Arenaceous Shale (Ward53)",Ward53,becknic,rock,rock.sedimentary.shale.solid.vswir.ward53.jpl.perkin.spectrum.txt,0.000382,0.988306,0.883721,0.000414,0.961790,1.000000,0.000681,0.978915,1.000000,0.000327,1.000000,0.000000,0.000369,1.000000,0.000000
"Carbonaceous Shale (Ward54)",Ward54,becknic,rock,rock.sedimentary.shale.solid.vswir.ward54.jpl.perkin.spectrum.txt,0.000331,0.998611,0.883721,0.000873,0.976990,1.000000,0.000816,0.993927,1.000000,0.000481,1.000000,0.000000,0.000369,1.000000,0.000000
"Oil Shale (Kerogen Shale) (Ward55)",Ward55,becknic,rock,rock.sedimentary.shale.solid.vswir.ward55.jpl.perkin.spectrum.txt,0.000883,0.998976,0.883721,0.000660,0.998675,1.000000,0.002621,0.995716,1.000000,0.000507,1.000000,0.000000,0.000509,1.000000,0.000000
"Diatomaceous Earth (Ward57)",Ward57,becknic,rock,rock.sedimentary.siliceou.solid.all.ward57.jpl.nicolet.spectrum.txt,0.000232,1.000000,0.000000,0.000777,1.000000,0.000000,0.002831,0.989842,0.357286,0.005303,0.998470,1.000000,0.001785,0.990954,1.000000
"Siliceous Oolite (Ward77)",Ward77,becknic,rock,rock.sedimentary.siliceou.solid.all.ward77.jpl.nicolet.spectrum.txt,0.000871,1.000000,0.000000,0.000861,1.000000,0.000000,0.003548,0.964957,0.357286,0.003215,0.998731,1.000000,0.004208,0.998143,1.000000
"Diatomaceous Earth (Ward57)",Ward57,becknic,rock,rock.sedimentary.siliceou.solid.vswir.ward57.jpl.perkin.spectrum.txt,0.001849,0.999258,0.883721,0.000626,0.993721,1.000000,0.002919,0.998172,1.000000,0.000680,1.000000,0.000000,0.000549,1.000000,0.000000
"Siliceous Oolite (Ward77)",Ward77,becknic,rock,rock.sedimentary.siliceou.solid.vswir.ward77.jpl.perkin.spectrum.txt,0.001111,0.999276,0.883721,0.001610,0.993155,1.000000,0.000994,0.999105,1.000000,0.000680,1.000000,0.000000,0.000548,1.000000,0.000000
"Siltstone (siltstone_1)",siltstone_1,becknic,rock,rock.sedimentary.siltstone.coarse.all.siltstone_1.jhu.becknic.spectrum.txt,0.001589,0.997586,0.883721,0.002586,0.668801,1.000000,0.001557,0.826178,1.000000,0.001510,0.999639,1.000000,0.000562,0.995328,0.883671
"Limestone Siltstone (siltstone_2)",siltstone_2,becknic,rock,rock.sedimentary.siltstone.coarse.all.siltstone_2.jhu.becknic.spectrum.txt,0.002813,0.996454,0.883721,0.001826,0.798405,1.000000,0.011660,0.994823,1.000000,0.005469,0.997093,1.000000,0.001383,0.992974,0.883671
"Siltstone (siltstone_1)",siltstone_1,becknic,rock,rock.sedimentary.siltstone.fine.all.siltstone_1.jhu.becknic.spectrum.txt,0.001962,0.998841,0.883721,0.002332,0.963260,1.000000,0.002863,0.995434,1.000000,0.003770,0.999449,1.000000,0.003179,0.986613,0.998000
"Limestone-Siltstone (siltstone_2)",siltstone_2,becknic,rock,rock.sedimentary.siltstone.fine.all.siltstone_2.jhu.becknic.spectrum.txt,0.003361,0.998901,0.883721,0.002383,0.880397,1.000000,0.007239,0.985515,1.000000,0.015567,0.994395,1.000000,0.003787,0.977285,0.998000
"Travertine (travertine_1)",travertine_1,becknic,rock,rock.sedimentary.travertine.coarse.all.travertine_1.jhu.becknic.spectrum.txt,0.003317,0.999539,0.883721,0.002447,0.997690,1.000000,0.005088,0.998608,1.000000,0.005599,0.991743,1.000000,0.002570,0.986621,0.998012
"Travertine (travertine_1)",travertine_1,becknic,rock,rock.sedimentary.travertine.fine.all.travertine_1.jhu.becknic.spectrum.txt,0.003516,0.999547,0.883721,0.002394,0.974201,1.000000,0.004588,0.981805,1.000000,0.012657,0.996420,1.000000,0.008890,0.985441,0.977882
"Pale brown silty loam (86P1994)",86P1994,becknic,soil,soil.alfisol.fragiboralf.none.all.86p1994.jhu.becknic.spectrum.txt,0.003478,0.999183,0.883721,0.001564,0.993101,1.000000,0.002057,0.993523,1.000000,0.002290,0.999311,1.000000,0.000649,0.993927,0.883671
"Brown to dark brown gravelly loam (87P313)",87P313,becknic,soil,soil.alfisol.haploxeralf.none.all.87p313.jhu.becknic.spectrum.txt,0.002302,0.998124,0.883721,0.001963,0.995035,1.000000,0.001844,0.993329,1.000000,0.001641,0.999227,1.000000,0.000443,0.989759,0.883671
"Brown loamy fine sand (87P3468)",87P3468,becknic,soil,soil.alfisol.haplustalf.none.all.87p3468.jhu.becknic.spectrum.txt,0.001628,0.999547,0.883721,0.001448,0.997483,1.000000,0.001628,0.996316,1.000000,0.002750,0.999075,1.000000,0.000656,0.999606,0.883671
"Brown fine sandy loam (87P3665)",87P3665,becknic,soil,soil.alfisol.haplustalf.none.all.87p3665.jhu.becknic.spectrum.txt,0.002182,0.999585,0.883721,0.001711,0.992301,1.000000,0.001648,0.990997,1.000000,0.001835,0.999737,1.000000,0.000617,0.999063,0.883671
"Brown fine sandy loam (87P3671)",87P3671,becknic,soil,soil.alfisol.haplustalf.none.all.87p3671.jhu.becknic.spectrum.txt,0.001827,0.999450,0.883721,0.001740,0.997340,1.000000,0.001907,0.994201,1.000000,0.002323,0.999550,1.000000,0.000605,0.999231,0.883671
"Reddish brown fine sandy loam (87P1087)",87P1087,becknic,soil,soil.alfisol.paleustalf.none.all.87p1087.jhu.becknic.spectrum.txt,0.001717,0.999420,0.883721,0.001980,0.995505,1.000000,0.001385,0.996748,1.000000,0.002721,0.999294,1.000000,0.000768,0.999479,0.883671
"Reddish brown fine sandy loam (87P2376)",87P2376,becknic,soil,soil.alfisol.paleustalf.none.all.87p2376.jhu.becknic.spectrum.txt,0.004633,0.998311,0.883721,0.001798,0.997655,1.000000,0.002488,0.995777,1.000000,0.002970,0.998945,1.000000,0.001234,0.999193,0.883671
"Brown sandy loam (87P2410)",87P2410,becknic,soil,soil.alfisol.paleustalf.none.all.87p2410.jhu.becknic.spectrum.txt,0.003777,0.997597,0.883721,0.001557,0.998722,1.000000,0.002087,0.995077,1.000000,0.001789,0.999647,1.000000,0.000588,0.999198,0.883671
"Dark reddish brown fine sandy loam (87P473)",87P473,becknic,soil,soil.alfisol.paleustalf.none.all.87p473.jhu.becknic.spectrum.txt,0.002112,0.999567,0.883721,0.001838,0.995041,1.000000,0.002271,0.992500,1.000000,0.003049,0.999123,1.000000,0.001408,0.999271,0.883671
"Light yellowish brown interior dry gravelly loam (79P1536)",79P1536,becknic,soil,soil.aridisol.calciorthid.none.all.79p1536.jhu.becknic.spectrum.txt,0.002083,0.999661,0.883721,0.001536,0.986392,1.000000,0.003049,0.989913,1.000000,0.007377,0.993269,1.000000,0.001141,0.992445,0.998000
"Light yellowish brown loam (84P3721)",84P3721,becknic,soil,soil.aridisol.calciorthid.none.all.84p3721.jhu.becknic.spectrum.txt,0.007514,0.997261,0.883721,0.002248,0.912797,1.000000,0.002750,0.990701,1.000000,0.005763,0.995449,1.000000,0.001250,0.989730,0.998000
"Brown silty loam (87P337)",87P337,becknic,soil,soil.aridisol.camborthid.none.all.87p337.jhu.becknic.spectrum.txt,0.002783,0.999346,0.883721,0.001696,0.959389,1.000000,0.001955,0.983239,1.000000,0.001987,0.999615,1.000000,0.000592,0.997976,0.883671
"Light yellowish brown loamy sand (89P1772)",89P1772,becknic,soil,soil.aridisol.camborthid.none.all.89p1772.jhu.becknic.spectrum.txt,0.003111,0.999313,0.883721,0.002724,0.955046,1.000000,0.002801,0.995430,1.000000,0.002028,0.999696,1.000000,0.000782,0.999071,0.998012
"Very pale brown to brownish yellow interior dry gravelly silt loam (82P2695)",82P2695,becknic,soil,soil.aridisol.gypsiorthid.none.all.82p2695.jhu.becknic.spectrum.txt,0.006805,0.998512,0.883721,0.002904,0.965879,1.000000,0.003985,0.995135,1.000000,0.006995,0.993803,1.000000,0.001295,0.992848,0.998000
"Brown gravelly sandy loam (89P1793)",89P1793,becknic,soil,soil.aridisol.haplargid.none.all.89p1793.jhu.becknic.spectrum.txt,0.002590,0.999460,0.883721,0.002231,0.968835,1.000000,0.002282,0.994821,1.000000,0.001438,0.999764,1.000000,0.000781,0.998683,0.998012
"Red-orange sandy soil. (fgg009)",fgg009,becknic,soil,soil.aridisol.none.unsorted.tir.fgg009.jpl.nicolet.spectrum.txt,0.000458,1.000000,0.000000,0.000934,1.000000,0.000000,0.001682,0.995981,0.356929,0.002343,0.999681,1.000000,0.001657,0.996651,0.883894
"Red-orange sandy soil (fgg018)",fgg018,becknic,soil,soil.aridisol.none.unsorted.tir.fgg018.jpl.nicolet.spectrum.txt,0.000968,1.000000,0.000000,0.000828,1.000000,0.000000,0.002710,0.992472,0.356929,0.002729,0.999225,1.000000,0.001324,0.995604,0.883894
"Grey calcareous silty soil (fgg024)",fgg024,becknic,soil,soil.aridisol.none.unsorted.tir.fgg024.jpl.nicolet.spectrum.txt,0.000763,1.000000,0.000000,0.000881,1.000000,0.000000,0.002529,0.990263,0.356929,0.002805,0.999459,1.000000,0.001269,0.998121,0.883894
"Grey calcareous silty soil (fgt017)",fgt017,becknic,soil,soil.aridisol.none.unsorted.tir.fgt017.jpl.nicolet.spectrum.txt,0.000354,1.000000,0.000000,0.000725,1.000000,0.000000,0.001964,0.994437,0.356929,0.011937,0.991989,1.000000,0.002063,0.991160,0.883894
"Dark brown interior moist clay loam (79P1530)",79P1530,becknic,soil,soil.aridisol.salorthid.none.all.79p1530.jhu.becknic.spectrum.txt,0.001987,0.999335,0.883721,0.001788,0.880286,1.000000,0.002065,0.993147,1.000000,0.004745,0.996189,1.000000,0.000771,0.996597,0.998000
"Light yellowish brown clay (89P1763)",89P1763,becknic,soil,soil.aridisol.salorthid.none.all.89p1763.jhu.becknic.spectrum.txt,0.002565,0.999623,0.883721,0.001903,0.934080,1.000000,0.003933,0.997250,1.000000,0.003047,0.997834,1.000000,0.001103,0.987127,0.998012
"Dark yellowish brown silty clay (89P1805)",89P1805,becknic,soil,soil.aridisol.salorthid.none.all.89p1805.jhu.becknic.spectrum.txt,0.003946,0.999294,0.883721,0.001949,0.969222,1.000000,0.003911,0.997711,1.000000,0.002768,0.998400,1.000000,0.000887,0.986316,0.998000
"Very dark grayish brown loamy sand (90P0142)",90P0142,becknic,soil,soil.aridisol.torripsamment.none.all.90p0142.jhu.becknic.spectrum.txt,0.002168,0.999256,0.883721,0.001960,0.996539,1.000000,0.002052,0.994311,1.000000,0.003241,0.998284,1.000000,0.000846,0.999288,0.998012
"Fluvial deposit (fgg003)",fgg003,becknic,soil,soil.entisol.none.unsorted.tir.fgg003.jpl.nicolet.spectrum.txt,0.000546,1.000000,0.000000,0.000918,1.000000,0.000000,0.002063,0.994959,0.356929,0.002905,0.999452,1.000000,0.001360,0.996356,0.883894
"Red-orange sandy loam/alluvium (fgg007)",fgg007,becknic,soil,soil.entisol.none.unsorted.tir.fgg007.jpl.nicolet.spectrum.txt,0.000828,1.000000,0.000000,0.000869,1.000000,0.000000,0.002690,0.994434,0.356929,0.002528,0.999442,1.000000,0.001799,0.995625,0.883894
"Sandy Loam/alluvium (fgg008)",fgg008,becknic,soil,soil.entisol.none.unsorted.tir.fgg008.jpl.nicolet.spectrum.txt,0.001115,0.000000,0.000000,0.000624,1.000000,0.000000,0.003079,0.994175,0.356929,0.004243,0.996822,1.000000,0.001625,0.995939,0.883894
"Alluvial sand (fgg027)",fgg027,becknic,soil,soil.entisol.none.unsorted.tir.fgg027.jpl.nicolet.spectrum.txt,0.000360,1.000000,0.000000,0.000915,1.000000,0.000000,0.002737,0.993007,0.356929,0.004914,0.998600,1.000000,0.002488,0.999079,0.883894
"Red-orange sandy loam (fgg033)",fgg033,becknic,soil,soil.entisol.none.unsorted.tir.fgg033.jpl.nicolet.spectrum.txt,0.000772,1.000000,0.000000,0.000880,1.000000,0.000000,0.002924,0.993978,0.356929,0.002366,0.999484,1.000000,0.001351,0.994070,0.883894
"Red-orange sandy loam (fgg036)",fgg036,becknic,soil,soil.entisol.none.unsorted.tir.fgg036.jpl.nicolet.spectrum.txt,0.000585,1.000000,0.000000,0.000912,1.000000,0.000000,0.002043,0.994304,0.356929,0.002749,0.999507,1.000000,0.001549,0.996681,0.883894
"Red-orange sandy loam (fgg037)",fgg037,becknic,soil,soil.entisol.none.unsorted.tir.fgg037.jpl.nicolet.spectrum.txt,0.000880,1.000000,0.000000,0.000860,1.000000,0.000000,0.002736,0.993932,0.356929,0.006677,0.995703,1.000000,0.001519,0.996221,0.883894
"Brown to dark brown sand (87P706)",87P706,becknic,soil,soil.entisol.quartzipsamment.none.all.87p706.jhu.becknic.spectrum.txt,0.002315,0.999250,0.883721,0.001739,0.994532,1.000000,0.001934,0.988294,1.000000,0.003766,0.998018,1.000000,0.001595,0.998873,0.883671
"White gypsum dune sand. (0015)",0015,becknic,soil,soil.entisol.torripsamment.none.all.0015.jhu.becknic.spectrum.txt,0.003053,0.999362,0.883721,0.004653,0.949252,1.000000,0.017574,0.994248,1.000000,0.006379,0.921480,1.000000,0.012028,0.956425,0.883671
"Brown to dark brown silt loam (82P2230)",82P2230,becknic,soil,soil.entisol.ustifluvent.none.all.82p2230.jhu.becknic.spectrum.txt,0.002846,0.997832,0.883721,0.001077,0.991777,1.000000,0.001857,0.983789,1.000000,0.000888,0.999704,1.000000,0.000621,0.998315,0.998000
"Gray/dark brown extremely stoney coarse sandy (87P3855)",87P3855,becknic,soil,soil.inceptisol.cryumbrept.none.all.87p3855.jhu.becknic.spectrum.txt,0.002435,0.997862,0.883721,0.001700,0.997847,1.000000,0.001851,0.997806,1.000000,0.001717,0.998862,1.000000,0.000565,0.998310,0.883671
"Dark yellowish brown micaceous loam (88P2535)",88P2535,becknic,soil,soil.inceptisol.dystrochrept.none.all.88p2535.jhu.becknic.spectrum.txt,0.006677,0.997695,0.883721,0.001582,0.987652,1.000000,0.002955,0.996778,1.000000,0.002024,0.999203,1.000000,0.001085,0.996188,0.883671
"Dark brown fine sandy loam (86P4561)",86P4561,becknic,soil,soil.inceptisol.haplumbrept.none.all.86p4561.jhu.becknic.spectrum.txt,0.002980,0.997936,0.883721,0.002002,0.990792,1.000000,0.001947,0.995659,1.000000,0.001567,0.999254,1.000000,0.000429,0.998796,0.883671
"Brown sandy loam (88P4699)",88P4699,becknic,soil,soil.inceptisol.haplumbrept.none.all.88p4699.jhu.becknic.spectrum.txt,0.001729,0.999293,0.883721,0.001648,0.990868,1.000000,0.001917,0.993862,1.000000,0.001537,0.999367,1.000000,0.000695,0.999091,0.883671
"Very dark grayish brown silty loam (85P3707)",85P3707,becknic,soil,soil.inceptisol.plaggept.none.all.85p3707.jhu.becknic.spectrum.txt,0.002624,0.999164,0.883721,0.002103,0.996513,1.000000,0.002218,0.993281,1.000000,0.003813,0.998817,1.000000,0.000749,0.998255,0.883671
"Pale brown dry silty clay loam (82P2671)",82P2671,becknic,soil,soil.inceptisol.ustocrept.none.all.82p2671.jhu.becknic.spectrum.txt,0.006183,0.995066,0.883721,0.002221,0.993209,1.000000,0.003011,0.991697,1.000000,0.007351,0.987319,1.000000,0.001311,0.992981,0.972941
"Brown to dark brown gravelly fine sandy loam (87P325)",87P325,becknic,soil,soil.inceptisol.xerumbrept.none.all.87p325.jhu.becknic.spectrum.txt,0.001689,0.999112,0.883721,0.001625,0.994505,1.000000,0.001700,0.991202,1.000000,0.001919,0.998917,1.000000,0.000492,0.990833,0.883671
"60051.19 (60051_19)",60051_19,becknic,soil,soil.lunar.highland.fine.tir.60051_19.jhu.becknic.spectrum.txt,0.000434,1.000000,0.000000,0.000614,1.000000,0.000000,0.000774,0.991411,0.300357,0.002197,0.999277,1.000000,0.002159,0.990952,0.883647
"61221.79 (61221_79)",61221_79,becknic,soil,soil.lunar.highland.fine.tir.61221_79.jhu.becknic.spectrum.txt,0.000523,1.000000,0.000000,0.000585,1.000000,0.000000,0.001135,0.984655,0.300357,0.002730,0.999450,1.000000,0.002100,0.991699,0.883647
"61241.98 (61241_98)",61241_98,becknic,soil,soil.lunar.highland.fine.tir.61241_98.jhu.becknic.spectrum.txt,0.000490,1.000000,0.000000,0.000429,1.000000,0.000000,0.000877,0.988559,0.300357,0.001638,0.999349,1.000000,0.001579,0.995958,0.883647
"62231.15 (62231_15)",62231_15,becknic,soil,soil.lunar.highland.fine.tir.62231_15.jhu.becknic.spectrum.txt,0.000463,1.000000,0.000000,0.000530,1.000000,0.000000,0.000799,0.990734,0.300357,0.001985,0.999297,1.000000,0.002172,0.991409,0.883647
"64801.34 (64801_34)",64801_34,becknic,soil,soil.lunar.highland.fine.tir.64801_34.jhu.becknic.spectrum.txt,0.000444,1.000000,0.000000,0.000590,1.000000,0.000000,0.000758,0.993224,0.300357,0.002143,0.999213,1.000000,0.002674,0.989886,0.883647
"67701.36 (67701_36)",67701_36,becknic,soil,soil.lunar.highland.fine.tir.67701_36.jhu.becknic.spectrum.txt,0.000499,1.000000,0.000000,0.000934,1.000000,0.000000,0.001160,0.988013,0.300357,0.002821,0.999358,1.000000,0.002240,0.989183,0.883647
"67941.72 (67941_72)",67941_72,becknic,soil,soil.lunar.highland.fine.tir.67941_72.jhu.becknic.spectrum.txt,0.000503,1.000000,0.000000,0.000806,1.000000,0.000000,0.001135,0.985098,0.300357,0.002383,0.999415,1.000000,0.001626,0.993160,0.883647
"68501.609 (68501_609)",68501_609,becknic,soil,soil.lunar.highland.fine.tir.68501_609.jhu.becknic.spectrum.txt,0.000484,1.000000,0.000000,0.000484,1.000000,0.000000,0.000843,0.990361,0.300357,0.001951,0.999287,1.000000,0.002158,0.991187,0.883647
"10084.1939 (10084_1939)",10084_1939,becknic,soil,soil.lunar.maria.fine.tir.10084_1939.jhu.becknic.spectrum.txt,0.000455,1.000000,0.000000,0.000260,1.000000,0.000000,0.000482,0.988692,0.300357,0.001485,0.995002,1.000000,0.000537,0.999487,0.883647
"12023.139 (12023_139)",12023_139,becknic,soil,soil.lunar.maria.fine.tir.12023_139.jhu.becknic.spectrum.txt,0.000301,1.000000,0.000000,0.000300,1.000000,0.000000,0.000601,0.991397,0.300357,0.001157,0.998744,1.000000,0.001147,0.997888,0.883647
"12024.69 (12024_69)",12024_69,becknic,soil,soil.lunar.maria.fine.tir.12024_69.jhu.becknic.spectrum.txt,0.000462,1.000000,0.000000,0.000356,1.000000,0.000000,0.000704,0.991699,0.300357,0.001210,0.999218,1.000000,0.001134,0.998051,0.883647
"12030.135 (12030_135)",12030_135,becknic,soil,soil.lunar.maria.fine.tir.12030_135.jhu.becknic.spectrum.txt,0.000496,1.000000,0.000000,0.000386,1.000000,0.000000,0.000885,0.988640,0.300357,0.001464,0.999173,1.000000,0.000750,0.999159,0.883647
"12070.405 (12070_405)",12070_405,becknic,soil,soil.lunar.maria.fine.tir.12070_405.jhu.becknic.spectrum.txt,0.000319,1.000000,0.000000,0.000316,1.000000,0.000000,0.000628,0.991925,0.300357,0.001114,0.998956,1.000000,0.001139,0.998187,0.883647
"14141.146 (14141_146)",14141_146,becknic,soil,soil.lunar.transitional.fine.tir.14141_146.jhu.becknic.spectrum.txt,0.000491,1.000000,0.000000,0.000467,1.000000,0.000000,0.000908,0.993738,0.300357,0.001597,0.999491,1.000000,0.001003,0.997736,0.883647
"14148.183 (14148_183)",14148_183,becknic,soil,soil.lunar.transitional.fine.tir.14148_183.jhu.becknic.spectrum.txt,0.000517,1.000000,0.000000,0.000380,1.000000,0.000000,0.000807,0.992241,0.300357,0.001247,0.999307,1.000000,0.001736,0.995164,0.883647
"14149.18 (14149_18)",14149_18,becknic,soil,soil.lunar.transitional.fine.tir.14149_18.jhu.becknic.spectrum.txt,0.000490,1.000000,0.000000,0.000393,1.000000,0.000000,0.000916,0.990244,0.300357,0.001186,0.999499,1.000000,0.001608,0.995773,0.883647
"14259.61 (14259_61)",14259_61,becknic,soil,soil.lunar.transitional.fine.tir.14259_61.jhu.becknic.spectrum.txt,0.000462,1.000000,0.000000,0.000356,1.000000,0.000000,0.000718,0.992765,0.300357,0.001480,0.998753,1.000000,0.001724,0.994949,0.883647
"Dark grayish brown silty loam (85P5339)",85P5339,becknic,soil,soil.mollisol.agialboll.none.all.85p5339.jhu.becknic.spectrum.txt,0.002080,0.998053,0.883721,0.001507,0.998320,1.000000,0.001768,0.994761,1.000000,0.002025,0.999381,1.000000,0.000613,0.993411,0.883671
"Vary dark grayish brown loam (87P757)",87P757,becknic,soil,soil.mollisol.agriudoll.none.all.87p757.jhu.becknic.spectrum.txt,0.003733,0.998195,0.883721,0.002160,0.998335,1.000000,0.002276,0.994035,1.000000,0.001868,0.999700,1.000000,0.000745,0.998246,0.883671
"Very dark grayish brown silty loam (90P128s)",90P128s,becknic,soil,soil.mollisol.argiustoll.none.all.90p128s.jhu.becknic.spectrum.txt,0.002441,0.998836,0.883721,0.002521,0.993639,1.000000,0.002078,0.995785,1.000000,0.003105,0.999083,1.000000,0.000791,0.997739,0.998012
"Black loam (85P4663)",85P4663,becknic,soil,soil.mollisol.cryoboroll.none.all.85p4663.jhu.becknic.spectrum.txt,0.002015,0.997621,0.883721,0.001260,0.998426,1.000000,0.001980,0.994011,1.000000,0.002047,0.998794,1.000000,0.000488,0.995352,0.883671
"Very dark grayish brown loam (87P4453)",87P4453,becknic,soil,soil.mollisol.cryoboroll.none.all.87p4453.jhu.becknic.spectrum.txt,0.002511,0.998340,0.883721,0.001690,0.994538,1.000000,0.001589,0.993236,1.000000,0.001778,0.999084,1.000000,0.000592,0.997298,0.883671
"Gray silty clay (86P4603)",86P4603,becknic,soil,soil.mollisol.haplaquoll.none.all.86p4603.jhu.becknic.spectrum.txt,0.002181,0.998270,0.883721,0.001474,0.998487,1.000000,0.002140,0.994318,1.000000,0.002394,0.999016,1.000000,0.000759,0.978248,0.883671
"Brown to dark brown sandy loam (87P764)",87P764,becknic,soil,soil.mollisol.hapludoll.none.all.87p764.jhu.becknic.spectrum.txt,0.003626,0.998844,0.883721,0.001787,0.995943,1.000000,0.002218,0.992295,1.000000,0.001943,0.999596,1.000000,0.000869,0.998788,0.883671
"Grayish brown loam (85P4569)",85P4569,becknic,soil,soil.mollisol.haplustall.none.all.85p4569.jhu.becknic.spectrum.txt,0.002126,0.999151,0.883721,0.001580,0.997325,1.000000,0.002025,0.996727,1.000000,0.004638,0.996445,1.000000,0.000488,0.998017,0.883671
"Very dark grayish brown loam (90P186s)",90P186s,becknic,soil,soil.mollisol.paleustoll.none.all.90p186s.jhu.becknic.spectrum.txt,0.002707,0.999045,0.883721,0.002097,0.996317,1.000000,0.002365,0.993653,1.000000,0.002043,0.999518,1.000000,0.000826,0.997924,0.998012
"Dark reddish brown, organic-rich, silty loam (87P4264)",87P4264,becknic,soil,soil.spodosol.cryohumod.none.all.87p4264.jhu.becknic.spectrum.txt,0.002191,0.998649,0.883721,0.001934,0.997489,1.000000,0.001948,0.996466,1.000000,0.003664,0.998068,1.000000,0.000551,0.987561,0.883671
"Brown to dark brown loamy sand (87P707)",87P707,becknic,soil,soil.utisol.hapludult.none.all.87p707.jhu.becknic.spectrum.txt,0.002321,0.999454,0.883721,0.001672,0.994278,1.000000,0.002207,0.982797,1.000000,0.004432,0.997990,1.000000,0.001646,0.998888,0.883671
"Brown to dark brown clay (88P475)",88P475,becknic,soil,soil.vertisol.chromoxerert.none.all.88p475.jhu.becknic.spectrum.txt,0.003964,0.958598,0.883721,0.001911,0.998284,1.000000,0.003022,0.994110,1.000000,0.001606,0.999158,1.000000,0.000719,0.998498,0.998000
"Avena fatua (VH352)",VH352,becknic,vegetation,vegetation.grass.avena.fatua.tir.vh352.ucsb.nicolet.spectrum.txt,0.000143,1.000000,0.000000,0.000113,1.000000,0.000000,0.000177,1.000000,0.000000,0.000834,0.985352,0.999750,0.000882,0.949839,1.000000
"Avena fatua (VH353)",VH353,becknic,vegetation,vegetation.grass.avena.fatua.tir.vh353.ucsb.nicolet.spectrum.txt,0.000161,1.000000,0.000000,0.000128,1.000000,0.000000,0.000200,1.000000,0.000000,0.000928,0.980758,0.999750,0.000812,0.980116,1.000000
"Avena fatua (VH352)",VH352,becknic,vegetation,vegetation.grass.avena.fatua.vswir.vh352.ucsb.asd.spectrum.txt,0.002672,0.999695,1.000000,0.001190,0.966590,1.000000,0.001840,0.999842,1.000000,0.000320,1.000000,0.000000,0.000367,1.000000,0.000000
"Avena fatua (VH353)",VH353,becknic,vegetation,vegetation.grass.avena.fatua.vswir.vh353.ucsb.asd.spectrum.txt,0.002368,0.999770,1.000000,0.001794,0.953276,1.000000,0.001932,0.999827,1.000000,0.000237,1.000000,0.000000,0.000330,1.000000,0.000000
"Bromus diandrus (VH350)",VH350,becknic,vegetation,vegetation.grass.bromus.diandrus.tir.vh350.ucsb.nicolet.spectrum.txt,0.000155,1.000000,0.000000,0.000123,1.000000,0.000000,0.000193,1.000000,0.000000,0.000998,0.977773,0.999750,0.000854,0.961746,1.000000
"Bromus diandrus (VH351)",VH351,becknic,vegetation,vegetation.grass.bromus.diandrus.tir.vh351.ucsb.nicolet.spectrum.txt,0.000188,1.000000,0.000000,0.000151,1.000000,0.000000,0.000241,1.000000,0.000000,0.001125,0.989337,0.999750,0.000954,0.981745,1.000000
"Bromus diandrus (VH350)",VH350,becknic,vegetation,vegetation.grass.bromus.diandrus.vswir.vh350.ucsb.asd.spectrum.txt,0.002948,0.999670,1.000000,0.001372,0.965721,1.000000,0.001997,0.999822,1.000000,0.000466,1.000000,0.000000,0.000380,1.000000,0.000000
"Bromus diandrus (VH351)",VH351,becknic,vegetation,vegetation.grass.bromus.diandrus.vswir.vh351.ucsb.asd.spectrum.txt,0.003013,0.999591,1.000000,0.000955,0.974873,1.000000,0.001764,0.999823,1.000000,0.000410,1.000000,0.000000,0.000390,1.000000,0.000000
"Grass (grass)",grass,becknic,vegetation,vegetation.grass.unknown.unknown.all.grass.jhu.becknic.spectrum.txt,0.002710,0.999558,1.000000,0.000832,0.995596,1.000000,0.002980,0.999551,1.000000,0.000981,0.989977,1.000000,0.000288,0.998095,0.882353
"Adenostoma fasciculatum 1 (VH033)",VH033,becknic,vegetation,vegetation.shrub.adenostoma.fasciculatum.tir.vh033.ucsb.nicolet.spectrum.txt,0.000118,1.000000,0.000000,0.000094,1.000000,0.000000,0.000147,1.000000,0.000000,0.001192,0.931705,0.999750,0.001299,0.348036,1.000000
"Adenostoma fasciculatum 1 (VH034)",VH034,becknic,vegetation,vegetation.shrub.adenostoma.fasciculatum.tir.vh034.ucsb.nicolet.spectrum.txt,0.000324,1.000000,0.000000,0.000318,1.000000,0.000000,0.000587,1.000000,0.000000,0.001190,0.874992,0.999750,0.001017,0.742436,1.000000
"Adenostoma fasciculatum 2 (VH041)",VH041,becknic,vegetation,vegetation.shrub.adenostoma.fasciculatum.tir.vh041.ucsb.nicolet.spectrum.txt,0.000483,1.000000,0.000000,0.000242,1.000000,0.000000,0.000435,1.000000,0.000000,0.001221,0.942658,0.999750,0.001393,0.701158,1.000000
"Adenostoma fasciculatum 2 (VH042)",VH042,becknic,vegetation,vegetation.shrub.adenostoma.fasciculatum.tir.vh042.ucsb.nicolet.spectrum.txt,0.000166,1.000000,0.000000,0.000132,1.000000,0.000000,0.000206,1.000000,0.000000,0.001382,0.915247,0.999750,0.001288,0.744555,1.000000
"Adenostoma fasciculatum 3 (VH043)",VH043,becknic,vegetation,vegetation.shrub.adenostoma.fasciculatum.tir.vh043.ucsb.nicolet.spectrum.txt,0.000247,1.000000,0.000000,0.000187,1.000000,0.000000,0.000319,1.000000,0.000000,0.001080,0.932722,0.999750,0.001103,0.711576,1.000000
"Adenostoma fasciculatum 3 (VH044)",VH044,becknic,vegetation,vegetation.shrub.adenostoma.fasciculatum.tir.vh044.ucsb.nicolet.spectrum.txt,0.000183,1.000000,0.000000,0.000146,1.000000,0.000000,0.000233,1.000000,0.000000,0.001174,0.901316,0.999750,0.000967,0.738983,1.000000
"Adenostoma fasciculatum 1 (VH111)",VH111,becknic,vegetation,vegetation.shrub.adenostoma.fasciculatum.tir.vh111.ucsb.nicolet.spectrum.txt,0.000162,1.000000,0.000000,0.000129,1.000000,0.000000,0.000201,1.000000,0.000000,0.000760,0.988847,0.999750,0.001021,0.740748,1.000000
"Adenostoma fasciculatum 1 (VH112)",VH112,becknic,vegetation,vegetation.shrub.adenostoma.fasciculatum.tir.vh112.ucsb.nicolet.spectrum.txt,0.000189,1.000000,0.000000,0.000152,1.000000,0.000000,0.000243,1.000000,0.000000,0.000936,0.973554,0.999750,0.001087,0.743505,1.000000
"Adenostoma fasciculatum 2 (VH113)",VH113,becknic,vegetation,vegetation.shrub.adenostoma.fasciculatum.tir.vh113.ucsb.nicolet.spectrum.txt,0.000122,1.000000,0.000000,0.000097,1.000000,0.000000,0.000151,1.000000,0.000000,0.000752,0.966657,0.999750,0.001227,0.559181,1.000000
"Adenostoma fasciculatum 2 (VH114)",VH114,becknic,vegetation,vegetation.shrub.adenostoma.fasciculatum.tir.vh114.ucsb.nicolet.spectrum.txt,0.000145,1.000000,0.000000,0.000116,1.000000,0.000000,0.000180,1.000000,0.000000,0.000842,0.974864,0.999750,0.001273,0.685172,1.000000
"Adenostoma fasciculatum 3 (VH115)",VH115,becknic,vegetation,vegetation.shrub.adenostoma.fasciculatum.tir.vh115.ucsb.nicolet.spectrum.txt,0.000161,1.000000,0.000000,0.000128,1.000000,0.000000,0.000199,1.000000,0.000000,0.000771,0.974774,0.999750,0.001109,0.729871,1.000000
"Adenostoma fasciculatum 3 (VH116)",VH116,becknic,vegetation,vegetation.shrub.adenostoma.fasciculatum.tir.vh116.ucsb.nicolet.spectrum.txt,0.000152,1.000000,0.000000,0.000121,1.000000,0.000000,0.000188,1.000000,0.000000,0.000929,0.972617,0.999750,0.001101,0.749397,1.000000
"Adenostoma fasciculatum 1 (VH217)",VH217,becknic,vegetation,vegetation.shrub.adenostoma.fasciculatum.tir.vh217.ucsb.nicolet.spectrum.txt,0.000195,1.000000,0.000000,0.000158,1.000000,0.000000,0.000254,1.000000,0.000000,0.003057,0.800307,0.999750,0.001467,0.683151,1.000000
"Adenostoma fasciculatum 1 (VH218)",VH218,becknic,vegetation,vegetation.shrub.adenostoma.fasciculatum.tir.vh218.ucsb.nicolet.spectrum.txt,0.000230,1.000000,0.000000,0.000179,1.000000,0.000000,0.000297,1.000000,0.000000,0.003219,0.727273,0.999750,0.001623,0.645420,1.000000
"Adenostoma fasciculatum 2 (VH219)",VH219,becknic,vegetation,vegetation.shrub.adenostoma.fasciculatum.tir.vh219.ucsb.nicolet.spectrum.txt,0.000235,1.000000,0.000000,0.000182,1.000000,0.000000,0.000304,1.000000,0.000000,0.003811,0.813267,0.999750,0.001476,0.760450,1.000000
"Adenostoma fasciculatum 2 (VH220)",VH220,becknic,vegetation,vegetation.shrub.adenostoma.fasciculatum.tir.vh220.ucsb.nicolet.spectrum.txt,0.000166,1.000000,0.000000,0.000132,1.000000,0.000000,0.000206,1.000000,0.000000,0.002689,0.758997,0.999750,0.001570,0.594177,1.000000
"Adenostoma fasciculatum 3 (VH221)",VH221,becknic,vegetation,vegetation.shrub.adenostoma.fasciculatum.tir.vh221.ucsb.nicolet.spectrum.txt,0.000263,1.000000,0.000000,0.000194,1.000000,0.000000,0.000333,1.000000,0.000000,0.003379,0.586733,0.999750,0.001401,0.605316,1.000000
"Adenostoma fasciculatum 3 (VH222)",VH222,becknic,vegetation,vegetation.shrub.adenostoma.fasciculatum.tir.vh222.ucsb.nicolet.spectrum.txt,0.000182,1.000000,0.000000,0.000145,1.000000,0.000000,0.000231,1.000000,0.000000,0.002674,0.860284,0.999750,0.001508,0.632885,1.000000
"Adenostoma fasciculatum 1 (VH033)",VH033,becknic,vegetation,vegetation.shrub.adenostoma.fasciculatum.vswir.vh033.ucsb.asd.spectrum.txt,0.001566,0.999788,1.000000,0.002872,0.978990,1.000000,0.001197,0.999892,1.000000,0.000247,1.000000,0.000000,0.000253,1.000000,0.000000
"Adenostoma fasciculatum 1 (VH034)",VH034,becknic,vegetation,vegetation.shrub.adenostoma.fasciculatum.vswir.vh034.ucsb.asd.spectrum.txt,0.001789,0.999812,1.000000,0.001420,0.991238,1.000000,0.001366,0.999853,1.000000,0.000198,1.000000,0.000000,0.000200,1.000000,0.000000
"Adenostoma fasciculatum 2 (VH041)",VH041,becknic,vegetation,vegetation.shrub.adenostoma.fasciculatum.vswir.vh041.ucsb.asd.spectrum.txt,0.003768,0.999106,1.000000,0.002022,0.982296,1.000000,0.001385,0.999881,1.000000,0.000239,1.000000,0.000000,0.000237,1.000000,0.000000
"Adenostoma fasciculatum 2 (VH042)",VH042,becknic,vegetation,vegetation.shrub.adenostoma.fasciculatum.vswir.vh042.ucsb.asd.spectrum.txt,0.003261,0.999645,1.000000,0.002210,0.992444,1.000000,0.002810,0.999621,1.000000,0.000220,1.000000,0.000000,0.000218,1.000000,0.000000
"Adenostoma fasciculatum 3 (VH043)",VH043,becknic,vegetation,vegetation.shrub.adenostoma.fasciculatum.vswir.vh043.ucsb.asd.spectrum.txt,0.003943,0.998665,1.000000,0.001419,0.987910,1.000000,0.001261,0.999855,1.000000,0.000116,1.000000,0.000000,0.000125,1.000000,0.000000
"Adenostoma fasciculatum 3 (VH044)",VH044,becknic,vegetation,vegetation.shrub.adenostoma.fasciculatum.vswir.vh044.ucsb.asd.spectrum.txt,0.001858,0.999876,1.000000,0.002501,0.989712,1.000000,0.002347,0.999727,1.000000,0.000246,1.000000,0.000000,0.000251,1.000000,0.000000
"Adenostoma fasciculatum 1 (VH111)",VH111,becknic,vegetation,vegetation.shrub.adenostoma.fasciculatum.vswir.vh111.ucsb.asd.spectrum.txt,0.001113,0.999862,1.000000,0.001615,0.958808,1.000000,0.000882,0.999920,1.000000,0.000211,1.000000,0.000000,0.000212,1.000000,0.000000
"Adenostoma fasciculatum 1 (VH112)",VH112,becknic,vegetation,vegetation.shrub.adenostoma.fasciculatum.vswir.vh112.ucsb.asd.spectrum.txt,0.001133,0.999903,1.000000,0.001244,0.988675,1.000000,0.000859,0.999947,1.000000,0.000248,1.000000,0.000000,0.000256,1.000000,0.000000
"Adenostoma fasciculatum 2 (VH113)",VH113,becknic,vegetation,vegetation.shrub.adenostoma.fasciculatum.vswir.vh113.ucsb.asd.spectrum.txt,0.003037,0.999113,1.000000,0.001734,0.969666,1.000000,0.001309,0.999836,1.000000,0.000155,1.000000,0.000000,0.000167,1.000000,0.000000
"Adenostoma fasciculatum 2 (VH114)",VH114,becknic,vegetation,vegetation.shrub.adenostoma.fasciculatum.vswir.vh114.ucsb.asd.spectrum.txt,0.001608,0.999849,1.000000,0.001968,0.973823,1.000000,0.001315,0.999893,1.000000,0.000226,1.000000,0.000000,0.000222,1.000000,0.000000
"Adenostoma fasciculatum 3 (VH115)",VH115,becknic,vegetation,vegetation.shrub.adenostoma.fasciculatum.vswir.vh115.ucsb.asd.spectrum.txt,0.001960,0.999369,1.000000,0.002074,0.971415,1.000000,0.000998,0.999868,1.000000,0.000132,1.000000,0.000000,0.000143,1.000000,0.000000
"Adenostoma fasciculatum 3 (VH116)",VH116,becknic,vegetation,vegetation.shrub.adenostoma.fasciculatum.vswir.vh116.ucsb.asd.spectrum.txt,0.001845,0.999821,1.000000,0.001647,0.990849,1.000000,0.001721,0.999852,1.000000,0.000242,1.000000,0.000000,0.000242,1.000000,0.000000
"Adenostoma fasciculatum 1 (VH217)",VH217,becknic,vegetation,vegetation.shrub.adenostoma.fasciculatum.vswir.vh217.ucsb.asd.spectrum.txt,0.002243,0.999657,1.000000,0.001568,0.992344,1.000000,0.001335,0.999882,1.000000,0.000277,1.000000,0.000000,0.000349,1.000000,0.000000
"Adenostoma fasciculatum 1 (VH218)",VH218,becknic,vegetation,vegetation.shrub.adenostoma.fasciculatum.vswir.vh218.ucsb.asd.spectrum.txt,0.000991,0.999902,1.000000,0.001020,0.990194,1.000000,0.001351,0.999834,1.000000,0.000184,1.000000,0.000000,0.000192,1.000000,0.000000
"Adenostoma fasciculatum 2 (VH219)",VH219,becknic,vegetation,vegetation.shrub.adenostoma.fasciculatum.vswir.vh219.ucsb.asd.spectrum.txt,0.002720,0.999460,1.000000,0.001120,0.996210,1.000000,0.001253,0.999893,1.000000,0.000224,1.000000,0.000000,0.000331,1.000000,0.000000
"Adenostoma fasciculatum 2 (VH220)",VH220,becknic,vegetation,vegetation.shrub.adenostoma.fasciculatum.vswir.vh220.ucsb.asd.spectrum.txt,0.000874,0.999918,1.000000,0.002497,0.927348,1.000000,0.001350,0.999823,1.000000,0.000200,1.000000,0.000000,0.000202,1.000000,0.000000
"Adenostoma fasciculatum 3 (VH221)",VH221,becknic,vegetation,vegetation.shrub.adenostoma.fasciculatum.vswir.vh221.ucsb.asd.spectrum.txt,0.001582,0.999756,1.000000,0.001088,0.995802,1.000000,0.000937,0.999928,1.000000,0.000222,1.000000,0.000000,0.000308,1.000000,0.000000
"Adenostoma fasciculatum 3 (VH222)",VH222,becknic,vegetation,vegetation.shrub.adenostoma.fasciculatum.vswir.vh222.ucsb.asd.spectrum.txt,0.000771,0.999952,1.000000,0.000666,0.997132,1.000000,0.001110,0.999909,1.000000,0.000247,1.000000,0.000000,0.000268,1.000000,0.000000
"Agave attenuata (JPL060)",JPL060,becknic,vegetation,vegetation.shrub.agave.attenuata.tir.jpl060.jpl.nicolet.spectrum.txt,0.000072,1.000000,0.000000,0.000058,1.000000,0.000000,0.000090,1.000000,0.000000,0.000947,0.766227,0.999750,0.000709,0.992673,1.000000
"Agave attenuata (JPL061)",JPL061,becknic,vegetation,vegetation.shrub.agave.attenuata.tir.jpl061.jpl.nicolet.spectrum.txt,0.000096,1.000000,0.000000,0.000076,1.000000,0.000000,0.000119,1.000000,0.000000,0.001173,0.851306,0.999750,0.000728,0.923398,1.000000
"Agave attenuata (JPL062)",JPL062,becknic,vegetation,vegetation.shrub.agave.attenuata.tir.jpl062.jpl.nicolet.spectrum.txt,0.000091,1.000000,0.000000,0.000072,1.000000,0.000000,0.000113,1.000000,0.000000,0.001407,0.592028,0.999750,0.000807,0.993771,1.000000
"Agave attenuata (JPL063)",JPL063,becknic,vegetation,vegetation.shrub.agave.attenuata.tir.jpl063.jpl.nicolet.spectrum.txt,0.000079,1.000000,0.000000,0.000063,1.000000,0.000000,0.000098,1.000000,0.000000,0.000949,0.809745,0.999750,0.000703,0.902840,1.000000
"Agave attenuata (JPL106)",JPL106,becknic,vegetation,vegetation.shrub.agave.attenuata.tir.jpl106.jpl.nicolet.spectrum.txt,0.000084,1.000000,0.000000,0.000067,1.000000,0.000000,0.000104,1.000000,0.000000,0.001241,0.636528,0.999750,0.000820,0.986801,1.000000
"Agave attenuata (JPL060)",JPL060,becknic,vegetation,vegetation.shrub.agave.attenuata.vswir.jpl060.jpl.asd.spectrum.txt,0.002377,0.999833,1.000000,0.004832,0.993886,1.000000,0.005127,0.997856,1.000000,0.000489,1.000000,0.000000,0.000389,1.000000,0.000000
"Agave attenuata (JPL061)",JPL061,becknic,vegetation,vegetation.shrub.agave.attenuata.vswir.jpl061.jpl.asd.spectrum.txt,0.003433,0.999711,1.000000,0.005275,0.996045,1.000000,0.007349,0.996783,1.000000,0.000246,1.000000,0.000000,0.000334,1.000000,0.000000
"Agave attenuata (JPL062)",JPL062,becknic,vegetation,vegetation.shrub.agave.attenuata.vswir.jpl062.jpl.asd.spectrum.txt,0.003460,0.999648,1.000000,0.004106,0.995220,1.000000,0.004582,0.998392,1.000000,0.000368,1.000000,0.000000,0.000383,1.000000,0.000000
"Agave attenuata (JPL063)",JPL063,becknic,vegetation,vegetation.shrub.agave.attenuata.vswir.jpl063.jpl.asd.spectrum.txt,0.003092,0.999766,1.000000,0.004070,0.996011,1.000000,0.004600,0.998711,1.000000,0.000237,1.000000,0.000000,0.000330,1.000000,0.000000
"Agave attenuata (JPL106)",JPL106,becknic,vegetation,vegetation.shrub.agave.attenuata.vswir.jpl106.jpl.asd.spectrum.txt,0.006600,0.998667,1.000000,0.004284,0.991620,1.000000,0.003524,0.999113,1.000000,0.000296,1.000000,0.000000,0.000358,1.000000,0.000000
"Aloe arborescens (JPL075)",JPL075,becknic,vegetation,vegetation.shrub.aloe.arborescens.tir.jpl075.jpl.nicolet.spectrum.txt,0.000104,1.000000,0.000000,0.000082,1.000000,0.000000,0.000129,1.000000,0.000000,0.001056,0.785700,0.999750,0.000763,0.945152,1.000000
"Aloe arborescens (JPL076)",JPL076,becknic,vegetation,vegetation.shrub.aloe.arborescens.tir.jpl076.jpl.nicolet.spectrum.txt,0.000089,1.000000,0.000000,0.000071,1.000000,0.000000,0.000110,1.000000,0.000000,0.000949,0.824241,0.999750,0.000686,0.908930,1.000000
"Aloe arborescens (JPL077)",JPL077,becknic,vegetation,vegetation.shrub.aloe.arborescens.tir.jpl077.jpl.nicolet.spectrum.txt,0.000136,1.000000,0.000000,0.000108,1.000000,0.000000,0.000169,1.000000,0.000000,0.000843,0.942257,0.999750,0.000786,0.979343,1.000000
"Aloe arborescens (JPL075)",JPL075,becknic,vegetation,vegetation.shrub.aloe.arborescens.vswir.jpl075.jpl.asd.spectrum.txt,0.002755,0.999442,1.000000,0.005523,0.988513,1.000000,0.003693,0.997053,1.000000,0.000254,1.000000,0.000000,0.000338,1.000000,0.000000
"Aloe arborescens (JPL076)",JPL076,becknic,vegetation,vegetation.shrub.aloe.arborescens.vswir.jpl076.jpl.asd.spectrum.txt,0.002516,0.999563,1.000000,0.007332,0.984469,1.000000,0.004494,0.995491,1.000000,0.000223,1.000000,0.000000,0.000303,1.000000,0.000000
"Aloe arborescens (JPL077)",JPL077,becknic,vegetation,vegetation.shrub.aloe.arborescens.vswir.jpl077.jpl.asd.spectrum.txt,0.002089,0.999659,1.000000,0.005246,0.989821,1.000000,0.003621,0.997240,1.000000,0.000268,1.000000,0.000000,0.000344,1.000000,0.000000
"Aloe arborescens flower (JPL072)",JPL072,becknic,vegetation,vegetation.shrub.aloe.arborescens_flower.tir.jpl072.jpl.nicolet.spectrum.txt,0.000063,1.000000,0.000000,0.000050,1.000000,0.000000,0.000078,1.000000,0.000000,0.001436,0.688591,0.999750,0.000627,0.979132,1.000000
"Aloe arborescens flower (JPL073)",JPL073,becknic,vegetation,vegetation.shrub.aloe.arborescens_flower.tir.jpl073.jpl.nicolet.spectrum.txt,0.000061,1.000000,0.000000,0.000048,1.000000,0.000000,0.000075,1.000000,0.000000,0.001238,0.583594,0.999750,0.000749,0.953822,1.000000
"Aloe arborescens flower (JPL074)",JPL074,becknic,vegetation,vegetation.shrub.aloe.arborescens_flower.tir.jpl074.jpl.nicolet.spectrum.txt,0.000098,1.000000,0.000000,0.000078,1.000000,0.000000,0.000121,1.000000,0.000000,0.000901,0.806048,0.999750,0.000791,0.945693,1.000000
"Aloe arborescens flower (JPL072)",JPL072,becknic,vegetation,vegetation.shrub.aloe.arborescens_flower.vswir.jpl072.jpl.asd.spectrum.txt,0.010652,0.993043,1.000000,0.003332,0.993240,1.000000,0.004992,0.995386,1.000000,0.000088,1.000000,0.000000,0.000095,1.000000,0.000000
"Aloe arborescens flower (JPL073)",JPL073,becknic,vegetation,vegetation.shrub.aloe.arborescens_flower.vswir.jpl073.jpl.asd.spectrum.txt,0.024925,0.991607,1.000000,0.004802,0.995104,1.000000,0.006448,0.998396,1.000000,0.000221,1.000000,0.000000,0.000311,1.000000,0.000000
"Aloe arborescens flower (JPL074)",JPL074,becknic,vegetation,vegetation.shrub.aloe.arborescens_flower.vswir.jpl074.jpl.asd.spectrum.txt,0.019454,0.993911,1.000000,0.004742,0.994881,1.000000,0.007321,0.997826,1.000000,0.000237,1.000000,0.000000,0.000280,1.000000,0.000000
"Arctostaphylos glandulosa 1 (VH035)",VH035,becknic,vegetation,vegetation.shrub.arctostaphylos.glandulosa.tir.vh035.ucsb.nicolet.spectrum.txt,0.000207,1.000000,0.000000,0.000166,1.000000,0.000000,0.000270,1.000000,0.000000,0.003239,0.690582,0.999750,0.001939,0.825190,1.000000
"Arctostaphylos glandulosa 1 (VH036)",VH036,becknic,vegetation,vegetation.shrub.arctostaphylos.glandulosa.tir.vh036.ucsb.nicolet.spectrum.txt,0.000368,1.000000,0.000000,0.000333,1.000000,0.000000,0.000625,1.000000,0.000000,0.002351,0.798331,0.999750,0.001500,0.811868,1.000000
"Arctostaphylos glandulosa 2 (VH037)",VH037,becknic,vegetation,vegetation.shrub.arctostaphylos.glandulosa.tir.vh037.ucsb.nicolet.spectrum.txt,0.000468,1.000000,0.000000,0.000257,1.000000,0.000000,0.000467,1.000000,0.000000,0.002768,0.809411,0.999750,0.001254,0.902985,1.000000
"Arctostaphylos glandulosa 2 (VH038)",VH038,becknic,vegetation,vegetation.shrub.arctostaphylos.glandulosa.tir.vh038.ucsb.nicolet.spectrum.txt,0.000166,1.000000,0.000000,0.000132,1.000000,0.000000,0.000206,1.000000,0.000000,0.001807,0.934503,0.999750,0.001180,0.928233,1.000000
"Arctostaphylos glandulosa 3 (VH039)",VH039,becknic,vegetation,vegetation.shrub.arctostaphylos.glandulosa.tir.vh039.ucsb.nicolet.spectrum.txt,0.000200,1.000000,0.000000,0.000162,1.000000,0.000000,0.000262,1.000000,0.000000,0.001843,0.959106,0.999750,0.001489,0.939710,1.000000
"Arctostaphylos glandulosa 3 (VH040)",VH040,becknic,vegetation,vegetation.shrub.arctostaphylos.glandulosa.tir.vh040.ucsb.nicolet.spectrum.txt,0.000206,1.000000,0.000000,0.000166,1.000000,0.000000,0.000270,1.000000,0.000000,0.001945,0.947920,0.999750,0.001433,0.925543,1.000000
"Arctostaphylos glandulosa 1 (VH117)",VH117,becknic,vegetation,vegetation.shrub.arctostaphylos.glandulosa.tir.vh117.ucsb.nicolet.spectrum.txt,0.000079,1.000000,0.000000,0.000063,1.000000,0.000000,0.000098,1.000000,0.000000,0.000564,0.961556,0.999750,0.000558,0.747175,1.000000
"Arctostaphylos glandulosa 1 (VH118)",VH118,becknic,vegetation,vegetation.shrub.arctostaphylos.glandulosa.tir.vh118.ucsb.nicolet.spectrum.txt,0.000334,1.000000,0.000000,0.000213,1.000000,0.000000,0.000367,1.000000,0.000000,0.001142,0.993716,0.999750,0.001139,0.954767,1.000000
"Arctostaphylos glandulosa 2 (VH119)",VH119,becknic,vegetation,vegetation.shrub.arctostaphylos.glandulosa.tir.vh119.ucsb.nicolet.spectrum.txt,0.000295,1.000000,0.000000,0.000203,1.000000,0.000000,0.000350,1.000000,0.000000,0.001966,0.649489,0.999750,0.001619,0.525195,1.000000
"Arctostaphylos glandulosa 2 (VH120)",VH120,becknic,vegetation,vegetation.shrub.arctostaphylos.glandulosa.tir.vh120.ucsb.nicolet.spectrum.txt,0.000250,1.000000,0.000000,0.000189,1.000000,0.000000,0.000323,1.000000,0.000000,0.001402,0.952745,0.999750,0.001224,0.688371,1.000000
"Arctostaphylos glandulosa 3 (VH121)",VH121,becknic,vegetation,vegetation.shrub.arctostaphylos.glandulosa.tir.vh121.ucsb.nicolet.spectrum.txt,0.000208,1.000000,0.000000,0.000167,1.000000,0.000000,0.000271,1.000000,0.000000,0.002227,0.775545,0.999750,0.001541,0.695334,1.000000
"Arctostaphylos glandulosa 3 (VH122)",VH122,becknic,vegetation,vegetation.shrub.arctostaphylos.glandulosa.tir.vh122.ucsb.nicolet.spectrum.txt,0.000105,1.000000,0.000000,0.000083,1.000000,0.000000,0.000130,1.000000,0.000000,0.002096,0.972995,0.999750,0.000543,0.991237,1.000000
"Arctostaphylos glandulosa 3 (VH225)",VH225,becknic,vegetation,vegetation.shrub.arctostaphylos.glandulosa.tir.vh225.ucsb.nicolet.spectrum.txt,0.000181,1.000000,0.000000,0.000145,1.000000,0.000000,0.000230,1.000000,0.000000,0.003997,0.718688,0.999750,0.002074,0.682903,1.000000
"Arctostaphylos glandulosa 3 (VH226)",VH226,becknic,vegetation,vegetation.shrub.arctostaphylos.glandulosa.tir.vh226.ucsb.nicolet.spectrum.txt,0.000450,1.000000,0.000000,0.000261,1.000000,0.000000,0.000475,1.000000,0.000000,0.003972,0.521948,0.999750,0.001839,0.651105,1.000000
"Arctostaphylos glandulosa 2 (VH227)",VH227,becknic,vegetation,vegetation.shrub.arctostaphylos.glandulosa.tir.vh227.ucsb.nicolet.spectrum.txt,0.000189,1.000000,0.000000,0.000151,1.000000,0.000000,0.000242,1.000000,0.000000,0.003977,0.654216,0.999750,0.001713,0.798730,1.000000
"Arctostaphylos glandulosa 2 (VH228)",VH228,becknic,vegetation,vegetation.shrub.arctostaphylos.glandulosa.tir.vh228.ucsb.nicolet.spectrum.txt,0.000182,1.000000,0.000000,0.000145,1.000000,0.000000,0.000231,1.000000,0.000000,0.005025,0.525287,0.999750,0.001646,0.837502,1.000000
"Arctostaphylos glandulosa 1 (VH229)",VH229,becknic,vegetation,vegetation.shrub.arctostaphylos.glandulosa.tir.vh229.ucsb.nicolet.spectrum.txt,0.000391,1.000000,0.000000,0.000223,1.000000,0.000000,0.000393,1.000000,0.000000,0.003136,0.783556,0.999750,0.001641,0.852097,1.000000
"Arctostaphylos glandulosa 1 (VH230)",VH230,becknic,vegetation,vegetation.shrub.arctostaphylos.glandulosa.tir.vh230.ucsb.nicolet.spectrum.txt,0.000247,1.000000,0.000000,0.000187,1.000000,0.000000,0.000319,1.000000,0.000000,0.003682,0.725105,0.999750,0.001701,0.719212,1.000000
"Arctostaphylos glandulosa 1 (VH035)",VH035,becknic,vegetation,vegetation.shrub.arctostaphylos.glandulosa.vswir.vh035.ucsb.asd.spectrum.txt,0.002634,0.999593,1.000000,0.000738,0.983703,1.000000,0.000929,0.999946,1.000000,0.000246,1.000000,0.000000,0.000333,1.000000,0.000000
"Arctostaphylos glandulosa 1 (VH036)",VH036,becknic,vegetation,vegetation.shrub.arctostaphylos.glandulosa.vswir.vh036.ucsb.asd.spectrum.txt,0.002130,0.999687,1.000000,0.000591,0.992759,1.000000,0.000959,0.999933,1.000000,0.000215,1.000000,0.000000,0.000331,1.000000,0.000000
"Arctostaphylos glandulosa 2 (VH037)",VH037,becknic,vegetation,vegetation.shrub.arctostaphylos.glandulosa.vswir.vh037.ucsb.asd.spectrum.txt,0.001933,0.999746,1.000000,0.000950,0.980444,1.000000,0.000950,0.999936,1.000000,0.000289,1.000000,0.000000,0.000355,1.000000,0.000000
"Arctostaphylos glandulosa 2 (VH038)",VH038,becknic,vegetation,vegetation.shrub.arctostaphylos.glandulosa.vswir.vh038.ucsb.asd.spectrum.txt,0.003339,0.999026,1.000000,0.000611,0.987668,1.000000,0.001172,0.999870,1.000000,0.000474,1.000000,0.000000,0.000372,1.000000,0.000000
"Arctostaphylos glandulosa 3 (VH039)",VH039,becknic,vegetation,vegetation.shrub.arctostaphylos.glandulosa.vswir.vh039.ucsb.asd.spectrum.txt,0.002063,0.999668,1.000000,0.001326,0.970533,1.000000,0.000874,0.999940,1.000000,0.000238,1.000000,0.000000,0.000330,1.000000,0.000000
"Arctostaphylos glandulosa 3 (VH040)",VH040,becknic,vegetation,vegetation.shrub.arctostaphylos.glandulosa.vswir.vh040.ucsb.asd.spectrum.txt,0.002549,0.999461,1.000000,0.006746,0.916220,1.000000,0.001091,0.999912,1.000000,0.000282,1.000000,0.000000,0.000352,1.000000,0.000000
"Arctostaphylos glandulosa 1 (VH117)",VH117,becknic,vegetation,vegetation.shrub.arctostaphylos.glandulosa.vswir.vh117.ucsb.asd.spectrum.txt,0.001074,0.999916,1.000000,0.000359,0.998425,1.000000,0.001043,0.999913,1.000000,0.000222,1.000000,0.000000,0.000310,1.000000,0.000000
"Arctostaphylos glandulosa 1 (VH118)",VH118,becknic,vegetation,vegetation.shrub.arctostaphylos.glandulosa.vswir.vh118.ucsb.asd.spectrum.txt,0.002110,0.999729,1.000000,0.000897,0.990096,1.000000,0.001086,0.999918,1.000000,0.000411,1.000000,0.000000,0.000391,1.000000,0.000000
"Arctostaphylos glandulosa 2 (VH119)",VH119,becknic,vegetation,vegetation.shrub.arctostaphylos.glandulosa.vswir.vh119.ucsb.asd.spectrum.txt,0.001640,0.999843,1.000000,0.000778,0.994238,1.000000,0.001092,0.999927,1.000000,0.000221,1.000000,0.000000,0.000332,1.000000,0.000000
"Arctostaphylos glandulosa 2 (VH120)",VH120,becknic,vegetation,vegetation.shrub.arctostaphylos.glandulosa.vswir.vh120.ucsb.asd.spectrum.txt,0.002977,0.999360,1.000000,0.001115,0.968425,1.000000,0.001129,0.999892,1.000000,0.000286,1.000000,0.000000,0.000354,1.000000,0.000000
"Arctostaphylos glandulosa 3 (VH121)",VH121,becknic,vegetation,vegetation.shrub.arctostaphylos.glandulosa.vswir.vh121.ucsb.asd.spectrum.txt,0.001993,0.999766,1.000000,0.000999,0.990863,1.000000,0.000904,0.999948,1.000000,0.000216,1.000000,0.000000,0.000333,1.000000,0.000000
"Arctostaphylos glandulosa 3 (VH122)",VH122,becknic,vegetation,vegetation.shrub.arctostaphylos.glandulosa.vswir.vh122.ucsb.asd.spectrum.txt,0.003809,0.999422,1.000000,0.001247,0.990434,1.000000,0.001138,0.999934,1.000000,0.000379,1.000000,0.000000,0.000387,1.000000,0.000000
"Arctostaphylos glandulosa 3 (VH225)",VH225,becknic,vegetation,vegetation.shrub.arctostaphylos.glandulosa.vswir.vh225.ucsb.asd.spectrum.txt,0.003452,0.999148,1.000000,0.002038,0.969133,1.000000,0.001272,0.999877,1.000000,0.000277,1.000000,0.000000,0.000349,1.000000,0.000000
"Arctostaphylos glandulosa 3 (VH226)",VH226,becknic,vegetation,vegetation.shrub.arctostaphylos.glandulosa.vswir.vh226.ucsb.asd.spectrum.txt,0.002379,0.999705,1.000000,0.001647,0.971915,1.000000,0.001256,0.999905,1.000000,0.000488,1.000000,0.000000,0.000379,1.000000,0.000000
"Arctostaphylos glandulosa 2 (VH227)",VH227,becknic,vegetation,vegetation.shrub.arctostaphylos.glandulosa.vswir.vh227.ucsb.asd.spectrum.txt,0.003549,0.999400,1.000000,0.000636,0.995877,1.000000,0.001339,0.999900,1.000000,0.000310,1.000000,0.000000,0.000364,1.000000,0.000000
"Arctostaphylos glandulosa 2 (VH228)",VH228,becknic,vegetation,vegetation.shrub.arctostaphylos.glandulosa.vswir.vh228.ucsb.asd.spectrum.txt,0.002440,0.999724,1.000000,0.001018,0.992819,1.000000,0.001466,0.999875,1.000000,0.000482,1.000000,0.000000,0.000370,1.000000,0.000000
"Arctostaphylos glandulosa 1 (VH229)",VH229,becknic,vegetation,vegetation.shrub.arctostaphylos.glandulosa.vswir.vh229.ucsb.asd.spectrum.txt,0.004546,0.998960,1.000000,0.000788,0.992336,1.000000,0.001223,0.999917,1.000000,0.000308,1.000000,0.000000,0.000363,1.000000,0.000000
"Arctostaphylos glandulosa 1 (VH230)",VH230,becknic,vegetation,vegetation.shrub.arctostaphylos.glandulosa.vswir.vh230.ucsb.asd.spectrum.txt,0.005167,0.998954,1.000000,0.001374,0.985506,1.000000,0.001368,0.999912,1.000000,0.000350,1.000000,0.000000,0.000379,1.000000,0.000000
"Baccharis pilularis 1 (VH001)",VH001,becknic,vegetation,vegetation.shrub.baccharis.pilularis.tir.vh001.ucsb.nicolet.spectrum.txt,0.000344,1.000000,0.000000,0.000216,1.000000,0.000000,0.000372,1.000000,0.000000,0.001280,0.943928,0.999750,0.001324,0.905101,1.000000
"Baccharis pilularis 1 (VH002)",VH002,becknic,vegetation,vegetation.shrub.baccharis.pilularis.tir.vh002.ucsb.nicolet.spectrum.txt,0.000411,1.000000,0.000000,0.000270,1.000000,0.000000,0.000492,1.000000,0.000000,0.001607,0.949222,0.999750,0.001399,0.889280,1.000000
"Baccharis pilularis 2 (VH003)",VH003,becknic,vegetation,vegetation.shrub.baccharis.pilularis.tir.vh003.ucsb.nicolet.spectrum.txt,0.000496,1.000000,0.000000,0.000248,1.000000,0.000000,0.000449,1.000000,0.000000,0.001057,0.969961,0.999750,0.001152,0.912929,1.000000
"Baccharis pilularis 2 (VH004)",VH004,becknic,vegetation,vegetation.shrub.baccharis.pilularis.tir.vh004.ucsb.nicolet.spectrum.txt,0.000220,1.000000,0.000000,0.000174,1.000000,0.000000,0.000286,1.000000,0.000000,0.001190,0.937060,0.999750,0.001044,0.888889,1.000000
"Baccharis pilularis 3 (VH005)",VH005,becknic,vegetation,vegetation.shrub.baccharis.pilularis.tir.vh005.ucsb.nicolet.spectrum.txt,0.000378,1.000000,0.000000,0.000223,1.000000,0.000000,0.000387,1.000000,0.000000,0.001286,0.927949,0.999750,0.001326,0.858463,1.000000
"Baccharis pilularis 3 (VH006)",VH006,becknic,vegetation,vegetation.shrub.baccharis.pilularis.tir.vh006.ucsb.nicolet.spectrum.txt,0.000358,1.000000,0.000000,0.000219,1.000000,0.000000,0.000378,1.000000,0.000000,0.001532,0.821470,0.999750,0.001190,0.776861,1.000000
"Baccharis pilularis 1 (VH031)",VH031,becknic,vegetation,vegetation.shrub.baccharis.pilularis.tir.vh031.ucsb.nicolet.spectrum.txt,0.000203,1.000000,0.000000,0.000164,1.000000,0.000000,0.000265,1.000000,0.000000,0.003112,0.640119,0.999750,0.001270,0.886276,1.000000
"Baccharis pilularis 1 (VH032)",VH032,becknic,vegetation,vegetation.shrub.baccharis.pilularis.tir.vh032.ucsb.nicolet.spectrum.txt,0.000127,1.000000,0.000000,0.000101,1.000000,0.000000,0.000158,1.000000,0.000000,0.001224,0.899428,0.999750,0.001112,0.953390,1.000000
"Baccharis pilularis 2 (VH045)",VH045,becknic,vegetation,vegetation.shrub.baccharis.pilularis.tir.vh045.ucsb.nicolet.spectrum.txt,0.000150,1.000000,0.000000,0.000119,1.000000,0.000000,0.000186,1.000000,0.000000,0.002262,0.596475,0.999750,0.001131,0.711046,1.000000
"Baccharis pilularis 2 (VH046)",VH046,becknic,vegetation,vegetation.shrub.baccharis.pilularis.tir.vh046.ucsb.nicolet.spectrum.txt,0.000279,1.000000,0.000000,0.000198,1.000000,0.000000,0.000342,1.000000,0.000000,0.001673,0.962767,0.999750,0.001413,0.932696,1.000000
"Baccharis pilularis 3 (VH047)",VH047,becknic,vegetation,vegetation.shrub.baccharis.pilularis.tir.vh047.ucsb.nicolet.spectrum.txt,0.000135,1.000000,0.000000,0.000107,1.000000,0.000000,0.000167,1.000000,0.000000,0.003085,0.576867,0.999750,0.001047,0.850800,1.000000
"Baccharis pilularis 3 (VH048)",VH048,becknic,vegetation,vegetation.shrub.baccharis.pilularis.tir.vh048.ucsb.nicolet.spectrum.txt,0.000173,1.000000,0.000000,0.000138,1.000000,0.000000,0.000217,1.000000,0.000000,0.001524,0.974357,0.999750,0.001491,0.917652,1.000000
"Baccharis pilularis 1 (VH097)",VH097,becknic,vegetation,vegetation.shrub.baccharis.pilularis.tir.vh097.ucsb.nicolet.spectrum.txt,0.000080,1.000000,0.000000,0.000064,1.000000,0.000000,0.000100,1.000000,0.000000,0.001161,0.960157,0.999750,0.000445,0.990801,1.000000
"Baccharis pilularis 1 (VH098)",VH098,becknic,vegetation,vegetation.shrub.baccharis.pilularis.tir.vh098.ucsb.nicolet.spectrum.txt,0.000080,1.000000,0.000000,0.000064,1.000000,0.000000,0.000099,1.000000,0.000000,0.001191,0.961050,0.999750,0.000433,0.993048,1.000000
"Baccharis pilularis 2 (VH099)",VH099,becknic,vegetation,vegetation.shrub.baccharis.pilularis.tir.vh099.ucsb.nicolet.spectrum.txt,0.000077,1.000000,0.000000,0.000061,1.000000,0.000000,0.000096,1.000000,0.000000,0.001173,0.954982,0.999750,0.000442,0.991018,1.000000
"Baccharis pilularis 2 (VH100)",VH100,becknic,vegetation,vegetation.shrub.baccharis.pilularis.tir.vh100.ucsb.nicolet.spectrum.txt,0.000105,1.000000,0.000000,0.000083,1.000000,0.000000,0.000130,1.000000,0.000000,0.001754,0.964113,0.999750,0.000493,0.996717,1.000000
"Baccharis pilularis 3 (VH101)",VH101,becknic,vegetation,vegetation.shrub.baccharis.pilularis.tir.vh101.ucsb.nicolet.spectrum.txt,0.000089,1.000000,0.000000,0.000071,1.000000,0.000000,0.000110,1.000000,0.000000,0.001377,0.948786,0.999750,0.000492,0.992963,1.000000
"Baccharis pilularis 3 (VH102)",VH102,becknic,vegetation,vegetation.shrub.baccharis.pilularis.tir.vh102.ucsb.nicolet.spectrum.txt,0.000078,1.000000,0.000000,0.000062,1.000000,0.000000,0.000096,1.000000,0.000000,0.001156,0.962185,0.999750,0.000430,0.992795,1.000000
"Baccharis pilularis 1 (VH109)",VH109,becknic,vegetation,vegetation.shrub.baccharis.pilularis.tir.vh109.ucsb.nicolet.spectrum.txt,0.000158,1.000000,0.000000,0.000125,1.000000,0.000000,0.000196,1.000000,0.000000,0.002258,0.833296,0.999750,0.001150,0.929311,1.000000
"Baccharis pilularis 1 (VH110)",VH110,becknic,vegetation,vegetation.shrub.baccharis.pilularis.tir.vh110.ucsb.nicolet.spectrum.txt,0.000186,1.000000,0.000000,0.000149,1.000000,0.000000,0.000238,1.000000,0.000000,0.002425,0.928246,0.999750,0.001584,0.937797,1.000000
"Baccharis pilularis 2 (VH123)",VH123,becknic,vegetation,vegetation.shrub.baccharis.pilularis.tir.vh123.ucsb.nicolet.spectrum.txt,0.000203,1.000000,0.000000,0.000164,1.000000,0.000000,0.000265,1.000000,0.000000,0.001814,0.951671,0.999750,0.001248,0.923057,1.000000
"Baccharis pilularis 2 (VH124)",VH124,becknic,vegetation,vegetation.shrub.baccharis.pilularis.tir.vh124.ucsb.nicolet.spectrum.txt,0.000200,1.000000,0.000000,0.000162,1.000000,0.000000,0.000262,1.000000,0.000000,0.002300,0.898964,0.999750,0.001136,0.950060,1.000000
"Baccharis pilularis 3 (VH125)",VH125,becknic,vegetation,vegetation.shrub.baccharis.pilularis.tir.vh125.ucsb.nicolet.spectrum.txt,0.000083,1.000000,0.000000,0.000066,1.000000,0.000000,0.000103,1.000000,0.000000,0.001975,0.926962,0.999750,0.000472,0.995087,1.000000
"Baccharis pilularis 3 (VH126)",VH126,becknic,vegetation,vegetation.shrub.baccharis.pilularis.tir.vh126.ucsb.nicolet.spectrum.txt,0.000171,1.000000,0.000000,0.000136,1.000000,0.000000,0.000213,1.000000,0.000000,0.002182,0.891930,0.999750,0.001185,0.928182,1.000000
"Baccharis pilularis 1 (VH193)",VH193,becknic,vegetation,vegetation.shrub.baccharis.pilularis.tir.vh193.ucsb.nicolet.spectrum.txt,0.000263,1.000000,0.000000,0.000194,1.000000,0.000000,0.000334,1.000000,0.000000,0.003276,0.754106,0.999750,0.001580,0.710590,1.000000
"Baccharis pilularis 1 (VH194)",VH194,becknic,vegetation,vegetation.shrub.baccharis.pilularis.tir.vh194.ucsb.nicolet.spectrum.txt,0.000339,1.000000,0.000000,0.000215,1.000000,0.000000,0.000370,1.000000,0.000000,0.002850,0.849104,0.999750,0.001367,0.885372,1.000000
"Baccharis pilularis 2 (VH195)",VH195,becknic,vegetation,vegetation.shrub.baccharis.pilularis.tir.vh195.ucsb.nicolet.spectrum.txt,0.000245,1.000000,0.000000,0.000187,1.000000,0.000000,0.000317,1.000000,0.000000,0.003470,0.810166,0.999750,0.001557,0.837658,1.000000
"Baccharis pilularis 2 (VH196)",VH196,becknic,vegetation,vegetation.shrub.baccharis.pilularis.tir.vh196.ucsb.nicolet.spectrum.txt,0.000252,1.000000,0.000000,0.000190,1.000000,0.000000,0.000325,1.000000,0.000000,0.002942,0.876061,0.999750,0.001608,0.859786,1.000000
"Baccharis pilularis 3 (VH197)",VH197,becknic,vegetation,vegetation.shrub.baccharis.pilularis.tir.vh197.ucsb.nicolet.spectrum.txt,0.000392,1.000000,0.000000,0.000223,1.000000,0.000000,0.000394,1.000000,0.000000,0.003151,0.881770,0.999750,0.001464,0.873554,1.000000
"Baccharis pilularis 3 (VH198)",VH198,becknic,vegetation,vegetation.shrub.baccharis.pilularis.tir.vh198.ucsb.nicolet.spectrum.txt,0.000382,1.000000,0.000000,0.000224,1.000000,0.000000,0.000389,1.000000,0.000000,0.002469,0.925455,0.999750,0.001323,0.887462,1.000000
"Baccharis pilularis 1 (VH223)",VH223,becknic,vegetation,vegetation.shrub.baccharis.pilularis.tir.vh223.ucsb.nicolet.spectrum.txt,0.000139,1.000000,0.000000,0.000110,1.000000,0.000000,0.000172,1.000000,0.000000,0.003358,0.659954,0.999750,0.001484,0.870963,1.000000
"Baccharis pilularis 1 (VH224)",VH224,becknic,vegetation,vegetation.shrub.baccharis.pilularis.tir.vh224.ucsb.nicolet.spectrum.txt,0.000202,1.000000,0.000000,0.000163,1.000000,0.000000,0.000264,1.000000,0.000000,0.003298,0.645700,0.999750,0.001431,0.886684,1.000000
"Baccharis pilularis 2 (VH231)",VH231,becknic,vegetation,vegetation.shrub.baccharis.pilularis.tir.vh231.ucsb.nicolet.spectrum.txt,0.000493,1.000000,0.000000,0.000251,1.000000,0.000000,0.000455,1.000000,0.000000,0.003384,0.758522,0.999750,0.001543,0.858454,1.000000
"Baccharis pilularis 2 (VH232)",VH232,becknic,vegetation,vegetation.shrub.baccharis.pilularis.tir.vh232.ucsb.nicolet.spectrum.txt,0.000159,1.000000,0.000000,0.000126,1.000000,0.000000,0.000197,1.000000,0.000000,0.003631,0.698787,0.999750,0.001538,0.881120,1.000000
"Baccharis pilularis 3 (VH233)",VH233,becknic,vegetation,vegetation.shrub.baccharis.pilularis.tir.vh233.ucsb.nicolet.spectrum.txt,0.000190,1.000000,0.000000,0.000152,1.000000,0.000000,0.000244,1.000000,0.000000,0.003959,0.724514,0.999750,0.001658,0.906177,1.000000
"Baccharis pilularis 3 (VH234)",VH234,becknic,vegetation,vegetation.shrub.baccharis.pilularis.tir.vh234.ucsb.nicolet.spectrum.txt,0.000169,1.000000,0.000000,0.000134,1.000000,0.000000,0.000210,1.000000,0.000000,0.004396,0.575608,0.999750,0.001220,0.923243,1.000000
"Baccharis pilularis 1 (VH001)",VH001,becknic,vegetation,vegetation.shrub.baccharis.pilularis.vswir.vh001.ucsb.asd.spectrum.txt,0.001660,0.999712,1.000000,0.002156,0.905123,1.000000,0.001390,0.999808,1.000000,0.000222,1.000000,0.000000,0.000310,1.000000,0.000000
"Baccharis pilularis 1 (VH002)",VH002,becknic,vegetation,vegetation.shrub.baccharis.pilularis.vswir.vh002.ucsb.asd.spectrum.txt,0.003869,0.998573,1.000000,0.001833,0.879827,1.000000,0.001238,0.999841,1.000000,0.000221,1.000000,0.000000,0.000313,1.000000,0.000000
"Baccharis pilularis 2 (VH003)",VH003,becknic,vegetation,vegetation.shrub.baccharis.pilularis.vswir.vh003.ucsb.asd.spectrum.txt,0.001466,0.999840,1.000000,0.001706,0.951303,1.000000,0.001252,0.999888,1.000000,0.000214,1.000000,0.000000,0.000327,1.000000,0.000000
"Baccharis pilularis 2 (VH004)",VH004,becknic,vegetation,vegetation.shrub.baccharis.pilularis.vswir.vh004.ucsb.asd.spectrum.txt,0.003322,0.999209,1.000000,0.001502,0.884572,1.000000,0.001443,0.999847,1.000000,0.000222,1.000000,0.000000,0.000308,1.000000,0.000000
"Baccharis pilularis 3 (VH005)",VH005,becknic,vegetation,vegetation.shrub.baccharis.pilularis.vswir.vh005.ucsb.asd.spectrum.txt,0.001525,0.999806,1.000000,0.001804,0.932036,1.000000,0.001386,0.999840,1.000000,0.000213,1.000000,0.000000,0.000329,1.000000,0.000000
"Baccharis pilularis 3 (VH006)",VH006,becknic,vegetation,vegetation.shrub.baccharis.pilularis.vswir.vh006.ucsb.asd.spectrum.txt,0.004923,0.998269,1.000000,0.002250,0.921334,1.000000,0.001402,0.999851,1.000000,0.000222,1.000000,0.000000,0.000309,1.000000,0.000000
"Baccharis pilularis 1 (VH031)",VH031,becknic,vegetation,vegetation.shrub.baccharis.pilularis.vswir.vh031.ucsb.asd.spectrum.txt,0.001661,0.999879,1.000000,0.001740,0.988940,1.000000,0.002343,0.999737,1.000000,0.000238,1.000000,0.000000,0.000330,1.000000,0.000000
"Baccharis pilularis 1 (VH032)",VH032,becknic,vegetation,vegetation.shrub.baccharis.pilularis.vswir.vh032.ucsb.asd.spectrum.txt,0.001739,0.999830,1.000000,0.002097,0.976900,1.000000,0.002061,0.999715,1.000000,0.000218,1.000000,0.000000,0.000322,1.000000,0.000000
"Baccharis pilularis 2 (VH045)",VH045,becknic,vegetation,vegetation.shrub.baccharis.pilularis.vswir.vh045.ucsb.asd.spectrum.txt,0.005922,0.996948,1.000000,0.000846,0.993897,1.000000,0.002844,0.999249,1.000000,0.000105,1.000000,0.000000,0.000114,1.000000,0.000000
"Baccharis pilularis 2 (VH046)",VH046,becknic,vegetation,vegetation.shrub.baccharis.pilularis.vswir.vh046.ucsb.asd.spectrum.txt,0.001259,0.999894,1.000000,0.001320,0.986069,1.000000,0.001147,0.999894,1.000000,0.000222,1.000000,0.000000,0.000332,1.000000,0.000000
"Baccharis pilularis 3 (VH047)",VH047,becknic,vegetation,vegetation.shrub.baccharis.pilularis.vswir.vh047.ucsb.asd.spectrum.txt,0.002008,0.999758,1.000000,0.001440,0.989457,1.000000,0.001856,0.999782,1.000000,0.000296,1.000000,0.000000,0.000358,1.000000,0.000000
"Baccharis pilularis 3 (VH048)",VH048,becknic,vegetation,vegetation.shrub.baccharis.pilularis.vswir.vh048.ucsb.asd.spectrum.txt,0.001560,0.999849,1.000000,0.001849,0.983751,1.000000,0.002091,0.999690,1.000000,0.000223,1.000000,0.000000,0.000304,1.000000,0.000000
"Baccharis pilularis 1 (VH097)",VH097,becknic,vegetation,vegetation.shrub.baccharis.pilularis.vswir.vh097.ucsb.asd.spectrum.txt,0.001159,0.999904,1.000000,0.001580,0.975241,1.000000,0.001286,0.999892,1.000000,0.000232,1.000000,0.000000,0.000330,1.000000,0.000000
"Baccharis pilularis 1 (VH098)",VH098,becknic,vegetation,vegetation.shrub.baccharis.pilularis.vswir.vh098.ucsb.asd.spectrum.txt,0.000919,0.999934,1.000000,0.001132,0.987963,1.000000,0.001026,0.999927,1.000000,0.000222,1.000000,0.000000,0.000311,1.000000,0.000000
"Baccharis pilularis 2 (VH099)",VH099,becknic,vegetation,vegetation.shrub.baccharis.pilularis.vswir.vh099.ucsb.asd.spectrum.txt,0.001018,0.999943,1.000000,0.000781,0.993950,1.000000,0.001215,0.999923,1.000000,0.000222,1.000000,0.000000,0.000332,1.000000,0.000000
"Baccharis pilularis 2 (VH100)",VH100,becknic,vegetation,vegetation.shrub.baccharis.pilularis.vswir.vh100.ucsb.asd.spectrum.txt,0.001284,0.999874,1.000000,0.001413,0.960997,1.000000,0.001042,0.999923,1.000000,0.000227,1.000000,0.000000,0.000294,1.000000,0.000000
"Baccharis pilularis 3 (VH101)",VH101,becknic,vegetation,vegetation.shrub.baccharis.pilularis.vswir.vh101.ucsb.asd.spectrum.txt,0.001581,0.999834,1.000000,0.000796,0.966758,1.000000,0.001432,0.999861,1.000000,0.000234,1.000000,0.000000,0.000330,1.000000,0.000000
"Baccharis pilularis 3 (VH102)",VH102,becknic,vegetation,vegetation.shrub.baccharis.pilularis.vswir.vh102.ucsb.asd.spectrum.txt,0.001109,0.999923,1.000000,0.001428,0.978870,1.000000,0.001080,0.999933,1.000000,0.000221,1.000000,0.000000,0.000310,1.000000,0.000000
"Baccharis pilularis 1 (VH109)",VH109,becknic,vegetation,vegetation.shrub.baccharis.pilularis.vswir.vh109.ucsb.asd.spectrum.txt,0.002992,0.999354,1.000000,0.000678,0.976869,1.000000,0.000759,0.999958,1.000000,0.000222,1.000000,0.000000,0.000332,1.000000,0.000000
"Baccharis pilularis 1 (VH110)",VH110,becknic,vegetation,vegetation.shrub.baccharis.pilularis.vswir.vh110.ucsb.asd.spectrum.txt,0.003049,0.999456,1.000000,0.001149,0.970096,1.000000,0.000814,0.999960,1.000000,0.000254,1.000000,0.000000,0.000339,1.000000,0.000000
"Baccharis pilularis 2 (VH123)",VH123,becknic,vegetation,vegetation.shrub.baccharis.pilularis.vswir.vh123.ucsb.asd.spectrum.txt,0.002622,0.999628,1.000000,0.000379,0.995444,1.000000,0.000826,0.999960,1.000000,0.000272,1.000000,0.000000,0.000345,1.000000,0.000000
"Baccharis pilularis 2 (VH124)",VH124,becknic,vegetation,vegetation.shrub.baccharis.pilularis.vswir.vh124.ucsb.asd.spectrum.txt,0.002320,0.999740,1.000000,0.000540,0.995477,1.000000,0.000876,0.999960,1.000000,0.000213,1.000000,0.000000,0.000328,1.000000,0.000000
"Baccharis pilularis 3 (VH125)",VH125,becknic,vegetation,vegetation.shrub.baccharis.pilularis.vswir.vh125.ucsb.asd.spectrum.txt,0.003010,0.999542,1.000000,0.001054,0.989707,1.000000,0.000731,0.999976,1.000000,0.000215,1.000000,0.000000,0.000326,1.000000,0.000000
"Baccharis pilularis 3 (VH126)",VH126,becknic,vegetation,vegetation.shrub.baccharis.pilularis.vswir.vh126.ucsb.asd.spectrum.txt,0.001888,0.999799,1.000000,0.001205,0.979560,1.000000,0.000754,0.999967,1.000000,0.000219,1.000000,0.000000,0.000321,1.000000,0.000000
"Baccharis pilularis 1 (VH193)",VH193,becknic,vegetation,vegetation.shrub.baccharis.pilularis.vswir.vh193.ucsb.asd.spectrum.txt,0.001481,0.999816,1.000000,0.002604,0.978524,1.000000,0.001355,0.999867,1.000000,0.000407,1.000000,0.000000,0.000390,1.000000,0.000000
"Baccharis pilularis 1 (VH194)",VH194,becknic,vegetation,vegetation.shrub.baccharis.pilularis.vswir.vh194.ucsb.asd.spectrum.txt,0.001507,0.999832,1.000000,0.000842,0.996425,1.000000,0.001219,0.999896,1.000000,0.000490,1.000000,0.000000,0.000393,1.000000,0.000000
"Baccharis pilularis 2 (VH195)",VH195,becknic,vegetation,vegetation.shrub.baccharis.pilularis.vswir.vh195.ucsb.asd.spectrum.txt,0.002066,0.999753,1.000000,0.001508,0.986457,1.000000,0.001849,0.999808,1.000000,0.000477,1.000000,0.000000,0.000369,1.000000,0.000000
"Baccharis pilularis 2 (VH196)",VH196,becknic,vegetation,vegetation.shrub.baccharis.pilularis.vswir.vh196.ucsb.asd.spectrum.txt,0.001320,0.999865,1.000000,0.001574,0.987451,1.000000,0.001186,0.999906,1.000000,0.000277,1.000000,0.000000,0.000350,1.000000,0.000000
"Baccharis pilularis 3 (VH197)",VH197,becknic,vegetation,vegetation.shrub.baccharis.pilularis.vswir.vh197.ucsb.asd.spectrum.txt,0.001410,0.999822,1.000000,0.000773,0.997135,1.000000,0.001323,0.999869,1.000000,0.000315,1.000000,0.000000,0.000365,1.000000,0.000000
"Baccharis pilularis 3 (VH198)",VH198,becknic,vegetation,vegetation.shrub.baccharis.pilularis.vswir.vh198.ucsb.asd.spectrum.txt,0.002109,0.999706,1.000000,0.003114,0.985412,1.000000,0.001658,0.999847,1.000000,0.000500,1.000000,0.000000,0.000442,1.000000,0.000000
"Baccharis pilularis 1 (VH223)",VH223,becknic,vegetation,vegetation.shrub.baccharis.pilularis.vswir.vh223.ucsb.asd.spectrum.txt,0.001636,0.999877,1.000000,0.001725,0.971727,1.000000,0.001444,0.999901,1.000000,0.000228,1.000000,0.000000,0.000292,1.000000,0.000000
"Baccharis pilularis 1 (VH224)",VH224,becknic,vegetation,vegetation.shrub.baccharis.pilularis.vswir.vh224.ucsb.asd.spectrum.txt,0.002811,0.999707,1.000000,0.000786,0.988676,1.000000,0.001346,0.999932,1.000000,0.000379,1.000000,0.000000,0.000387,1.000000,0.000000
"Baccharis pilularis 2 (VH231)",VH231,becknic,vegetation,vegetation.shrub.baccharis.pilularis.vswir.vh231.ucsb.asd.spectrum.txt,0.002502,0.999617,1.000000,0.001645,0.981647,1.000000,0.001206,0.999922,1.000000,0.000213,1.000000,0.000000,0.000329,1.000000,0.000000
"Baccharis pilularis 2 (VH232)",VH232,becknic,vegetation,vegetation.shrub.baccharis.pilularis.vswir.vh232.ucsb.asd.spectrum.txt,0.002426,0.999720,1.000000,0.001157,0.986244,1.000000,0.001283,0.999921,1.000000,0.000455,1.000000,0.000000,0.000385,1.000000,0.000000
"Baccharis pilularis 3 (VH233)",VH233,becknic,vegetation,vegetation.shrub.baccharis.pilularis.vswir.vh233.ucsb.asd.spectrum.txt,0.003622,0.999510,1.000000,0.001153,0.972622,1.000000,0.001451,0.999914,1.000000,0.000303,1.000000,0.000000,0.000361,1.000000,0.000000
"Baccharis pilularis 3 (VH234)",VH234,becknic,vegetation,vegetation.shrub.baccharis.pilularis.vswir.vh234.ucsb.asd.spectrum.txt,0.003502,0.999531,1.000000,0.000799,0.990208,1.000000,0.001385,0.999920,1.000000,0.000249,1.000000,0.000000,0.000335,1.000000,0.000000
"Arctostaphylos glandulosa 1 (VH049)",VH049,becknic,vegetation,vegetation.shrub.calocedrus.decrruens.tir.vh049.ucsb.nicolet.spectrum.txt,0.000190,1.000000,0.000000,0.000153,1.000000,0.000000,0.000245,1.000000,0.000000,0.002275,0.907024,0.999750,0.001484,0.557480,1.000000
"Arctostaphylos glandulosa 1 (VH050)",VH050,becknic,vegetation,vegetation.shrub.calocedrus.decrruens.tir.vh050.ucsb.nicolet.spectrum.txt,0.000176,1.000000,0.000000,0.000140,1.000000,0.000000,0.000221,1.000000,0.000000,0.002110,0.870781,0.999750,0.001503,0.591791,1.000000
"Arctostaphylos glandulosa 2 (VH055)",VH055,becknic,vegetation,vegetation.shrub.calocedrus.decrruens.tir.vh055.ucsb.nicolet.spectrum.txt,0.000192,1.000000,0.000000,0.000154,1.000000,0.000000,0.000248,1.000000,0.000000,0.002309,0.889495,0.999750,0.001789,0.620077,1.000000
"Arctostaphylos glandulosa 2 (VH056)",VH056,becknic,vegetation,vegetation.shrub.calocedrus.decrruens.tir.vh056.ucsb.nicolet.spectrum.txt,0.000210,1.000000,0.000000,0.000168,1.000000,0.000000,0.000274,1.000000,0.000000,0.003049,0.878000,0.999750,0.001942,0.607215,1.000000
"Arctostaphylos glandulosa 3 (VH059)",VH059,becknic,vegetation,vegetation.shrub.calocedrus.decrruens.tir.vh059.ucsb.nicolet.spectrum.txt,0.000195,1.000000,0.000000,0.000158,1.000000,0.000000,0.000255,1.000000,0.000000,0.001714,0.951403,0.999750,0.001082,0.818593,1.000000
"Arctostaphylos glandulosa 3 (VH060)",VH060,becknic,vegetation,vegetation.shrub.calocedrus.decrruens.tir.vh060.ucsb.nicolet.spectrum.txt,0.000164,1.000000,0.000000,0.000130,1.000000,0.000000,0.000203,1.000000,0.000000,0.001996,0.856263,0.999750,0.001331,0.577966,1.000000
"Arctostaphylos glandulosa 1 (VH145)",VH145,becknic,vegetation,vegetation.shrub.calocedrus.decrruens.tir.vh145.ucsb.nicolet.spectrum.txt,0.000184,1.000000,0.000000,0.000147,1.000000,0.000000,0.000234,1.000000,0.000000,0.002352,0.881176,0.999750,0.001884,0.663984,1.000000
"Arctostaphylos glandulosa 1 (VH146)",VH146,becknic,vegetation,vegetation.shrub.calocedrus.decrruens.tir.vh146.ucsb.nicolet.spectrum.txt,0.000177,1.000000,0.000000,0.000141,1.000000,0.000000,0.000223,1.000000,0.000000,0.002090,0.901886,0.999750,0.001481,0.643051,1.000000
"Arctostaphylos glandulosa 2 (VH151)",VH151,becknic,vegetation,vegetation.shrub.calocedrus.decrruens.tir.vh151.ucsb.nicolet.spectrum.txt,0.000224,1.000000,0.000000,0.000176,1.000000,0.000000,0.000290,1.000000,0.000000,0.002792,0.896156,0.999750,0.001775,0.661105,1.000000
"Arctostaphylos glandulosa 2 (VH152)",VH152,becknic,vegetation,vegetation.shrub.calocedrus.decrruens.tir.vh152.ucsb.nicolet.spectrum.txt,0.000204,1.000000,0.000000,0.000164,1.000000,0.000000,0.000266,1.000000,0.000000,0.003146,0.877081,0.999750,0.001652,0.689213,1.000000
"Arctostaphylos glandulosa 3 (VH155)",VH155,becknic,vegetation,vegetation.shrub.calocedrus.decrruens.tir.vh155.ucsb.nicolet.spectrum.txt,0.000159,1.000000,0.000000,0.000126,1.000000,0.000000,0.000197,1.000000,0.000000,0.002379,0.820284,0.999750,0.001228,0.640618,1.000000
"Arctostaphylos glandulosa 3 (VH156)",VH156,becknic,vegetation,vegetation.shrub.calocedrus.decrruens.tir.vh156.ucsb.nicolet.spectrum.txt,0.000186,1.000000,0.000000,0.000149,1.000000,0.000000,0.000237,1.000000,0.000000,0.002581,0.871766,0.999750,0.001498,0.562162,1.000000
"Arctostaphylos glandulosa 1 (VH241)",VH241,becknic,vegetation,vegetation.shrub.calocedrus.decrruens.tir.vh241.ucsb.nicolet.spectrum.txt,0.000225,1.000000,0.000000,0.000177,1.000000,0.000000,0.000292,1.000000,0.000000,0.002842,0.836468,0.999750,0.001866,0.631020,1.000000
"Arctostaphylos glandulosa 1 (VH242)",VH242,becknic,vegetation,vegetation.shrub.calocedrus.decrruens.tir.vh242.ucsb.nicolet.spectrum.txt,0.000243,1.000000,0.000000,0.000186,1.000000,0.000000,0.000314,1.000000,0.000000,0.002778,0.865259,0.999750,0.001722,0.605763,1.000000
"Arctostaphylos glandulosa 2 (VH247)",VH247,becknic,vegetation,vegetation.shrub.calocedrus.decrruens.tir.vh247.ucsb.nicolet.spectrum.txt,0.000260,1.000000,0.000000,0.000193,1.000000,0.000000,0.000332,1.000000,0.000000,0.002657,0.907755,0.999750,0.001801,0.542633,1.000000
"Arctostaphylos glandulosa 2 (VH248)",VH248,becknic,vegetation,vegetation.shrub.calocedrus.decrruens.tir.vh248.ucsb.nicolet.spectrum.txt,0.000452,1.000000,0.000000,0.000236,1.000000,0.000000,0.000424,1.000000,0.000000,0.002841,0.894755,0.999750,0.001958,0.588393,1.000000
"Arctostaphylos glandulosa 3 (VH251)",VH251,becknic,vegetation,vegetation.shrub.calocedrus.decrruens.tir.vh251.ucsb.nicolet.spectrum.txt,0.000170,1.000000,0.000000,0.000135,1.000000,0.000000,0.000212,1.000000,0.000000,0.002297,0.841429,0.999750,0.001968,0.648789,1.000000
"Arctostaphylos glandulosa 3 (VH252)",VH252,becknic,vegetation,vegetation.shrub.calocedrus.decrruens.tir.vh252.ucsb.nicolet.spectrum.txt,0.000386,1.000000,0.000000,0.000276,1.000000,0.000000,0.000504,1.000000,0.000000,0.002610,0.827406,0.999750,0.001432,0.794916,1.000000
"Arctostaphylos glandulosa 3 (VH253)",VH253,becknic,vegetation,vegetation.shrub.calocedrus.decrruens.tir.vh253.ucsb.nicolet.spectrum.txt,0.000163,1.000000,0.000000,0.000130,1.000000,0.000000,0.000203,1.000000,0.000000,0.002032,0.890636,0.999750,0.001708,0.577841,1.000000
"Arctostaphylos glandulosa 1 (VH049)",VH049,becknic,vegetation,vegetation.shrub.calocedrus.decrruens.vswir.vh049.ucsb.asd.spectrum.txt,0.001458,0.999905,1.000000,0.000834,0.995022,1.000000,0.001575,0.999881,1.000000,0.000237,1.000000,0.000000,0.000330,1.000000,0.000000
"Arctostaphylos glandulosa 1 (VH050)",VH050,becknic,vegetation,vegetation.shrub.calocedrus.decrruens.vswir.vh050.ucsb.asd.spectrum.txt,0.002347,0.999838,1.000000,0.000938,0.997021,1.000000,0.001922,0.999855,1.000000,0.000248,1.000000,0.000000,0.000335,1.000000,0.000000
"Arctostaphylos glandulosa 2 (VH055)",VH055,becknic,vegetation,vegetation.shrub.calocedrus.decrruens.vswir.vh055.ucsb.asd.spectrum.txt,0.001067,0.999960,1.000000,0.001035,0.994562,1.000000,0.001679,0.999899,1.000000,0.000245,1.000000,0.000000,0.000333,1.000000,0.000000
"Arctostaphylos glandulosa 2 (VH056)",VH056,becknic,vegetation,vegetation.shrub.calocedrus.decrruens.vswir.vh056.ucsb.asd.spectrum.txt,0.001829,0.999883,1.000000,0.001316,0.985869,1.000000,0.001184,0.999940,1.000000,0.000245,1.000000,0.000000,0.000333,1.000000,0.000000
"Arctostaphylos glandulosa 3 (VH059)",VH059,becknic,vegetation,vegetation.shrub.calocedrus.decrruens.vswir.vh059.ucsb.asd.spectrum.txt,0.001982,0.999836,1.000000,0.001362,0.991059,1.000000,0.001832,0.999855,1.000000,0.000255,1.000000,0.000000,0.000339,1.000000,0.000000
"Arctostaphylos glandulosa 3 (VH060)",VH060,becknic,vegetation,vegetation.shrub.calocedrus.decrruens.vswir.vh060.ucsb.asd.spectrum.txt,0.000999,0.999961,1.000000,0.000956,0.995226,1.000000,0.001740,0.999873,1.000000,0.000213,1.000000,0.000000,0.000328,1.000000,0.000000
"Arctostaphylos glandulosa 1 (VH145)",VH145,becknic,vegetation,vegetation.shrub.calocedrus.decrruens.vswir.vh145.ucsb.asd.spectrum.txt,0.001545,0.999882,1.000000,0.000616,0.994970,1.000000,0.001182,0.999925,1.000000,0.000214,1.000000,0.000000,0.000329,1.000000,0.000000
"Arctostaphylos glandulosa 1 (VH146)",VH146,becknic,vegetation,vegetation.shrub.calocedrus.decrruens.vswir.vh146.ucsb.asd.spectrum.txt,0.006204,0.998846,1.000000,0.001249,0.994543,1.000000,0.001245,0.999935,1.000000,0.000223,1.000000,0.000000,0.000331,1.000000,0.000000
"Arctostaphylos glandulosa 2 (VH151)",VH151,becknic,vegetation,vegetation.shrub.calocedrus.decrruens.vswir.vh151.ucsb.asd.spectrum.txt,0.001947,0.999855,1.000000,0.001167,0.990290,1.000000,0.001429,0.999920,1.000000,0.000358,1.000000,0.000000,0.000381,1.000000,0.000000
"Arctostaphylos glandulosa 2 (VH152)",VH152,becknic,vegetation,vegetation.shrub.calocedrus.decrruens.vswir.vh152.ucsb.asd.spectrum.txt,0.003724,0.999628,1.000000,0.001723,0.989625,1.000000,0.001906,0.999876,1.000000,0.000241,1.000000,0.000000,0.000330,1.000000,0.000000
"Arctostaphylos glandulosa 3 (VH155)",VH155,becknic,vegetation,vegetation.shrub.calocedrus.decrruens.vswir.vh155.ucsb.asd.spectrum.txt,0.001806,0.999877,1.000000,0.001656,0.981172,1.000000,0.001679,0.999885,1.000000,0.000253,1.000000,0.000000,0.000338,1.000000,0.000000
"Arctostaphylos glandulosa 3 (VH156)",VH156,becknic,vegetation,vegetation.shrub.calocedrus.decrruens.vswir.vh156.ucsb.asd.spectrum.txt,0.001888,0.999871,1.000000,0.001091,0.991613,1.000000,0.001274,0.999932,1.000000,0.000256,1.000000,0.000000,0.000340,1.000000,0.000000
"Arctostaphylos glandulosa 1 (VH241)",VH241,becknic,vegetation,vegetation.shrub.calocedrus.decrruens.vswir.vh241.ucsb.asd.spectrum.txt,0.001345,0.999936,1.000000,0.000868,0.995802,1.000000,0.001452,0.999918,1.000000,0.000351,1.000000,0.000000,0.000379,1.000000,0.000000
"Arctostaphylos glandulosa 1 (VH242)",VH242,becknic,vegetation,vegetation.shrub.calocedrus.decrruens.vswir.vh242.ucsb.asd.spectrum.txt,0.001323,0.999932,1.000000,0.001535,0.979674,1.000000,0.000954,0.999958,1.000000,0.000234,1.000000,0.000000,0.000330,1.000000,0.000000
"Arctostaphylos glandulosa 2 (VH247)",VH247,becknic,vegetation,vegetation.shrub.calocedrus.decrruens.vswir.vh247.ucsb.asd.spectrum.txt,0.001264,0.999947,1.000000,0.000976,0.992340,1.000000,0.001360,0.999928,1.000000,0.000277,1.000000,0.000000,0.000350,1.000000,0.000000
"Arctostaphylos glandulosa 2 (VH248)",VH248,becknic,vegetation,vegetation.shrub.calocedrus.decrruens.vswir.vh248.ucsb.asd.spectrum.txt,0.001892,0.999887,1.000000,0.001796,0.970680,1.000000,0.001008,0.999961,1.000000,0.000246,1.000000,0.000000,0.000333,1.000000,0.000000
"Arctostaphylos glandulosa 3 (VH251)",VH251,becknic,vegetation,vegetation.shrub.calocedrus.decrruens.vswir.vh251.ucsb.asd.spectrum.txt,0.001321,0.999926,1.000000,0.000986,0.994288,1.000000,0.001383,0.999915,1.000000,0.000229,1.000000,0.000000,0.000330,1.000000,0.000000
"Arctostaphylos glandulosa 3 (VH252)",VH252,becknic,vegetation,vegetation.shrub.calocedrus.decrruens.vswir.vh252.ucsb.asd.spectrum.txt,0.001106,0.999955,1.000000,0.001544,0.987542,1.000000,0.001154,0.999943,1.000000,0.000246,1.000000,0.000000,0.000333,1.000000,0.000000
"Arctostaphylos glandulosa 3 (VH253)",VH253,becknic,vegetation,vegetation.shrub.calocedrus.decrruens.vswir.vh253.ucsb.asd.spectrum.txt,0.002989,0.999796,1.000000,0.001426,0.996788,1.000000,0.001770,0.999901,1.000000,0.000215,1.000000,0.000000,0.000331,1.000000,0.000000
"Ceanothus megacarpus 1 (VH019)",VH019,becknic,vegetation,vegetation.shrub.ceanothus.megacarpus.tir.vh019.ucsb.nicolet.spectrum.txt,0.000383,1.000000,0.000000,0.000224,1.000000,0.000000,0.000389,1.000000,0.000000,0.003304,0.586793,0.999750,0.001377,0.901168,1.000000
"Ceanothus megacarpus 1 (VH020)",VH020,becknic,vegetation,vegetation.shrub.ceanothus.megacarpus.tir.vh020.ucsb.nicolet.spectrum.txt,0.000181,1.000000,0.000000,0.000144,1.000000,0.000000,0.000229,1.000000,0.000000,0.001437,0.664047,0.999750,0.001076,0.906099,1.000000
"Ceanothus megacarpus 2 (VH021)",VH021,becknic,vegetation,vegetation.shrub.ceanothus.megacarpus.tir.vh021.ucsb.nicolet.spectrum.txt,0.000122,1.000000,0.000000,0.000097,1.000000,0.000000,0.000152,1.000000,0.000000,0.003183,0.498289,0.999750,0.001214,0.917787,1.000000
"Ceanothus megacarpus 2 (VH022)",VH022,becknic,vegetation,vegetation.shrub.ceanothus.megacarpus.tir.vh022.ucsb.nicolet.spectrum.txt,0.000189,1.000000,0.000000,0.000152,1.000000,0.000000,0.000243,1.000000,0.000000,0.002228,0.549078,0.999750,0.001109,0.884832,1.000000
"Ceanothus megacarpus 3 (VH023)",VH023,becknic,vegetation,vegetation.shrub.ceanothus.megacarpus.tir.vh023.ucsb.nicolet.spectrum.txt,0.000451,1.000000,0.000000,0.000235,1.000000,0.000000,0.000423,1.000000,0.000000,0.002850,0.835169,0.999750,0.001584,0.905597,1.000000
"Ceanothus megacarpus 3 (VH024)",VH024,becknic,vegetation,vegetation.shrub.ceanothus.megacarpus.tir.vh024.ucsb.nicolet.spectrum.txt,0.000343,1.000000,0.000000,0.000326,1.000000,0.000000,0.000602,1.000000,0.000000,0.002276,0.752667,0.999750,0.001591,0.935578,1.000000
"Ceanothus megacarpus 1 (VH139)",VH139,becknic,vegetation,vegetation.shrub.ceanothus.megacarpus.tir.vh139.ucsb.nicolet.spectrum.txt,0.000059,1.000000,0.000000,0.000047,1.000000,0.000000,0.000073,1.000000,0.000000,0.002112,0.877488,0.999750,0.000511,0.990279,1.000000
"Ceanothus megacarpus 1 (VH140)",VH140,becknic,vegetation,vegetation.shrub.ceanothus.megacarpus.tir.vh140.ucsb.nicolet.spectrum.txt,0.000160,1.000000,0.000000,0.000127,1.000000,0.000000,0.000198,1.000000,0.000000,0.003887,0.589577,0.999750,0.001173,0.897243,1.000000
"Ceanothus megacarpus 2 (VH141)",VH141,becknic,vegetation,vegetation.shrub.ceanothus.megacarpus.tir.vh141.ucsb.nicolet.spectrum.txt,0.000216,1.000000,0.000000,0.000172,1.000000,0.000000,0.000281,1.000000,0.000000,0.003233,0.606105,0.999750,0.000986,0.893544,1.000000
"Ceanothus megacarpus 2 (VH142)",VH142,becknic,vegetation,vegetation.shrub.ceanothus.megacarpus.tir.vh142.ucsb.nicolet.spectrum.txt,0.000153,1.000000,0.000000,0.000122,1.000000,0.000000,0.000190,1.000000,0.000000,0.002189,0.713423,0.999750,0.001495,0.826034,1.000000
"Ceanothus megacarpus 3 (VH143)",VH143,becknic,vegetation,vegetation.shrub.ceanothus.megacarpus.tir.vh143.ucsb.nicolet.spectrum.txt,0.000162,1.000000,0.000000,0.000129,1.000000,0.000000,0.000201,1.000000,0.000000,0.003449,0.551394,0.999750,0.001183,0.927172,1.000000
"Ceanothus megacarpus 3 (VH144)",VH144,becknic,vegetation,vegetation.shrub.ceanothus.megacarpus.tir.vh144.ucsb.nicolet.spectrum.txt,0.000157,1.000000,0.000000,0.000125,1.000000,0.000000,0.000194,1.000000,0.000000,0.003587,0.564580,0.999750,0.001322,0.893272,1.000000
"Ceanothus megacarpus 1 (VH211)",VH211,becknic,vegetation,vegetation.shrub.ceanothus.megacarpus.tir.vh211.ucsb.nicolet.spectrum.txt,0.000164,1.000000,0.000000,0.000130,1.000000,0.000000,0.000203,1.000000,0.000000,0.003767,0.489742,0.999750,0.001459,0.885527,1.000000
"Ceanothus megacarpus 1 (VH212)",VH212,becknic,vegetation,vegetation.shrub.ceanothus.megacarpus.tir.vh212.ucsb.nicolet.spectrum.txt,0.000174,1.000000,0.000000,0.000139,1.000000,0.000000,0.000218,1.000000,0.000000,0.004677,0.404610,0.999750,0.001386,0.875037,1.000000
"Ceanothus megacarpus 2 (VH213)",VH213,becknic,vegetation,vegetation.shrub.ceanothus.megacarpus.tir.vh213.ucsb.nicolet.spectrum.txt,0.000322,1.000000,0.000000,0.000210,1.000000,0.000000,0.000362,1.000000,0.000000,0.004058,0.536230,0.999750,0.001360,0.808795,1.000000
"Ceanothus megacarpus 2 (VH214)",VH214,becknic,vegetation,vegetation.shrub.ceanothus.megacarpus.tir.vh214.ucsb.nicolet.spectrum.txt,0.000156,1.000000,0.000000,0.000124,1.000000,0.000000,0.000194,1.000000,0.000000,0.003464,0.457163,0.999750,0.001310,0.718523,1.000000
"Ceanothus megacarpus 3 (VH215)",VH215,becknic,vegetation,vegetation.shrub.ceanothus.megacarpus.tir.vh215.ucsb.nicolet.spectrum.txt,0.000153,1.000000,0.000000,0.000122,1.000000,0.000000,0.000190,1.000000,0.000000,0.004208,0.448304,0.999750,0.001266,0.852807,1.000000
"Ceanothus megacarpus 3 (VH216)",VH216,becknic,vegetation,vegetation.shrub.ceanothus.megacarpus.tir.vh216.ucsb.nicolet.spectrum.txt,0.000141,1.000000,0.000000,0.000112,1.000000,0.000000,0.000175,1.000000,0.000000,0.004064,0.418075,0.999750,0.001450,0.888106,1.000000
"Ceanothus megacarpus 1 (VH019)",VH019,becknic,vegetation,vegetation.shrub.ceanothus.megacarpus.vswir.vh019.ucsb.asd.spectrum.txt,0.001240,0.999885,1.000000,0.001211,0.984989,1.000000,0.001149,0.999897,1.000000,0.000221,1.000000,0.000000,0.000313,1.000000,0.000000
"Ceanothus megacarpus 1 (VH020)",VH020,becknic,vegetation,vegetation.shrub.ceanothus.megacarpus.vswir.vh020.ucsb.asd.spectrum.txt,0.002169,0.999564,1.000000,0.002368,0.943603,1.000000,0.001387,0.999815,1.000000,0.000170,1.000000,0.000000,0.000183,1.000000,0.000000
"Ceanothus megacarpus 2 (VH021)",VH021,becknic,vegetation,vegetation.shrub.ceanothus.megacarpus.vswir.vh021.ucsb.asd.spectrum.txt,0.001234,0.999904,1.000000,0.001005,0.991354,1.000000,0.001907,0.999773,1.000000,0.000239,1.000000,0.000000,0.000238,1.000000,0.000000
"Ceanothus megacarpus 2 (VH022)",VH022,becknic,vegetation,vegetation.shrub.ceanothus.megacarpus.vswir.vh022.ucsb.asd.spectrum.txt,0.001092,0.999923,1.000000,0.001279,0.987449,1.000000,0.001457,0.999864,1.000000,0.000248,1.000000,0.000000,0.000265,1.000000,0.000000
"Ceanothus megacarpus 3 (VH023)",VH023,becknic,vegetation,vegetation.shrub.ceanothus.megacarpus.vswir.vh023.ucsb.asd.spectrum.txt,0.001350,0.999879,1.000000,0.001878,0.965333,1.000000,0.001183,0.999903,1.000000,0.000333,1.000000,0.000000,0.000372,1.000000,0.000000
"Ceanothus megacarpus 3 (VH024)",VH024,becknic,vegetation,vegetation.shrub.ceanothus.megacarpus.vswir.vh024.ucsb.asd.spectrum.txt,0.001609,0.999845,1.000000,0.001231,0.985695,1.000000,0.001158,0.999918,1.000000,0.000226,1.000000,0.000000,0.000330,1.000000,0.000000
"Ceanothus megacarpus 1 (VH139)",VH139,becknic,vegetation,vegetation.shrub.ceanothus.megacarpus.vswir.vh139.ucsb.asd.spectrum.txt,0.001547,0.999867,1.000000,0.000660,0.995851,1.000000,0.001656,0.999852,1.000000,0.000298,1.000000,0.000000,0.000359,1.000000,0.000000
"Ceanothus megacarpus 1 (VH140)",VH140,becknic,vegetation,vegetation.shrub.ceanothus.megacarpus.vswir.vh140.ucsb.asd.spectrum.txt,0.001046,0.999945,1.000000,0.001342,0.987103,1.000000,0.001570,0.999865,1.000000,0.000221,1.000000,0.000000,0.000332,1.000000,0.000000
"Ceanothus megacarpus 2 (VH141)",VH141,becknic,vegetation,vegetation.shrub.ceanothus.megacarpus.vswir.vh141.ucsb.asd.spectrum.txt,0.001153,0.999900,1.000000,0.001027,0.983725,1.000000,0.001060,0.999915,1.000000,0.000225,1.000000,0.000000,0.000297,1.000000,0.000000
"Ceanothus megacarpus 2 (VH142)",VH142,becknic,vegetation,vegetation.shrub.ceanothus.megacarpus.vswir.vh142.ucsb.asd.spectrum.txt,0.000827,0.999919,1.000000,0.001161,0.961821,1.000000,0.000743,0.999932,1.000000,0.000214,1.000000,0.000000,0.000327,1.000000,0.000000
"Ceanothus megacarpus 3 (VH143)",VH143,becknic,vegetation,vegetation.shrub.ceanothus.megacarpus.vswir.vh143.ucsb.asd.spectrum.txt,0.000739,0.999956,1.000000,0.001484,0.978027,1.000000,0.001197,0.999890,1.000000,0.000243,1.000000,0.000000,0.000245,1.000000,0.000000
"Ceanothus megacarpus 3 (VH144)",VH144,becknic,vegetation,vegetation.shrub.ceanothus.megacarpus.vswir.vh144.ucsb.asd.spectrum.txt,0.000861,0.999927,1.000000,0.000855,0.988082,1.000000,0.001078,0.999889,1.000000,0.000234,1.000000,0.000000,0.000283,1.000000,0.000000
"Ceanothus megacarpus 1 (VH211)",VH211,becknic,vegetation,vegetation.shrub.ceanothus.megacarpus.vswir.vh211.ucsb.asd.spectrum.txt,0.002982,0.999620,1.000000,0.000579,0.995956,1.000000,0.001361,0.999916,1.000000,0.000259,1.000000,0.000000,0.000341,1.000000,0.000000
"Ceanothus megacarpus 1 (VH212)",VH212,becknic,vegetation,vegetation.shrub.ceanothus.megacarpus.vswir.vh212.ucsb.asd.spectrum.txt,0.002680,0.999677,1.000000,0.000590,0.993071,1.000000,0.001622,0.999868,1.000000,0.000291,1.000000,0.000000,0.000356,1.000000,0.000000
"Ceanothus megacarpus 2 (VH213)",VH213,becknic,vegetation,vegetation.shrub.ceanothus.megacarpus.vswir.vh213.ucsb.asd.spectrum.txt,0.002282,0.999788,1.000000,0.001084,0.986707,1.000000,0.001659,0.999874,1.000000,0.000275,1.000000,0.000000,0.000346,1.000000,0.000000
"Ceanothus megacarpus 2 (VH214)",VH214,becknic,vegetation,vegetation.shrub.ceanothus.megacarpus.vswir.vh214.ucsb.asd.spectrum.txt,0.002840,0.999620,1.000000,0.000752,0.992532,1.000000,0.001589,0.999876,1.000000,0.000286,1.000000,0.000000,0.000354,1.000000,0.000000
"Ceanothus megacarpus 3 (VH215)",VH215,becknic,vegetation,vegetation.shrub.ceanothus.megacarpus.vswir.vh215.ucsb.asd.spectrum.txt,0.002779,0.999639,1.000000,0.000684,0.993898,1.000000,0.001407,0.999905,1.000000,0.000221,1.000000,0.000000,0.000333,1.000000,0.000000
"Ceanothus megacarpus 3 (VH216)",VH216,becknic,vegetation,vegetation.shrub.ceanothus.megacarpus.vswir.vh216.ucsb.asd.spectrum.txt,0.003277,0.999479,1.000000,0.001040,0.991889,1.000000,0.001816,0.999808,1.000000,0.000478,1.000000,0.000000,0.000368,1.000000,0.000000
"Ceanothus spinosus 1 (VH007)",VH007,becknic,vegetation,vegetation.shrub.ceanothus.spinosus.tir.vh007.ucsb.nicolet.spectrum.txt,0.000232,1.000000,0.000000,0.000181,1.000000,0.000000,0.000301,1.000000,0.000000,0.002483,0.694026,0.999750,0.001354,0.974648,1.000000
"Ceanothus spinosus 1 (VH008)",VH008,becknic,vegetation,vegetation.shrub.ceanothus.spinosus.tir.vh008.ucsb.nicolet.spectrum.txt,0.000275,1.000000,0.000000,0.000197,1.000000,0.000000,0.000340,1.000000,0.000000,0.002556,0.620083,0.999750,0.001784,0.940322,1.000000
"Ceanothus spinosus 2 (VH009)",VH009,becknic,vegetation,vegetation.shrub.ceanothus.spinosus.tir.vh009.ucsb.nicolet.spectrum.txt,0.000158,1.000000,0.000000,0.000126,1.000000,0.000000,0.000197,1.000000,0.000000,0.002501,0.688721,0.999750,0.001215,0.985660,1.000000
"Ceanothus spinosus 2 (VH010)",VH010,becknic,vegetation,vegetation.shrub.ceanothus.spinosus.tir.vh010.ucsb.nicolet.spectrum.txt,0.000179,1.000000,0.000000,0.000143,1.000000,0.000000,0.000227,1.000000,0.000000,0.002963,0.693045,0.999750,0.001651,0.978278,1.000000
"Ceanothus spinosus 3 (VH011)",VH011,becknic,vegetation,vegetation.shrub.ceanothus.spinosus.tir.vh011.ucsb.nicolet.spectrum.txt,0.000338,1.000000,0.000000,0.000214,1.000000,0.000000,0.000369,1.000000,0.000000,0.004447,0.810344,0.999750,0.001550,0.991084,1.000000
"Ceanothus spinosus 3 (VH012)",VH012,becknic,vegetation,vegetation.shrub.ceanothus.spinosus.tir.vh012.ucsb.nicolet.spectrum.txt,0.000229,1.000000,0.000000,0.000179,1.000000,0.000000,0.000296,1.000000,0.000000,0.001934,0.730481,0.999750,0.001262,0.971246,1.000000
"Ceanothus spinosus 1 (VH127)",VH127,becknic,vegetation,vegetation.shrub.ceanothus.spinosus.tir.vh127.ucsb.nicolet.spectrum.txt,0.000262,1.000000,0.000000,0.000194,1.000000,0.000000,0.000333,1.000000,0.000000,0.002490,0.739005,0.999750,0.001363,0.971963,1.000000
"Ceanothus spinosus 1 (VH128)",VH128,becknic,vegetation,vegetation.shrub.ceanothus.spinosus.tir.vh128.ucsb.nicolet.spectrum.txt,0.000167,1.000000,0.000000,0.000133,1.000000,0.000000,0.000207,1.000000,0.000000,0.002631,0.656536,0.999750,0.001148,0.968484,1.000000
"Ceanothus spinosus 2 (VH129)",VH129,becknic,vegetation,vegetation.shrub.ceanothus.spinosus.tir.vh129.ucsb.nicolet.spectrum.txt,0.000253,1.000000,0.000000,0.000190,1.000000,0.000000,0.000325,1.000000,0.000000,0.002247,0.649269,0.999750,0.001397,0.974200,1.000000
"Ceanothus spinosus 2 (VH130)",VH130,becknic,vegetation,vegetation.shrub.ceanothus.spinosus.tir.vh130.ucsb.nicolet.spectrum.txt,0.000230,1.000000,0.000000,0.000180,1.000000,0.000000,0.000298,1.000000,0.000000,0.002933,0.763108,0.999750,0.001678,0.978614,1.000000
"Ceanothus spinosus 3 (VH131)",VH131,becknic,vegetation,vegetation.shrub.ceanothus.spinosus.tir.vh131.ucsb.nicolet.spectrum.txt,0.000193,1.000000,0.000000,0.000155,1.000000,0.000000,0.000250,1.000000,0.000000,0.002456,0.793899,0.999750,0.001428,0.976780,1.000000
"Ceanothus spinosus 3 (VH132)",VH132,becknic,vegetation,vegetation.shrub.ceanothus.spinosus.tir.vh132.ucsb.nicolet.spectrum.txt,0.000232,1.000000,0.000000,0.000181,1.000000,0.000000,0.000300,1.000000,0.000000,0.002956,0.751355,0.999750,0.001384,0.985202,1.000000
"Ceanothus spinosus 1 (VH199)",VH199,becknic,vegetation,vegetation.shrub.ceanothus.spinosus.tir.vh199.ucsb.nicolet.spectrum.txt,0.000233,1.000000,0.000000,0.000181,1.000000,0.000000,0.000302,1.000000,0.000000,0.003456,0.716478,0.999750,0.001862,0.958553,1.000000
"Ceanothus spinosus 1 (VH200)",VH200,becknic,vegetation,vegetation.shrub.ceanothus.spinosus.tir.vh200.ucsb.nicolet.spectrum.txt,0.000306,1.000000,0.000000,0.000206,1.000000,0.000000,0.000354,1.000000,0.000000,0.003676,0.669872,0.999750,0.001712,0.951336,1.000000
"Ceanothus spinosus 2 (VH201)",VH201,becknic,vegetation,vegetation.shrub.ceanothus.spinosus.tir.vh201.ucsb.nicolet.spectrum.txt,0.000189,1.000000,0.000000,0.000152,1.000000,0.000000,0.000243,1.000000,0.000000,0.004074,0.525549,0.999750,0.001566,0.954784,1.000000
"Ceanothus spinosus 2 (VH202)",VH202,becknic,vegetation,vegetation.shrub.ceanothus.spinosus.tir.vh202.ucsb.nicolet.spectrum.txt,0.000186,1.000000,0.000000,0.000149,1.000000,0.000000,0.000237,1.000000,0.000000,0.003292,0.603486,0.999750,0.001487,0.968157,1.000000
"Ceanothus spinosus 3 (VH203)",VH203,becknic,vegetation,vegetation.shrub.ceanothus.spinosus.tir.vh203.ucsb.nicolet.spectrum.txt,0.000439,1.000000,0.000000,0.000233,1.000000,0.000000,0.000418,1.000000,0.000000,0.003593,0.917858,0.999750,0.001523,0.956610,1.000000
"Ceanothus spinosus 3 (VH204)",VH204,becknic,vegetation,vegetation.shrub.ceanothus.spinosus.tir.vh204.ucsb.nicolet.spectrum.txt,0.000443,1.000000,0.000000,0.000234,1.000000,0.000000,0.000420,1.000000,0.000000,0.003548,0.922284,0.999750,0.001770,0.943136,1.000000
"Ceanothus spinosus 1 (VH007)",VH007,becknic,vegetation,vegetation.shrub.ceanothus.spinosus.vswir.vh007.ucsb.asd.spectrum.txt,0.001764,0.999776,1.000000,0.000571,0.988581,1.000000,0.000924,0.999942,1.000000,0.000217,1.000000,0.000000,0.000334,1.000000,0.000000
"Ceanothus spinosus 1 (VH008)",VH008,becknic,vegetation,vegetation.shrub.ceanothus.spinosus.vswir.vh008.ucsb.asd.spectrum.txt,0.001142,0.999832,1.000000,0.001291,0.896924,1.000000,0.000716,0.999931,1.000000,0.000216,1.000000,0.000000,0.000325,1.000000,0.000000
"Ceanothus spinosus 2 (VH009)",VH009,becknic,vegetation,vegetation.shrub.ceanothus.spinosus.vswir.vh009.ucsb.asd.spectrum.txt,0.001852,0.999709,1.000000,0.001278,0.933172,1.000000,0.000908,0.999931,1.000000,0.000268,1.000000,0.000000,0.000344,1.000000,0.000000
"Ceanothus spinosus 2 (VH010)",VH010,becknic,vegetation,vegetation.shrub.ceanothus.spinosus.vswir.vh010.ucsb.asd.spectrum.txt,0.001995,0.999709,1.000000,0.001311,0.930764,1.000000,0.001072,0.999917,1.000000,0.000248,1.000000,0.000000,0.000263,1.000000,0.000000
"Ceanothus spinosus 3 (VH011)",VH011,becknic,vegetation,vegetation.shrub.ceanothus.spinosus.vswir.vh011.ucsb.asd.spectrum.txt,0.001466,0.999834,1.000000,0.000679,0.978976,1.000000,0.000869,0.999944,1.000000,0.000489,1.000000,0.000000,0.000392,1.000000,0.000000
"Ceanothus spinosus 3 (VH012)",VH012,becknic,vegetation,vegetation.shrub.ceanothus.spinosus.vswir.vh012.ucsb.asd.spectrum.txt,0.001473,0.999850,1.000000,0.001137,0.957996,1.000000,0.001087,0.999919,1.000000,0.000302,1.000000,0.000000,0.000361,1.000000,0.000000
"Ceanothus spinosus 1 (VH127)",VH127,becknic,vegetation,vegetation.shrub.ceanothus.spinosus.vswir.vh127.ucsb.asd.spectrum.txt,0.001574,0.999882,1.000000,0.000744,0.982235,1.000000,0.000866,0.999965,1.000000,0.000275,1.000000,0.000000,0.000347,1.000000,0.000000
"Ceanothus spinosus 1 (VH128)",VH128,becknic,vegetation,vegetation.shrub.ceanothus.spinosus.vswir.vh128.ucsb.asd.spectrum.txt,0.001431,0.999897,1.000000,0.000646,0.987669,1.000000,0.000958,0.999954,1.000000,0.000242,1.000000,0.000000,0.000331,1.000000,0.000000
"Ceanothus spinosus 2 (VH129)",VH129,becknic,vegetation,vegetation.shrub.ceanothus.spinosus.vswir.vh129.ucsb.asd.spectrum.txt,0.000898,0.999958,1.000000,0.000884,0.981708,1.000000,0.000825,0.999966,1.000000,0.000214,1.000000,0.000000,0.000330,1.000000,0.000000
"Ceanothus spinosus 2 (VH130)",VH130,becknic,vegetation,vegetation.shrub.ceanothus.spinosus.vswir.vh130.ucsb.asd.spectrum.txt,0.001350,0.999880,1.000000,0.000555,0.990267,1.000000,0.000935,0.999940,1.000000,0.000260,1.000000,0.000000,0.000341,1.000000,0.000000
"Ceanothus spinosus 3 (VH131)",VH131,becknic,vegetation,vegetation.shrub.ceanothus.spinosus.vswir.vh131.ucsb.asd.spectrum.txt,0.001141,0.999937,1.000000,0.001206,0.947669,1.000000,0.000912,0.999959,1.000000,0.000489,1.000000,0.000000,0.000389,1.000000,0.000000
"Ceanothus spinosus 3 (VH132)",VH132,becknic,vegetation,vegetation.shrub.ceanothus.spinosus.vswir.vh132.ucsb.asd.spectrum.txt,0.001324,0.999899,1.000000,0.000831,0.974270,1.000000,0.000744,0.999967,1.000000,0.000278,1.000000,0.000000,0.000350,1.000000,0.000000
"Ceanothus spinosus 1 (VH199)",VH199,becknic,vegetation,vegetation.shrub.ceanothus.spinosus.vswir.vh199.ucsb.asd.spectrum.txt,0.002472,0.999585,1.000000,0.000381,0.992541,1.000000,0.001227,0.999854,1.000000,0.000533,1.000000,0.000000,0.000513,1.000000,0.000000
"Ceanothus spinosus 1 (VH200)",VH200,becknic,vegetation,vegetation.shrub.ceanothus.spinosus.vswir.vh200.ucsb.asd.spectrum.txt,0.002220,0.999702,1.000000,0.000732,0.980842,1.000000,0.001099,0.999915,1.000000,0.000497,1.000000,0.000000,0.000432,1.000000,0.000000
"Ceanothus spinosus 2 (VH201)",VH201,becknic,vegetation,vegetation.shrub.ceanothus.spinosus.vswir.vh201.ucsb.asd.spectrum.txt,0.001829,0.999802,1.000000,0.000879,0.980682,1.000000,0.000947,0.999943,1.000000,0.000291,1.000000,0.000000,0.000356,1.000000,0.000000
"Ceanothus spinosus 2 (VH202)",VH202,becknic,vegetation,vegetation.shrub.ceanothus.spinosus.vswir.vh202.ucsb.asd.spectrum.txt,0.002211,0.999710,1.000000,0.000409,0.991148,1.000000,0.001373,0.999892,1.000000,0.000410,1.000000,0.000000,0.000390,1.000000,0.000000
"Ceanothus spinosus 3 (VH203)",VH203,becknic,vegetation,vegetation.shrub.ceanothus.spinosus.vswir.vh203.ucsb.asd.spectrum.txt,0.002323,0.999700,1.000000,0.000652,0.978407,1.000000,0.001490,0.999854,1.000000,0.000454,1.000000,0.000000,0.000526,1.000000,0.000000
"Ceanothus spinosus 3 (VH204)",VH204,becknic,vegetation,vegetation.shrub.ceanothus.spinosus.vswir.vh204.ucsb.asd.spectrum.txt,0.002256,0.999731,1.000000,0.000859,0.956433,1.000000,0.001294,0.999907,1.000000,0.000444,1.000000,0.000000,0.000386,1.000000,0.000000
"Gasteria acinacifolia (JPL143)",JPL143,becknic,vegetation,vegetation.shrub.gasteria.acinacifolia.vswir.jpl143.jpl.asd.spectrum.txt,0.002555,0.999442,1.000000,0.001224,0.982494,1.000000,0.000828,0.999936,1.000000,0.000222,1.000000,0.000000,0.000310,1.000000,0.000000
"Heteromeles arbutifolia 1 (VH013)",VH013,becknic,vegetation,vegetation.shrub.heteromeles.arbutifolia.tir.vh013.ucsb.nicolet.spectrum.txt,0.000193,1.000000,0.000000,0.000156,1.000000,0.000000,0.000250,1.000000,0.000000,0.002475,0.758816,0.999750,0.001164,0.899306,1.000000
"Heteromeles arbutifolia 1 (VH014)",VH014,becknic,vegetation,vegetation.shrub.heteromeles.arbutifolia.tir.vh014.ucsb.nicolet.spectrum.txt,0.000186,1.000000,0.000000,0.000149,1.000000,0.000000,0.000238,1.000000,0.000000,0.002405,0.748591,0.999750,0.000999,0.909606,1.000000
"Heteromeles arbutifolia 2 (VH015)",VH015,becknic,vegetation,vegetation.shrub.heteromeles.arbutifolia.tir.vh015.ucsb.nicolet.spectrum.txt,0.000186,1.000000,0.000000,0.000149,1.000000,0.000000,0.000238,1.000000,0.000000,0.002706,0.691310,0.999750,0.001699,0.892480,1.000000
"Heteromeles arbutifolia 2 (VH016)",VH016,becknic,vegetation,vegetation.shrub.heteromeles.arbutifolia.tir.vh016.ucsb.nicolet.spectrum.txt,0.000187,1.000000,0.000000,0.000150,1.000000,0.000000,0.000239,1.000000,0.000000,0.002042,0.735043,0.999750,0.000944,0.915380,1.000000
"Heteromeles arbutifolia 3 (VH017)",VH017,becknic,vegetation,vegetation.shrub.heteromeles.arbutifolia.tir.vh017.ucsb.nicolet.spectrum.txt,0.000184,1.000000,0.000000,0.000147,1.000000,0.000000,0.000235,1.000000,0.000000,0.002525,0.713917,0.999750,0.001082,0.858475,1.000000
"Heteromeles arbutifolia 3 (VH018)",VH018,becknic,vegetation,vegetation.shrub.heteromeles.arbutifolia.tir.vh018.ucsb.nicolet.spectrum.txt,0.000247,1.000000,0.000000,0.000187,1.000000,0.000000,0.000319,1.000000,0.000000,0.002668,0.721938,0.999750,0.001149,0.977148,1.000000
"Heteromeles arbutifolia 1 (VH133)",VH133,becknic,vegetation,vegetation.shrub.heteromeles.arbutifolia.tir.vh133.ucsb.nicolet.spectrum.txt,0.000223,1.000000,0.000000,0.000176,1.000000,0.000000,0.000290,1.000000,0.000000,0.003299,0.684452,0.999750,0.001202,0.938745,1.000000
"Heteromeles arbutifolia 1 (VH134)",VH134,becknic,vegetation,vegetation.shrub.heteromeles.arbutifolia.tir.vh134.ucsb.nicolet.spectrum.txt,0.000175,1.000000,0.000000,0.000139,1.000000,0.000000,0.000220,1.000000,0.000000,0.002986,0.653195,0.999750,0.001176,0.884302,1.000000
"Heteromeles arbutifolia 2 (VH135)",VH135,becknic,vegetation,vegetation.shrub.heteromeles.arbutifolia.tir.vh135.ucsb.nicolet.spectrum.txt,0.000187,1.000000,0.000000,0.000150,1.000000,0.000000,0.000239,1.000000,0.000000,0.002975,0.664286,0.999750,0.001233,0.882389,1.000000
"Heteromeles arbutifolia 2 (VH136)",VH136,becknic,vegetation,vegetation.shrub.heteromeles.arbutifolia.tir.vh136.ucsb.nicolet.spectrum.txt,0.000210,1.000000,0.000000,0.000169,1.000000,0.000000,0.000274,1.000000,0.000000,0.002954,0.625770,0.999750,0.001466,0.982931,1.000000
"Heteromeles arbutifolia 3 (VH137)",VH137,becknic,vegetation,vegetation.shrub.heteromeles.arbutifolia.tir.vh137.ucsb.nicolet.spectrum.txt,0.000177,1.000000,0.000000,0.000141,1.000000,0.000000,0.000223,1.000000,0.000000,0.002615,0.686480,0.999750,0.001641,0.806960,1.000000
"Heteromeles arbutifolia 3 (VH138)",VH138,becknic,vegetation,vegetation.shrub.heteromeles.arbutifolia.tir.vh138.ucsb.nicolet.spectrum.txt,0.000094,1.000000,0.000000,0.000074,1.000000,0.000000,0.000116,1.000000,0.000000,0.001964,0.941071,0.999750,0.000550,0.995773,1.000000
"Heteromeles arbutifolia 1 (VH205)",VH205,becknic,vegetation,vegetation.shrub.heteromeles.arbutifolia.tir.vh205.ucsb.nicolet.spectrum.txt,0.000178,1.000000,0.000000,0.000142,1.000000,0.000000,0.000224,1.000000,0.000000,0.004124,0.521391,0.999750,0.001464,0.839766,1.000000
"Heteromeles arbutifolia 1 (VH206)",VH206,becknic,vegetation,vegetation.shrub.heteromeles.arbutifolia.tir.vh206.ucsb.nicolet.spectrum.txt,0.000172,1.000000,0.000000,0.000137,1.000000,0.000000,0.000215,1.000000,0.000000,0.003491,0.584400,0.999750,0.001393,0.849383,1.000000
"Heteromeles arbutifolia 2 (VH207)",VH207,becknic,vegetation,vegetation.shrub.heteromeles.arbutifolia.tir.vh207.ucsb.nicolet.spectrum.txt,0.000179,1.000000,0.000000,0.000143,1.000000,0.000000,0.000227,1.000000,0.000000,0.003503,0.565791,0.999750,0.001394,0.844856,1.000000
"Heteromeles arbutifolia 2 (VH208)",VH208,becknic,vegetation,vegetation.shrub.heteromeles.arbutifolia.tir.vh208.ucsb.nicolet.spectrum.txt,0.000207,1.000000,0.000000,0.000167,1.000000,0.000000,0.000270,1.000000,0.000000,0.003698,0.700531,0.999750,0.001483,0.952283,1.000000
"Heteromeles arbutifolia 3 (VH209)",VH209,becknic,vegetation,vegetation.shrub.heteromeles.arbutifolia.tir.vh209.ucsb.nicolet.spectrum.txt,0.000186,1.000000,0.000000,0.000149,1.000000,0.000000,0.000237,1.000000,0.000000,0.003330,0.635399,0.999750,0.001561,0.931782,1.000000
"Heteromeles arbutifolia 3 (VH210)",VH210,becknic,vegetation,vegetation.shrub.heteromeles.arbutifolia.tir.vh210.ucsb.nicolet.spectrum.txt,0.000198,1.000000,0.000000,0.000160,1.000000,0.000000,0.000259,1.000000,0.000000,0.003811,0.642015,0.999750,0.001522,0.903234,1.000000
"Heteromeles arbutifolia 1 (VH013)",VH013,becknic,vegetation,vegetation.shrub.heteromeles.arbutifolia.vswir.vh013.ucsb.asd.spectrum.txt,0.002146,0.999545,1.000000,0.000448,0.981855,1.000000,0.000885,0.999924,1.000000,0.000245,1.000000,0.000000,0.000249,1.000000,0.000000
"Heteromeles arbutifolia 1 (VH014)",VH014,becknic,vegetation,vegetation.shrub.heteromeles.arbutifolia.vswir.vh014.ucsb.asd.spectrum.txt,0.002244,0.999675,1.000000,0.000769,0.968753,1.000000,0.001100,0.999915,1.000000,0.000270,1.000000,0.000000,0.000344,1.000000,0.000000
"Heteromeles arbutifolia 2 (VH015)",VH015,becknic,vegetation,vegetation.shrub.heteromeles.arbutifolia.vswir.vh015.ucsb.asd.spectrum.txt,0.002172,0.999576,1.000000,0.000529,0.981009,1.000000,0.000804,0.999934,1.000000,0.000249,1.000000,0.000000,0.000336,1.000000,0.000000
"Heteromeles arbutifolia 2 (VH016)",VH016,becknic,vegetation,vegetation.shrub.heteromeles.arbutifolia.vswir.vh016.ucsb.asd.spectrum.txt,0.002192,0.999661,1.000000,0.000468,0.986162,1.000000,0.000776,0.999955,1.000000,0.000262,1.000000,0.000000,0.000342,1.000000,0.000000
"Heteromeles arbutifolia 3 (VH017)",VH017,becknic,vegetation,vegetation.shrub.heteromeles.arbutifolia.vswir.vh017.ucsb.asd.spectrum.txt,0.002834,0.998940,1.000000,0.000586,0.978467,1.000000,0.001303,0.999769,1.000000,0.000094,1.000000,0.000000,0.000102,1.000000,0.000000
"Heteromeles arbutifolia 3 (VH018)",VH018,becknic,vegetation,vegetation.shrub.heteromeles.arbutifolia.vswir.vh018.ucsb.asd.spectrum.txt,0.002565,0.999674,1.000000,0.000795,0.978095,1.000000,0.001054,0.999941,1.000000,0.000301,1.000000,0.000000,0.000360,1.000000,0.000000
"Heteromeles arbutifolia 1 (VH133)",VH133,becknic,vegetation,vegetation.shrub.heteromeles.arbutifolia.vswir.vh133.ucsb.asd.spectrum.txt,0.002583,0.999616,1.000000,0.000453,0.990770,1.000000,0.000974,0.999941,1.000000,0.000215,1.000000,0.000000,0.000331,1.000000,0.000000
"Heteromeles arbutifolia 1 (VH134)",VH134,becknic,vegetation,vegetation.shrub.heteromeles.arbutifolia.vswir.vh134.ucsb.asd.spectrum.txt,0.002384,0.999711,1.000000,0.001046,0.975796,1.000000,0.000926,0.999958,1.000000,0.000275,1.000000,0.000000,0.000345,1.000000,0.000000
"Heteromeles arbutifolia 2 (VH135)",VH135,becknic,vegetation,vegetation.shrub.heteromeles.arbutifolia.vswir.vh135.ucsb.asd.spectrum.txt,0.002198,0.999807,1.000000,0.000422,0.997446,1.000000,0.000651,0.999982,1.000000,0.000280,1.000000,0.000000,0.000351,1.000000,0.000000
"Heteromeles arbutifolia 2 (VH136)",VH136,becknic,vegetation,vegetation.shrub.heteromeles.arbutifolia.vswir.vh136.ucsb.asd.spectrum.txt,0.002439,0.999659,1.000000,0.000532,0.989121,1.000000,0.001138,0.999916,1.000000,0.000469,1.000000,0.000000,0.000376,1.000000,0.000000
"Heteromeles arbutifolia 3 (VH137)",VH137,becknic,vegetation,vegetation.shrub.heteromeles.arbutifolia.vswir.vh137.ucsb.asd.spectrum.txt,0.002345,0.999679,1.000000,0.000537,0.985520,1.000000,0.001147,0.999922,1.000000,0.000213,1.000000,0.000000,0.000328,1.000000,0.000000
"Heteromeles arbutifolia 3 (VH138)",VH138,becknic,vegetation,vegetation.shrub.heteromeles.arbutifolia.vswir.vh138.ucsb.asd.spectrum.txt,0.002412,0.999734,1.000000,0.000749,0.989461,1.000000,0.000755,0.999971,1.000000,0.000237,1.000000,0.000000,0.000330,1.000000,0.000000
"Heteromeles arbutifolia 1 (VH205)",VH205,becknic,vegetation,vegetation.shrub.heteromeles.arbutifolia.vswir.vh205.ucsb.asd.spectrum.txt,0.003372,0.999613,1.000000,0.001025,0.981873,1.000000,0.001251,0.999941,1.000000,0.000492,1.000000,0.000000,0.000410,1.000000,0.000000
"Heteromeles arbutifolia 1 (VH206)",VH206,becknic,vegetation,vegetation.shrub.heteromeles.arbutifolia.vswir.vh206.ucsb.asd.spectrum.txt,0.003141,0.999608,1.000000,0.000860,0.984998,1.000000,0.001400,0.999918,1.000000,0.000514,1.000000,0.000000,0.000487,1.000000,0.000000
"Heteromeles arbutifolia 2 (VH207)",VH207,becknic,vegetation,vegetation.shrub.heteromeles.arbutifolia.vswir.vh207.ucsb.asd.spectrum.txt,0.003181,0.999625,1.000000,0.000798,0.986428,1.000000,0.001352,0.999911,1.000000,0.000640,1.000000,0.000000,0.000570,1.000000,0.000000
"Heteromeles arbutifolia 2 (VH208)",VH208,becknic,vegetation,vegetation.shrub.heteromeles.arbutifolia.vswir.vh208.ucsb.asd.spectrum.txt,0.003614,0.999506,1.000000,0.001537,0.932348,1.000000,0.001856,0.999828,1.000000,0.000368,1.000000,0.000000,0.000547,1.000000,0.000000
"Heteromeles arbutifolia 3 (VH209)",VH209,becknic,vegetation,vegetation.shrub.heteromeles.arbutifolia.vswir.vh209.ucsb.asd.spectrum.txt,0.003151,0.999658,1.000000,0.001092,0.973055,1.000000,0.001263,0.999938,1.000000,0.000489,1.000000,0.000000,0.000385,1.000000,0.000000
"Heteromeles arbutifolia 3 (VH210)",VH210,becknic,vegetation,vegetation.shrub.heteromeles.arbutifolia.vswir.vh210.ucsb.asd.spectrum.txt,0.002251,0.999800,1.000000,0.001220,0.945083,1.000000,0.001475,0.999911,1.000000,0.000497,1.000000,0.000000,0.000432,1.000000,0.000000
"Juniperus chinensis (JPL097)",JPL097,becknic,vegetation,vegetation.shrub.juniperus.chinensis.tir.jpl097.jpl.nicolet.spectrum.txt,0.000116,1.000000,0.000000,0.000092,1.000000,0.000000,0.000144,1.000000,0.000000,0.000912,0.913657,0.999750,0.001243,0.372415,1.000000
"Juniperus chinensis (JPL098)",JPL098,becknic,vegetation,vegetation.shrub.juniperus.chinensis.tir.jpl098.jpl.nicolet.spectrum.txt,0.000247,1.000000,0.000000,0.000188,1.000000,0.000000,0.000319,1.000000,0.000000,0.000729,0.956627,0.999750,0.000853,0.686575,1.000000
"Juniperus chinensis (JPL097)",JPL097,becknic,vegetation,vegetation.shrub.juniperus.chinensis.vswir.jpl097.jpl.asd.spectrum.txt,0.002397,0.999561,1.000000,0.001405,0.982964,1.000000,0.001564,0.999791,1.000000,0.000246,1.000000,0.000000,0.000250,1.000000,0.000000
"Juniperus chinensis (JPL098)",JPL098,becknic,vegetation,vegetation.shrub.juniperus.chinensis.vswir.jpl098.jpl.asd.spectrum.txt,0.002560,0.999386,1.000000,0.001092,0.988267,1.000000,0.001189,0.999852,1.000000,0.000241,1.000000,0.000000,0.000275,1.000000,0.000000
"Portulacaria afra (JPL064)",JPL064,becknic,vegetation,vegetation.shrub.portulacaria.afra.tir.jpl064.jpl.nicolet.spectrum.txt,0.000136,1.000000,0.000000,0.000108,1.000000,0.000000,0.000169,1.000000,0.000000,0.001988,0.616453,0.999750,0.000773,0.972500,1.000000
"Portulacaria afra (JPL064)",JPL064,becknic,vegetation,vegetation.shrub.portulacaria.afra.vswir.jpl064.jpl.asd.spectrum.txt,0.002037,0.999731,1.000000,0.003906,0.986221,1.000000,0.004450,0.997070,1.000000,0.000227,1.000000,0.000000,0.000294,1.000000,0.000000
"Portulacaria afra 'Low Form' (JPL065)",JPL065,becknic,vegetation,vegetation.shrub.portulacaria.afra_lowform.tir.jpl065.jpl.nicolet.spectrum.txt,0.000100,1.000000,0.000000,0.000079,1.000000,0.000000,0.000124,1.000000,0.000000,0.001574,0.755172,0.999750,0.000735,0.983821,1.000000
"Portulacaria afra 'Low Form' (JPL065)",JPL065,becknic,vegetation,vegetation.shrub.portulacaria.afra_lowform.vswir.jpl065.jpl.asd.spectrum.txt,0.001961,0.999732,1.000000,0.003366,0.987019,1.000000,0.002931,0.998675,1.000000,0.000265,1.000000,0.000000,0.000343,1.000000,0.000000
"Portulacaria afra 'Variegata' (JPL066)",JPL066,becknic,vegetation,vegetation.shrub.portulacaria.afra_variegata.tir.jpl066.jpl.nicolet.spectrum.txt,0.000214,1.000000,0.000000,0.000171,1.000000,0.000000,0.000279,1.000000,0.000000,0.001873,0.728822,0.999750,0.000813,0.954762,1.000000
"Portulacaria afra 'Variegata' (JPL066)",JPL066,becknic,vegetation,vegetation.shrub.portulacaria.afra_variegata.vswir.jpl066.jpl.asd.spectrum.txt,0.006066,0.997008,1.000000,0.003587,0.976312,1.000000,0.001990,0.999401,1.000000,0.000232,1.000000,0.000000,0.000286,1.000000,0.000000
"Puya venusta (JPL078)",JPL078,becknic,vegetation,vegetation.shrub.puya.venusta.tir.jpl078.jpl.nicolet.spectrum.txt,0.000301,1.000000,0.000000,0.000204,1.000000,0.000000,0.000352,1.000000,0.000000,0.001389,0.973885,0.999750,0.001005,0.984399,1.000000
"Puya venusta (JPL079)",JPL079,becknic,vegetation,vegetation.shrub.puya.venusta.tir.jpl079.jpl.nicolet.spectrum.txt,0.000448,1.000000,0.000000,0.000261,1.000000,0.000000,0.000476,1.000000,0.000000,0.002201,0.954772,0.999750,0.001048,0.985534,1.000000
"Puya venusta (JPL080)",JPL080,becknic,vegetation,vegetation.shrub.puya.venusta.tir.jpl080.jpl.nicolet.spectrum.txt,0.000198,1.000000,0.000000,0.000160,1.000000,0.000000,0.000258,1.000000,0.000000,0.001329,0.965985,0.999750,0.000930,0.959380,1.000000
"Puya venusta (JPL081)",JPL081,becknic,vegetation,vegetation.shrub.puya.venusta.tir.jpl081.jpl.nicolet.spectrum.txt,0.000243,1.000000,0.000000,0.000186,1.000000,0.000000,0.000314,1.000000,0.000000,0.001192,0.983146,0.999750,0.000829,0.969535,1.000000
"Puya venusta (JPL078)",JPL078,becknic,vegetation,vegetation.shrub.puya.venusta.vswir.jpl078.jpl.asd.spectrum.txt,0.002656,0.999321,1.000000,0.003135,0.986178,1.000000,0.002837,0.998720,1.000000,0.000514,1.000000,0.000000,0.000485,1.000000,0.000000
"Puya venusta (JPL079)",JPL079,becknic,vegetation,vegetation.shrub.puya.venusta.vswir.jpl079.jpl.asd.spectrum.txt,0.002946,0.999280,1.000000,0.003638,0.986454,1.000000,0.003079,0.998624,1.000000,0.000490,1.000000,0.000000,0.000396,1.000000,0.000000
"Puya venusta (JPL080)",JPL080,becknic,vegetation,vegetation.shrub.puya.venusta.vswir.jpl080.jpl.asd.spectrum.txt,0.003207,0.998849,1.000000,0.004138,0.976397,1.000000,0.002547,0.998678,1.000000,0.000458,1.000000,0.000000,0.000385,1.000000,0.000000
"Puya venusta (JPL081)",JPL081,becknic,vegetation,vegetation.shrub.puya.venusta.vswir.jpl081.jpl.asd.spectrum.txt,0.003106,0.998819,1.000000,0.002197,0.991071,1.000000,0.002115,0.999209,1.000000,0.000376,1.000000,0.000000,0.000386,1.000000,0.000000
"Salvia leucophylla 1 (VH091)",VH091,becknic,vegetation,vegetation.shrub.salvia.leucophylla.tir.vh091.ucsb.nicolet.spectrum.txt,0.000327,1.000000,0.000000,0.000320,1.000000,0.000000,0.000590,1.000000,0.000000,0.002558,0.989598,0.999750,0.001762,0.964218,1.000000
"Salvia leucophylla 1 (VH092)",VH092,becknic,vegetation,vegetation.shrub.salvia.leucophylla.tir.vh092.ucsb.nicolet.spectrum.txt,0.000494,1.000000,0.000000,0.000454,1.000000,0.000000,0.000700,1.000000,0.000000,0.005590,0.991541,0.999750,0.003105,0.966235,1.000000
"Salvia leucophylla 2 (VH093)",VH093,becknic,vegetation,vegetation.shrub.salvia.leucophylla.tir.vh093.ucsb.nicolet.spectrum.txt,0.000367,1.000000,0.000000,0.000333,1.000000,0.000000,0.000625,1.000000,0.000000,0.002420,0.988392,0.999750,0.001504,0.963608,1.000000
"Salvia leucophylla 2 (VH094)",VH094,becknic,vegetation,vegetation.shrub.salvia.leucophylla.tir.vh094.ucsb.nicolet.spectrum.txt,0.000493,1.000000,0.000000,0.000389,1.000000,0.000000,0.000622,1.000000,0.000000,0.004626,0.989059,0.999750,0.002882,0.965605,1.000000
"Salvia leucophylla 3 (VH095)",VH095,becknic,vegetation,vegetation.shrub.salvia.leucophylla.tir.vh095.ucsb.nicolet.spectrum.txt,0.000434,1.000000,0.000000,0.000350,1.000000,0.000000,0.000633,1.000000,0.000000,0.002475,0.989662,0.999750,0.001753,0.969428,1.000000
"Salvia leucophylla 3 (VH096)",VH096,becknic,vegetation,vegetation.shrub.salvia.leucophylla.tir.vh096.ucsb.nicolet.spectrum.txt,0.000489,1.000000,0.000000,0.000676,1.000000,0.000000,0.000822,1.000000,0.000000,0.004073,0.992563,0.999750,0.002456,0.969165,1.000000
"Salvia leucophylla 1 (VH187)",VH187,becknic,vegetation,vegetation.shrub.salvia.leucophylla.tir.vh187.ucsb.nicolet.spectrum.txt,0.000510,1.000000,0.000000,0.000382,1.000000,0.000000,0.000613,1.000000,0.000000,0.003538,0.990940,0.999750,0.002567,0.953414,1.000000
"Salvia leucophylla 1 (VH188)",VH188,becknic,vegetation,vegetation.shrub.salvia.leucophylla.tir.vh188.ucsb.nicolet.spectrum.txt,0.000469,1.000000,0.000000,0.000516,1.000000,0.000000,0.000727,1.000000,0.000000,0.005968,0.992079,0.999750,0.003931,0.961015,1.000000
"Salvia leucophylla 2 (VH189)",VH189,becknic,vegetation,vegetation.shrub.salvia.leucophylla.tir.vh189.ucsb.nicolet.spectrum.txt,0.000507,1.000000,0.000000,0.000382,1.000000,0.000000,0.000612,1.000000,0.000000,0.002909,0.993439,0.999750,0.001844,0.973722,1.000000
"Salvia leucophylla 2 (VH190)",VH190,becknic,vegetation,vegetation.shrub.salvia.leucophylla.tir.vh190.ucsb.nicolet.spectrum.txt,0.000494,1.000000,0.000000,0.000449,1.000000,0.000000,0.000698,1.000000,0.000000,0.004817,0.992425,0.999750,0.003211,0.964510,1.000000
"Salvia leucophylla 3 (VH191)",VH191,becknic,vegetation,vegetation.shrub.salvia.leucophylla.tir.vh191.ucsb.nicolet.spectrum.txt,0.000491,1.000000,0.000000,0.000391,1.000000,0.000000,0.000631,1.000000,0.000000,0.003135,0.993311,0.999750,0.002156,0.960596,1.000000
"Salvia leucophylla 3 (VH192)",VH192,becknic,vegetation,vegetation.shrub.salvia.leucophylla.tir.vh192.ucsb.nicolet.spectrum.txt,0.000491,1.000000,0.000000,0.000468,1.000000,0.000000,0.000706,1.000000,0.000000,0.004186,0.994028,0.999750,0.003066,0.960773,1.000000
"Salvia leucophylla 1 (VH287)",VH287,becknic,vegetation,vegetation.shrub.salvia.leucophylla.tir.vh287.ucsb.nicolet.spectrum.txt,0.000453,1.000000,0.000000,0.000558,1.000000,0.000000,0.000749,1.000000,0.000000,0.003388,0.996605,0.999750,0.002511,0.958190,1.000000
"Salvia leucophylla 2 (VH288)",VH288,becknic,vegetation,vegetation.shrub.salvia.leucophylla.tir.vh288.ucsb.nicolet.spectrum.txt,0.000497,1.000000,0.000000,0.000915,1.000000,0.000000,0.001099,0.000000,0.000000,0.003254,0.996814,0.999750,0.002530,0.963473,1.000000
"Salvia leucophylla 3 (VH289)",VH289,becknic,vegetation,vegetation.shrub.salvia.leucophylla.tir.vh289.ucsb.nicolet.spectrum.txt,0.000480,1.000000,0.000000,0.000493,1.000000,0.000000,0.000716,1.000000,0.000000,0.003137,0.996352,0.999750,0.002664,0.957663,1.000000
"Salvia leucophylla 1 (VH091)",VH091,becknic,vegetation,vegetation.shrub.salvia.leucophylla.vswir.vh091.ucsb.asd.spectrum.txt,0.002975,0.999487,1.000000,0.002003,0.985872,1.000000,0.001483,0.999887,1.000000,0.000481,1.000000,0.000000,0.000370,1.000000,0.000000
"Salvia leucophylla 1 (VH092)",VH092,becknic,vegetation,vegetation.shrub.salvia.leucophylla.vswir.vh092.ucsb.asd.spectrum.txt,0.003129,0.999159,1.000000,0.000801,0.993153,1.000000,0.001563,0.999783,1.000000,0.000377,1.000000,0.000000,0.000542,1.000000,0.000000
"Salvia leucophylla 2 (VH093)",VH093,becknic,vegetation,vegetation.shrub.salvia.leucophylla.vswir.vh093.ucsb.asd.spectrum.txt,0.004397,0.999054,1.000000,0.001720,0.988448,1.000000,0.001446,0.999902,1.000000,0.000416,1.000000,0.000000,0.000391,1.000000,0.000000
"Salvia leucophylla 2 (VH094)",VH094,becknic,vegetation,vegetation.shrub.salvia.leucophylla.vswir.vh094.ucsb.asd.spectrum.txt,0.004066,0.999012,1.000000,0.001451,0.991834,1.000000,0.001597,0.999868,1.000000,0.000534,1.000000,0.000000,0.000513,1.000000,0.000000
"Salvia leucophylla 3 (VH095)",VH095,becknic,vegetation,vegetation.shrub.salvia.leucophylla.vswir.vh095.ucsb.asd.spectrum.txt,0.002386,0.999657,1.000000,0.002631,0.984583,1.000000,0.001460,0.999899,1.000000,0.000372,1.000000,0.000000,0.000384,1.000000,0.000000
"Salvia leucophylla 3 (VH096)",VH096,becknic,vegetation,vegetation.shrub.salvia.leucophylla.vswir.vh096.ucsb.asd.spectrum.txt,0.002803,0.999098,1.000000,0.001888,0.987523,1.000000,0.001199,0.999867,1.000000,0.000524,1.000000,0.000000,0.000501,1.000000,0.000000
"Salvia leucophylla 1 (VH187)",VH187,becknic,vegetation,vegetation.shrub.salvia.leucophylla.vswir.vh187.ucsb.asd.spectrum.txt,0.004266,0.998559,1.000000,0.001726,0.982243,1.000000,0.001706,0.999756,1.000000,0.000525,1.000000,0.000000,0.000502,1.000000,0.000000
"Salvia leucophylla 1 (VH188)",VH188,becknic,vegetation,vegetation.shrub.salvia.leucophylla.vswir.vh188.ucsb.asd.spectrum.txt,0.003297,0.998383,1.000000,0.000736,0.995404,1.000000,0.001737,0.999466,1.000000,0.000373,1.000000,0.000000,0.000553,1.000000,0.000000
"Salvia leucophylla 2 (VH189)",VH189,becknic,vegetation,vegetation.shrub.salvia.leucophylla.vswir.vh189.ucsb.asd.spectrum.txt,0.004460,0.997850,1.000000,0.000935,0.994999,1.000000,0.001280,0.999815,1.000000,0.000490,1.000000,0.000000,0.000398,1.000000,0.000000
"Salvia leucophylla 2 (VH190)",VH190,becknic,vegetation,vegetation.shrub.salvia.leucophylla.vswir.vh190.ucsb.asd.spectrum.txt,0.002778,0.998774,1.000000,0.001141,0.994709,1.000000,0.001300,0.999759,1.000000,0.000501,1.000000,0.000000,0.000448,1.000000,0.000000
"Salvia leucophylla 3 (VH191)",VH191,becknic,vegetation,vegetation.shrub.salvia.leucophylla.vswir.vh191.ucsb.asd.spectrum.txt,0.005723,0.996732,1.000000,0.001298,0.996648,1.000000,0.001657,0.999728,1.000000,0.000486,1.000000,0.000000,0.000508,1.000000,0.000000
"Salvia leucophylla 3 (VH192)",VH192,becknic,vegetation,vegetation.shrub.salvia.leucophylla.vswir.vh192.ucsb.asd.spectrum.txt,0.003717,0.998171,1.000000,0.000907,0.998545,1.000000,0.001808,0.999607,1.000000,0.000405,1.000000,0.000000,0.000538,1.000000,0.000000
"Salvia leucophylla 1 (VH287)",VH287,becknic,vegetation,vegetation.shrub.salvia.leucophylla.vswir.vh287.ucsb.asd.spectrum.txt,0.003991,0.996880,1.000000,0.000694,0.999573,1.000000,0.002538,0.999093,1.000000,0.000465,1.000000,0.000000,0.000525,1.000000,0.000000
"Salvia leucophylla 2 (VH288)",VH288,becknic,vegetation,vegetation.shrub.salvia.leucophylla.vswir.vh288.ucsb.asd.spectrum.txt,0.005321,0.996389,1.000000,0.000882,0.999332,1.000000,0.002681,0.999183,1.000000,0.000691,1.000000,0.000000,0.000623,1.000000,0.000000
"Salvia leucophylla 3 (VH289)",VH289,becknic,vegetation,vegetation.shrub.salvia.leucophylla.vswir.vh289.ucsb.asd.spectrum.txt,0.004310,0.997977,1.000000,0.001999,0.997219,1.000000,0.003285,0.999047,1.000000,0.000620,1.000000,0.000000,0.000563,1.000000,0.000000
"Umbellularia californica 1 (VH025)",VH025,becknic,vegetation,vegetation.shrub.umbellularia.californica.tir.vh025.ucsb.nicolet.spectrum.txt,0.000202,1.000000,0.000000,0.000163,1.000000,0.000000,0.000264,1.000000,0.000000,0.003395,0.780389,0.999750,0.001354,0.954992,1.000000
"Umbellularia californica 1 (VH026)",VH026,becknic,vegetation,vegetation.shrub.umbellularia.californica.tir.vh026.ucsb.nicolet.spectrum.txt,0.000217,1.000000,0.000000,0.000173,1.000000,0.000000,0.000283,1.000000,0.000000,0.003852,0.744702,0.999750,0.001578,0.971707,1.000000
"Umbellularia californica 2 (VH027)",VH027,becknic,vegetation,vegetation.shrub.umbellularia.californica.tir.vh027.ucsb.nicolet.spectrum.txt,0.000255,1.000000,0.000000,0.000191,1.000000,0.000000,0.000327,1.000000,0.000000,0.003710,0.786452,0.999750,0.001179,0.974886,1.000000
"Umbellularia californica 2 (VH028)",VH028,becknic,vegetation,vegetation.shrub.umbellularia.californica.tir.vh028.ucsb.nicolet.spectrum.txt,0.000245,1.000000,0.000000,0.000187,1.000000,0.000000,0.000316,1.000000,0.000000,0.004760,0.704926,0.999750,0.001280,0.973272,1.000000
"Umbellularia californica 3 (VH029)",VH029,becknic,vegetation,vegetation.shrub.umbellularia.californica.tir.vh029.ucsb.nicolet.spectrum.txt,0.000194,1.000000,0.000000,0.000157,1.000000,0.000000,0.000252,1.000000,0.000000,0.003108,0.799575,0.999750,0.001159,0.928178,1.000000
"Umbellularia californica 3 (VH030)",VH030,becknic,vegetation,vegetation.shrub.umbellularia.californica.tir.vh030.ucsb.nicolet.spectrum.txt,0.000405,1.000000,0.000000,0.000224,1.000000,0.000000,0.000401,1.000000,0.000000,0.002128,0.800720,0.999750,0.001387,0.846504,1.000000
"Umbellularia californica 1 (VH103)",VH103,becknic,vegetation,vegetation.shrub.umbellularia.californica.tir.vh103.ucsb.nicolet.spectrum.txt,0.000089,1.000000,0.000000,0.000071,1.000000,0.000000,0.000110,1.000000,0.000000,0.002383,0.874088,0.999750,0.000473,0.988762,1.000000
"Umbellularia californica 1 (VH104)",VH104,becknic,vegetation,vegetation.shrub.umbellularia.californica.tir.vh104.ucsb.nicolet.spectrum.txt,0.000079,1.000000,0.000000,0.000063,1.000000,0.000000,0.000098,1.000000,0.000000,0.002132,0.874243,0.999750,0.000509,0.988404,1.000000
"Umbellularia californica 2 (VH105)",VH105,becknic,vegetation,vegetation.shrub.umbellularia.californica.tir.vh105.ucsb.nicolet.spectrum.txt,0.000109,1.000000,0.000000,0.000087,1.000000,0.000000,0.000136,1.000000,0.000000,0.002316,0.928408,0.999750,0.000512,0.995661,1.000000
"Umbellularia californica 2 (VH106)",VH106,becknic,vegetation,vegetation.shrub.umbellularia.californica.tir.vh106.ucsb.nicolet.spectrum.txt,0.000071,1.000000,0.000000,0.000056,1.000000,0.000000,0.000088,1.000000,0.000000,0.001717,0.902623,0.999750,0.000422,0.990565,1.000000
"Umbellularia californica 3 (VH107)",VH107,becknic,vegetation,vegetation.shrub.umbellularia.californica.tir.vh107.ucsb.nicolet.spectrum.txt,0.000091,1.000000,0.000000,0.000072,1.000000,0.000000,0.000113,1.000000,0.000000,0.002996,0.857693,0.999750,0.000594,0.987060,1.000000
"Umbellularia californica 3 (VH108)",VH108,becknic,vegetation,vegetation.shrub.umbellularia.californica.tir.vh108.ucsb.nicolet.spectrum.txt,0.000086,1.000000,0.000000,0.000068,1.000000,0.000000,0.000107,1.000000,0.000000,0.002334,0.890494,0.999750,0.000480,0.993974,1.000000
"Umbellularia californica 1 (VH235)",VH235,becknic,vegetation,vegetation.shrub.umbellularia.californica.tir.vh235.ucsb.nicolet.spectrum.txt,0.000220,1.000000,0.000000,0.000174,1.000000,0.000000,0.000286,1.000000,0.000000,0.003485,0.806451,0.999750,0.001788,0.910270,1.000000
"Umbellularia californica 1 (VH236)",VH236,becknic,vegetation,vegetation.shrub.umbellularia.californica.tir.vh236.ucsb.nicolet.spectrum.txt,0.000216,1.000000,0.000000,0.000172,1.000000,0.000000,0.000282,1.000000,0.000000,0.003794,0.781969,0.999750,0.001387,0.926343,1.000000
"Umbellularia californica 2 (VH237)",VH237,becknic,vegetation,vegetation.shrub.umbellularia.californica.tir.vh237.ucsb.nicolet.spectrum.txt,0.000275,1.000000,0.000000,0.000197,1.000000,0.000000,0.000340,1.000000,0.000000,0.005485,0.734483,0.999750,0.001602,0.862963,1.000000
"Umbellularia californica 2 (VH238)",VH238,becknic,vegetation,vegetation.shrub.umbellularia.californica.tir.vh238.ucsb.nicolet.spectrum.txt,0.000189,1.000000,0.000000,0.000152,1.000000,0.000000,0.000243,1.000000,0.000000,0.004427,0.739482,0.999750,0.001774,0.768549,1.000000
"Umbellularia californica 3 (VH239)",VH239,becknic,vegetation,vegetation.shrub.umbellularia.californica.tir.vh239.ucsb.nicolet.spectrum.txt,0.000260,1.000000,0.000000,0.000193,1.000000,0.000000,0.000331,1.000000,0.000000,0.003717,0.849596,0.999750,0.001536,0.931979,1.000000
"Umbellularia californica 3 (VH240)",VH240,becknic,vegetation,vegetation.shrub.umbellularia.californica.tir.vh240.ucsb.nicolet.spectrum.txt,0.000222,1.000000,0.000000,0.000175,1.000000,0.000000,0.000288,1.000000,0.000000,0.004084,0.782766,0.999750,0.002024,0.921637,1.000000
"Umbellularia californica 1 (VH025)",VH025,becknic,vegetation,vegetation.shrub.umbellularia.californica.vswir.vh025.ucsb.asd.spectrum.txt,0.001668,0.999817,1.000000,0.000549,0.989106,1.000000,0.001249,0.999878,1.000000,0.000332,1.000000,0.000000,0.000371,1.000000,0.000000
"Umbellularia californica 1 (VH026)",VH026,becknic,vegetation,vegetation.shrub.umbellularia.californica.vswir.vh026.ucsb.asd.spectrum.txt,0.001984,0.999695,1.000000,0.000587,0.982242,1.000000,0.001770,0.999745,1.000000,0.000252,1.000000,0.000000,0.000337,1.000000,0.000000
"Umbellularia californica 2 (VH027)",VH027,becknic,vegetation,vegetation.shrub.umbellularia.californica.vswir.vh027.ucsb.asd.spectrum.txt,0.001692,0.999830,1.000000,0.001123,0.915211,1.000000,0.001480,0.999859,1.000000,0.000285,1.000000,0.000000,0.000353,1.000000,0.000000
"Umbellularia californica 2 (VH028)",VH028,becknic,vegetation,vegetation.shrub.umbellularia.californica.vswir.vh028.ucsb.asd.spectrum.txt,0.002644,0.999503,1.000000,0.000696,0.985772,1.000000,0.001543,0.999810,1.000000,0.000231,1.000000,0.000000,0.000330,1.000000,0.000000
"Umbellularia californica 3 (VH029)",VH029,becknic,vegetation,vegetation.shrub.umbellularia.californica.vswir.vh029.ucsb.asd.spectrum.txt,0.001706,0.999848,1.000000,0.000669,0.980159,1.000000,0.001799,0.999812,1.000000,0.000478,1.000000,0.000000,0.000369,1.000000,0.000000
"Umbellularia californica 3 (VH030)",VH030,becknic,vegetation,vegetation.shrub.umbellularia.californica.vswir.vh030.ucsb.asd.spectrum.txt,0.002222,0.999775,1.000000,0.000704,0.986249,1.000000,0.002083,0.999788,1.000000,0.000245,1.000000,0.000000,0.000333,1.000000,0.000000
"Umbellularia californica 1 (VH103)",VH103,becknic,vegetation,vegetation.shrub.umbellularia.californica.vswir.vh103.ucsb.asd.spectrum.txt,0.001035,0.999962,1.000000,0.000849,0.981291,1.000000,0.002068,0.999844,1.000000,0.000393,1.000000,0.000000,0.000389,1.000000,0.000000
"Umbellularia californica 1 (VH104)",VH104,becknic,vegetation,vegetation.shrub.umbellularia.californica.vswir.vh104.ucsb.asd.spectrum.txt,0.006597,0.998436,1.000000,0.001219,0.985477,1.000000,0.001178,0.999942,1.000000,0.000231,1.000000,0.000000,0.000287,1.000000,0.000000
"Umbellularia californica 2 (VH105)",VH105,becknic,vegetation,vegetation.shrub.umbellularia.californica.vswir.vh105.ucsb.asd.spectrum.txt,0.000906,0.999966,1.000000,0.001100,0.957241,1.000000,0.001925,0.999838,1.000000,0.000442,1.000000,0.000000,0.000387,1.000000,0.000000
"Umbellularia californica 2 (VH106)",VH106,becknic,vegetation,vegetation.shrub.umbellularia.californica.vswir.vh106.ucsb.asd.spectrum.txt,0.001821,0.999862,1.000000,0.000862,0.983931,1.000000,0.001623,0.999881,1.000000,0.000236,1.000000,0.000000,0.000330,1.000000,0.000000
"Umbellularia californica 3 (VH107)",VH107,becknic,vegetation,vegetation.shrub.umbellularia.californica.vswir.vh107.ucsb.asd.spectrum.txt,0.000909,0.999963,1.000000,0.001014,0.981182,1.000000,0.001559,0.999888,1.000000,0.000216,1.000000,0.000000,0.000333,1.000000,0.000000
"Umbellularia californica 3 (VH108)",VH108,becknic,vegetation,vegetation.shrub.umbellularia.californica.vswir.vh108.ucsb.asd.spectrum.txt,0.001679,0.999873,1.000000,0.001523,0.963697,1.000000,0.001561,0.999878,1.000000,0.000479,1.000000,0.000000,0.000368,1.000000,0.000000
"Umbellularia californica 1 (VH235)",VH235,becknic,vegetation,vegetation.shrub.umbellularia.californica.vswir.vh235.ucsb.asd.spectrum.txt,0.002343,0.999801,1.000000,0.000649,0.982625,1.000000,0.002050,0.999815,1.000000,0.000480,1.000000,0.000000,0.000368,1.000000,0.000000
"Umbellularia californica 1 (VH236)",VH236,becknic,vegetation,vegetation.shrub.umbellularia.californica.vswir.vh236.ucsb.asd.spectrum.txt,0.007740,0.998249,1.000000,0.001283,0.980488,1.000000,0.002450,0.999771,1.000000,0.000480,1.000000,0.000000,0.000368,1.000000,0.000000
"Umbellularia californica 2 (VH237)",VH237,becknic,vegetation,vegetation.shrub.umbellularia.californica.vswir.vh237.ucsb.asd.spectrum.txt,0.003212,0.999625,1.000000,0.001222,0.923564,1.000000,0.002543,0.999688,1.000000,0.000367,1.000000,0.000000,0.000548,1.000000,0.000000
"Umbellularia californica 2 (VH238)",VH238,becknic,vegetation,vegetation.shrub.umbellularia.californica.vswir.vh238.ucsb.asd.spectrum.txt,0.004670,0.999404,1.000000,0.001196,0.961703,1.000000,0.003238,0.999598,1.000000,0.000726,1.000000,0.000000,0.000672,1.000000,0.000000
"Umbellularia californica 3 (VH239)",VH239,becknic,vegetation,vegetation.shrub.umbellularia.californica.vswir.vh239.ucsb.asd.spectrum.txt,0.003557,0.999556,1.000000,0.001162,0.931177,1.000000,0.002437,0.999753,1.000000,0.000495,1.000000,0.000000,0.000426,1.000000,0.000000
"Umbellularia californica 3 (VH240)",VH240,becknic,vegetation,vegetation.shrub.umbellularia.californica.vswir.vh240.ucsb.asd.spectrum.txt,0.002667,0.999735,1.000000,0.000650,0.983493,1.000000,0.002285,0.999781,1.000000,0.000486,1.000000,0.000000,0.000374,1.000000,0.000000
"Abies concolor 1 (VH053)",VH053,becknic,vegetation,vegetation.tree.abies.concolor.tir.vh053.ucsb.nicolet.spectrum.txt,0.000161,1.000000,0.000000,0.000128,1.000000,0.000000,0.000200,1.000000,0.000000,0.001406,0.939761,0.999750,0.001238,0.611691,1.000000
"Abies concolor 1 (VH054)",VH054,becknic,vegetation,vegetation.tree.abies.concolor.tir.vh054.ucsb.nicolet.spectrum.txt,0.000164,1.000000,0.000000,0.000131,1.000000,0.000000,0.000204,1.000000,0.000000,0.001518,0.894612,0.999750,0.001139,0.565964,1.000000
"Abies concolor 2 (VH063)",VH063,becknic,vegetation,vegetation.tree.abies.concolor.tir.vh063.ucsb.nicolet.spectrum.txt,0.000196,1.000000,0.000000,0.000158,1.000000,0.000000,0.000255,1.000000,0.000000,0.001425,0.901889,0.999750,0.001155,0.773134,1.000000
"Abies concolor 2 (VH064)",VH064,becknic,vegetation,vegetation.tree.abies.concolor.tir.vh064.ucsb.nicolet.spectrum.txt,0.000123,1.000000,0.000000,0.000098,1.000000,0.000000,0.000152,1.000000,0.000000,0.001208,0.902290,0.999750,0.001247,0.468745,1.000000
"Abies concolor 3 (VH071)",VH071,becknic,vegetation,vegetation.tree.abies.concolor.tir.vh071.ucsb.nicolet.spectrum.txt,0.000153,1.000000,0.000000,0.000121,1.000000,0.000000,0.000190,1.000000,0.000000,0.001457,0.924083,0.999750,0.001199,0.638868,1.000000
"Abies concolor 3 (VH072)",VH072,becknic,vegetation,vegetation.tree.abies.concolor.tir.vh072.ucsb.nicolet.spectrum.txt,0.000152,1.000000,0.000000,0.000121,1.000000,0.000000,0.000189,1.000000,0.000000,0.001264,0.881801,0.999750,0.001215,0.539279,1.000000
"Abies concolor 1 (VH149)",VH149,becknic,vegetation,vegetation.tree.abies.concolor.tir.vh149.ucsb.nicolet.spectrum.txt,0.000184,1.000000,0.000000,0.000147,1.000000,0.000000,0.000234,1.000000,0.000000,0.002193,0.804580,0.999750,0.001100,0.746776,1.000000
"Abies concolor 1 (VH150)",VH150,becknic,vegetation,vegetation.tree.abies.concolor.tir.vh150.ucsb.nicolet.spectrum.txt,0.000139,1.000000,0.000000,0.000111,1.000000,0.000000,0.000173,1.000000,0.000000,0.002092,0.783309,0.999750,0.001183,0.598277,1.000000
"Abies concolor 2 (VH159)",VH159,becknic,vegetation,vegetation.tree.abies.concolor.tir.vh159.ucsb.nicolet.spectrum.txt,0.000153,1.000000,0.000000,0.000121,1.000000,0.000000,0.000189,1.000000,0.000000,0.001871,0.875150,0.999750,0.001226,0.628261,1.000000
"Abies concolor 2 (VH160)",VH160,becknic,vegetation,vegetation.tree.abies.concolor.tir.vh160.ucsb.nicolet.spectrum.txt,0.000152,1.000000,0.000000,0.000121,1.000000,0.000000,0.000188,1.000000,0.000000,0.001833,0.867092,0.999750,0.001131,0.540818,1.000000
"Abies concolor 3 (VH167)",VH167,becknic,vegetation,vegetation.tree.abies.concolor.tir.vh167.ucsb.nicolet.spectrum.txt,0.000141,1.000000,0.000000,0.000112,1.000000,0.000000,0.000175,1.000000,0.000000,0.001850,0.840395,0.999750,0.001431,0.624174,1.000000
"Abies concolor 3 (VH168)",VH168,becknic,vegetation,vegetation.tree.abies.concolor.tir.vh168.ucsb.nicolet.spectrum.txt,0.000123,1.000000,0.000000,0.000098,1.000000,0.000000,0.000153,1.000000,0.000000,0.002105,0.759425,0.999750,0.001422,0.545883,1.000000
"Abies concolor 1 (VH245)",VH245,becknic,vegetation,vegetation.tree.abies.concolor.tir.vh245.ucsb.nicolet.spectrum.txt,0.000176,1.000000,0.000000,0.000140,1.000000,0.000000,0.000221,1.000000,0.000000,0.002087,0.845698,0.999750,0.001809,0.643907,1.000000
"Abies concolor 1 (VH246)",VH246,becknic,vegetation,vegetation.tree.abies.concolor.tir.vh246.ucsb.nicolet.spectrum.txt,0.000207,1.000000,0.000000,0.000167,1.000000,0.000000,0.000271,1.000000,0.000000,0.000547,0.804711,0.999750,0.000350,0.932544,1.000000
"Abies concolor 2 (VH256)",VH256,becknic,vegetation,vegetation.tree.abies.concolor.tir.vh256.ucsb.nicolet.spectrum.txt,0.000488,1.000000,0.000000,0.000242,1.000000,0.000000,0.000437,1.000000,0.000000,0.001976,0.757731,0.999750,0.001370,0.784548,1.000000
"Abies concolor 2 (VH257)",VH257,becknic,vegetation,vegetation.tree.abies.concolor.tir.vh257.ucsb.nicolet.spectrum.txt,0.000375,1.000000,0.000000,0.000222,1.000000,0.000000,0.000386,1.000000,0.000000,0.001890,0.757211,0.999750,0.001785,0.733053,1.000000
"Abies concolor 3 (VH264)",VH264,becknic,vegetation,vegetation.tree.abies.concolor.tir.vh264.ucsb.nicolet.spectrum.txt,0.000447,1.000000,0.000000,0.000235,1.000000,0.000000,0.000422,1.000000,0.000000,0.002260,0.752190,0.999750,0.001607,0.673418,1.000000
"Abies concolor 3 (VH265)",VH265,becknic,vegetation,vegetation.tree.abies.concolor.tir.vh265.ucsb.nicolet.spectrum.txt,0.000212,1.000000,0.000000,0.000170,1.000000,0.000000,0.000277,1.000000,0.000000,0.002193,0.690467,0.999750,0.001787,0.571128,1.000000
"Abies concolor 1 (VH053)",VH053,becknic,vegetation,vegetation.tree.abies.concolor.vswir.vh053.ucsb.asd.spectrum.txt,0.002074,0.999730,1.000000,0.001477,0.983695,1.000000,0.000946,0.999946,1.000000,0.000213,1.000000,0.000000,0.000328,1.000000,0.000000
"Abies concolor 1 (VH054)",VH054,becknic,vegetation,vegetation.tree.abies.concolor.vswir.vh054.ucsb.asd.spectrum.txt,0.002360,0.999758,1.000000,0.001545,0.993608,1.000000,0.001386,0.999905,1.000000,0.000248,1.000000,0.000000,0.000255,1.000000,0.000000
"Abies concolor 2 (VH063)",VH063,becknic,vegetation,vegetation.tree.abies.concolor.vswir.vh063.ucsb.asd.spectrum.txt,0.002223,0.999798,1.000000,0.001376,0.994448,1.000000,0.001854,0.999863,1.000000,0.000244,1.000000,0.000000,0.000333,1.000000,0.000000
"Abies concolor 2 (VH064)",VH064,becknic,vegetation,vegetation.tree.abies.concolor.vswir.vh064.ucsb.asd.spectrum.txt,0.002443,0.999804,1.000000,0.001141,0.996364,1.000000,0.001522,0.999919,1.000000,0.000243,1.000000,0.000000,0.000272,1.000000,0.000000
"Abies concolor 3 (VH071)",VH071,becknic,vegetation,vegetation.tree.abies.concolor.vswir.vh071.ucsb.asd.spectrum.txt,0.002368,0.999780,1.000000,0.001524,0.989447,1.000000,0.001215,0.999941,1.000000,0.000237,1.000000,0.000000,0.000330,1.000000,0.000000
"Abies concolor 3 (VH072)",VH072,becknic,vegetation,vegetation.tree.abies.concolor.vswir.vh072.ucsb.asd.spectrum.txt,0.002214,0.999746,1.000000,0.001489,0.992731,1.000000,0.001154,0.999924,1.000000,0.000222,1.000000,0.000000,0.000219,1.000000,0.000000
"Abies concolor 1 (VH149)",VH149,becknic,vegetation,vegetation.tree.abies.concolor.vswir.vh149.ucsb.asd.spectrum.txt,0.002008,0.999823,1.000000,0.001232,0.992692,1.000000,0.001204,0.999934,1.000000,0.000230,1.000000,0.000000,0.000330,1.000000,0.000000
"Abies concolor 1 (VH150)",VH150,becknic,vegetation,vegetation.tree.abies.concolor.vswir.vh150.ucsb.asd.spectrum.txt,0.001508,0.999876,1.000000,0.000979,0.994639,1.000000,0.001019,0.999938,1.000000,0.000248,1.000000,0.000000,0.000257,1.000000,0.000000
"Abies concolor 2 (VH159)",VH159,becknic,vegetation,vegetation.tree.abies.concolor.vswir.vh159.ucsb.asd.spectrum.txt,0.002229,0.999729,1.000000,0.002137,0.976559,1.000000,0.001807,0.999823,1.000000,0.000234,1.000000,0.000000,0.000283,1.000000,0.000000
"Abies concolor 2 (VH160)",VH160,becknic,vegetation,vegetation.tree.abies.concolor.vswir.vh160.ucsb.asd.spectrum.txt,0.002686,0.999717,1.000000,0.001487,0.993430,1.000000,0.001446,0.999911,1.000000,0.000231,1.000000,0.000000,0.000287,1.000000,0.000000
"Abies concolor 3 (VH167)",VH167,becknic,vegetation,vegetation.tree.abies.concolor.vswir.vh167.ucsb.asd.spectrum.txt,0.002152,0.999849,1.000000,0.001481,0.993421,1.000000,0.002009,0.999862,1.000000,0.000249,1.000000,0.000000,0.000335,1.000000,0.000000
"Abies concolor 3 (VH168)",VH168,becknic,vegetation,vegetation.tree.abies.concolor.vswir.vh168.ucsb.asd.spectrum.txt,0.002341,0.999777,1.000000,0.001767,0.992191,1.000000,0.001606,0.999884,1.000000,0.000224,1.000000,0.000000,0.000301,1.000000,0.000000
"Abies concolor 1 (VH245)",VH245,becknic,vegetation,vegetation.tree.abies.concolor.vswir.vh245.ucsb.asd.spectrum.txt,0.001300,0.999931,1.000000,0.001324,0.990417,1.000000,0.001645,0.999884,1.000000,0.000344,1.000000,0.000000,0.000376,1.000000,0.000000
"Abies concolor 1 (VH246)",VH246,becknic,vegetation,vegetation.tree.abies.concolor.vswir.vh246.ucsb.asd.spectrum.txt,0.001814,0.999861,1.000000,0.001321,0.987254,1.000000,0.001278,0.999925,1.000000,0.000279,1.000000,0.000000,0.000351,1.000000,0.000000
"Abies concolor 2 (VH256)",VH256,becknic,vegetation,vegetation.tree.abies.concolor.vswir.vh256.ucsb.asd.spectrum.txt,0.001954,0.999816,1.000000,0.001087,0.990117,1.000000,0.001293,0.999912,1.000000,0.000394,1.000000,0.000000,0.000389,1.000000,0.000000
"Abies concolor 2 (VH257)",VH257,becknic,vegetation,vegetation.tree.abies.concolor.vswir.vh257.ucsb.asd.spectrum.txt,0.001852,0.999874,1.000000,0.001453,0.988695,1.000000,0.000939,0.999963,1.000000,0.000395,1.000000,0.000000,0.000389,1.000000,0.000000
"Abies concolor 3 (VH264)",VH264,becknic,vegetation,vegetation.tree.abies.concolor.vswir.vh264.ucsb.asd.spectrum.txt,0.001927,0.999837,1.000000,0.001572,0.982380,1.000000,0.001471,0.999894,1.000000,0.000274,1.000000,0.000000,0.000345,1.000000,0.000000
"Abies concolor 3 (VH265)",VH265,becknic,vegetation,vegetation.tree.abies.concolor.vswir.vh265.ucsb.asd.spectrum.txt,0.002008,0.999829,1.000000,0.001636,0.987141,1.000000,0.001480,0.999899,1.000000,0.000214,1.000000,0.000000,0.000330,1.000000,0.000000
"Acacia caven (JPL139)",JPL139,becknic,vegetation,vegetation.tree.acacia.caven.vswir.jpl139.jpl.asd.spectrum.txt,0.000838,0.999867,1.000000,0.000549,0.997423,1.000000,0.000880,0.999897,1.000000,0.000232,1.000000,0.000000,0.000287,1.000000,0.000000
"Acacia caven (JPL140)",JPL140,becknic,vegetation,vegetation.tree.acacia.caven.vswir.jpl140.jpl.asd.spectrum.txt,0.000802,0.999447,1.000000,0.001328,0.897931,1.000000,0.000595,0.999725,1.000000,0.000217,1.000000,0.000000,0.000324,1.000000,0.000000
"Acacia visco (JPL196)",JPL196,becknic,vegetation,vegetation.tree.acacia.visco.tir.jpl196.jpl.nicolet.spectrum.txt,0.000071,1.000000,0.000000,0.000056,1.000000,0.000000,0.000088,1.000000,0.000000,0.000435,0.834333,0.999750,0.000234,1.000000,1.000000
"Acacia visco (JPL159)",JPL159,becknic,vegetation,vegetation.tree.acacia.visco.vswir.jpl159.jpl.asd.spectrum.txt,0.001202,0.999842,1.000000,0.001422,0.877932,1.000000,0.001393,0.999775,1.000000,0.000215,1.000000,0.000000,0.000326,1.000000,0.000000
"Acacia visco (JPL196)",JPL196,becknic,vegetation,vegetation.tree.acacia.visco.vswir.jpl196.jpl.asd.spectrum.txt,0.001252,0.999653,1.000000,0.000818,0.844391,1.000000,0.000875,0.999831,1.000000,0.000246,1.000000,0.000000,0.000269,1.000000,0.000000
"Acer paxii (JPL225)",JPL225,becknic,vegetation,vegetation.tree.acer.paxii.tir.jpl225.jpl.nicolet.spectrum.txt,0.000339,1.000000,0.000000,0.000290,1.000000,0.000000,0.000531,1.000000,0.000000,0.002068,0.764471,0.999750,0.001154,0.905498,1.000000
"Acer paxii (JPL120)",JPL120,becknic,vegetation,vegetation.tree.acer.paxii.vswir.jpl120.jpl.asd.spectrum.txt,0.000920,0.999931,1.000000,0.001344,0.917204,1.000000,0.001381,0.999842,1.000000,0.000213,1.000000,0.000000,0.000329,1.000000,0.000000
"Acer paxii (JPL225)",JPL225,becknic,vegetation,vegetation.tree.acer.paxii.vswir.jpl225.jpl.asd.spectrum.txt,0.001433,0.999853,1.000000,0.001909,0.898833,1.000000,0.001375,0.999857,1.000000,0.000266,1.000000,0.000000,0.000343,1.000000,0.000000
"Acer pensylvanicum (ACPE-1-67)",ACPE-1-67,becknic,vegetation,vegetation.tree.acer.pensylvanicum.tir.acpe-1-67.ucsb.nicolet.spectrum.txt,0.000326,1.000000,0.000000,0.000319,1.000000,0.000000,0.000589,1.000000,0.000000,0.004537,0.936216,0.999750,0.002134,0.971836,1.000000
"Acer pensylvanicum (ACPE-2-69)",ACPE-2-69,becknic,vegetation,vegetation.tree.acer.pensylvanicum.tir.acpe-2-69.ucsb.nicolet.spectrum.txt,0.000362,1.000000,0.000000,0.000283,1.000000,0.000000,0.000516,1.000000,0.000000,0.003935,0.924740,0.999750,0.001814,0.975148,1.000000
"Acer pensylvanicum (ACPE-1-67)",ACPE-1-67,becknic,vegetation,vegetation.tree.acer.pensylvanicum.vswir.acpe-1-67.ucsb.asd.spectrum.txt,0.003653,0.998741,1.000000,0.000367,0.987552,1.000000,0.001078,0.999821,1.000000,0.000365,1.000000,0.000000,0.000383,1.000000,0.000000
"Acer pensylvanicum (ACPE-2-69)",ACPE-2-69,becknic,vegetation,vegetation.tree.acer.pensylvanicum.vswir.acpe-2-69.ucsb.asd.spectrum.txt,0.002028,0.999720,1.000000,0.000543,0.952130,1.000000,0.001355,0.999818,1.000000,0.000396,1.000000,0.000000,0.000389,1.000000,0.000000
"Acer rubrum (ACRU-1-13)",ACRU-1-13,becknic,vegetation,vegetation.tree.acer.rubrum.tir.acru-1-13.ucsb.nicolet.spectrum.txt,0.000495,1.000000,0.000000,0.000247,1.000000,0.000000,0.000446,1.000000,0.000000,0.002836,0.788683,0.999750,0.001709,0.945139,1.000000
"Acer rubrum (ACRU-1-15)",ACRU-1-15,becknic,vegetation,vegetation.tree.acer.rubrum.tir.acru-1-15.ucsb.nicolet.spectrum.txt,0.000237,1.000000,0.000000,0.000183,1.000000,0.000000,0.000307,1.000000,0.000000,0.002824,0.854247,0.999750,0.003061,0.881618,1.000000
"Acer rubrum (ACRU-2-17)",ACRU-2-17,becknic,vegetation,vegetation.tree.acer.rubrum.tir.acru-2-17.ucsb.nicolet.spectrum.txt,0.000240,1.000000,0.000000,0.000185,1.000000,0.000000,0.000311,1.000000,0.000000,0.003326,0.645116,0.999750,0.002181,0.939367,1.000000
"Acer rubrum (ACRU-2-19)",ACRU-2-19,becknic,vegetation,vegetation.tree.acer.rubrum.tir.acru-2-19.ucsb.nicolet.spectrum.txt,0.000517,1.000000,0.000000,0.000368,1.000000,0.000000,0.000625,1.000000,0.000000,0.003267,0.904548,0.999750,0.003084,0.895682,1.000000
"Acer rubrum (ACRU-3-21)",ACRU-3-21,becknic,vegetation,vegetation.tree.acer.rubrum.tir.acru-3-21.ucsb.nicolet.spectrum.txt,0.000488,1.000000,0.000000,0.000399,1.000000,0.000000,0.000658,1.000000,0.000000,0.003346,0.928144,0.999750,0.002516,0.859747,1.000000
"Acer rubrum (ACRU-3-23)",ACRU-3-23,becknic,vegetation,vegetation.tree.acer.rubrum.tir.acru-3-23.ucsb.nicolet.spectrum.txt,0.000298,1.000000,0.000000,0.000204,1.000000,0.000000,0.000351,1.000000,0.000000,0.002915,0.874474,0.999750,0.001896,0.983034,1.000000
"Acer rubrum (ACRU-1-13)",ACRU-1-13,becknic,vegetation,vegetation.tree.acer.rubrum.vswir.acru-1-13.ucsb.asd.spectrum.txt,0.001718,0.999803,1.000000,0.000640,0.960090,1.000000,0.001270,0.999888,1.000000,0.000445,1.000000,0.000000,0.000386,1.000000,0.000000
"Acer rubrum (ACRU-1-15)",ACRU-1-15,becknic,vegetation,vegetation.tree.acer.rubrum.vswir.acru-1-15.ucsb.asd.spectrum.txt,0.002444,0.999661,1.000000,0.000630,0.986462,1.000000,0.001474,0.999860,1.000000,0.000310,1.000000,0.000000,0.000364,1.000000,0.000000
"Acer rubrum (ACRU-2-17)",ACRU-2-17,becknic,vegetation,vegetation.tree.acer.rubrum.vswir.acru-2-17.ucsb.asd.spectrum.txt,0.002051,0.999737,1.000000,0.001296,0.917274,1.000000,0.001291,0.999894,1.000000,0.000396,1.000000,0.000000,0.000389,1.000000,0.000000
"Acer rubrum (ACRU-2-19)",ACRU-2-19,becknic,vegetation,vegetation.tree.acer.rubrum.vswir.acru-2-19.ucsb.asd.spectrum.txt,0.002002,0.999748,1.000000,0.000695,0.971365,1.000000,0.001256,0.999884,1.000000,0.000362,1.000000,0.000000,0.000382,1.000000,0.000000
"Acer rubrum (ACRU-3-21)",ACRU-3-21,becknic,vegetation,vegetation.tree.acer.rubrum.vswir.acru-3-21.ucsb.asd.spectrum.txt,0.002239,0.999721,1.000000,0.000449,0.990163,1.000000,0.001303,0.999898,1.000000,0.000341,1.000000,0.000000,0.000375,1.000000,0.000000
"Acer rubrum (ACRU-3-23)",ACRU-3-23,becknic,vegetation,vegetation.tree.acer.rubrum.vswir.acru-3-23.ucsb.asd.spectrum.txt,0.002170,0.999724,1.000000,0.000914,0.940126,1.000000,0.001462,0.999848,1.000000,0.000476,1.000000,0.000000,0.000370,1.000000,0.000000
"Aloe bainesii (JPL057)",JPL057,becknic,vegetation,vegetation.tree.aloe.bainesii.tir.jpl057.jpl.nicolet.spectrum.txt,0.000069,1.000000,0.000000,0.000055,1.000000,0.000000,0.000085,1.000000,0.000000,0.001220,0.593448,0.999750,0.000709,0.736175,1.000000
"Aloe bainesii (JPL058)",JPL058,becknic,vegetation,vegetation.tree.aloe.bainesii.tir.jpl058.jpl.nicolet.spectrum.txt,0.000072,1.000000,0.000000,0.000057,1.000000,0.000000,0.000089,1.000000,0.000000,0.001028,0.682902,0.999750,0.000891,0.769933,1.000000
"Aloe bainesii (JPL059)",JPL059,becknic,vegetation,vegetation.tree.aloe.bainesii.tir.jpl059.jpl.nicolet.spectrum.txt,0.000051,1.000000,0.000000,0.000040,1.000000,0.000000,0.000063,1.000000,0.000000,0.000794,0.629329,0.999750,0.000802,0.655795,1.000000
"Aloe bainesii (JPL057)",JPL057,becknic,vegetation,vegetation.tree.aloe.bainesii.vswir.jpl057.jpl.asd.spectrum.txt,0.005560,0.999285,1.000000,0.005475,0.994461,1.000000,0.007772,0.996494,1.000000,0.000247,1.000000,0.000000,0.000268,1.000000,0.000000
"Aloe bainesii (JPL058)",JPL058,becknic,vegetation,vegetation.tree.aloe.bainesii.vswir.jpl058.jpl.asd.spectrum.txt,0.005929,0.999280,1.000000,0.005042,0.995164,1.000000,0.005334,0.998575,1.000000,0.000402,1.000000,0.000000,0.000389,1.000000,0.000000
"Aloe bainesii (JPL059)",JPL059,becknic,vegetation,vegetation.tree.aloe.bainesii.vswir.jpl059.jpl.asd.spectrum.txt,0.002727,0.999768,1.000000,0.003667,0.996554,1.000000,0.008968,0.993691,1.000000,0.000246,1.000000,0.000000,0.000250,1.000000,0.000000
"Bambusa beecheyana (JPL236)",JPL236,becknic,vegetation,vegetation.tree.bambusa.beecheyana.tir.jpl236.jpl.nicolet.spectrum.txt,0.000240,1.000000,0.000000,0.000184,1.000000,0.000000,0.000311,1.000000,0.000000,0.002062,0.960456,0.999750,0.000842,0.994853,1.000000
"Bambusa beecheyana (JPL237)",JPL237,becknic,vegetation,vegetation.tree.bambusa.beecheyana.tir.jpl237.jpl.nicolet.spectrum.txt,0.000377,1.000000,0.000000,0.000223,1.000000,0.000000,0.000387,1.000000,0.000000,0.002152,0.968785,0.999750,0.001009,0.974051,1.000000
"Bambusa beecheyana (JPL238)",JPL238,becknic,vegetation,vegetation.tree.bambusa.beecheyana.tir.jpl238.jpl.nicolet.spectrum.txt,0.000222,1.000000,0.000000,0.000175,1.000000,0.000000,0.000288,1.000000,0.000000,0.002002,0.961101,0.999750,0.000798,0.993519,1.000000
"Bambusa beecheyana (JPL244)",JPL244,becknic,vegetation,vegetation.tree.bambusa.beecheyana.tir.jpl244.jpl.nicolet.spectrum.txt,0.000216,1.000000,0.000000,0.000172,1.000000,0.000000,0.000282,1.000000,0.000000,0.001823,0.962501,0.999750,0.000854,0.995375,1.000000
"Bambusa beecheyana (JPL245)",JPL245,becknic,vegetation,vegetation.tree.bambusa.beecheyana.tir.jpl245.jpl.nicolet.spectrum.txt,0.000323,1.000000,0.000000,0.000210,1.000000,0.000000,0.000362,1.000000,0.000000,0.002220,0.965305,0.999750,0.000847,0.991495,1.000000
"Bambusa beecheyana (JPL246)",JPL246,becknic,vegetation,vegetation.tree.bambusa.beecheyana.tir.jpl246.jpl.nicolet.spectrum.txt,0.000485,1.000000,0.000000,0.000242,1.000000,0.000000,0.000436,1.000000,0.000000,0.002801,0.970461,0.999750,0.000996,0.994797,1.000000
"Bambusa beecheyana (JPL133)",JPL133,becknic,vegetation,vegetation.tree.bambusa.beecheyana.vswir.jpl133.jpl.asd.spectrum.txt,0.001036,0.999912,1.000000,0.000682,0.957139,1.000000,0.001545,0.999748,1.000000,0.000349,1.000000,0.000000,0.000378,1.000000,0.000000
"Bambusa beecheyana (JPL134)",JPL134,becknic,vegetation,vegetation.tree.bambusa.beecheyana.vswir.jpl134.jpl.asd.spectrum.txt,0.001245,0.999854,1.000000,0.000835,0.962693,1.000000,0.001492,0.999686,1.000000,0.000398,1.000000,0.000000,0.000389,1.000000,0.000000
"Bambusa beecheyana (JPL135)",JPL135,becknic,vegetation,vegetation.tree.bambusa.beecheyana.vswir.jpl135.jpl.asd.spectrum.txt,0.000880,0.999938,1.000000,0.001030,0.809601,1.000000,0.001536,0.999780,1.000000,0.000388,1.000000,0.000000,0.000388,1.000000,0.000000
"Bambusa beecheyana (JPL236)",JPL236,becknic,vegetation,vegetation.tree.bambusa.beecheyana.vswir.jpl236.jpl.asd.spectrum.txt,0.001473,0.999839,1.000000,0.000915,0.974527,1.000000,0.001682,0.999715,1.000000,0.000387,1.000000,0.000000,0.000388,1.000000,0.000000
"Bambusa beecheyana (JPL237)",JPL237,becknic,vegetation,vegetation.tree.bambusa.beecheyana.vswir.jpl237.jpl.asd.spectrum.txt,0.001176,0.999899,1.000000,0.001033,0.950498,1.000000,0.001622,0.999730,1.000000,0.000480,1.000000,0.000000,0.000369,1.000000,0.000000
"Bambusa beecheyana (JPL238)",JPL238,becknic,vegetation,vegetation.tree.bambusa.beecheyana.vswir.jpl238.jpl.asd.spectrum.txt,0.001500,0.999836,1.000000,0.000724,0.961424,1.000000,0.001746,0.999710,1.000000,0.000293,1.000000,0.000000,0.000357,1.000000,0.000000
"Bambusa beecheyana (JPL244)",JPL244,becknic,vegetation,vegetation.tree.bambusa.beecheyana.vswir.jpl244.jpl.asd.spectrum.txt,0.001986,0.999765,1.000000,0.000572,0.989906,1.000000,0.001865,0.999696,1.000000,0.000532,1.000000,0.000000,0.000513,1.000000,0.000000
"Bambusa beecheyana (JPL245)",JPL245,becknic,vegetation,vegetation.tree.bambusa.beecheyana.vswir.jpl245.jpl.asd.spectrum.txt,0.001445,0.999849,1.000000,0.001344,0.890685,1.000000,0.001709,0.999669,1.000000,0.000528,1.000000,0.000000,0.000513,1.000000,0.000000
"Bambusa beecheyana (JPL246)",JPL246,becknic,vegetation,vegetation.tree.bambusa.beecheyana.vswir.jpl246.jpl.asd.spectrum.txt,0.002002,0.999707,1.000000,0.000801,0.959742,1.000000,0.001752,0.999592,1.000000,0.000513,1.000000,0.000000,0.000510,1.000000,0.000000
"Bambusa tuldoides (JPL214)",JPL214,becknic,vegetation,vegetation.tree.bambusa.tuldoides.tir.jpl214.jpl.nicolet.spectrum.txt,0.000476,1.000000,0.000000,0.000256,1.000000,0.000000,0.000464,1.000000,0.000000,0.002975,0.970316,0.999750,0.001076,0.993303,1.000000
"Bambusa tuldoides (JPL215)",JPL215,becknic,vegetation,vegetation.tree.bambusa.tuldoides.tir.jpl215.jpl.nicolet.spectrum.txt,0.000480,1.000000,0.000000,0.000241,1.000000,0.000000,0.000434,1.000000,0.000000,0.003426,0.950061,0.999750,0.001020,0.985366,1.000000
"Bambusa tuldoides (JPL216)",JPL216,becknic,vegetation,vegetation.tree.bambusa.tuldoides.tir.jpl216.jpl.nicolet.spectrum.txt,0.000209,1.000000,0.000000,0.000168,1.000000,0.000000,0.000273,1.000000,0.000000,0.002370,0.929496,0.999750,0.001078,0.984204,1.000000
"Bambusa tuldoides (JPL145)",JPL145,becknic,vegetation,vegetation.tree.bambusa.tuldoides.vswir.jpl145.jpl.asd.spectrum.txt,0.001200,0.999891,1.000000,0.000858,0.915512,1.000000,0.001373,0.999789,1.000000,0.000492,1.000000,0.000000,0.000409,1.000000,0.000000
"Bambusa tuldoides (JPL146)",JPL146,becknic,vegetation,vegetation.tree.bambusa.tuldoides.vswir.jpl146.jpl.asd.spectrum.txt,0.001256,0.999871,1.000000,0.001106,0.868180,1.000000,0.001401,0.999769,1.000000,0.000470,1.000000,0.000000,0.000376,1.000000,0.000000
"Bambusa tuldoides (JPL147)",JPL147,becknic,vegetation,vegetation.tree.bambusa.tuldoides.vswir.jpl147.jpl.asd.spectrum.txt,0.001003,0.999915,1.000000,0.000779,0.920087,1.000000,0.001394,0.999785,1.000000,0.000385,1.000000,0.000000,0.000388,1.000000,0.000000
"Bambusa tuldoides (JPL214)",JPL214,becknic,vegetation,vegetation.tree.bambusa.tuldoides.vswir.jpl214.jpl.asd.spectrum.txt,0.001402,0.999830,1.000000,0.000909,0.975442,1.000000,0.001817,0.999504,1.000000,0.000477,1.000000,0.000000,0.000369,1.000000,0.000000
"Bambusa tuldoides (JPL215)",JPL215,becknic,vegetation,vegetation.tree.bambusa.tuldoides.vswir.jpl215.jpl.asd.spectrum.txt,0.001052,0.999909,1.000000,0.000659,0.977531,1.000000,0.001632,0.999662,1.000000,0.000488,1.000000,0.000000,0.000378,1.000000,0.000000
"Bambusa tuldoides (JPL216)",JPL216,becknic,vegetation,vegetation.tree.bambusa.tuldoides.vswir.jpl216.jpl.asd.spectrum.txt,0.001246,0.999894,1.000000,0.000822,0.942364,1.000000,0.001358,0.999833,1.000000,0.000488,1.000000,0.000000,0.000379,1.000000,0.000000
"Beaucarnea recurvata (JPL068)",JPL068,becknic,vegetation,vegetation.tree.beaucarnea.recurvata.tir.jpl068.jpl.nicolet.spectrum.txt,0.000148,1.000000,0.000000,0.000117,1.000000,0.000000,0.000183,1.000000,0.000000,0.001468,0.837635,0.999750,0.000842,0.938324,1.000000
"Beaucarnea recurvata (JPL069)",JPL069,becknic,vegetation,vegetation.tree.beaucarnea.recurvata.tir.jpl069.jpl.nicolet.spectrum.txt,0.000165,1.000000,0.000000,0.000131,1.000000,0.000000,0.000205,1.000000,0.000000,0.001249,0.898868,0.999750,0.000751,0.947958,1.000000
"Beaucarnea recurvata (JPL070)",JPL070,becknic,vegetation,vegetation.tree.beaucarnea.recurvata.tir.jpl070.jpl.nicolet.spectrum.txt,0.000158,1.000000,0.000000,0.000126,1.000000,0.000000,0.000196,1.000000,0.000000,0.001609,0.860087,0.999750,0.000840,0.960922,1.000000
"Beaucarnea recurvata (JPL068)",JPL068,becknic,vegetation,vegetation.tree.beaucarnea.recurvata.vswir.jpl068.jpl.asd.spectrum.txt,0.003042,0.999520,1.000000,0.001295,0.988161,1.000000,0.001138,0.999909,1.000000,0.000336,1.000000,0.000000,0.000373,1.000000,0.000000
"Beaucarnea recurvata (JPL069)",JPL069,becknic,vegetation,vegetation.tree.beaucarnea.recurvata.vswir.jpl069.jpl.asd.spectrum.txt,0.007889,0.996710,1.000000,0.001222,0.984000,1.000000,0.001025,0.999920,1.000000,0.000444,1.000000,0.000000,0.000386,1.000000,0.000000
"Beaucarnea recurvata (JPL070)",JPL070,becknic,vegetation,vegetation.tree.beaucarnea.recurvata.vswir.jpl070.jpl.asd.spectrum.txt,0.001849,0.999813,1.000000,0.001591,0.982410,1.000000,0.000992,0.999926,1.000000,0.000294,1.000000,0.000000,0.000357,1.000000,0.000000
"Betula lenta (BELE-1-55)",BELE-1-55,becknic,vegetation,vegetation.tree.betula.lenta.tir.bele-1-55.ucsb.nicolet.spectrum.txt,0.000435,1.000000,0.000000,0.000264,1.000000,0.000000,0.000481,1.000000,0.000000,0.004669,0.883252,0.999750,0.001926,0.978745,1.000000
"Betula lenta (BELE-1-57)",BELE-1-57,becknic,vegetation,vegetation.tree.betula.lenta.tir.bele-1-57.ucsb.nicolet.spectrum.txt,0.000360,1.000000,0.000000,0.000331,1.000000,0.000000,0.000618,1.000000,0.000000,0.004389,0.933614,0.999750,0.002192,0.962372,1.000000
"Betula lenta (BELE-2-59)",BELE-2-59,becknic,vegetation,vegetation.tree.betula.lenta.tir.bele-2-59.ucsb.nicolet.spectrum.txt,0.000339,1.000000,0.000000,0.000290,1.000000,0.000000,0.000530,1.000000,0.000000,0.005278,0.892188,0.999750,0.001714,0.977966,1.000000
"Betula lenta (BELE-2-61)",BELE-2-61,becknic,vegetation,vegetation.tree.betula.lenta.tir.bele-2-61.ucsb.nicolet.spectrum.txt,0.000470,1.000000,0.000000,0.000257,1.000000,0.000000,0.000467,1.000000,0.000000,0.004744,0.903590,0.999750,0.001978,0.968761,1.000000
"Betula lenta (BELE-1-55)",BELE-1-55,becknic,vegetation,vegetation.tree.betula.lenta.vswir.bele-1-55.ucsb.asd.spectrum.txt,0.002859,0.999354,1.000000,0.000548,0.965588,1.000000,0.001316,0.999820,1.000000,0.000289,1.000000,0.000000,0.000355,1.000000,0.000000
"Betula lenta (BELE-1-57)",BELE-1-57,becknic,vegetation,vegetation.tree.betula.lenta.vswir.bele-1-57.ucsb.asd.spectrum.txt,0.002464,0.999522,1.000000,0.000450,0.972002,1.000000,0.001473,0.999732,1.000000,0.000520,1.000000,0.000000,0.000497,1.000000,0.000000
"Betula lenta (BELE-2-59)",BELE-2-59,becknic,vegetation,vegetation.tree.betula.lenta.vswir.bele-2-59.ucsb.asd.spectrum.txt,0.002965,0.999421,1.000000,0.001234,0.959470,1.000000,0.001360,0.999827,1.000000,0.000486,1.000000,0.000000,0.000516,1.000000,0.000000
"Betula lenta (BELE-2-61)",BELE-2-61,becknic,vegetation,vegetation.tree.betula.lenta.vswir.bele-2-61.ucsb.asd.spectrum.txt,0.003085,0.999386,1.000000,0.000488,0.987922,1.000000,0.001573,0.999786,1.000000,0.000500,1.000000,0.000000,0.000508,1.000000,0.000000
"Betula papyrifera (BEPA-1-31)",BEPA-1-31,becknic,vegetation,vegetation.tree.betula.papyrifera.tir.bepa-1-31.ucsb.nicolet.spectrum.txt,0.000187,1.000000,0.000000,0.000150,1.000000,0.000000,0.000240,1.000000,0.000000,0.003332,0.556852,0.999750,0.001966,0.939457,1.000000
"Betula papyrifera (BEPA-1-33)",BEPA-1-33,becknic,vegetation,vegetation.tree.betula.papyrifera.tir.bepa-1-33.ucsb.nicolet.spectrum.txt,0.000332,1.000000,0.000000,0.000213,1.000000,0.000000,0.000366,1.000000,0.000000,0.004048,0.779641,0.999750,0.002073,0.954074,1.000000
"Betula papyrifera (BEPA-2-35)",BEPA-2-35,becknic,vegetation,vegetation.tree.betula.papyrifera.tir.bepa-2-35.ucsb.nicolet.spectrum.txt,0.000175,1.000000,0.000000,0.000139,1.000000,0.000000,0.000219,1.000000,0.000000,0.003040,0.549010,0.999750,0.001858,0.977631,1.000000
"Betula papyrifera (BEPA-2-37)",BEPA-2-37,becknic,vegetation,vegetation.tree.betula.papyrifera.tir.bepa-2-37.ucsb.nicolet.spectrum.txt,0.000493,1.000000,0.000000,0.000389,1.000000,0.000000,0.000624,1.000000,0.000000,0.004365,0.808119,0.999750,0.002404,0.934027,1.000000
"Betula papyrifera (BEPA-1-31)",BEPA-1-31,becknic,vegetation,vegetation.tree.betula.papyrifera.vswir.bepa-1-31.ucsb.asd.spectrum.txt,0.002839,0.999432,1.000000,0.000357,0.984536,1.000000,0.001068,0.999914,1.000000,0.000221,1.000000,0.000000,0.000332,1.000000,0.000000
"Betula papyrifera (BEPA-1-33)",BEPA-1-33,becknic,vegetation,vegetation.tree.betula.papyrifera.vswir.bepa-1-33.ucsb.asd.spectrum.txt,0.002927,0.999396,1.000000,0.000532,0.919514,1.000000,0.001361,0.999831,1.000000,0.000452,1.000000,0.000000,0.000385,1.000000,0.000000
"Betula papyrifera (BEPA-2-35)",BEPA-2-35,becknic,vegetation,vegetation.tree.betula.papyrifera.vswir.bepa-2-35.ucsb.asd.spectrum.txt,0.003373,0.999386,1.000000,0.001543,0.962312,1.000000,0.001293,0.999908,1.000000,0.000465,1.000000,0.000000,0.000381,1.000000,0.000000
"Betula papyrifera (BEPA-2-37)",BEPA-2-37,becknic,vegetation,vegetation.tree.betula.papyrifera.vswir.bepa-2-37.ucsb.asd.spectrum.txt,0.003303,0.999284,1.000000,0.000413,0.974643,1.000000,0.001463,0.999835,1.000000,0.000302,1.000000,0.000000,0.000361,1.000000,0.000000
"Brachychiton discolor (JPL082)",JPL082,becknic,vegetation,vegetation.tree.brachychiton.discolor.tir.jpl082.jpl.nicolet.spectrum.txt,0.000148,1.000000,0.000000,0.000118,1.000000,0.000000,0.000184,1.000000,0.000000,0.003014,0.687879,0.999750,0.000815,0.976854,1.000000
"Brachychiton discolor (JPL083)",JPL083,becknic,vegetation,vegetation.tree.brachychiton.discolor.tir.jpl083.jpl.nicolet.spectrum.txt,0.000154,1.000000,0.000000,0.000122,1.000000,0.000000,0.000191,1.000000,0.000000,0.003101,0.657672,0.999750,0.000807,0.988494,1.000000
"Brachychiton discolor (JPL102)",JPL102,becknic,vegetation,vegetation.tree.brachychiton.discolor.tir.jpl102.jpl.nicolet.spectrum.txt,0.000167,1.000000,0.000000,0.000133,1.000000,0.000000,0.000208,1.000000,0.000000,0.002840,0.753566,0.999750,0.001116,0.962782,1.000000
"Brachychiton discolor (JPL082)",JPL082,becknic,vegetation,vegetation.tree.brachychiton.discolor.vswir.jpl082.jpl.asd.spectrum.txt,0.002933,0.999477,1.000000,0.001242,0.926532,1.000000,0.001749,0.999818,1.000000,0.000294,1.000000,0.000000,0.000357,1.000000,0.000000
"Brachychiton discolor (JPL083)",JPL083,becknic,vegetation,vegetation.tree.brachychiton.discolor.vswir.jpl083.jpl.asd.spectrum.txt,0.002981,0.999481,1.000000,0.001056,0.932052,1.000000,0.001840,0.999808,1.000000,0.000277,1.000000,0.000000,0.000349,1.000000,0.000000
"Brachychiton discolor (JPL102)",JPL102,becknic,vegetation,vegetation.tree.brachychiton.discolor.vswir.jpl102.jpl.asd.spectrum.txt,0.003865,0.999178,1.000000,0.001573,0.852305,1.000000,0.002786,0.999503,1.000000,0.000421,1.000000,0.000000,0.000531,1.000000,0.000000
"Brachychiton rupestris (JPL084)",JPL084,becknic,vegetation,vegetation.tree.brachychiton.rupestris.tir.jpl084.jpl.nicolet.spectrum.txt,0.000119,1.000000,0.000000,0.000095,1.000000,0.000000,0.000148,1.000000,0.000000,0.002410,0.609775,0.999750,0.000798,0.756815,1.000000
"Brachychiton rupestris (JPL085)",JPL085,becknic,vegetation,vegetation.tree.brachychiton.rupestris.tir.jpl085.jpl.nicolet.spectrum.txt,0.000116,1.000000,0.000000,0.000093,1.000000,0.000000,0.000145,1.000000,0.000000,0.002499,0.567749,0.999750,0.001050,0.638299,1.000000
"Brachychiton rupestris (JPL086)",JPL086,becknic,vegetation,vegetation.tree.brachychiton.rupestris.tir.jpl086.jpl.nicolet.spectrum.txt,0.000116,1.000000,0.000000,0.000092,1.000000,0.000000,0.000144,1.000000,0.000000,0.002737,0.538842,0.999750,0.001127,0.730627,1.000000
"Brachychiton rupestris (JPL084)",JPL084,becknic,vegetation,vegetation.tree.brachychiton.rupestris.vswir.jpl084.jpl.asd.spectrum.txt,0.003070,0.999366,1.000000,0.001128,0.939573,1.000000,0.001329,0.999880,1.000000,0.000462,1.000000,0.000000,0.000383,1.000000,0.000000
"Brachychiton rupestris (JPL085)",JPL085,becknic,vegetation,vegetation.tree.brachychiton.rupestris.vswir.jpl085.jpl.asd.spectrum.txt,0.002939,0.999371,1.000000,0.001435,0.904954,1.000000,0.001471,0.999821,1.000000,0.000290,1.000000,0.000000,0.000355,1.000000,0.000000
"Brachychiton rupestris (JPL086)",JPL086,becknic,vegetation,vegetation.tree.brachychiton.rupestris.vswir.jpl086.jpl.asd.spectrum.txt,0.003167,0.999419,1.000000,0.001086,0.954902,1.000000,0.001464,0.999872,1.000000,0.000395,1.000000,0.000000,0.000389,1.000000,0.000000
"Caesalpina cacalaco (JPL138)",JPL138,becknic,vegetation,vegetation.tree.caesalpina.cacalaco.vswir.jpl138.jpl.asd.spectrum.txt,0.001780,0.999867,1.000000,0.001440,0.974840,1.000000,0.001246,0.999925,1.000000,0.000216,1.000000,0.000000,0.000332,1.000000,0.000000
"Caesalpinia cacalaco (JPL067)",JPL067,becknic,vegetation,vegetation.tree.caesalpinia.cacalaco.tir.jpl067.jpl.nicolet.spectrum.txt,0.000131,1.000000,0.000000,0.000104,1.000000,0.000000,0.000162,1.000000,0.000000,0.001923,0.831190,0.999750,0.001181,0.899011,1.000000
"Caesalpinia cacalaco (JPL071)",JPL071,becknic,vegetation,vegetation.tree.caesalpinia.cacalaco.tir.jpl071.jpl.nicolet.spectrum.txt,0.000138,1.000000,0.000000,0.000110,1.000000,0.000000,0.000171,1.000000,0.000000,0.002469,0.829208,0.999750,0.001130,0.929651,1.000000
"Caesalpinia cacalaco (JPL241)",JPL241,becknic,vegetation,vegetation.tree.caesalpinia.cacalaco.tir.jpl241.jpl.nicolet.spectrum.txt,0.000106,1.000000,0.000000,0.000084,1.000000,0.000000,0.000131,1.000000,0.000000,0.003268,0.719331,0.999750,0.001623,0.849324,1.000000
"Caesalpinia cacalaco (JPL067)",JPL067,becknic,vegetation,vegetation.tree.caesalpinia.cacalaco.vswir.jpl067.jpl.asd.spectrum.txt,0.002723,0.999657,1.000000,0.001080,0.966820,1.000000,0.001508,0.999891,1.000000,0.000250,1.000000,0.000000,0.000336,1.000000,0.000000
"Caesalpinia cacalaco (JPL071)",JPL071,becknic,vegetation,vegetation.tree.caesalpinia.cacalaco.vswir.jpl071.jpl.asd.spectrum.txt,0.002874,0.999632,1.000000,0.001474,0.922941,1.000000,0.001310,0.999923,1.000000,0.000226,1.000000,0.000000,0.000330,1.000000,0.000000
"Caesalpinia cacalaco (JPL241)",JPL241,becknic,vegetation,vegetation.tree.caesalpinia.cacalaco.vswir.jpl241.jpl.asd.spectrum.txt,0.002849,0.999672,1.000000,0.002012,0.945986,1.000000,0.001204,0.999943,1.000000,0.000263,1.000000,0.000000,0.000342,1.000000,0.000000
"Calocedrus decrruens 1 (VH049)",VH049,becknic,vegetation,vegetation.tree.calocedrus.decurrens.tir.vh049.ucsb.nicolet.spectrum.txt,0.000190,1.000000,0.000000,0.000153,1.000000,0.000000,0.000245,1.000000,0.000000,0.002275,0.907024,0.999750,0.001484,0.557480,1.000000
"Calocedrus decrruens 1 (VH050)",VH050,becknic,vegetation,vegetation.tree.calocedrus.decurrens.tir.vh050.ucsb.nicolet.spectrum.txt,0.000176,1.000000,0.000000,0.000140,1.000000,0.000000,0.000221,1.000000,0.000000,0.002110,0.870781,0.999750,0.001503,0.591791,1.000000
"Calocedrus decrruens 2 (VH055)",VH055,becknic,vegetation,vegetation.tree.calocedrus.decurrens.tir.vh055.ucsb.nicolet.spectrum.txt,0.000192,1.000000,0.000000,0.000154,1.000000,0.000000,0.000248,1.000000,0.000000,0.002309,0.889495,0.999750,0.001789,0.620077,1.000000
"Calocedrus decrruens 2 (VH056)",VH056,becknic,vegetation,vegetation.tree.calocedrus.decurrens.tir.vh056.ucsb.nicolet.spectrum.txt,0.000210,1.000000,0.000000,0.000168,1.000000,0.000000,0.000274,1.000000,0.000000,0.003049,0.878000,0.999750,0.001942,0.607215,1.000000
"Calocedrus decrruens 3 (VH059)",VH059,becknic,vegetation,vegetation.tree.calocedrus.decurrens.tir.vh059.ucsb.nicolet.spectrum.txt,0.000195,1.000000,0.000000,0.000158,1.000000,0.000000,0.000255,1.000000,0.000000,0.001714,0.951403,0.999750,0.001082,0.818593,1.000000
"Calocedrus decrruens 3 (VH060)",VH060,becknic,vegetation,vegetation.tree.calocedrus.decurrens.tir.vh060.ucsb.nicolet.spectrum.txt,0.000164,1.000000,0.000000,0.000130,1.000000,0.000000,0.000203,1.000000,0.000000,0.001996,0.856263,0.999750,0.001331,0.577966,1.000000
"Calocedrus decrruens 1 (VH145)",VH145,becknic,vegetation,vegetation.tree.calocedrus.decurrens.tir.vh145.ucsb.nicolet.spectrum.txt,0.000184,1.000000,0.000000,0.000147,1.000000,0.000000,0.000234,1.000000,0.000000,0.002352,0.881176,0.999750,0.001884,0.663984,1.000000
"Calocedrus decrruens 1 (VH146)",VH146,becknic,vegetation,vegetation.tree.calocedrus.decurrens.tir.vh146.ucsb.nicolet.spectrum.txt,0.000177,1.000000,0.000000,0.000141,1.000000,0.000000,0.000223,1.000000,0.000000,0.002090,0.901886,0.999750,0.001481,0.643051,1.000000
"Calocedrus decrruens 2 (VH151)",VH151,becknic,vegetation,vegetation.tree.calocedrus.decurrens.tir.vh151.ucsb.nicolet.spectrum.txt,0.000224,1.000000,0.000000,0.000176,1.000000,0.000000,0.000290,1.000000,0.000000,0.002792,0.896156,0.999750,0.001775,0.661105,1.000000
"Calocedrus decrruens 2 (VH152)",VH152,becknic,vegetation,vegetation.tree.calocedrus.decurrens.tir.vh152.ucsb.nicolet.spectrum.txt,0.000204,1.000000,0.000000,0.000164,1.000000,0.000000,0.000266,1.000000,0.000000,0.003146,0.877081,0.999750,0.001652,0.689213,1.000000
"Calocedrus decrruens 3 (VH155)",VH155,becknic,vegetation,vegetation.tree.calocedrus.decurrens.tir.vh155.ucsb.nicolet.spectrum.txt,0.000159,1.000000,0.000000,0.000126,1.000000,0.000000,0.000197,1.000000,0.000000,0.002379,0.820284,0.999750,0.001228,0.640618,1.000000
"Calocedrus decrruens 3 (VH156)",VH156,becknic,vegetation,vegetation.tree.calocedrus.decurrens.tir.vh156.ucsb.nicolet.spectrum.txt,0.000186,1.000000,0.000000,0.000149,1.000000,0.000000,0.000237,1.000000,0.000000,0.002581,0.871766,0.999750,0.001498,0.562162,1.000000
"Calocedrus decrruens 1 (VH241)",VH241,becknic,vegetation,vegetation.tree.calocedrus.decurrens.tir.vh241.ucsb.nicolet.spectrum.txt,0.000225,1.000000,0.000000,0.000177,1.000000,0.000000,0.000292,1.000000,0.000000,0.002842,0.836468,0.999750,0.001866,0.631020,1.000000
"Calocedrus decrruens 1 (VH242)",VH242,becknic,vegetation,vegetation.tree.calocedrus.decurrens.tir.vh242.ucsb.nicolet.spectrum.txt,0.000243,1.000000,0.000000,0.000186,1.000000,0.000000,0.000314,1.000000,0.000000,0.002778,0.865259,0.999750,0.001722,0.605763,1.000000
"Calocedrus decrruens 2 (VH247)",VH247,becknic,vegetation,vegetation.tree.calocedrus.decurrens.tir.vh247.ucsb.nicolet.spectrum.txt,0.000260,1.000000,0.000000,0.000193,1.000000,0.000000,0.000332,1.000000,0.000000,0.002657,0.907755,0.999750,0.001801,0.542633,1.000000
"Calocedrus decrruens 2 (VH248)",VH248,becknic,vegetation,vegetation.tree.calocedrus.decurrens.tir.vh248.ucsb.nicolet.spectrum.txt,0.000452,1.000000,0.000000,0.000236,1.000000,0.000000,0.000424,1.000000,0.000000,0.002841,0.894755,0.999750,0.001958,0.588393,1.000000
"Calocedrus decrruens 3 (VH251)",VH251,becknic,vegetation,vegetation.tree.calocedrus.decurrens.tir.vh251.ucsb.nicolet.spectrum.txt,0.000170,1.000000,0.000000,0.000135,1.000000,0.000000,0.000212,1.000000,0.000000,0.002297,0.841429,0.999750,0.001968,0.648789,1.000000
"Calocedrus decrruens 3 (VH252)",VH252,becknic,vegetation,vegetation.tree.calocedrus.decurrens.tir.vh252.ucsb.nicolet.spectrum.txt,0.000386,1.000000,0.000000,0.000276,1.000000,0.000000,0.000504,1.000000,0.000000,0.002610,0.827406,0.999750,0.001432,0.794916,1.000000
"Calocedrus decrruens 1 (VH049)",VH049,becknic,vegetation,vegetation.tree.calocedrus.decurrens.vswir.vh049.ucsb.asd.spectrum.txt,0.001458,0.999905,1.000000,0.000834,0.995022,1.000000,0.001575,0.999881,1.000000,0.000237,1.000000,0.000000,0.000330,1.000000,0.000000
"Calocedrus decrruens 1 (VH050)",VH050,becknic,vegetation,vegetation.tree.calocedrus.decurrens.vswir.vh050.ucsb.asd.spectrum.txt,0.002347,0.999838,1.000000,0.000938,0.997021,1.000000,0.001922,0.999855,1.000000,0.000248,1.000000,0.000000,0.000335,1.000000,0.000000
"Calocedrus decrruens 2 (VH055)",VH055,becknic,vegetation,vegetation.tree.calocedrus.decurrens.vswir.vh055.ucsb.asd.spectrum.txt,0.001067,0.999960,1.000000,0.001035,0.994562,1.000000,0.001679,0.999899,1.000000,0.000245,1.000000,0.000000,0.000333,1.000000,0.000000
"Calocedrus decrruens 2 (VH056)",VH056,becknic,vegetation,vegetation.tree.calocedrus.decurrens.vswir.vh056.ucsb.asd.spectrum.txt,0.001829,0.999883,1.000000,0.001316,0.985869,1.000000,0.001184,0.999940,1.000000,0.000245,1.000000,0.000000,0.000333,1.000000,0.000000
"Calocedrus decrruens 3 (VH059)",VH059,becknic,vegetation,vegetation.tree.calocedrus.decurrens.vswir.vh059.ucsb.asd.spectrum.txt,0.001982,0.999836,1.000000,0.001362,0.991059,1.000000,0.001832,0.999855,1.000000,0.000255,1.000000,0.000000,0.000339,1.000000,0.000000
"Calocedrus decrruens 3 (VH060)",VH060,becknic,vegetation,vegetation.tree.calocedrus.decurrens.vswir.vh060.ucsb.asd.spectrum.txt,0.000999,0.999961,1.000000,0.000956,0.995226,1.000000,0.001740,0.999873,1.000000,0.000213,1.000000,0.000000,0.000328,1.000000,0.000000
"Calocedrus decrruens 1 (VH145)",VH145,becknic,vegetation,vegetation.tree.calocedrus.decurrens.vswir.vh145.ucsb.asd.spectrum.txt,0.001545,0.999882,1.000000,0.000616,0.994970,1.000000,0.001182,0.999925,1.000000,0.000214,1.000000,0.000000,0.000329,1.000000,0.000000
"Calocedrus decrruens 1 (VH146)",VH146,becknic,vegetation,vegetation.tree.calocedrus.decurrens.vswir.vh146.ucsb.asd.spectrum.txt,0.006204,0.998846,1.000000,0.001249,0.994543,1.000000,0.001245,0.999935,1.000000,0.000223,1.000000,0.000000,0.000331,1.000000,0.000000
"Calocedrus decrruens 2 (VH151)",VH151,becknic,vegetation,vegetation.tree.calocedrus.decurrens.vswir.vh151.ucsb.asd.spectrum.txt,0.001947,0.999855,1.000000,0.001167,0.990290,1.000000,0.001429,0.999920,1.000000,0.000358,1.000000,0.000000,0.000381,1.000000,0.000000
"Calocedrus decrruens 2 (VH152)",VH152,becknic,vegetation,vegetation.tree.calocedrus.decurrens.vswir.vh152.ucsb.asd.spectrum.txt,0.003724,0.999628,1.000000,0.001723,0.989625,1.000000,0.001906,0.999876,1.000000,0.000241,1.000000,0.000000,0.000330,1.000000,0.000000
"Calocedrus decrruens 3 (VH155)",VH155,becknic,vegetation,vegetation.tree.calocedrus.decurrens.vswir.vh155.ucsb.asd.spectrum.txt,0.001806,0.999877,1.000000,0.001656,0.981172,1.000000,0.001679,0.999885,1.000000,0.000253,1.000000,0.000000,0.000338,1.000000,0.000000
"Calocedrus decrruens 3 (VH156)",VH156,becknic,vegetation,vegetation.tree.calocedrus.decurrens.vswir.vh156.ucsb.asd.spectrum.txt,0.001888,0.999871,1.000000,0.001091,0.991613,1.000000,0.001274,0.999932,1.000000,0.000256,1.000000,0.000000,0.000340,1.000000,0.000000
"Calocedrus decrruens 1 (VH241)",VH241,becknic,vegetation,vegetation.tree.calocedrus.decurrens.vswir.vh241.ucsb.asd.spectrum.txt,0.001345,0.999936,1.000000,0.000868,0.995802,1.000000,0.001452,0.999918,1.000000,0.000351,1.000000,0.000000,0.000379,1.000000,0.000000
"Calocedrus decrruens 1 (VH242)",VH242,becknic,vegetation,vegetation.tree.calocedrus.decurrens.vswir.vh242.ucsb.asd.spectrum.txt,0.001323,0.999932,1.000000,0.001535,0.979674,1.000000,0.000954,0.999958,1.000000,0.000234,1.000000,0.000000,0.000330,1.000000,0.000000
"Calocedrus decrruens 2 (VH247)",VH247,becknic,vegetation,vegetation.tree.calocedrus.decurrens.vswir.vh247.ucsb.asd.spectrum.txt,0.001264,0.999947,1.000000,0.000976,0.992340,1.000000,0.001360,0.999928,1.000000,0.000277,1.000000,0.000000,0.000350,1.000000,0.000000
"Calocedrus decrruens 2 (VH248)",VH248,becknic,vegetation,vegetation.tree.calocedrus.decurrens.vswir.vh248.ucsb.asd.spectrum.txt,0.001892,0.999887,1.000000,0.001796,0.970680,1.000000,0.001008,0.999961,1.000000,0.000246,1.000000,0.000000,0.000333,1.000000,0.000000
"Calocedrus decrruens 3 (VH251)",VH251,becknic,vegetation,vegetation.tree.calocedrus.decurrens.vswir.vh251.ucsb.asd.spectrum.txt,0.001321,0.999926,1.000000,0.000986,0.994288,1.000000,0.001383,0.999915,1.000000,0.000229,1.000000,0.000000,0.000330,1.000000,0.000000
"Calocedrus decrruens 3 (VH252)",VH252,becknic,vegetation,vegetation.tree.calocedrus.decurrens.vswir.vh252.ucsb.asd.spectrum.txt,0.001106,0.999955,1.000000,0.001544,0.987542,1.000000,0.001154,0.999943,1.000000,0.000246,1.000000,0.000000,0.000333,1.000000,0.000000
"Calodendrum capense (JPL193)",JPL193,becknic,vegetation,vegetation.tree.calodendrum.capense.tir.jpl193.jpl.nicolet.spectrum.txt,0.000135,1.000000,0.000000,0.000107,1.000000,0.000000,0.000167,1.000000,0.000000,0.001048,0.914461,0.999750,0.000760,0.979058,1.000000
"Calodendrum capense (JPL123)",JPL123,becknic,vegetation,vegetation.tree.calodendrum.capense.vswir.jpl123.jpl.asd.spectrum.txt,0.001895,0.999777,1.000000,0.002519,0.894778,1.000000,0.001646,0.999793,1.000000,0.000493,1.000000,0.000000,0.000417,1.000000,0.000000
"Calodendrum capense (JPL193)",JPL193,becknic,vegetation,vegetation.tree.calodendrum.capense.vswir.jpl193.jpl.asd.spectrum.txt,0.002527,0.999646,1.000000,0.001220,0.944809,1.000000,0.001549,0.999845,1.000000,0.000448,1.000000,0.000000,0.000386,1.000000,0.000000
"Casimiroa edulis (JPL217)",JPL217,becknic,vegetation,vegetation.tree.casimiroa.edulis.tir.jpl217.jpl.nicolet.spectrum.txt,0.000127,1.000000,0.000000,0.000101,1.000000,0.000000,0.000158,1.000000,0.000000,0.001166,0.898259,0.999750,0.000730,0.960174,1.000000
"Casimiroa edulis (JPL144)",JPL144,becknic,vegetation,vegetation.tree.casimiroa.edulis.vswir.jpl144.jpl.asd.spectrum.txt,0.001526,0.999807,1.000000,0.000966,0.961731,1.000000,0.001070,0.999894,1.000000,0.000230,1.000000,0.000000,0.000289,1.000000,0.000000
"Casimiroa edulis (JPL217)",JPL217,becknic,vegetation,vegetation.tree.casimiroa.edulis.vswir.jpl217.jpl.asd.spectrum.txt,0.001757,0.999819,1.000000,0.001616,0.912621,1.000000,0.001355,0.999887,1.000000,0.000301,1.000000,0.000000,0.000360,1.000000,0.000000
"Cassia leptophylla (JPL092)",JPL092,becknic,vegetation,vegetation.tree.cassia.leptophylla.tir.jpl092.jpl.nicolet.spectrum.txt,0.000259,1.000000,0.000000,0.000192,1.000000,0.000000,0.000330,1.000000,0.000000,0.001704,0.970735,0.999750,0.000989,0.981368,1.000000
"Cassia leptophylla (JPL253)",JPL253,becknic,vegetation,vegetation.tree.cassia.leptophylla.tir.jpl253.jpl.nicolet.spectrum.txt,0.000182,1.000000,0.000000,0.000145,1.000000,0.000000,0.000230,1.000000,0.000000,0.002151,0.874996,0.999750,0.000867,0.984833,1.000000
"Cassia leptophylla (JPL254)",JPL254,becknic,vegetation,vegetation.tree.cassia.leptophylla.tir.jpl254.jpl.nicolet.spectrum.txt,0.000198,1.000000,0.000000,0.000160,1.000000,0.000000,0.000258,1.000000,0.000000,0.001279,0.972789,0.999750,0.000789,0.980770,1.000000
"Cassia leptophylla (JPL092)",JPL092,becknic,vegetation,vegetation.tree.cassia.leptophylla.vswir.jpl092.jpl.asd.spectrum.txt,0.003173,0.999499,1.000000,0.001310,0.893803,1.000000,0.001941,0.999721,1.000000,0.000532,1.000000,0.000000,0.000509,1.000000,0.000000
"Cassia leptophylla (JPL253)",JPL253,becknic,vegetation,vegetation.tree.cassia.leptophylla.vswir.jpl253.jpl.asd.spectrum.txt,0.001966,0.999766,1.000000,0.000768,0.913231,1.000000,0.001602,0.999811,1.000000,0.000397,1.000000,0.000000,0.000389,1.000000,0.000000
"Cassia leptophylla (JPL254)",JPL254,becknic,vegetation,vegetation.tree.cassia.leptophylla.vswir.jpl254.jpl.asd.spectrum.txt,0.001399,0.999901,1.000000,0.003169,0.911475,1.000000,0.001488,0.999875,1.000000,0.000478,1.000000,0.000000,0.000368,1.000000,0.000000
"Cedrus atlantica (JPL222)",JPL222,becknic,vegetation,vegetation.tree.cedrus.atlantica.tir.jpl222.jpl.nicolet.spectrum.txt,0.000178,1.000000,0.000000,0.000142,1.000000,0.000000,0.000224,1.000000,0.000000,0.000579,0.976415,0.999750,0.000666,0.751282,1.000000
"Cedrus atlantica (JPL109)",JPL109,becknic,vegetation,vegetation.tree.cedrus.atlantica.vswir.jpl109.jpl.asd.spectrum.txt,0.001576,0.999602,1.000000,0.002260,0.965989,1.000000,0.000645,0.999958,1.000000,0.000245,1.000000,0.000000,0.000249,1.000000,0.000000
"Cedrus atlantica (JPL152)",JPL152,becknic,vegetation,vegetation.tree.cedrus.atlantica.vswir.jpl152.jpl.asd.spectrum.txt,0.001359,0.999817,1.000000,0.001192,0.973276,1.000000,0.000762,0.999949,1.000000,0.000216,1.000000,0.000000,0.000215,1.000000,0.000000
"Cedrus atlantica (JPL222)",JPL222,becknic,vegetation,vegetation.tree.cedrus.atlantica.vswir.jpl222.jpl.asd.spectrum.txt,0.001139,0.999840,1.000000,0.000960,0.980173,1.000000,0.000614,0.999962,1.000000,0.000239,1.000000,0.000000,0.000238,1.000000,0.000000
"Cedrus atlantica 'glauca' (JPL177)",JPL177,becknic,vegetation,vegetation.tree.cedrus.atlantica_glauca.tir.jpl177.jpl.nicolet.spectrum.txt,0.000178,1.000000,0.000000,0.000142,1.000000,0.000000,0.000225,1.000000,0.000000,0.000662,0.973215,0.999750,0.000642,0.734455,1.000000
"Cedrus atlantica 'glauca' (JPL177)",JPL177,becknic,vegetation,vegetation.tree.cedrus.atlantica_glauca.vswir.jpl177.jpl.asd.spectrum.txt,0.001941,0.999544,1.000000,0.002012,0.963099,1.000000,0.000801,0.999942,1.000000,0.000211,1.000000,0.000000,0.000211,1.000000,0.000000
"Cedrus deodara (JPL103)",JPL103,becknic,vegetation,vegetation.tree.cedrus.deodara.tir.jpl103.jpl.nicolet.spectrum.txt,0.000153,1.000000,0.000000,0.000122,1.000000,0.000000,0.000190,1.000000,0.000000,0.000875,0.869591,0.999750,0.000622,0.833637,1.000000
"Cedrus deodara (JPL104)",JPL104,becknic,vegetation,vegetation.tree.cedrus.deodara.tir.jpl104.jpl.nicolet.spectrum.txt,0.000137,1.000000,0.000000,0.000109,1.000000,0.000000,0.000170,1.000000,0.000000,0.000905,0.882080,0.999750,0.000790,0.731776,1.000000
"Cedrus deodara (JPL105)",JPL105,becknic,vegetation,vegetation.tree.cedrus.deodara.tir.jpl105.jpl.nicolet.spectrum.txt,0.000164,1.000000,0.000000,0.000130,1.000000,0.000000,0.000203,1.000000,0.000000,0.000841,0.931470,0.999750,0.000791,0.927414,1.000000
"Cedrus deodara (JPL212)",JPL212,becknic,vegetation,vegetation.tree.cedrus.deodara.tir.jpl212.jpl.nicolet.spectrum.txt,0.000167,1.000000,0.000000,0.000133,1.000000,0.000000,0.000208,1.000000,0.000000,0.000954,0.931200,0.999750,0.000831,0.747874,1.000000
"Cedrus deodara (JPL103)",JPL103,becknic,vegetation,vegetation.tree.cedrus.deodara.vswir.jpl103.jpl.asd.spectrum.txt,0.002982,0.999133,1.000000,0.002007,0.958282,1.000000,0.001033,0.999905,1.000000,0.000214,1.000000,0.000000,0.000327,1.000000,0.000000
"Cedrus deodara (JPL104)",JPL104,becknic,vegetation,vegetation.tree.cedrus.deodara.vswir.jpl104.jpl.asd.spectrum.txt,0.003540,0.998706,1.000000,0.001904,0.953965,1.000000,0.000838,0.999934,1.000000,0.000245,1.000000,0.000000,0.000249,1.000000,0.000000
"Cedrus deodara (JPL105)",JPL105,becknic,vegetation,vegetation.tree.cedrus.deodara.vswir.jpl105.jpl.asd.spectrum.txt,0.001830,0.999741,1.000000,0.002441,0.933729,1.000000,0.001116,0.999902,1.000000,0.000215,1.000000,0.000000,0.000332,1.000000,0.000000
"Cedrus deodara (JPL212)",JPL212,becknic,vegetation,vegetation.tree.cedrus.deodara.vswir.jpl212.jpl.asd.spectrum.txt,0.001433,0.999799,1.000000,0.001910,0.959504,1.000000,0.000686,0.999958,1.000000,0.000243,1.000000,0.000000,0.000332,1.000000,0.000000
"Cercidium pennisulare (JPL141)",JPL141,becknic,vegetation,vegetation.tree.cercidium.pennisulare.vswir.jpl141.jpl.asd.spectrum.txt,0.001421,0.999666,1.000000,0.001105,0.973228,1.000000,0.000574,0.999954,1.000000,0.000215,1.000000,0.000000,0.000215,1.000000,0.000000
"Chorisia insignis (JPL240)",JPL240,becknic,vegetation,vegetation.tree.chorisia.insignis.tir.jpl240.jpl.nicolet.spectrum.txt,0.000135,1.000000,0.000000,0.000107,1.000000,0.000000,0.000168,1.000000,0.000000,0.002521,0.692068,0.999750,0.001136,0.975267,1.000000
"Chorisia insignis (JPL243)",JPL243,becknic,vegetation,vegetation.tree.chorisia.insignis.tir.jpl243.jpl.nicolet.spectrum.txt,0.000133,1.000000,0.000000,0.000106,1.000000,0.000000,0.000165,1.000000,0.000000,0.003245,0.623608,0.999750,0.001282,0.976335,1.000000
"Chorisia insignis (JPL258)",JPL258,becknic,vegetation,vegetation.tree.chorisia.insignis.tir.jpl258.jpl.nicolet.spectrum.txt,0.000134,1.000000,0.000000,0.000106,1.000000,0.000000,0.000166,1.000000,0.000000,0.002027,0.896825,0.999750,0.000878,0.984740,1.000000
"Chorisia insignis (JPL136)",JPL136,becknic,vegetation,vegetation.tree.chorisia.insignis.vswir.jpl136.jpl.asd.spectrum.txt,0.001490,0.999755,1.000000,0.001155,0.920937,1.000000,0.001248,0.999816,1.000000,0.000266,1.000000,0.000000,0.000343,1.000000,0.000000
"Chorisia insignis (JPL240)",JPL240,becknic,vegetation,vegetation.tree.chorisia.insignis.vswir.jpl240.jpl.asd.spectrum.txt,0.001823,0.999745,1.000000,0.001613,0.921983,1.000000,0.001468,0.999785,1.000000,0.000474,1.000000,0.000000,0.000372,1.000000,0.000000
"Chorisia insignis (JPL243)",JPL243,becknic,vegetation,vegetation.tree.chorisia.insignis.vswir.jpl243.jpl.asd.spectrum.txt,0.001397,0.999817,1.000000,0.000815,0.973212,1.000000,0.001118,0.999864,1.000000,0.000231,1.000000,0.000000,0.000330,1.000000,0.000000
"Chorisia insignis (JPL258)",JPL258,becknic,vegetation,vegetation.tree.chorisia.insignis.vswir.jpl258.jpl.asd.spectrum.txt,0.001901,0.999798,1.000000,0.001320,0.917108,1.000000,0.001730,0.999733,1.000000,0.000443,1.000000,0.000000,0.000528,1.000000,0.000000
"Chorisia speciosa (JPL239)",JPL239,becknic,vegetation,vegetation.tree.chorisia.speciosa.tir.jpl239.jpl.nicolet.spectrum.txt,0.000134,1.000000,0.000000,0.000106,1.000000,0.000000,0.000166,1.000000,0.000000,0.002513,0.668713,0.999750,0.001053,0.989392,1.000000
"Chorisia speciosa (JPL242)",JPL242,becknic,vegetation,vegetation.tree.chorisia.speciosa.tir.jpl242.jpl.nicolet.spectrum.txt,0.000129,1.000000,0.000000,0.000102,1.000000,0.000000,0.000160,1.000000,0.000000,0.002632,0.642809,0.999750,0.000938,0.974645,1.000000
"Chorisia speciosa (JPL257)",JPL257,becknic,vegetation,vegetation.tree.chorisia.speciosa.tir.jpl257.jpl.nicolet.spectrum.txt,0.000156,1.000000,0.000000,0.000124,1.000000,0.000000,0.000194,1.000000,0.000000,0.002115,0.776896,0.999750,0.000972,0.986199,1.000000
"Chorisia speciosa (JPL137)",JPL137,becknic,vegetation,vegetation.tree.chorisia.speciosa.vswir.jpl137.jpl.asd.spectrum.txt,0.001657,0.999808,1.000000,0.001034,0.958301,1.000000,0.001161,0.999888,1.000000,0.000355,1.000000,0.000000,0.000380,1.000000,0.000000
"Chorisia speciosa (JPL239)",JPL239,becknic,vegetation,vegetation.tree.chorisia.speciosa.vswir.jpl239.jpl.asd.spectrum.txt,0.001475,0.999830,1.000000,0.001203,0.935882,1.000000,0.001399,0.999824,1.000000,0.000442,1.000000,0.000000,0.000387,1.000000,0.000000
"Chorisia speciosa (JPL242)",JPL242,becknic,vegetation,vegetation.tree.chorisia.speciosa.vswir.jpl242.jpl.asd.spectrum.txt,0.008022,0.994915,1.000000,0.001479,0.922176,1.000000,0.001300,0.999832,1.000000,0.000379,1.000000,0.000000,0.000387,1.000000,0.000000
"Chorisia speciosa (JPL257)",JPL257,becknic,vegetation,vegetation.tree.chorisia.speciosa.vswir.jpl257.jpl.asd.spectrum.txt,0.001606,0.999785,1.000000,0.001684,0.919534,1.000000,0.001301,0.999846,1.000000,0.000231,1.000000,0.000000,0.000330,1.000000,0.000000
"Citharexylum montevidense (JPL200)",JPL200,becknic,vegetation,vegetation.tree.citharexylum.montevidense.tir.jpl200.jpl.nicolet.spectrum.txt,0.000121,1.000000,0.000000,0.000096,1.000000,0.000000,0.000150,1.000000,0.000000,0.001567,0.918216,0.999750,0.001619,0.973266,1.000000
"Citharexylum montevidense (JPL160)",JPL160,becknic,vegetation,vegetation.tree.citharexylum.montevidense.vswir.jpl160.jpl.asd.spectrum.txt,0.002524,0.999603,1.000000,0.001571,0.947535,1.000000,0.000843,0.999951,1.000000,0.000214,1.000000,0.000000,0.000330,1.000000,0.000000
"Citharexylum montevidense (JPL200)",JPL200,becknic,vegetation,vegetation.tree.citharexylum.montevidense.vswir.jpl200.jpl.asd.spectrum.txt,0.002553,0.999624,1.000000,0.001432,0.958961,1.000000,0.001135,0.999917,1.000000,0.000261,1.000000,0.000000,0.000341,1.000000,0.000000
"Ehretia austin-smithii (JPL210)",JPL210,becknic,vegetation,vegetation.tree.ehretia.austin-smithii.tir.jpl210.jpl.nicolet.spectrum.txt,0.000203,1.000000,0.000000,0.000164,1.000000,0.000000,0.000265,1.000000,0.000000,0.001870,0.954495,0.999750,0.000868,0.982874,1.000000
"Ehretia austin-smithii (JPL172)",JPL172,becknic,vegetation,vegetation.tree.ehretia.austin-smithii.vswir.jpl172.jpl.asd.spectrum.txt,0.000796,0.999921,1.000000,0.003234,0.986691,1.000000,0.001469,0.999792,1.000000,0.000522,1.000000,0.000000,0.000499,1.000000,0.000000
"Ehretia austin-smithii (JPL210)",JPL210,becknic,vegetation,vegetation.tree.ehretia.austin-smithii.vswir.jpl210.jpl.asd.spectrum.txt,0.001449,0.999835,1.000000,0.000769,0.970084,1.000000,0.001298,0.999852,1.000000,0.000491,1.000000,0.000000,0.000401,1.000000,0.000000
"Eucalyptus ficifolia (JPL202)",JPL202,becknic,vegetation,vegetation.tree.eucalyptus.ficifolia.tir.jpl202.jpl.nicolet.spectrum.txt,0.000091,1.000000,0.000000,0.000073,1.000000,0.000000,0.000113,1.000000,0.000000,0.001085,0.762726,0.999750,0.000674,0.969185,1.000000
"Eucalyptus ficifolia (JPL157)",JPL157,becknic,vegetation,vegetation.tree.eucalyptus.ficifolia.vswir.jpl157.jpl.asd.spectrum.txt,0.001833,0.999716,1.000000,0.000912,0.973944,1.000000,0.000905,0.999927,1.000000,0.000221,1.000000,0.000000,0.000310,1.000000,0.000000
"Eucalyptus ficifolia (JPL202)",JPL202,becknic,vegetation,vegetation.tree.eucalyptus.ficifolia.vswir.jpl202.jpl.asd.spectrum.txt,0.001489,0.999837,1.000000,0.001536,0.952755,1.000000,0.000993,0.999922,1.000000,0.000294,1.000000,0.000000,0.000357,1.000000,0.000000
"Eucalyptus kartzoffiana (JPL221)",JPL221,becknic,vegetation,vegetation.tree.eucalyptus.kartzoffiana.tir.jpl221.jpl.nicolet.spectrum.txt,0.000184,1.000000,0.000000,0.000147,1.000000,0.000000,0.000234,1.000000,0.000000,0.000898,0.896977,0.999750,0.000676,0.935175,1.000000
"Eucalyptus kartzoffiana (JPL151)",JPL151,becknic,vegetation,vegetation.tree.eucalyptus.kartzoffiana.vswir.jpl151.jpl.asd.spectrum.txt,0.001850,0.999721,1.000000,0.001359,0.945685,1.000000,0.001167,0.999897,1.000000,0.000216,1.000000,0.000000,0.000325,1.000000,0.000000
"Eucalyptus kartzoffiana (JPL221)",JPL221,becknic,vegetation,vegetation.tree.eucalyptus.kartzoffiana.vswir.jpl221.jpl.asd.spectrum.txt,0.001540,0.999827,1.000000,0.001039,0.978748,1.000000,0.001036,0.999920,1.000000,0.000237,1.000000,0.000000,0.000330,1.000000,0.000000
"Eucalyptus maculata (JPL087)",JPL087,becknic,vegetation,vegetation.tree.eucalyptus.maculata.tir.jpl087.jpl.nicolet.spectrum.txt,0.000152,1.000000,0.000000,0.000121,1.000000,0.000000,0.000188,1.000000,0.000000,0.000962,0.881734,0.999750,0.000737,0.908640,1.000000
"Eucalyptus maculata (JPL088)",JPL088,becknic,vegetation,vegetation.tree.eucalyptus.maculata.tir.jpl088.jpl.nicolet.spectrum.txt,0.000144,1.000000,0.000000,0.000115,1.000000,0.000000,0.000179,1.000000,0.000000,0.000941,0.930943,0.999750,0.000791,0.897098,1.000000
"Eucalyptus maculata (JPL087)",JPL087,becknic,vegetation,vegetation.tree.eucalyptus.maculata.vswir.jpl087.jpl.asd.spectrum.txt,0.002272,0.999607,1.000000,0.001372,0.925326,1.000000,0.001273,0.999870,1.000000,0.000270,1.000000,0.000000,0.000344,1.000000,0.000000
"Eucalyptus maculata (JPL088)",JPL088,becknic,vegetation,vegetation.tree.eucalyptus.maculata.vswir.jpl088.jpl.asd.spectrum.txt,0.002186,0.999538,1.000000,0.001267,0.891199,1.000000,0.001205,0.999859,1.000000,0.000338,1.000000,0.000000,0.000374,1.000000,0.000000
"Eucalyptus rudis (JPL148)",JPL148,becknic,vegetation,vegetation.tree.eucalyptus.rudis.vswir.jpl148.jpl.asd.spectrum.txt,0.001537,0.999796,1.000000,0.000871,0.978348,1.000000,0.001510,0.999780,1.000000,0.000216,1.000000,0.000000,0.000333,1.000000,0.000000
"Eucalyptus rudius (JPL218)",JPL218,becknic,vegetation,vegetation.tree.eucalyptus.rudius.tir.jpl218.jpl.nicolet.spectrum.txt,0.000118,1.000000,0.000000,0.000094,1.000000,0.000000,0.000146,1.000000,0.000000,0.001095,0.908063,0.999750,0.000716,0.934306,1.000000
"Eucalyptus rudius (JPL218)",JPL218,becknic,vegetation,vegetation.tree.eucalyptus.rudius.vswir.jpl218.jpl.asd.spectrum.txt,0.002147,0.999704,1.000000,0.000783,0.985324,1.000000,0.001317,0.999881,1.000000,0.000244,1.000000,0.000000,0.000332,1.000000,0.000000
"Eucalyptus saligna (JPL224)",JPL224,becknic,vegetation,vegetation.tree.eucalyptus.saligna.tir.jpl224.jpl.nicolet.spectrum.txt,0.000110,1.000000,0.000000,0.000088,1.000000,0.000000,0.000137,1.000000,0.000000,0.001228,0.834227,0.999750,0.000798,0.938341,1.000000
"Eucalyptus saligna (JPL154)",JPL154,becknic,vegetation,vegetation.tree.eucalyptus.saligna.vswir.jpl154.jpl.asd.spectrum.txt,0.002773,0.999502,1.000000,0.001165,0.926634,1.000000,0.001322,0.999890,1.000000,0.000227,1.000000,0.000000,0.000330,1.000000,0.000000
"Eucalyptus saligna (JPL224)",JPL224,becknic,vegetation,vegetation.tree.eucalyptus.saligna.vswir.jpl224.jpl.asd.spectrum.txt,0.002429,0.999563,1.000000,0.000798,0.977831,1.000000,0.001328,0.999857,1.000000,0.000276,1.000000,0.000000,0.000348,1.000000,0.000000
"Fagus grandifolia (FAGR-1-39)",FAGR-1-39,becknic,vegetation,vegetation.tree.fagus.grandifolia.tir.fagr-1-39.ucsb.nicolet.spectrum.txt,0.000309,1.000000,0.000000,0.000309,1.000000,0.000000,0.000568,1.000000,0.000000,0.004128,0.954080,0.999750,0.001962,0.975734,1.000000
"Fagus grandifolia (FAGR-1-41)",FAGR-1-41,becknic,vegetation,vegetation.tree.fagus.grandifolia.tir.fagr-1-41.ucsb.nicolet.spectrum.txt,0.000488,1.000000,0.000000,0.000404,1.000000,0.000000,0.000665,1.000000,0.000000,0.004866,0.978520,0.999750,0.002230,0.982596,1.000000
"Fagus grandifolia (FAGR-2-43)",FAGR-2-43,becknic,vegetation,vegetation.tree.fagus.grandifolia.tir.fagr-2-43.ucsb.nicolet.spectrum.txt,0.000488,1.000000,0.000000,0.000242,1.000000,0.000000,0.000437,1.000000,0.000000,0.003756,0.897479,0.999750,0.001588,0.935613,1.000000
"Fagus grandifolia (FAGR-2-45)",FAGR-2-45,becknic,vegetation,vegetation.tree.fagus.grandifolia.tir.fagr-2-45.ucsb.nicolet.spectrum.txt,0.000496,1.000000,0.000000,0.000386,1.000000,0.000000,0.000614,1.000000,0.000000,0.004727,0.971809,0.999750,0.002717,0.962672,1.000000
"Fagus grandifolia (FAGR-1-39)",FAGR-1-39,becknic,vegetation,vegetation.tree.fagus.grandifolia.vswir.fagr-1-39.ucsb.asd.spectrum.txt,0.002401,0.999635,1.000000,0.000972,0.846628,1.000000,0.001845,0.999673,1.000000,0.000489,1.000000,0.000000,0.000385,1.000000,0.000000
"Fagus grandifolia (FAGR-1-41)",FAGR-1-41,becknic,vegetation,vegetation.tree.fagus.grandifolia.vswir.fagr-1-41.ucsb.asd.spectrum.txt,0.002290,0.999639,1.000000,0.000649,0.966847,1.000000,0.001805,0.999556,1.000000,0.000485,1.000000,0.000000,0.000510,1.000000,0.000000
"Fagus grandifolia (FAGR-2-43)",FAGR-2-43,becknic,vegetation,vegetation.tree.fagus.grandifolia.vswir.fagr-2-43.ucsb.asd.spectrum.txt,0.002336,0.999684,1.000000,0.000923,0.965765,1.000000,0.001698,0.999777,1.000000,0.000360,1.000000,0.000000,0.000553,1.000000,0.000000
"Fagus grandifolia (FAGR-2-45)",FAGR-2-45,becknic,vegetation,vegetation.tree.fagus.grandifolia.vswir.fagr-2-45.ucsb.asd.spectrum.txt,0.002544,0.999559,1.000000,0.000727,0.674221,1.000000,0.001601,0.999705,1.000000,0.000535,1.000000,0.000000,0.000511,1.000000,0.000000
"Fagus sylvatica 'atropurpurea' (JPL180)",JPL180,becknic,vegetation,vegetation.tree.fagus.sylvatica_atropurpurea.tir.jpl180.jpl.nicolet.spectrum.txt,0.000277,1.000000,0.000000,0.000198,1.000000,0.000000,0.000341,1.000000,0.000000,0.001741,0.969253,0.999750,0.000767,0.947328,1.000000
"Fagus sylvatica 'atropurpurea' (JPL113)",JPL113,becknic,vegetation,vegetation.tree.fagus.sylvatica_atropurpurea.vswir.jpl113.jpl.asd.spectrum.txt,0.001455,0.999817,1.000000,0.000426,0.994128,1.000000,0.001354,0.999831,1.000000,0.000380,1.000000,0.000000,0.000387,1.000000,0.000000
"Fagus sylvatica 'atropurpurea' (JPL180)",JPL180,becknic,vegetation,vegetation.tree.fagus.sylvatica_atropurpurea.vswir.jpl180.jpl.asd.spectrum.txt,0.000992,0.999881,1.000000,0.000686,0.943289,1.000000,0.001566,0.999675,1.000000,0.000358,1.000000,0.000000,0.000381,1.000000,0.000000
"Ficus craterostoma (JPL091)",JPL091,becknic,vegetation,vegetation.tree.ficus.craterostoma.tir.jpl091.jpl.nicolet.spectrum.txt,0.000163,1.000000,0.000000,0.000130,1.000000,0.000000,0.000203,1.000000,0.000000,0.001306,0.683237,0.999750,0.000804,0.971422,1.000000
"Ficus craterostoma (JPL195)",JPL195,becknic,vegetation,vegetation.tree.ficus.craterostoma.tir.jpl195.jpl.nicolet.spectrum.txt,0.000130,1.000000,0.000000,0.000103,1.000000,0.000000,0.000161,1.000000,0.000000,0.002772,0.617357,0.999750,0.001230,0.987767,1.000000
"Ficus craterostoma (JPL091)",JPL091,becknic,vegetation,vegetation.tree.ficus.craterostoma.vswir.jpl091.jpl.asd.spectrum.txt,0.002832,0.999696,1.000000,0.002173,0.969661,1.000000,0.001884,0.999843,1.000000,0.000237,1.000000,0.000000,0.000330,1.000000,0.000000
"Ficus craterostoma (JPL158)",JPL158,becknic,vegetation,vegetation.tree.ficus.craterostoma.vswir.jpl158.jpl.asd.spectrum.txt,0.003566,0.999468,1.000000,0.000715,0.993226,1.000000,0.001906,0.999823,1.000000,0.000417,1.000000,0.000000,0.000536,1.000000,0.000000
"Ficus craterostoma (JPL195)",JPL195,becknic,vegetation,vegetation.tree.ficus.craterostoma.vswir.jpl195.jpl.asd.spectrum.txt,0.002574,0.999719,1.000000,0.001121,0.978104,1.000000,0.001967,0.999799,1.000000,0.000453,1.000000,0.000000,0.000527,1.000000,0.000000
"Ficus macrophylla f. columnaris (JPL094)",JPL094,becknic,vegetation,vegetation.tree.ficus.macrophylla_columnaris.tir.jpl094.jpl.nicolet.spectrum.txt,0.000101,1.000000,0.000000,0.000081,1.000000,0.000000,0.000126,1.000000,0.000000,0.002495,0.486349,0.999750,0.000953,0.933630,1.000000
"Ficus macrophylla f. columnaris (JPL095)",JPL095,becknic,vegetation,vegetation.tree.ficus.macrophylla_columnaris.tir.jpl095.jpl.nicolet.spectrum.txt,0.000101,1.000000,0.000000,0.000080,1.000000,0.000000,0.000125,1.000000,0.000000,0.002390,0.498636,0.999750,0.000868,0.904168,1.000000
"Ficus macrophylla f. columnaris (JPL096)",JPL096,becknic,vegetation,vegetation.tree.ficus.macrophylla_columnaris.tir.jpl096.jpl.nicolet.spectrum.txt,0.000101,1.000000,0.000000,0.000080,1.000000,0.000000,0.000125,1.000000,0.000000,0.002414,0.497966,0.999750,0.001131,0.919008,1.000000
"Ficus macrophylla f. columnaris (JPL094)",JPL094,becknic,vegetation,vegetation.tree.ficus.macrophylla_columnaris.vswir.jpl094.jpl.asd.spectrum.txt,0.003725,0.999441,1.000000,0.001446,0.972777,1.000000,0.001413,0.999912,1.000000,0.000464,1.000000,0.000000,0.000524,1.000000,0.000000
"Ficus macrophylla f. columnaris (JPL095)",JPL095,becknic,vegetation,vegetation.tree.ficus.macrophylla_columnaris.vswir.jpl095.jpl.asd.spectrum.txt,0.003374,0.999500,1.000000,0.001169,0.979051,1.000000,0.001366,0.999904,1.000000,0.000489,1.000000,0.000000,0.000385,1.000000,0.000000
"Ficus macrophylla f. columnaris (JPL096)",JPL096,becknic,vegetation,vegetation.tree.ficus.macrophylla_columnaris.vswir.jpl096.jpl.asd.spectrum.txt,0.003137,0.999551,1.000000,0.001708,0.938413,1.000000,0.002010,0.999762,1.000000,0.000644,1.000000,0.000000,0.000575,1.000000,0.000000
"Ficus platypoda (JPL194)",JPL194,becknic,vegetation,vegetation.tree.ficus.platypoda.tir.jpl194.jpl.nicolet.spectrum.txt,0.000097,1.000000,0.000000,0.000077,1.000000,0.000000,0.000120,1.000000,0.000000,0.002121,0.529881,0.999750,0.000772,0.942465,1.000000
"Ficus platypoda (JPL122)",JPL122,becknic,vegetation,vegetation.tree.ficus.platypoda.vswir.jpl122.jpl.asd.spectrum.txt,0.003084,0.999539,1.000000,0.001215,0.969450,1.000000,0.001190,0.999924,1.000000,0.000518,1.000000,0.000000,0.000510,1.000000,0.000000
"Ficus platypoda (JPL194)",JPL194,becknic,vegetation,vegetation.tree.ficus.platypoda.vswir.jpl194.jpl.asd.spectrum.txt,0.002854,0.999611,1.000000,0.001515,0.968667,1.000000,0.001415,0.999891,1.000000,0.000489,1.000000,0.000000,0.000383,1.000000,0.000000
"Ficus socotrana (JPL093)",JPL093,becknic,vegetation,vegetation.tree.ficus.socotrana.tir.jpl093.jpl.nicolet.spectrum.txt,0.000136,1.000000,0.000000,0.000108,1.000000,0.000000,0.000169,1.000000,0.000000,0.002329,0.661043,0.999750,0.000858,0.979991,1.000000
"Ficus socotrana (JPL093)",JPL093,becknic,vegetation,vegetation.tree.ficus.socotrana.vswir.jpl093.jpl.asd.spectrum.txt,0.002715,0.999591,1.000000,0.001578,0.885123,1.000000,0.001564,0.999815,1.000000,0.000493,1.000000,0.000000,0.000415,1.000000,0.000000
"Ficus thonningii (JPL099)",JPL099,becknic,vegetation,vegetation.tree.ficus.thonningii.tir.jpl099.jpl.nicolet.spectrum.txt,0.000166,1.000000,0.000000,0.000132,1.000000,0.000000,0.000206,1.000000,0.000000,0.002049,0.893748,0.999750,0.001045,0.976187,1.000000
"Ficus thonningii (JPL100)",JPL100,becknic,vegetation,vegetation.tree.ficus.thonningii.tir.jpl100.jpl.nicolet.spectrum.txt,0.000154,1.000000,0.000000,0.000123,1.000000,0.000000,0.000192,1.000000,0.000000,0.002084,0.785803,0.999750,0.000990,0.986926,1.000000
"Ficus thonningii (JPL101)",JPL101,becknic,vegetation,vegetation.tree.ficus.thonningii.tir.jpl101.jpl.nicolet.spectrum.txt,0.000165,1.000000,0.000000,0.000131,1.000000,0.000000,0.000205,1.000000,0.000000,0.001875,0.885161,0.999750,0.000957,0.988128,1.000000
"Ficus thonningii (JPL099)",JPL099,becknic,vegetation,vegetation.tree.ficus.thonningii.vswir.jpl099.jpl.asd.spectrum.txt,0.002949,0.999510,1.000000,0.001507,0.832552,1.000000,0.001584,0.999806,1.000000,0.000462,1.000000,0.000000,0.000525,1.000000,0.000000
"Ficus thonningii (JPL100)",JPL100,becknic,vegetation,vegetation.tree.ficus.thonningii.vswir.jpl100.jpl.asd.spectrum.txt,0.003051,0.999495,1.000000,0.001354,0.937989,1.000000,0.001470,0.999874,1.000000,0.000517,1.000000,0.000000,0.000492,1.000000,0.000000
"Ficus thonningii (JPL101)",JPL101,becknic,vegetation,vegetation.tree.ficus.thonningii.vswir.jpl101.jpl.asd.spectrum.txt,0.002983,0.999527,1.000000,0.000806,0.960270,1.000000,0.001831,0.999740,1.000000,0.000539,1.000000,0.000000,0.000534,1.000000,0.000000
"Ginkgo biloba (JPL208)",JPL208,becknic,vegetation,vegetation.tree.ginkgo.biloba.tir.jpl208.jpl.nicolet.spectrum.txt,0.000187,1.000000,0.000000,0.000149,1.000000,0.000000,0.000238,1.000000,0.000000,0.001369,0.966457,0.999750,0.000807,0.971946,1.000000
"Ginkgo biloba (JPL208)",JPL208,becknic,vegetation,vegetation.tree.ginkgo.biloba.vswir.jpl208.jpl.asd.spectrum.txt,0.006358,0.998357,1.000000,0.000759,0.989357,1.000000,0.001439,0.999904,1.000000,0.000397,1.000000,0.000000,0.000389,1.000000,0.000000
"Ginko biloba (JPL170)",JPL170,becknic,vegetation,vegetation.tree.ginko.biloba.vswir.jpl170.jpl.asd.spectrum.txt,0.001414,0.999895,1.000000,0.001171,0.966354,1.000000,0.001381,0.999886,1.000000,0.000249,1.000000,0.000000,0.000335,1.000000,0.000000
"Hetrosideros excelsa (JPL171)",JPL171,becknic,vegetation,vegetation.tree.hetrosideros.excelsa.vswir.jpl171.jpl.asd.spectrum.txt,0.002616,0.999647,1.000000,0.000640,0.993014,1.000000,0.001179,0.999921,1.000000,0.000495,1.000000,0.000000,0.000425,1.000000,0.000000
"Jacaranda mimosifolia (JPL201)",JPL201,becknic,vegetation,vegetation.tree.jacaranda.mimosifolia.tir.jpl201.jpl.nicolet.spectrum.txt,0.000539,1.000000,0.000000,0.000372,1.000000,0.000000,0.000623,1.000000,0.000000,0.005286,0.841478,0.999750,0.002412,0.829706,1.000000
"Jacaranda mimosifolia (JPL203)",JPL203,becknic,vegetation,vegetation.tree.jacaranda.mimosifolia.tir.jpl203.jpl.nicolet.spectrum.txt,0.000310,1.000000,0.000000,0.000311,1.000000,0.000000,0.000571,1.000000,0.000000,0.003472,0.884817,0.999750,0.001653,0.853139,1.000000
"Jacaranda mimosifolia (JPL204)",JPL204,becknic,vegetation,vegetation.tree.jacaranda.mimosifolia.tir.jpl204.jpl.nicolet.spectrum.txt,0.000323,1.000000,0.000000,0.000210,1.000000,0.000000,0.000362,1.000000,0.000000,0.002460,0.900871,0.999750,0.001183,0.894167,1.000000
"Jacaranda mimosifolia (JPL161)",JPL161,becknic,vegetation,vegetation.tree.jacaranda.mimosifolia.vswir.jpl161.jpl.asd.spectrum.txt,0.001971,0.999585,1.000000,0.000591,0.908486,1.000000,0.001496,0.999720,1.000000,0.000220,1.000000,0.000000,0.000318,1.000000,0.000000
"Jacaranda mimosifolia (JPL167)",JPL167,becknic,vegetation,vegetation.tree.jacaranda.mimosifolia.vswir.jpl167.jpl.asd.spectrum.txt,0.001317,0.999793,1.000000,0.001047,0.871986,1.000000,0.001001,0.999867,1.000000,0.000227,1.000000,0.000000,0.000224,1.000000,0.000000
"Jacaranda mimosifolia (JPL168)",JPL168,becknic,vegetation,vegetation.tree.jacaranda.mimosifolia.vswir.jpl168.jpl.asd.spectrum.txt,0.001661,0.999761,1.000000,0.000967,0.875093,1.000000,0.001489,0.999778,1.000000,0.000219,1.000000,0.000000,0.000320,1.000000,0.000000
"Jacaranda mimosifolia (JPL201)",JPL201,becknic,vegetation,vegetation.tree.jacaranda.mimosifolia.vswir.jpl201.jpl.asd.spectrum.txt,0.001030,0.999844,1.000000,0.000727,0.861529,1.000000,0.001340,0.999676,1.000000,0.000215,1.000000,0.000000,0.000326,1.000000,0.000000
"Jacaranda mimosifolia (JPL203)",JPL203,becknic,vegetation,vegetation.tree.jacaranda.mimosifolia.vswir.jpl203.jpl.asd.spectrum.txt,0.001444,0.999740,1.000000,0.000720,0.867695,1.000000,0.001239,0.999784,1.000000,0.000217,1.000000,0.000000,0.000324,1.000000,0.000000
"Jacaranda mimosifolia (JPL204)",JPL204,becknic,vegetation,vegetation.tree.jacaranda.mimosifolia.vswir.jpl204.jpl.asd.spectrum.txt,0.001525,0.999772,1.000000,0.001196,0.926136,1.000000,0.001599,0.999730,1.000000,0.000215,1.000000,0.000000,0.000326,1.000000,0.000000
"Lagerstroemia indica (JPL219)",JPL219,becknic,vegetation,vegetation.tree.lagerstroemia.indica.tir.jpl219.jpl.nicolet.spectrum.txt,0.000190,1.000000,0.000000,0.000152,1.000000,0.000000,0.000243,1.000000,0.000000,0.001014,0.857235,0.999750,0.000898,0.941714,1.000000
"Lagerstroemia indica (JPL220)",JPL220,becknic,vegetation,vegetation.tree.lagerstroemia.indica.tir.jpl220.jpl.nicolet.spectrum.txt,0.000122,1.000000,0.000000,0.000097,1.000000,0.000000,0.000152,1.000000,0.000000,0.000837,0.913350,0.999750,0.000862,0.963758,1.000000
"Lagerstroemia indica (JPL227)",JPL227,becknic,vegetation,vegetation.tree.lagerstroemia.indica.tir.jpl227.jpl.nicolet.spectrum.txt,0.000127,1.000000,0.000000,0.000101,1.000000,0.000000,0.000157,1.000000,0.000000,0.001235,0.765649,0.999750,0.000859,0.958259,1.000000
"Lagerstroemia indica (JPL149)",JPL149,becknic,vegetation,vegetation.tree.lagerstroemia.indica.vswir.jpl149.jpl.asd.spectrum.txt,0.004072,0.999091,1.000000,0.001167,0.956235,1.000000,0.001148,0.999926,1.000000,0.000222,1.000000,0.000000,0.000309,1.000000,0.000000
"Lagerstroemia indica (JPL150)",JPL150,becknic,vegetation,vegetation.tree.lagerstroemia.indica.vswir.jpl150.jpl.asd.spectrum.txt,0.003554,0.999292,1.000000,0.002401,0.930306,1.000000,0.001143,0.999927,1.000000,0.000251,1.000000,0.000000,0.000337,1.000000,0.000000
"Lagerstroemia indica (JPL219)",JPL219,becknic,vegetation,vegetation.tree.lagerstroemia.indica.vswir.jpl219.jpl.asd.spectrum.txt,0.003794,0.999243,1.000000,0.002237,0.929007,1.000000,0.001148,0.999933,1.000000,0.000222,1.000000,0.000000,0.000306,1.000000,0.000000
"Lagerstroemia indica (JPL220)",JPL220,becknic,vegetation,vegetation.tree.lagerstroemia.indica.vswir.jpl220.jpl.asd.spectrum.txt,0.005876,0.997927,1.000000,0.002807,0.965164,1.000000,0.001207,0.999918,1.000000,0.000404,1.000000,0.000000,0.000389,1.000000,0.000000
"Lagerstroemia indica (JPL227)",JPL227,becknic,vegetation,vegetation.tree.lagerstroemia.indica.vswir.jpl227.jpl.asd.spectrum.txt,0.000843,0.999950,1.000000,0.001212,0.974558,1.000000,0.001301,0.999878,1.000000,0.000213,1.000000,0.000000,0.000329,1.000000,0.000000
"Macadamia integrifolia (JPL205)",JPL205,becknic,vegetation,vegetation.tree.macadamia.integrifolia.tir.jpl205.jpl.nicolet.spectrum.txt,0.000145,1.000000,0.000000,0.000115,1.000000,0.000000,0.000180,1.000000,0.000000,0.001962,0.656141,0.999750,0.000835,0.934664,1.000000
"Macadamia integrifolia (JPL211)",JPL211,becknic,vegetation,vegetation.tree.macadamia.integrifolia.tir.jpl211.jpl.nicolet.spectrum.txt,0.000124,1.000000,0.000000,0.000098,1.000000,0.000000,0.000153,1.000000,0.000000,0.001485,0.831996,0.999750,0.000697,0.939656,1.000000
"Macadamia integrifolia (JPL165)",JPL165,becknic,vegetation,vegetation.tree.macadamia.integrifolia.vswir.jpl165.jpl.asd.spectrum.txt,0.001832,0.999869,1.000000,0.001177,0.969822,1.000000,0.001265,0.999918,1.000000,0.000364,1.000000,0.000000,0.000550,1.000000,0.000000
"Macadamia integrifolia (JPL205)",JPL205,becknic,vegetation,vegetation.tree.macadamia.integrifolia.vswir.jpl205.jpl.asd.spectrum.txt,0.001714,0.999866,1.000000,0.001872,0.945843,1.000000,0.000976,0.999949,1.000000,0.000294,1.000000,0.000000,0.000357,1.000000,0.000000
"Macadamia integrifolia (JPL211)",JPL211,becknic,vegetation,vegetation.tree.macadamia.integrifolia.vswir.jpl211.jpl.asd.spectrum.txt,0.002049,0.999804,1.000000,0.000795,0.981485,1.000000,0.001177,0.999913,1.000000,0.000535,1.000000,0.000000,0.000511,1.000000,0.000000
"Magnolia grandiflora (JPL182)",JPL182,becknic,vegetation,vegetation.tree.magnolia.grandiflora.tir.jpl182.jpl.nicolet.spectrum.txt,0.000093,1.000000,0.000000,0.000074,1.000000,0.000000,0.000115,1.000000,0.000000,0.001633,0.663978,0.999750,0.000899,0.932579,1.000000
"Magnolia grandiflora (JPL230)",JPL230,becknic,vegetation,vegetation.tree.magnolia.grandiflora.tir.jpl230.jpl.nicolet.spectrum.txt,0.000095,1.000000,0.000000,0.000076,1.000000,0.000000,0.000118,1.000000,0.000000,0.002189,0.587237,0.999750,0.000681,0.940369,1.000000
"Magnolia grandiflora (JPL231)",JPL231,becknic,vegetation,vegetation.tree.magnolia.grandiflora.tir.jpl231.jpl.nicolet.spectrum.txt,0.000096,1.000000,0.000000,0.000077,1.000000,0.000000,0.000120,1.000000,0.000000,0.001952,0.640009,0.999750,0.000921,0.934943,1.000000
"Magnolia grandiflora (JPL115)",JPL115,becknic,vegetation,vegetation.tree.magnolia.grandiflora.vswir.jpl115.jpl.asd.spectrum.txt,0.001693,0.999831,1.000000,0.001075,0.976980,1.000000,0.001268,0.999910,1.000000,0.000253,1.000000,0.000000,0.000338,1.000000,0.000000
"Magnolia grandiflora (JPL116)",JPL116,becknic,vegetation,vegetation.tree.magnolia.grandiflora.vswir.jpl116.jpl.asd.spectrum.txt,0.000927,0.999966,1.000000,0.001267,0.986382,1.000000,0.002644,0.999693,1.000000,0.000418,1.000000,0.000000,0.000536,1.000000,0.000000
"Magnolia grandiflora (JPL132)",JPL132,becknic,vegetation,vegetation.tree.magnolia.grandiflora.vswir.jpl132.jpl.asd.spectrum.txt,0.001526,0.999888,1.000000,0.001310,0.975205,1.000000,0.001887,0.999833,1.000000,0.000341,1.000000,0.000000,0.000375,1.000000,0.000000
"Magnolia grandiflora (JPL182)",JPL182,becknic,vegetation,vegetation.tree.magnolia.grandiflora.vswir.jpl182.jpl.asd.spectrum.txt,0.004845,0.998732,1.000000,0.001762,0.951579,1.000000,0.003413,0.999367,1.000000,0.000157,1.000000,0.000000,0.000170,1.000000,0.000000
"Magnolia grandiflora (JPL230)",JPL230,becknic,vegetation,vegetation.tree.magnolia.grandiflora.vswir.jpl230.jpl.asd.spectrum.txt,0.000939,0.999962,1.000000,0.002533,0.971894,1.000000,0.002405,0.999739,1.000000,0.000244,1.000000,0.000000,0.000246,1.000000,0.000000
"Magnolia grandiflora (JPL231)",JPL231,becknic,vegetation,vegetation.tree.magnolia.grandiflora.vswir.jpl231.jpl.asd.spectrum.txt,0.004426,0.999064,1.000000,0.001822,0.959795,1.000000,0.005790,0.998344,1.000000,0.000086,1.000000,0.000000,0.000093,1.000000,0.000000
"Melaleuca linariifolia (JPL197)",JPL197,becknic,vegetation,vegetation.tree.melaleuca.linariifolia.tir.jpl197.jpl.nicolet.spectrum.txt,0.000136,1.000000,0.000000,0.000108,1.000000,0.000000,0.000169,1.000000,0.000000,0.000509,0.986464,0.999750,0.000710,0.928466,1.000000
"Melaleuca linariifolia (JPL198)",JPL198,becknic,vegetation,vegetation.tree.melaleuca.linariifolia.tir.jpl198.jpl.nicolet.spectrum.txt,0.000164,1.000000,0.000000,0.000130,1.000000,0.000000,0.000204,1.000000,0.000000,0.000918,0.965354,0.999750,0.000674,0.939267,1.000000
"Melaleuca linariifolia (JPL199)",JPL199,becknic,vegetation,vegetation.tree.melaleuca.linariifolia.tir.jpl199.jpl.nicolet.spectrum.txt,0.000140,1.000000,0.000000,0.000112,1.000000,0.000000,0.000174,1.000000,0.000000,0.000762,0.956582,0.999750,0.000676,0.795184,1.000000
"Melaleuca linariifolia (JPL162)",JPL162,becknic,vegetation,vegetation.tree.melaleuca.linariifolia.vswir.jpl162.jpl.asd.spectrum.txt,0.006450,0.997612,1.000000,0.000948,0.988599,1.000000,0.000860,0.999951,1.000000,0.000219,1.000000,0.000000,0.000217,1.000000,0.000000
"Melaleuca linariifolia (JPL163)",JPL163,becknic,vegetation,vegetation.tree.melaleuca.linariifolia.vswir.jpl163.jpl.asd.spectrum.txt,0.001449,0.999808,1.000000,0.001939,0.891380,1.000000,0.001070,0.999892,1.000000,0.000228,1.000000,0.000000,0.000225,1.000000,0.000000
"Melaleuca linariifolia (JPL164)",JPL164,becknic,vegetation,vegetation.tree.melaleuca.linariifolia.vswir.jpl164.jpl.asd.spectrum.txt,0.000990,0.999861,1.000000,0.001348,0.861757,1.000000,0.000913,0.999891,1.000000,0.000217,1.000000,0.000000,0.000216,1.000000,0.000000
"Melaleuca linariifolia (JPL197)",JPL197,becknic,vegetation,vegetation.tree.melaleuca.linariifolia.vswir.jpl197.jpl.asd.spectrum.txt,0.003314,0.999279,1.000000,0.000875,0.977279,1.000000,0.000948,0.999945,1.000000,0.000235,1.000000,0.000000,0.000233,1.000000,0.000000
"Melaleuca linariifolia (JPL198)",JPL198,becknic,vegetation,vegetation.tree.melaleuca.linariifolia.vswir.jpl198.jpl.asd.spectrum.txt,0.001638,0.999692,1.000000,0.001580,0.948171,1.000000,0.000997,0.999905,1.000000,0.000245,1.000000,0.000000,0.000248,1.000000,0.000000
"Melaleuca linariifolia (JPL199)",JPL199,becknic,vegetation,vegetation.tree.melaleuca.linariifolia.vswir.jpl199.jpl.asd.spectrum.txt,0.001676,0.999770,1.000000,0.001221,0.965581,1.000000,0.001004,0.999921,1.000000,0.000211,1.000000,0.000000,0.000211,1.000000,0.000000
"Melateuca lanceolata (JPL223)",JPL223,becknic,vegetation,vegetation.tree.melateuca.lanceolata.tir.jpl223.jpl.nicolet.spectrum.txt,0.000152,1.000000,0.000000,0.000121,1.000000,0.000000,0.000189,1.000000,0.000000,0.000691,0.980277,0.999750,0.000610,0.870394,1.000000
"Melateuca lanceolata (JPL153)",JPL153,becknic,vegetation,vegetation.tree.melateuca.lanceolata.vswir.jpl153.jpl.asd.spectrum.txt,0.001825,0.999771,1.000000,0.001593,0.945560,1.000000,0.000920,0.999933,1.000000,0.000223,1.000000,0.000000,0.000303,1.000000,0.000000
"Melateuca lanceolata (JPL223)",JPL223,becknic,vegetation,vegetation.tree.melateuca.lanceolata.vswir.jpl223.jpl.asd.spectrum.txt,0.001103,0.999914,1.000000,0.001842,0.956391,1.000000,0.001066,0.999917,1.000000,0.000221,1.000000,0.000000,0.000310,1.000000,0.000000
"Metrosideros excelsa (JPL209)",JPL209,becknic,vegetation,vegetation.tree.metrosideros.excelsa.tir.jpl209.jpl.nicolet.spectrum.txt,0.000119,1.000000,0.000000,0.000095,1.000000,0.000000,0.000148,1.000000,0.000000,0.002241,0.788401,0.999750,0.000879,0.940595,1.000000
"Metrosideros excelsa (JPL209)",JPL209,becknic,vegetation,vegetation.tree.metrosideros.excelsa.vswir.jpl209.jpl.asd.spectrum.txt,0.002883,0.999584,1.000000,0.002166,0.922743,1.000000,0.001205,0.999928,1.000000,0.000298,1.000000,0.000000,0.000359,1.000000,0.000000
"Olea africana (JPL226)",JPL226,becknic,vegetation,vegetation.tree.olea.africana.tir.jpl226.jpl.nicolet.spectrum.txt,0.000187,1.000000,0.000000,0.000150,1.000000,0.000000,0.000239,1.000000,0.000000,0.001216,0.880427,0.999750,0.000724,0.934645,1.000000
"Olea africana (JPL121)",JPL121,becknic,vegetation,vegetation.tree.olea.africana.vswir.jpl121.jpl.asd.spectrum.txt,0.001654,0.999865,1.000000,0.000687,0.976473,1.000000,0.001003,0.999945,1.000000,0.000380,1.000000,0.000000,0.000387,1.000000,0.000000
"Olea africana (JPL226)",JPL226,becknic,vegetation,vegetation.tree.olea.africana.vswir.jpl226.jpl.asd.spectrum.txt,0.001514,0.999865,1.000000,0.002156,0.935608,1.000000,0.000827,0.999959,1.000000,0.000299,1.000000,0.000000,0.000360,1.000000,0.000000
"Ombu tree (JPL166)",JPL166,becknic,vegetation,vegetation.tree.ombu.tree.vswir.jpl166.jpl.asd.spectrum.txt,0.003027,0.999339,1.000000,0.000839,0.983881,1.000000,0.001321,0.999872,1.000000,0.000237,1.000000,0.000000,0.000279,1.000000,0.000000
"Peltophorum africanum (JPL259)",JPL259,becknic,vegetation,vegetation.tree.peltophorum.africanum.tir.jpl259.jpl.nicolet.spectrum.txt,0.000171,1.000000,0.000000,0.000136,1.000000,0.000000,0.000214,1.000000,0.000000,0.001798,0.892076,0.999750,0.000774,0.938579,1.000000
"Peltophorum africanum (JPL260)",JPL260,becknic,vegetation,vegetation.tree.peltophorum.africanum.tir.jpl260.jpl.nicolet.spectrum.txt,0.000217,1.000000,0.000000,0.000173,1.000000,0.000000,0.000283,1.000000,0.000000,0.000808,0.973689,0.999750,0.000629,0.912586,1.000000
"Peltophorum africanum (JPL261)",JPL261,becknic,vegetation,vegetation.tree.peltophorum.africanum.tir.jpl261.jpl.nicolet.spectrum.txt,0.000379,1.000000,0.000000,0.000223,1.000000,0.000000,0.000387,1.000000,0.000000,0.001685,0.921818,0.999750,0.000904,0.965346,1.000000
"Peltophorum africanum (JPL259)",JPL259,becknic,vegetation,vegetation.tree.peltophorum.africanum.vswir.jpl259.jpl.asd.spectrum.txt,0.002357,0.999481,1.000000,0.001533,0.931314,1.000000,0.000913,0.999912,1.000000,0.000219,1.000000,0.000000,0.000334,1.000000,0.000000
"Peltophorum africanum (JPL260)",JPL260,becknic,vegetation,vegetation.tree.peltophorum.africanum.vswir.jpl260.jpl.asd.spectrum.txt,0.001012,0.999865,1.000000,0.001090,0.963485,1.000000,0.000698,0.999939,1.000000,0.000220,1.000000,0.000000,0.000217,1.000000,0.000000
"Peltophorum africanum (JPL261)",JPL261,becknic,vegetation,vegetation.tree.peltophorum.africanum.vswir.jpl261.jpl.asd.spectrum.txt,0.003174,0.999203,1.000000,0.000912,0.948124,1.000000,0.001251,0.999855,1.000000,0.000214,1.000000,0.000000,0.000327,1.000000,0.000000
"Peltophorum dubium (JPL206)",JPL206,becknic,vegetation,vegetation.tree.peltophorum.dubium.tir.jpl206.jpl.nicolet.spectrum.txt,0.000216,1.000000,0.000000,0.000172,1.000000,0.000000,0.000282,1.000000,0.000000,0.001775,0.892118,0.999750,0.000955,0.835304,1.000000
"Peltophorum dubium (JPL169)",JPL169,becknic,vegetation,vegetation.tree.peltophorum.dubium.vswir.jpl169.jpl.asd.spectrum.txt,0.001380,0.999750,1.000000,0.000859,0.914968,1.000000,0.001167,0.999791,1.000000,0.000214,1.000000,0.000000,0.000327,1.000000,0.000000
"Peltophorum dubium (JPL206)",JPL206,becknic,vegetation,vegetation.tree.peltophorum.dubium.vswir.jpl206.jpl.asd.spectrum.txt,0.001647,0.999801,1.000000,0.000600,0.976167,1.000000,0.001300,0.999845,1.000000,0.000273,1.000000,0.000000,0.000345,1.000000,0.000000
"Phyllostachys aurea (JPL089)",JPL089,becknic,vegetation,vegetation.tree.phyllostachys.aurea.tir.jpl089.jpl.nicolet.spectrum.txt,0.000358,1.000000,0.000000,0.000219,1.000000,0.000000,0.000378,1.000000,0.000000,0.002213,0.972494,0.999750,0.000820,0.945894,1.000000
"Phyllostachys aurea (JPL090)",JPL090,becknic,vegetation,vegetation.tree.phyllostachys.aurea.tir.jpl090.jpl.nicolet.spectrum.txt,0.000263,1.000000,0.000000,0.000194,1.000000,0.000000,0.000334,1.000000,0.000000,0.001628,0.972916,0.999750,0.000786,0.962184,1.000000
"Phyllostachys aurea (JPL089)",JPL089,becknic,vegetation,vegetation.tree.phyllostachys.aurea.vswir.jpl089.jpl.asd.spectrum.txt,0.002397,0.999507,1.000000,0.000996,0.854817,1.000000,0.001751,0.999593,1.000000,0.000475,1.000000,0.000000,0.000371,1.000000,0.000000
"Phyllostachys aurea (JPL090)",JPL090,becknic,vegetation,vegetation.tree.phyllostachys.aurea.vswir.jpl090.jpl.asd.spectrum.txt,0.002425,0.999531,1.000000,0.000957,0.899141,1.000000,0.001844,0.999599,1.000000,0.000480,1.000000,0.000000,0.000369,1.000000,0.000000
"Phyllostachys vivax (JPL124)",JPL124,becknic,vegetation,vegetation.tree.phyllostachys.vivax.vswir.jpl124.jpl.asd.spectrum.txt,0.001425,0.999831,1.000000,0.000870,0.974480,1.000000,0.001479,0.999742,1.000000,0.000482,1.000000,0.000000,0.000371,1.000000,0.000000
"Phyllostachys vivax (JPL125)",JPL125,becknic,vegetation,vegetation.tree.phyllostachys.vivax.vswir.jpl125.jpl.asd.spectrum.txt,0.001066,0.999903,1.000000,0.001242,0.848265,1.000000,0.001367,0.999748,1.000000,0.000374,1.000000,0.000000,0.000543,1.000000,0.000000
"Phyllostachys vivax (JPL126)",JPL126,becknic,vegetation,vegetation.tree.phyllostachys.vivax.vswir.jpl126.jpl.asd.spectrum.txt,0.001209,0.999863,1.000000,0.000901,0.914636,1.000000,0.001370,0.999700,1.000000,0.000406,1.000000,0.000000,0.000538,1.000000,0.000000
"Phytolacca dioica (JPL207)",JPL207,becknic,vegetation,vegetation.tree.phytolacca.dioica.tir.jpl207.jpl.nicolet.spectrum.txt,0.000109,1.000000,0.000000,0.000086,1.000000,0.000000,0.000135,1.000000,0.000000,0.001772,0.735618,0.999750,0.000699,0.940508,1.000000
"Phytolacca dioica (JPL207)",JPL207,becknic,vegetation,vegetation.tree.phytolacca.dioica.vswir.jpl207.jpl.asd.spectrum.txt,0.002642,0.999536,1.000000,0.000520,0.994581,1.000000,0.001301,0.999872,1.000000,0.000222,1.000000,0.000000,0.000308,1.000000,0.000000
"Pinus lambertiana 1 (VH051)",VH051,becknic,vegetation,vegetation.tree.pinus.lambertiana.tir.vh051.ucsb.nicolet.spectrum.txt,0.000120,1.000000,0.000000,0.000096,1.000000,0.000000,0.000149,1.000000,0.000000,0.001734,0.817802,0.999750,0.001263,0.700215,1.000000
"Pinus lambertiana 1 (VH052)",VH052,becknic,vegetation,vegetation.tree.pinus.lambertiana.tir.vh052.ucsb.nicolet.spectrum.txt,0.000162,1.000000,0.000000,0.000128,1.000000,0.000000,0.000201,1.000000,0.000000,0.001624,0.810523,0.999750,0.001163,0.819655,1.000000
"Pinus lambertiana 2 (VH065)",VH065,becknic,vegetation,vegetation.tree.pinus.lambertiana.tir.vh065.ucsb.nicolet.spectrum.txt,0.000118,1.000000,0.000000,0.000094,1.000000,0.000000,0.000146,1.000000,0.000000,0.001698,0.819514,0.999750,0.001124,0.689681,1.000000
"Pinus lambertiana 2 (VH066)",VH066,becknic,vegetation,vegetation.tree.pinus.lambertiana.tir.vh066.ucsb.nicolet.spectrum.txt,0.000105,1.000000,0.000000,0.000083,1.000000,0.000000,0.000130,1.000000,0.000000,0.001797,0.772263,0.999750,0.001254,0.826475,1.000000
"Pinus lambertiana 3 (VH069)",VH069,becknic,vegetation,vegetation.tree.pinus.lambertiana.tir.vh069.ucsb.nicolet.spectrum.txt,0.000145,1.000000,0.000000,0.000115,1.000000,0.000000,0.000180,1.000000,0.000000,0.001603,0.844943,0.999750,0.001278,0.738170,1.000000
"Pinus lambertiana 3 (VH070)",VH070,becknic,vegetation,vegetation.tree.pinus.lambertiana.tir.vh070.ucsb.nicolet.spectrum.txt,0.000086,1.000000,0.000000,0.000068,1.000000,0.000000,0.000106,1.000000,0.000000,0.001402,0.743166,0.999750,0.001447,0.657186,1.000000
"Pinus lambertiana 1 (VH147)",VH147,becknic,vegetation,vegetation.tree.pinus.lambertiana.tir.vh147.ucsb.nicolet.spectrum.txt,0.000142,1.000000,0.000000,0.000113,1.000000,0.000000,0.000176,1.000000,0.000000,0.002320,0.764440,0.999750,0.001275,0.716912,1.000000
"Pinus lambertiana 1 (VH148)",VH148,becknic,vegetation,vegetation.tree.pinus.lambertiana.tir.vh148.ucsb.nicolet.spectrum.txt,0.000129,1.000000,0.000000,0.000103,1.000000,0.000000,0.000160,1.000000,0.000000,0.002340,0.726899,0.999750,0.001299,0.774180,1.000000
"Pinus lambertiana 2 (VH161)",VH161,becknic,vegetation,vegetation.tree.pinus.lambertiana.tir.vh161.ucsb.nicolet.spectrum.txt,0.000174,1.000000,0.000000,0.000138,1.000000,0.000000,0.000218,1.000000,0.000000,0.002399,0.771834,0.999750,0.001293,0.795567,1.000000
"Pinus lambertiana 2 (VH162)",VH162,becknic,vegetation,vegetation.tree.pinus.lambertiana.tir.vh162.ucsb.nicolet.spectrum.txt,0.000132,1.000000,0.000000,0.000105,1.000000,0.000000,0.000164,1.000000,0.000000,0.002096,0.738320,0.999750,0.001297,0.892104,1.000000
"Pinus lambertiana 3 (VH165)",VH165,becknic,vegetation,vegetation.tree.pinus.lambertiana.tir.vh165.ucsb.nicolet.spectrum.txt,0.000152,1.000000,0.000000,0.000120,1.000000,0.000000,0.000188,1.000000,0.000000,0.002602,0.742656,0.999750,0.001406,0.735129,1.000000
"Pinus lambertiana 3 (VH166)",VH166,becknic,vegetation,vegetation.tree.pinus.lambertiana.tir.vh166.ucsb.nicolet.spectrum.txt,0.000106,1.000000,0.000000,0.000084,1.000000,0.000000,0.000131,1.000000,0.000000,0.001979,0.698953,0.999750,0.001506,0.685501,1.000000
"Pinus lambertiana 1 (VH243)",VH243,becknic,vegetation,vegetation.tree.pinus.lambertiana.tir.vh243.ucsb.nicolet.spectrum.txt,0.000168,1.000000,0.000000,0.000134,1.000000,0.000000,0.000209,1.000000,0.000000,0.000364,1.000000,0.999750,0.000289,0.922538,1.000000
"Pinus lambertiana 1 (VH244)",VH244,becknic,vegetation,vegetation.tree.pinus.lambertiana.tir.vh244.ucsb.nicolet.spectrum.txt,0.000303,1.000000,0.000000,0.000205,1.000000,0.000000,0.000353,1.000000,0.000000,0.002065,0.687715,0.999750,0.002013,0.626542,1.000000
"Pinus lambertiana 2 (VH258)",VH258,becknic,vegetation,vegetation.tree.pinus.lambertiana.tir.vh258.ucsb.nicolet.spectrum.txt,0.000416,1.000000,0.000000,0.000345,1.000000,0.000000,0.000632,1.000000,0.000000,0.002423,0.916963,0.999750,0.001901,0.819695,1.000000
"Pinus lambertiana 2 (VH259)",VH259,becknic,vegetation,vegetation.tree.pinus.lambertiana.tir.vh259.ucsb.nicolet.spectrum.txt,0.000374,1.000000,0.000000,0.000279,1.000000,0.000000,0.000510,1.000000,0.000000,0.001913,0.804908,0.999750,0.001767,0.746341,1.000000
"Pinus lambertiana 3 (VH262)",VH262,becknic,vegetation,vegetation.tree.pinus.lambertiana.tir.vh262.ucsb.nicolet.spectrum.txt,0.000100,1.000000,0.000000,0.000079,1.000000,0.000000,0.000124,1.000000,0.000000,0.001842,0.698705,0.999750,0.001711,0.448411,1.000000
"Pinus lambertiana 3 (VH263)",VH263,becknic,vegetation,vegetation.tree.pinus.lambertiana.tir.vh263.ucsb.nicolet.spectrum.txt,0.000224,1.000000,0.000000,0.000176,1.000000,0.000000,0.000291,1.000000,0.000000,0.002463,0.684920,0.999750,0.001472,0.885943,1.000000
"Pinus lambertiana 1 (VH051)",VH051,becknic,vegetation,vegetation.tree.pinus.lambertiana.vswir.vh051.ucsb.asd.spectrum.txt,0.001088,0.999939,1.000000,0.002143,0.973078,1.000000,0.001462,0.999881,1.000000,0.000214,1.000000,0.000000,0.000330,1.000000,0.000000
"Pinus lambertiana 1 (VH052)",VH052,becknic,vegetation,vegetation.tree.pinus.lambertiana.vswir.vh052.ucsb.asd.spectrum.txt,0.001693,0.999881,1.000000,0.000939,0.997242,1.000000,0.001694,0.999858,1.000000,0.000236,1.000000,0.000000,0.000330,1.000000,0.000000
"Pinus lambertiana 2 (VH065)",VH065,becknic,vegetation,vegetation.tree.pinus.lambertiana.vswir.vh065.ucsb.asd.spectrum.txt,0.001396,0.999922,1.000000,0.001647,0.989630,1.000000,0.001774,0.999873,1.000000,0.000222,1.000000,0.000000,0.000308,1.000000,0.000000
"Pinus lambertiana 2 (VH066)",VH066,becknic,vegetation,vegetation.tree.pinus.lambertiana.vswir.vh066.ucsb.asd.spectrum.txt,0.002338,0.999812,1.000000,0.001056,0.997217,1.000000,0.001594,0.999898,1.000000,0.000215,1.000000,0.000000,0.000332,1.000000,0.000000
"Pinus lambertiana 3 (VH069)",VH069,becknic,vegetation,vegetation.tree.pinus.lambertiana.vswir.vh069.ucsb.asd.spectrum.txt,0.001269,0.999937,1.000000,0.001223,0.993102,1.000000,0.001297,0.999929,1.000000,0.000269,1.000000,0.000000,0.000344,1.000000,0.000000
"Pinus lambertiana 3 (VH070)",VH070,becknic,vegetation,vegetation.tree.pinus.lambertiana.vswir.vh070.ucsb.asd.spectrum.txt,0.003036,0.999732,1.000000,0.001133,0.998020,1.000000,0.002293,0.999820,1.000000,0.000241,1.000000,0.000000,0.000330,1.000000,0.000000
"Pinus lambertiana 1 (VH147)",VH147,becknic,vegetation,vegetation.tree.pinus.lambertiana.vswir.vh147.ucsb.asd.spectrum.txt,0.001561,0.999883,1.000000,0.001709,0.985614,1.000000,0.001832,0.999834,1.000000,0.000414,1.000000,0.000000,0.000391,1.000000,0.000000
"Pinus lambertiana 1 (VH148)",VH148,becknic,vegetation,vegetation.tree.pinus.lambertiana.vswir.vh148.ucsb.asd.spectrum.txt,0.001950,0.999872,1.000000,0.001110,0.996605,1.000000,0.001923,0.999865,1.000000,0.000279,1.000000,0.000000,0.000351,1.000000,0.000000
"Pinus lambertiana 2 (VH161)",VH161,becknic,vegetation,vegetation.tree.pinus.lambertiana.vswir.vh161.ucsb.asd.spectrum.txt,0.001056,0.999952,1.000000,0.001524,0.990731,1.000000,0.001293,0.999928,1.000000,0.000260,1.000000,0.000000,0.000341,1.000000,0.000000
"Pinus lambertiana 2 (VH162)",VH162,becknic,vegetation,vegetation.tree.pinus.lambertiana.vswir.vh162.ucsb.asd.spectrum.txt,0.002629,0.999755,1.000000,0.001493,0.995580,1.000000,0.001578,0.999893,1.000000,0.000279,1.000000,0.000000,0.000351,1.000000,0.000000
"Pinus lambertiana 3 (VH165)",VH165,becknic,vegetation,vegetation.tree.pinus.lambertiana.vswir.vh165.ucsb.asd.spectrum.txt,0.001690,0.999870,1.000000,0.001665,0.990693,1.000000,0.001285,0.999923,1.000000,0.000260,1.000000,0.000000,0.000341,1.000000,0.000000
"Pinus lambertiana 3 (VH166)",VH166,becknic,vegetation,vegetation.tree.pinus.lambertiana.vswir.vh166.ucsb.asd.spectrum.txt,0.002239,0.999837,1.000000,0.001380,0.996084,1.000000,0.002204,0.999818,1.000000,0.000247,1.000000,0.000000,0.000334,1.000000,0.000000
"Pinus lambertiana 1 (VH243)",VH243,becknic,vegetation,vegetation.tree.pinus.lambertiana.vswir.vh243.ucsb.asd.spectrum.txt,0.000903,0.999950,1.000000,0.001194,0.983487,1.000000,0.000938,0.999940,1.000000,0.000240,1.000000,0.000000,0.000330,1.000000,0.000000
"Pinus lambertiana 1 (VH244)",VH244,becknic,vegetation,vegetation.tree.pinus.lambertiana.vswir.vh244.ucsb.asd.spectrum.txt,0.000826,0.999964,1.000000,0.001153,0.990274,1.000000,0.000931,0.999949,1.000000,0.000216,1.000000,0.000000,0.000324,1.000000,0.000000
"Pinus lambertiana 2 (VH258)",VH258,becknic,vegetation,vegetation.tree.pinus.lambertiana.vswir.vh258.ucsb.asd.spectrum.txt,0.000924,0.999953,1.000000,0.000855,0.994000,1.000000,0.000918,0.999950,1.000000,0.000258,1.000000,0.000000,0.000341,1.000000,0.000000
"Pinus lambertiana 2 (VH259)",VH259,becknic,vegetation,vegetation.tree.pinus.lambertiana.vswir.vh259.ucsb.asd.spectrum.txt,0.000804,0.999970,1.000000,0.001113,0.993139,1.000000,0.001008,0.999946,1.000000,0.000261,1.000000,0.000000,0.000341,1.000000,0.000000
"Pinus lambertiana 3 (VH262)",VH262,becknic,vegetation,vegetation.tree.pinus.lambertiana.vswir.vh262.ucsb.asd.spectrum.txt,0.001005,0.999940,1.000000,0.000799,0.993298,1.000000,0.000945,0.999941,1.000000,0.000244,1.000000,0.000000,0.000332,1.000000,0.000000
"Pinus lambertiana 3 (VH263)",VH263,becknic,vegetation,vegetation.tree.pinus.lambertiana.vswir.vh263.ucsb.asd.spectrum.txt,0.000908,0.999966,1.000000,0.001282,0.994092,1.000000,0.001271,0.999917,1.000000,0.000221,1.000000,0.000000,0.000333,1.000000,0.000000
"Pinus ponderosa 1 (VH057)",VH057,becknic,vegetation,vegetation.tree.pinus.ponderosa.tir.vh057.ucsb.nicolet.spectrum.txt,0.000144,1.000000,0.000000,0.000114,1.000000,0.000000,0.000178,1.000000,0.000000,0.003023,0.730412,0.999750,0.001688,0.673965,1.000000
"Pinus ponderosa 1 (VH058)",VH058,becknic,vegetation,vegetation.tree.pinus.ponderosa.tir.vh058.ucsb.nicolet.spectrum.txt,0.000116,1.000000,0.000000,0.000093,1.000000,0.000000,0.000144,1.000000,0.000000,0.002017,0.752267,0.999750,0.001183,0.776322,1.000000
"Pinus ponderosa 2 (VH061)",VH061,becknic,vegetation,vegetation.tree.pinus.ponderosa.tir.vh061.ucsb.nicolet.spectrum.txt,0.000126,1.000000,0.000000,0.000100,1.000000,0.000000,0.000156,1.000000,0.000000,0.002303,0.704143,0.999750,0.001158,0.735512,1.000000
"Pinus ponderosa 2 (VH062)",VH062,becknic,vegetation,vegetation.tree.pinus.ponderosa.tir.vh062.ucsb.nicolet.spectrum.txt,0.000119,1.000000,0.000000,0.000095,1.000000,0.000000,0.000148,1.000000,0.000000,0.002353,0.709192,0.999750,0.001181,0.759115,1.000000
"Pinus ponderosa 3 (VH067)",VH067,becknic,vegetation,vegetation.tree.pinus.ponderosa.tir.vh067.ucsb.nicolet.spectrum.txt,0.000146,1.000000,0.000000,0.000116,1.000000,0.000000,0.000182,1.000000,0.000000,0.002997,0.725624,0.999750,0.001269,0.820721,1.000000
"Pinus ponderosa 3 (VH068)",VH068,becknic,vegetation,vegetation.tree.pinus.ponderosa.tir.vh068.ucsb.nicolet.spectrum.txt,0.000099,1.000000,0.000000,0.000078,1.000000,0.000000,0.000122,1.000000,0.000000,0.001918,0.715198,0.999750,0.001277,0.584352,1.000000
"Pinus ponderosa 1 (VH153)",VH153,becknic,vegetation,vegetation.tree.pinus.ponderosa.tir.vh153.ucsb.nicolet.spectrum.txt,0.000132,1.000000,0.000000,0.000105,1.000000,0.000000,0.000164,1.000000,0.000000,0.002629,0.699046,0.999750,0.001551,0.614407,1.000000
"Pinus ponderosa 1 (VH154)",VH154,becknic,vegetation,vegetation.tree.pinus.ponderosa.tir.vh154.ucsb.nicolet.spectrum.txt,0.000155,1.000000,0.000000,0.000123,1.000000,0.000000,0.000193,1.000000,0.000000,0.001946,0.820170,0.999750,0.001398,0.931375,1.000000
"Pinus ponderosa 2 (VH157)",VH157,becknic,vegetation,vegetation.tree.pinus.ponderosa.tir.vh157.ucsb.nicolet.spectrum.txt,0.000133,1.000000,0.000000,0.000106,1.000000,0.000000,0.000165,1.000000,0.000000,0.002906,0.654780,0.999750,0.001372,0.656377,1.000000
"Pinus ponderosa 2 (VH158)",VH158,becknic,vegetation,vegetation.tree.pinus.ponderosa.tir.vh158.ucsb.nicolet.spectrum.txt,0.000144,1.000000,0.000000,0.000115,1.000000,0.000000,0.000179,1.000000,0.000000,0.001941,0.787470,0.999750,0.001323,0.904277,1.000000
"Pinus ponderosa 3 (VH163)",VH163,becknic,vegetation,vegetation.tree.pinus.ponderosa.tir.vh163.ucsb.nicolet.spectrum.txt,0.000148,1.000000,0.000000,0.000118,1.000000,0.000000,0.000184,1.000000,0.000000,0.003195,0.704578,0.999750,0.001501,0.739899,1.000000
"Pinus ponderosa 3 (VH164)",VH164,becknic,vegetation,vegetation.tree.pinus.ponderosa.tir.vh164.ucsb.nicolet.spectrum.txt,0.000143,1.000000,0.000000,0.000113,1.000000,0.000000,0.000177,1.000000,0.000000,0.002948,0.578113,0.999750,0.001647,0.935661,1.000000
"Pinus ponderosa 1 (VH249)",VH249,becknic,vegetation,vegetation.tree.pinus.ponderosa.tir.vh249.ucsb.nicolet.spectrum.txt,0.000136,1.000000,0.000000,0.000108,1.000000,0.000000,0.000169,1.000000,0.000000,0.002524,0.751672,0.999750,0.001598,0.732162,1.000000
"Pinus ponderosa 1 (VH250)",VH250,becknic,vegetation,vegetation.tree.pinus.ponderosa.tir.vh250.ucsb.nicolet.spectrum.txt,0.000124,1.000000,0.000000,0.000098,1.000000,0.000000,0.000153,1.000000,0.000000,0.002564,0.683435,0.999750,0.001380,0.790675,1.000000
"Pinus ponderosa 2 (VH254)",VH254,becknic,vegetation,vegetation.tree.pinus.ponderosa.tir.vh254.ucsb.nicolet.spectrum.txt,0.000060,1.000000,0.000000,0.000048,1.000000,0.000000,0.000075,1.000000,0.000000,0.000226,1.000000,0.999750,0.000167,1.000000,1.000000
"Pinus ponderosa 2 (VH255)",VH255,becknic,vegetation,vegetation.tree.pinus.ponderosa.tir.vh255.ucsb.nicolet.spectrum.txt,0.000109,1.000000,0.000000,0.000086,1.000000,0.000000,0.000135,1.000000,0.000000,0.002103,0.687696,0.999750,0.001922,0.764089,1.000000
"Pinus ponderosa 3 (VH260)",VH260,becknic,vegetation,vegetation.tree.pinus.ponderosa.tir.vh260.ucsb.nicolet.spectrum.txt,0.000114,1.000000,0.000000,0.000091,1.000000,0.000000,0.000141,1.000000,0.000000,0.002384,0.713483,0.999750,0.001860,0.586637,1.000000
"Pinus ponderosa 3 (VH261)",VH261,becknic,vegetation,vegetation.tree.pinus.ponderosa.tir.vh261.ucsb.nicolet.spectrum.txt,0.000103,1.000000,0.000000,0.000082,1.000000,0.000000,0.000127,1.000000,0.000000,0.002629,0.608578,0.999750,0.001703,0.692164,1.000000
"Pinus ponderosa 1 (VH057)",VH057,becknic,vegetation,vegetation.tree.pinus.ponderosa.vswir.vh057.ucsb.asd.spectrum.txt,0.002692,0.999683,1.000000,0.001444,0.992609,1.000000,0.001907,0.999823,1.000000,0.000267,1.000000,0.000000,0.000343,1.000000,0.000000
"Pinus ponderosa 1 (VH058)",VH058,becknic,vegetation,vegetation.tree.pinus.ponderosa.vswir.vh058.ucsb.asd.spectrum.txt,0.004546,0.999036,1.000000,0.001530,0.994117,1.000000,0.002213,0.999748,1.000000,0.000213,1.000000,0.000000,0.000329,1.000000,0.000000
"Pinus ponderosa 2 (VH061)",VH061,becknic,vegetation,vegetation.tree.pinus.ponderosa.vswir.vh061.ucsb.asd.spectrum.txt,0.002506,0.999674,1.000000,0.001064,0.995473,1.000000,0.001809,0.999810,1.000000,0.000240,1.000000,0.000000,0.000330,1.000000,0.000000
"Pinus ponderosa 2 (VH062)",VH062,becknic,vegetation,vegetation.tree.pinus.ponderosa.vswir.vh062.ucsb.asd.spectrum.txt,0.003442,0.999609,1.000000,0.001691,0.995177,1.000000,0.002661,0.999715,1.000000,0.000289,1.000000,0.000000,0.000355,1.000000,0.000000
"Pinus ponderosa 3 (VH067)",VH067,becknic,vegetation,vegetation.tree.pinus.ponderosa.vswir.vh067.ucsb.asd.spectrum.txt,0.003661,0.999556,1.000000,0.001642,0.994633,1.000000,0.002370,0.999798,1.000000,0.000284,1.000000,0.000000,0.000353,1.000000,0.000000
"Pinus ponderosa 3 (VH068)",VH068,becknic,vegetation,vegetation.tree.pinus.ponderosa.vswir.vh068.ucsb.asd.spectrum.txt,0.003416,0.999647,1.000000,0.002013,0.992940,1.000000,0.002557,0.999772,1.000000,0.000265,1.000000,0.000000,0.000343,1.000000,0.000000
"Pinus ponderosa 1 (VH153)",VH153,becknic,vegetation,vegetation.tree.pinus.ponderosa.vswir.vh153.ucsb.asd.spectrum.txt,0.003640,0.999421,1.000000,0.001267,0.996032,1.000000,0.002126,0.999802,1.000000,0.000236,1.000000,0.000000,0.000330,1.000000,0.000000
"Pinus ponderosa 1 (VH154)",VH154,becknic,vegetation,vegetation.tree.pinus.ponderosa.vswir.vh154.ucsb.asd.spectrum.txt,0.003951,0.999450,1.000000,0.002324,0.993960,1.000000,0.001925,0.999810,1.000000,0.000393,1.000000,0.000000,0.000388,1.000000,0.000000
"Pinus ponderosa 2 (VH157)",VH157,becknic,vegetation,vegetation.tree.pinus.ponderosa.vswir.vh157.ucsb.asd.spectrum.txt,0.002970,0.999666,1.000000,0.001719,0.992801,1.000000,0.002190,0.999803,1.000000,0.000264,1.000000,0.000000,0.000342,1.000000,0.000000
"Pinus ponderosa 2 (VH158)",VH158,becknic,vegetation,vegetation.tree.pinus.ponderosa.vswir.vh158.ucsb.asd.spectrum.txt,0.003845,0.999558,1.000000,0.002370,0.995067,1.000000,0.002131,0.999796,1.000000,0.000302,1.000000,0.000000,0.000361,1.000000,0.000000
"Pinus ponderosa 3 (VH163)",VH163,becknic,vegetation,vegetation.tree.pinus.ponderosa.vswir.vh163.ucsb.asd.spectrum.txt,0.002938,0.999683,1.000000,0.001462,0.995004,1.000000,0.002374,0.999778,1.000000,0.000281,1.000000,0.000000,0.000352,1.000000,0.000000
"Pinus ponderosa 3 (VH164)",VH164,becknic,vegetation,vegetation.tree.pinus.ponderosa.vswir.vh164.ucsb.asd.spectrum.txt,0.003577,0.999612,1.000000,0.002434,0.995073,1.000000,0.002470,0.999711,1.000000,0.000236,1.000000,0.000000,0.000330,1.000000,0.000000
"Pinus ponderosa 1 (VH249)",VH249,becknic,vegetation,vegetation.tree.pinus.ponderosa.vswir.vh249.ucsb.asd.spectrum.txt,0.001328,0.999913,1.000000,0.001651,0.985567,1.000000,0.001885,0.999790,1.000000,0.000304,1.000000,0.000000,0.000362,1.000000,0.000000
"Pinus ponderosa 1 (VH250)",VH250,becknic,vegetation,vegetation.tree.pinus.ponderosa.vswir.vh250.ucsb.asd.spectrum.txt,0.001377,0.999913,1.000000,0.001746,0.985282,1.000000,0.001304,0.999898,1.000000,0.000291,1.000000,0.000000,0.000356,1.000000,0.000000
"Pinus ponderosa 2 (VH254)",VH254,becknic,vegetation,vegetation.tree.pinus.ponderosa.vswir.vh254.ucsb.asd.spectrum.txt,0.001399,0.999908,1.000000,0.001116,0.995450,1.000000,0.001542,0.999867,1.000000,0.000221,1.000000,0.000000,0.000332,1.000000,0.000000
"Pinus ponderosa 2 (VH255)",VH255,becknic,vegetation,vegetation.tree.pinus.ponderosa.vswir.vh255.ucsb.asd.spectrum.txt,0.001176,0.999945,1.000000,0.001928,0.990134,1.000000,0.001178,0.999922,1.000000,0.000267,1.000000,0.000000,0.000343,1.000000,0.000000
"Pinus ponderosa 3 (VH260)",VH260,becknic,vegetation,vegetation.tree.pinus.ponderosa.vswir.vh260.ucsb.asd.spectrum.txt,0.001593,0.999895,1.000000,0.001123,0.995417,1.000000,0.001772,0.999842,1.000000,0.000296,1.000000,0.000000,0.000358,1.000000,0.000000
"Pinus ponderosa 3 (VH261)",VH261,becknic,vegetation,vegetation.tree.pinus.ponderosa.vswir.vh261.ucsb.asd.spectrum.txt,0.001691,0.999894,1.000000,0.001092,0.996367,1.000000,0.001188,0.999933,1.000000,0.000250,1.000000,0.000000,0.000336,1.000000,0.000000
"Pinus strobus (PIST-1-25)",PIST-1-25,becknic,vegetation,vegetation.tree.pinus.strobus.tir.pist-1-25.ucsb.nicolet.spectrum.txt,0.000102,1.000000,0.000000,0.000081,1.000000,0.000000,0.000126,1.000000,0.000000,0.002724,0.595066,0.999750,0.001624,0.711345,1.000000
"Pinus strobus (PIST-2-27)",PIST-2-27,becknic,vegetation,vegetation.tree.pinus.strobus.tir.pist-2-27.ucsb.nicolet.spectrum.txt,0.000141,1.000000,0.000000,0.000112,1.000000,0.000000,0.000175,1.000000,0.000000,0.003443,0.475892,0.999750,0.002435,0.574651,1.000000
"Pinus strobus (PIST-3-29)",PIST-3-29,becknic,vegetation,vegetation.tree.pinus.strobus.tir.pist-3-29.ucsb.nicolet.spectrum.txt,0.000118,1.000000,0.000000,0.000094,1.000000,0.000000,0.000146,1.000000,0.000000,0.003436,0.530229,0.999750,0.002287,0.688989,1.000000
"Pinus strobus (PIST-1-25)",PIST-1-25,becknic,vegetation,vegetation.tree.pinus.strobus.vswir.pist-1-25.ucsb.asd.spectrum.txt,0.001615,0.999877,1.000000,0.001013,0.991225,1.000000,0.001074,0.999939,1.000000,0.000224,1.000000,0.000000,0.000331,1.000000,0.000000
"Pinus strobus (PIST-2-27)",PIST-2-27,becknic,vegetation,vegetation.tree.pinus.strobus.vswir.pist-2-27.ucsb.asd.spectrum.txt,0.001751,0.999856,1.000000,0.000852,0.994009,1.000000,0.000897,0.999959,1.000000,0.000222,1.000000,0.000000,0.000309,1.000000,0.000000
"Pinus strobus (PIST-3-29)",PIST-3-29,becknic,vegetation,vegetation.tree.pinus.strobus.vswir.pist-3-29.ucsb.asd.spectrum.txt,0.001473,0.999887,1.000000,0.000699,0.993818,1.000000,0.000733,0.999970,1.000000,0.000288,1.000000,0.000000,0.000355,1.000000,0.000000
"Podocarpus gracilior (JPL187)",JPL187,becknic,vegetation,vegetation.tree.podocarpus.gracilior.tir.jpl187.jpl.nicolet.spectrum.txt,0.000277,1.000000,0.000000,0.000198,1.000000,0.000000,0.000341,1.000000,0.000000,0.001543,0.945685,0.999750,0.001088,0.923053,1.000000
"Podocarpus gracilior (JPL188)",JPL188,becknic,vegetation,vegetation.tree.podocarpus.gracilior.tir.jpl188.jpl.nicolet.spectrum.txt,0.000479,1.000000,0.000000,0.000255,1.000000,0.000000,0.000463,1.000000,0.000000,0.001866,0.941139,0.999750,0.001197,0.901902,1.000000
"Podocarpus gracilior (JPL233)",JPL233,becknic,vegetation,vegetation.tree.podocarpus.gracilior.tir.jpl233.jpl.nicolet.spectrum.txt,0.000266,1.000000,0.000000,0.000195,1.000000,0.000000,0.000336,1.000000,0.000000,0.001673,0.934709,0.999750,0.001016,0.932445,1.000000
"Podocarpus gracilior (JPL127)",JPL127,becknic,vegetation,vegetation.tree.podocarpus.gracilior.vswir.jpl127.jpl.asd.spectrum.txt,0.002084,0.999771,1.000000,0.001875,0.920752,1.000000,0.001431,0.999853,1.000000,0.000467,1.000000,0.000000,0.000523,1.000000,0.000000
"Podocarpus gracilior (JPL155)",JPL155,becknic,vegetation,vegetation.tree.podocarpus.gracilior.vswir.jpl155.jpl.asd.spectrum.txt,0.001105,0.999876,1.000000,0.000974,0.961272,1.000000,0.001201,0.999842,1.000000,0.000478,1.000000,0.000000,0.000369,1.000000,0.000000
"Podocarpus gracilior (JPL173)",JPL173,becknic,vegetation,vegetation.tree.podocarpus.gracilior.vswir.jpl173.jpl.asd.spectrum.txt,0.001483,0.999854,1.000000,0.003189,0.913941,1.000000,0.001442,0.999821,1.000000,0.000534,1.000000,0.000000,0.000510,1.000000,0.000000
"Podocarpus gracilior (JPL187)",JPL187,becknic,vegetation,vegetation.tree.podocarpus.gracilior.vswir.jpl187.jpl.asd.spectrum.txt,0.001645,0.999857,1.000000,0.000610,0.988461,1.000000,0.001330,0.999873,1.000000,0.000486,1.000000,0.000000,0.000514,1.000000,0.000000
"Podocarpus gracilior (JPL188)",JPL188,becknic,vegetation,vegetation.tree.podocarpus.gracilior.vswir.jpl188.jpl.asd.spectrum.txt,0.001795,0.999873,1.000000,0.001900,0.957946,1.000000,0.001405,0.999893,1.000000,0.000375,1.000000,0.000000,0.000543,1.000000,0.000000
"Podocarpus gracilior (JPL233)",JPL233,becknic,vegetation,vegetation.tree.podocarpus.gracilior.vswir.jpl233.jpl.asd.spectrum.txt,0.001995,0.999827,1.000000,0.001873,0.942721,1.000000,0.001290,0.999909,1.000000,0.000527,1.000000,0.000000,0.000504,1.000000,0.000000
"Prosopis articulata (JPL142)",JPL142,becknic,vegetation,vegetation.tree.prosopis.articulata.vswir.jpl142.jpl.asd.spectrum.txt,0.002129,0.999278,1.000000,0.000583,0.973237,1.000000,0.000711,0.999924,1.000000,0.000153,1.000000,0.000000,0.000165,1.000000,0.000000
"Prunus serotina (PRSE-2-65)",PRSE-2-65,becknic,vegetation,vegetation.tree.prunus.serotina.tir.prse-2-65.ucsb.nicolet.spectrum.txt,0.000354,1.000000,0.000000,0.000218,1.000000,0.000000,0.000376,1.000000,0.000000,0.003220,0.909093,0.999750,0.002244,0.955943,1.000000
"Prunus serotina (PRSE-1-63)",PRSE-1-63,becknic,vegetation,vegetation.tree.prunus.serotina.vswir.prse-1-63.ucsb.asd.spectrum.txt,0.005604,0.997554,1.000000,0.000650,0.956249,1.000000,0.001290,0.999831,1.000000,0.000250,1.000000,0.000000,0.000336,1.000000,0.000000
"Prunus serotina (PRSE-2-65)",PRSE-2-65,becknic,vegetation,vegetation.tree.prunus.serotina.vswir.prse-2-65.ucsb.asd.spectrum.txt,0.002531,0.999555,1.000000,0.001148,0.893999,1.000000,0.001615,0.999771,1.000000,0.000287,1.000000,0.000000,0.000354,1.000000,0.000000
"Pyllostachys vivax (JPL190)",JPL190,becknic,vegetation,vegetation.tree.pyllostachys.vivax.tir.jpl190.jpl.nicolet.spectrum.txt,0.000228,1.000000,0.000000,0.000178,1.000000,0.000000,0.000295,1.000000,0.000000,0.002529,0.919170,0.999750,0.000922,0.984685,1.000000
"Pyllostachys vivax (JPL191)",JPL191,becknic,vegetation,vegetation.tree.pyllostachys.vivax.tir.jpl191.jpl.nicolet.spectrum.txt,0.000298,1.000000,0.000000,0.000203,1.000000,0.000000,0.000351,1.000000,0.000000,0.002938,0.928319,0.999750,0.000875,0.927185,1.000000
"Pyllostachys vivax (JPL192)",JPL192,becknic,vegetation,vegetation.tree.pyllostachys.vivax.tir.jpl192.jpl.nicolet.spectrum.txt,0.000211,1.000000,0.000000,0.000169,1.000000,0.000000,0.000275,1.000000,0.000000,0.002405,0.911629,0.999750,0.000816,0.970051,1.000000
"Pyllostachys vivax (JPL190)",JPL190,becknic,vegetation,vegetation.tree.pyllostachys.vivax.vswir.jpl190.jpl.asd.spectrum.txt,0.001326,0.999866,1.000000,0.001101,0.878164,1.000000,0.001381,0.999805,1.000000,0.000487,1.000000,0.000000,0.000507,1.000000,0.000000
"Pyllostachys vivax (JPL191)",JPL191,becknic,vegetation,vegetation.tree.pyllostachys.vivax.vswir.jpl191.jpl.asd.spectrum.txt,0.001249,0.999854,1.000000,0.001545,0.874404,1.000000,0.001720,0.999525,1.000000,0.000367,1.000000,0.000000,0.000548,1.000000,0.000000
"Pyllostachys vivax (JPL192)",JPL192,becknic,vegetation,vegetation.tree.pyllostachys.vivax.vswir.jpl192.jpl.asd.spectrum.txt,0.001015,0.999926,1.000000,0.001756,0.858493,1.000000,0.001430,0.999789,1.000000,0.000478,1.000000,0.000000,0.000520,1.000000,0.000000
"Quercus agrifolia (JPL176)",JPL176,becknic,vegetation,vegetation.tree.quercus.agrifolia.tir.jpl176.jpl.nicolet.spectrum.txt,0.000131,1.000000,0.000000,0.000104,1.000000,0.000000,0.000163,1.000000,0.000000,0.002305,0.670833,0.999750,0.000999,0.754726,1.000000
"Quercus agrifolia (JPL179)",JPL179,becknic,vegetation,vegetation.tree.quercus.agrifolia.tir.jpl179.jpl.nicolet.spectrum.txt,0.000165,1.000000,0.000000,0.000131,1.000000,0.000000,0.000205,1.000000,0.000000,0.002174,0.721528,0.999750,0.000961,0.806713,1.000000
"Quercus agrifolia (JPL181)",JPL181,becknic,vegetation,vegetation.tree.quercus.agrifolia.tir.jpl181.jpl.nicolet.spectrum.txt,0.000159,1.000000,0.000000,0.000127,1.000000,0.000000,0.000198,1.000000,0.000000,0.001907,0.662846,0.999750,0.000863,0.748230,1.000000
"Quercus agrifolia 1 (VH075)",VH075,becknic,vegetation,vegetation.tree.quercus.agrifolia.tir.vh075.ucsb.nicolet.spectrum.txt,0.000193,1.000000,0.000000,0.000155,1.000000,0.000000,0.000249,1.000000,0.000000,0.001551,0.841537,0.999750,0.001184,0.751885,1.000000
"Quercus agrifolia 1 (VH076)",VH076,becknic,vegetation,vegetation.tree.quercus.agrifolia.tir.vh076.ucsb.nicolet.spectrum.txt,0.000178,1.000000,0.000000,0.000142,1.000000,0.000000,0.000225,1.000000,0.000000,0.002306,0.544336,0.999750,0.001185,0.831321,1.000000
"Quercus agrifolia 2 (VH079)",VH079,becknic,vegetation,vegetation.tree.quercus.agrifolia.tir.vh079.ucsb.nicolet.spectrum.txt,0.000441,1.000000,0.000000,0.000233,1.000000,0.000000,0.000419,1.000000,0.000000,0.002464,0.845812,0.999750,0.001617,0.878183,1.000000
"Quercus agrifolia 2 (VH080)",VH080,becknic,vegetation,vegetation.tree.quercus.agrifolia.tir.vh080.ucsb.nicolet.spectrum.txt,0.000187,1.000000,0.000000,0.000150,1.000000,0.000000,0.000239,1.000000,0.000000,0.003189,0.678619,0.999750,0.001636,0.695601,1.000000
"Quercus agrifolia 3 (VH083)",VH083,becknic,vegetation,vegetation.tree.quercus.agrifolia.tir.vh083.ucsb.nicolet.spectrum.txt,0.000264,1.000000,0.000000,0.000194,1.000000,0.000000,0.000334,1.000000,0.000000,0.002391,0.657518,0.999750,0.001523,0.621653,1.000000
"Quercus agrifolia 3 (VH084)",VH084,becknic,vegetation,vegetation.tree.quercus.agrifolia.tir.vh084.ucsb.nicolet.spectrum.txt,0.000162,1.000000,0.000000,0.000129,1.000000,0.000000,0.000201,1.000000,0.000000,0.002114,0.717059,0.999750,0.001385,0.707219,1.000000
"Quercus agrifolia 1 (VH171)",VH171,becknic,vegetation,vegetation.tree.quercus.agrifolia.tir.vh171.ucsb.nicolet.spectrum.txt,0.000155,1.000000,0.000000,0.000123,1.000000,0.000000,0.000192,1.000000,0.000000,0.002372,0.511920,0.999750,0.001245,0.704139,1.000000
"Quercus agrifolia 1 (VH172)",VH172,becknic,vegetation,vegetation.tree.quercus.agrifolia.tir.vh172.ucsb.nicolet.spectrum.txt,0.000342,1.000000,0.000000,0.000215,1.000000,0.000000,0.000371,1.000000,0.000000,0.003218,0.676415,0.999750,0.001632,0.590291,1.000000
"Quercus agrifolia 2 (VH175)",VH175,becknic,vegetation,vegetation.tree.quercus.agrifolia.tir.vh175.ucsb.nicolet.spectrum.txt,0.000203,1.000000,0.000000,0.000164,1.000000,0.000000,0.000265,1.000000,0.000000,0.003546,0.624393,0.999750,0.001996,0.792346,1.000000
"Quercus agrifolia 2 (VH176)",VH176,becknic,vegetation,vegetation.tree.quercus.agrifolia.tir.vh176.ucsb.nicolet.spectrum.txt,0.000161,1.000000,0.000000,0.000128,1.000000,0.000000,0.000199,1.000000,0.000000,0.002131,0.716053,0.999750,0.001641,0.695831,1.000000
"Quercus agrifolia 3 (VH179)",VH179,becknic,vegetation,vegetation.tree.quercus.agrifolia.tir.vh179.ucsb.nicolet.spectrum.txt,0.000205,1.000000,0.000000,0.000165,1.000000,0.000000,0.000267,1.000000,0.000000,0.002670,0.631194,0.999750,0.001401,0.732258,1.000000
"Quercus agrifolia 3 (VH180)",VH180,becknic,vegetation,vegetation.tree.quercus.agrifolia.tir.vh180.ucsb.nicolet.spectrum.txt,0.000182,1.000000,0.000000,0.000145,1.000000,0.000000,0.000231,1.000000,0.000000,0.001905,0.781636,0.999750,0.001405,0.742059,1.000000
"Quercus agrifolia 1 (VH271)",VH271,becknic,vegetation,vegetation.tree.quercus.agrifolia.tir.vh271.ucsb.nicolet.spectrum.txt,0.000204,1.000000,0.000000,0.000165,1.000000,0.000000,0.000267,1.000000,0.000000,0.002520,0.930497,0.999750,0.001416,0.724080,1.000000
"Quercus agrifolia 1 (VH272)",VH272,becknic,vegetation,vegetation.tree.quercus.agrifolia.tir.vh272.ucsb.nicolet.spectrum.txt,0.000192,1.000000,0.000000,0.000155,1.000000,0.000000,0.000249,1.000000,0.000000,0.002785,0.681419,0.999750,0.001410,0.710332,1.000000
"Quercus agrifolia 2 (VH275)",VH275,becknic,vegetation,vegetation.tree.quercus.agrifolia.tir.vh275.ucsb.nicolet.spectrum.txt,0.000191,1.000000,0.000000,0.000153,1.000000,0.000000,0.000246,1.000000,0.000000,0.003185,0.624419,0.999750,0.002073,0.437948,1.000000
"Quercus agrifolia 2 (VH276)",VH276,becknic,vegetation,vegetation.tree.quercus.agrifolia.tir.vh276.ucsb.nicolet.spectrum.txt,0.000247,1.000000,0.000000,0.000188,1.000000,0.000000,0.000319,1.000000,0.000000,0.003606,0.859678,0.999750,0.001934,0.742688,1.000000
"Quercus agrifolia 3 (VH279)",VH279,becknic,vegetation,vegetation.tree.quercus.agrifolia.tir.vh279.ucsb.nicolet.spectrum.txt,0.000196,1.000000,0.000000,0.000158,1.000000,0.000000,0.000255,1.000000,0.000000,0.003095,0.709783,0.999750,0.001869,0.773786,1.000000
"Quercus agrifolia 3 (VH280)",VH280,becknic,vegetation,vegetation.tree.quercus.agrifolia.tir.vh280.ucsb.nicolet.spectrum.txt,0.000148,1.000000,0.000000,0.000118,1.000000,0.000000,0.000184,1.000000,0.000000,0.002703,0.640019,0.999750,0.001567,0.551703,1.000000
"Quercus agrifolia (JPL108)",JPL108,becknic,vegetation,vegetation.tree.quercus.agrifolia.vswir.jpl108.jpl.asd.spectrum.txt,0.001284,0.999851,1.000000,0.000366,0.981681,1.000000,0.001026,0.999896,1.000000,0.000289,1.000000,0.000000,0.000355,1.000000,0.000000
"Quercus agrifolia (JPL111)",JPL111,becknic,vegetation,vegetation.tree.quercus.agrifolia.vswir.jpl111.jpl.asd.spectrum.txt,0.001460,0.999837,1.000000,0.004511,0.908552,1.000000,0.001487,0.999853,1.000000,0.000296,1.000000,0.000000,0.000359,1.000000,0.000000
"Quercus agrifolia (JPL112)",JPL112,becknic,vegetation,vegetation.tree.quercus.agrifolia.vswir.jpl112.jpl.asd.spectrum.txt,0.001020,0.999897,1.000000,0.000517,0.984277,1.000000,0.000986,0.999910,1.000000,0.000247,1.000000,0.000000,0.000334,1.000000,0.000000
"Quercus agrifolia (JPL176)",JPL176,becknic,vegetation,vegetation.tree.quercus.agrifolia.vswir.jpl176.jpl.asd.spectrum.txt,0.001356,0.999847,1.000000,0.002935,0.893846,1.000000,0.001001,0.999916,1.000000,0.000413,1.000000,0.000000,0.000391,1.000000,0.000000
"Quercus agrifolia (JPL179)",JPL179,becknic,vegetation,vegetation.tree.quercus.agrifolia.vswir.jpl179.jpl.asd.spectrum.txt,0.001482,0.999850,1.000000,0.001684,0.920771,1.000000,0.001120,0.999912,1.000000,0.000296,1.000000,0.000000,0.000359,1.000000,0.000000
"Quercus agrifolia (JPL181)",JPL181,becknic,vegetation,vegetation.tree.quercus.agrifolia.vswir.jpl181.jpl.asd.spectrum.txt,0.001895,0.999751,1.000000,0.001460,0.930882,1.000000,0.001285,0.999889,1.000000,0.000318,1.000000,0.000000,0.000366,1.000000,0.000000
"Quercus agrifolia 1 (VH075)",VH075,becknic,vegetation,vegetation.tree.quercus.agrifolia.vswir.vh075.ucsb.asd.spectrum.txt,0.001004,0.999912,1.000000,0.000743,0.973979,1.000000,0.001073,0.999914,1.000000,0.000240,1.000000,0.000000,0.000275,1.000000,0.000000
"Quercus agrifolia 1 (VH076)",VH076,becknic,vegetation,vegetation.tree.quercus.agrifolia.vswir.vh076.ucsb.asd.spectrum.txt,0.001851,0.999793,1.000000,0.000877,0.982922,1.000000,0.001007,0.999934,1.000000,0.000241,1.000000,0.000000,0.000275,1.000000,0.000000
"Quercus agrifolia 2 (VH079)",VH079,becknic,vegetation,vegetation.tree.quercus.agrifolia.vswir.vh079.ucsb.asd.spectrum.txt,0.001947,0.999749,1.000000,0.000378,0.981750,1.000000,0.001360,0.999878,1.000000,0.000276,1.000000,0.000000,0.000348,1.000000,0.000000
"Quercus agrifolia 2 (VH080)",VH080,becknic,vegetation,vegetation.tree.quercus.agrifolia.vswir.vh080.ucsb.asd.spectrum.txt,0.001549,0.999772,1.000000,0.000388,0.966196,1.000000,0.001110,0.999880,1.000000,0.000367,1.000000,0.000000,0.000383,1.000000,0.000000
"Quercus agrifolia 3 (VH083)",VH083,becknic,vegetation,vegetation.tree.quercus.agrifolia.vswir.vh083.ucsb.asd.spectrum.txt,0.001937,0.999689,1.000000,0.000362,0.988507,1.000000,0.000993,0.999923,1.000000,0.000227,1.000000,0.000000,0.000294,1.000000,0.000000
"Quercus agrifolia 3 (VH084)",VH084,becknic,vegetation,vegetation.tree.quercus.agrifolia.vswir.vh084.ucsb.asd.spectrum.txt,0.001558,0.999803,1.000000,0.000319,0.993151,1.000000,0.001113,0.999907,1.000000,0.000217,1.000000,0.000000,0.000334,1.000000,0.000000
"Quercus agrifolia 1 (VH171)",VH171,becknic,vegetation,vegetation.tree.quercus.agrifolia.vswir.vh171.ucsb.asd.spectrum.txt,0.001316,0.999792,1.000000,0.000732,0.941402,1.000000,0.000770,0.999932,1.000000,0.000190,1.000000,0.000000,0.000195,1.000000,0.000000
"Quercus agrifolia 1 (VH172)",VH172,becknic,vegetation,vegetation.tree.quercus.agrifolia.vswir.vh172.ucsb.asd.spectrum.txt,0.001560,0.999687,1.000000,0.000469,0.973036,1.000000,0.000986,0.999879,1.000000,0.000243,1.000000,0.000000,0.000245,1.000000,0.000000
"Quercus agrifolia 2 (VH175)",VH175,becknic,vegetation,vegetation.tree.quercus.agrifolia.vswir.vh175.ucsb.asd.spectrum.txt,0.002042,0.999730,1.000000,0.000758,0.975545,1.000000,0.001537,0.999848,1.000000,0.000366,1.000000,0.000000,0.000383,1.000000,0.000000
"Quercus agrifolia 2 (VH176)",VH176,becknic,vegetation,vegetation.tree.quercus.agrifolia.vswir.vh176.ucsb.asd.spectrum.txt,0.001588,0.999817,1.000000,0.000610,0.981956,1.000000,0.000827,0.999953,1.000000,0.000217,1.000000,0.000000,0.000334,1.000000,0.000000
"Quercus agrifolia 3 (VH179)",VH179,becknic,vegetation,vegetation.tree.quercus.agrifolia.vswir.vh179.ucsb.asd.spectrum.txt,0.001524,0.999837,1.000000,0.001478,0.960340,1.000000,0.000953,0.999943,1.000000,0.000240,1.000000,0.000000,0.000330,1.000000,0.000000
"Quercus agrifolia 3 (VH180)",VH180,becknic,vegetation,vegetation.tree.quercus.agrifolia.vswir.vh180.ucsb.asd.spectrum.txt,0.001250,0.999825,1.000000,0.000983,0.965543,1.000000,0.000872,0.999929,1.000000,0.000246,1.000000,0.000000,0.000251,1.000000,0.000000
"Quercus agrifolia 1 (VH271)",VH271,becknic,vegetation,vegetation.tree.quercus.agrifolia.vswir.vh271.ucsb.asd.spectrum.txt,0.001473,0.999859,1.000000,0.000764,0.975582,1.000000,0.001411,0.999870,1.000000,0.000303,1.000000,0.000000,0.000361,1.000000,0.000000
"Quercus agrifolia 1 (VH272)",VH272,becknic,vegetation,vegetation.tree.quercus.agrifolia.vswir.vh272.ucsb.asd.spectrum.txt,0.001216,0.999913,1.000000,0.001616,0.936098,1.000000,0.001490,0.999865,1.000000,0.000383,1.000000,0.000000,0.000388,1.000000,0.000000
"Quercus agrifolia 2 (VH275)",VH275,becknic,vegetation,vegetation.tree.quercus.agrifolia.vswir.vh275.ucsb.asd.spectrum.txt,0.001998,0.999769,1.000000,0.000692,0.974933,1.000000,0.001582,0.999840,1.000000,0.000472,1.000000,0.000000,0.000374,1.000000,0.000000
"Quercus agrifolia 2 (VH276)",VH276,becknic,vegetation,vegetation.tree.quercus.agrifolia.vswir.vh276.ucsb.asd.spectrum.txt,0.002319,0.999768,1.000000,0.000829,0.965686,1.000000,0.002115,0.999766,1.000000,0.000519,1.000000,0.000000,0.000495,1.000000,0.000000
"Quercus agrifolia 3 (VH279)",VH279,becknic,vegetation,vegetation.tree.quercus.agrifolia.vswir.vh279.ucsb.asd.spectrum.txt,0.004347,0.999114,1.000000,0.000884,0.968579,1.000000,0.002105,0.999748,1.000000,0.000486,1.000000,0.000000,0.000517,1.000000,0.000000
"Quercus agrifolia 3 (VH280)",VH280,becknic,vegetation,vegetation.tree.quercus.agrifolia.vswir.vh280.ucsb.asd.spectrum.txt,0.002856,0.999618,1.000000,0.001742,0.956388,1.000000,0.001354,0.999912,1.000000,0.000303,1.000000,0.000000,0.000361,1.000000,0.000000
"Quercus douglasii 1 (VH073)",VH073,becknic,vegetation,vegetation.tree.quercus.douglasii.tir.vh073.ucsb.nicolet.spectrum.txt,0.000199,1.000000,0.000000,0.000161,1.000000,0.000000,0.000261,1.000000,0.000000,0.001562,0.972861,0.999750,0.001285,0.948966,1.000000
"Quercus douglasii 1 (VH074)",VH074,becknic,vegetation,vegetation.tree.quercus.douglasii.tir.vh074.ucsb.nicolet.spectrum.txt,0.000192,1.000000,0.000000,0.000154,1.000000,0.000000,0.000247,1.000000,0.000000,0.001579,0.973373,0.999750,0.001301,0.937576,1.000000
"Quercus douglasii 2 (VH077)",VH077,becknic,vegetation,vegetation.tree.quercus.douglasii.tir.vh077.ucsb.nicolet.spectrum.txt,0.000225,1.000000,0.000000,0.000177,1.000000,0.000000,0.000292,1.000000,0.000000,0.001601,0.949188,0.999750,0.001160,0.939525,1.000000
"Quercus douglasii 2 (VH078)",VH078,becknic,vegetation,vegetation.tree.quercus.douglasii.tir.vh078.ucsb.nicolet.spectrum.txt,0.000165,1.000000,0.000000,0.000131,1.000000,0.000000,0.000205,1.000000,0.000000,0.001373,0.928679,0.999750,0.001082,0.920701,1.000000
"Quercus douglasii 3 (VH081)",VH081,becknic,vegetation,vegetation.tree.quercus.douglasii.tir.vh081.ucsb.nicolet.spectrum.txt,0.000172,1.000000,0.000000,0.000137,1.000000,0.000000,0.000215,1.000000,0.000000,0.001385,0.970361,0.999750,0.001278,0.958911,1.000000
"Quercus douglasii 3 (VH082)",VH082,becknic,vegetation,vegetation.tree.quercus.douglasii.tir.vh082.ucsb.nicolet.spectrum.txt,0.000253,1.000000,0.000000,0.000190,1.000000,0.000000,0.000325,1.000000,0.000000,0.001307,0.976137,0.999750,0.001227,0.965850,1.000000
"Quercus douglasii 1 (VH169)",VH169,becknic,vegetation,vegetation.tree.quercus.douglasii.tir.vh169.ucsb.nicolet.spectrum.txt,0.000269,1.000000,0.000000,0.000196,1.000000,0.000000,0.000337,1.000000,0.000000,0.001939,0.974052,0.999750,0.001381,0.937283,1.000000
"Quercus douglasii 1 (VH170)",VH170,becknic,vegetation,vegetation.tree.quercus.douglasii.tir.vh170.ucsb.nicolet.spectrum.txt,0.000208,1.000000,0.000000,0.000167,1.000000,0.000000,0.000271,1.000000,0.000000,0.002453,0.946264,0.999750,0.001460,0.921871,1.000000
"Quercus douglasii 2 (VH173)",VH173,becknic,vegetation,vegetation.tree.quercus.douglasii.tir.vh173.ucsb.nicolet.spectrum.txt,0.000198,1.000000,0.000000,0.000161,1.000000,0.000000,0.000259,1.000000,0.000000,0.002153,0.864002,0.999750,0.001427,0.902030,1.000000
"Quercus douglasii 2 (VH174)",VH174,becknic,vegetation,vegetation.tree.quercus.douglasii.tir.vh174.ucsb.nicolet.spectrum.txt,0.000235,1.000000,0.000000,0.000182,1.000000,0.000000,0.000304,1.000000,0.000000,0.002127,0.938447,0.999750,0.001352,0.960794,1.000000
"Quercus douglasii 3 (VH177)",VH177,becknic,vegetation,vegetation.tree.quercus.douglasii.tir.vh177.ucsb.nicolet.spectrum.txt,0.000185,1.000000,0.000000,0.000148,1.000000,0.000000,0.000235,1.000000,0.000000,0.002516,0.849051,0.999750,0.001395,0.931925,1.000000
"Quercus douglasii 3 (VH178)",VH178,becknic,vegetation,vegetation.tree.quercus.douglasii.tir.vh178.ucsb.nicolet.spectrum.txt,0.000211,1.000000,0.000000,0.000169,1.000000,0.000000,0.000275,1.000000,0.000000,0.002061,0.955507,0.999750,0.001389,0.965265,1.000000
"Quercus douglasii 1 (VH269)",VH269,becknic,vegetation,vegetation.tree.quercus.douglasii.tir.vh269.ucsb.nicolet.spectrum.txt,0.000227,1.000000,0.000000,0.000178,1.000000,0.000000,0.000295,1.000000,0.000000,0.001811,0.963054,0.999750,0.001659,0.859448,1.000000
"Quercus douglasii 1 (VH270)",VH270,becknic,vegetation,vegetation.tree.quercus.douglasii.tir.vh270.ucsb.nicolet.spectrum.txt,0.000427,1.000000,0.000000,0.000348,1.000000,0.000000,0.000632,1.000000,0.000000,0.002602,0.986484,0.999750,0.001325,0.905820,1.000000
"Quercus douglasii 2 (VH273)",VH273,becknic,vegetation,vegetation.tree.quercus.douglasii.tir.vh273.ucsb.nicolet.spectrum.txt,0.000495,1.000000,0.000000,0.000250,1.000000,0.000000,0.000453,1.000000,0.000000,0.002127,0.975100,0.999750,0.001455,0.977766,1.000000
"Quercus douglasii 2 (VH274)",VH274,becknic,vegetation,vegetation.tree.quercus.douglasii.tir.vh274.ucsb.nicolet.spectrum.txt,0.000416,1.000000,0.000000,0.000269,1.000000,0.000000,0.000490,1.000000,0.000000,0.002109,0.988969,0.999750,0.001793,0.925252,1.000000
"Quercus douglasii 3 (VH277)",VH277,becknic,vegetation,vegetation.tree.quercus.douglasii.tir.vh277.ucsb.nicolet.spectrum.txt,0.000234,1.000000,0.000000,0.000182,1.000000,0.000000,0.000303,1.000000,0.000000,0.002032,0.938374,0.999750,0.001639,0.956681,1.000000
"Quercus douglasii 3 (VH278)",VH278,becknic,vegetation,vegetation.tree.quercus.douglasii.tir.vh278.ucsb.nicolet.spectrum.txt,0.000330,1.000000,0.000000,0.000293,1.000000,0.000000,0.000536,1.000000,0.000000,0.002361,0.987339,0.999750,0.001604,0.959803,1.000000
"Quercus douglasii 1 (VH073)",VH073,becknic,vegetation,vegetation.tree.quercus.douglasii.vswir.vh073.ucsb.asd.spectrum.txt,0.002173,0.999666,1.000000,0.000764,0.967412,1.000000,0.001004,0.999932,1.000000,0.000222,1.000000,0.000000,0.000310,1.000000,0.000000
"Quercus douglasii 1 (VH074)",VH074,becknic,vegetation,vegetation.tree.quercus.douglasii.vswir.vh074.ucsb.asd.spectrum.txt,0.002199,0.999674,1.000000,0.001078,0.959313,1.000000,0.001035,0.999933,1.000000,0.000224,1.000000,0.000000,0.000331,1.000000,0.000000
"Quercus douglasii 2 (VH077)",VH077,becknic,vegetation,vegetation.tree.quercus.douglasii.vswir.vh077.ucsb.asd.spectrum.txt,0.002085,0.999726,1.000000,0.001072,0.964800,1.000000,0.001206,0.999913,1.000000,0.000275,1.000000,0.000000,0.000346,1.000000,0.000000
"Quercus douglasii 2 (VH078)",VH078,becknic,vegetation,vegetation.tree.quercus.douglasii.vswir.vh078.ucsb.asd.spectrum.txt,0.002135,0.999729,1.000000,0.000598,0.982322,1.000000,0.001044,0.999937,1.000000,0.000216,1.000000,0.000000,0.000333,1.000000,0.000000
"Quercus douglasii 3 (VH081)",VH081,becknic,vegetation,vegetation.tree.quercus.douglasii.vswir.vh081.ucsb.asd.spectrum.txt,0.001815,0.999778,1.000000,0.000659,0.968142,1.000000,0.001114,0.999920,1.000000,0.000225,1.000000,0.000000,0.000331,1.000000,0.000000
"Quercus douglasii 3 (VH082)",VH082,becknic,vegetation,vegetation.tree.quercus.douglasii.vswir.vh082.ucsb.asd.spectrum.txt,0.002316,0.999657,1.000000,0.000728,0.974190,1.000000,0.000887,0.999953,1.000000,0.000225,1.000000,0.000000,0.000297,1.000000,0.000000
"Quercus douglasii 1 (VH169)",VH169,becknic,vegetation,vegetation.tree.quercus.douglasii.vswir.vh169.ucsb.asd.spectrum.txt,0.002341,0.999522,1.000000,0.000422,0.977366,1.000000,0.000972,0.999920,1.000000,0.000241,1.000000,0.000000,0.000331,1.000000,0.000000
"Quercus douglasii 1 (VH170)",VH170,becknic,vegetation,vegetation.tree.quercus.douglasii.vswir.vh170.ucsb.asd.spectrum.txt,0.002374,0.999432,1.000000,0.000593,0.965612,1.000000,0.000928,0.999910,1.000000,0.000247,1.000000,0.000000,0.000334,1.000000,0.000000
"Quercus douglasii 2 (VH173)",VH173,becknic,vegetation,vegetation.tree.quercus.douglasii.vswir.vh173.ucsb.asd.spectrum.txt,0.002207,0.999699,1.000000,0.000905,0.945573,1.000000,0.001153,0.999920,1.000000,0.000297,1.000000,0.000000,0.000359,1.000000,0.000000
"Quercus douglasii 2 (VH174)",VH174,becknic,vegetation,vegetation.tree.quercus.douglasii.vswir.vh174.ucsb.asd.spectrum.txt,0.002311,0.999647,1.000000,0.000614,0.969129,1.000000,0.001195,0.999902,1.000000,0.000298,1.000000,0.000000,0.000359,1.000000,0.000000
"Quercus douglasii 3 (VH177)",VH177,becknic,vegetation,vegetation.tree.quercus.douglasii.vswir.vh177.ucsb.asd.spectrum.txt,0.002072,0.999702,1.000000,0.000562,0.977159,1.000000,0.000884,0.999949,1.000000,0.000216,1.000000,0.000000,0.000325,1.000000,0.000000
"Quercus douglasii 3 (VH178)",VH178,becknic,vegetation,vegetation.tree.quercus.douglasii.vswir.vh178.ucsb.asd.spectrum.txt,0.002093,0.999759,1.000000,0.001905,0.978956,1.000000,0.000909,0.999962,1.000000,0.000246,1.000000,0.000000,0.000333,1.000000,0.000000
"Quercus douglasii 1 (VH269)",VH269,becknic,vegetation,vegetation.tree.quercus.douglasii.vswir.vh269.ucsb.asd.spectrum.txt,0.002304,0.999646,1.000000,0.001244,0.867032,1.000000,0.001250,0.999891,1.000000,0.000267,1.000000,0.000000,0.000343,1.000000,0.000000
"Quercus douglasii 1 (VH270)",VH270,becknic,vegetation,vegetation.tree.quercus.douglasii.vswir.vh270.ucsb.asd.spectrum.txt,0.006213,0.997986,1.000000,0.000544,0.995584,1.000000,0.001322,0.999886,1.000000,0.000418,1.000000,0.000000,0.000391,1.000000,0.000000
"Quercus douglasii 2 (VH273)",VH273,becknic,vegetation,vegetation.tree.quercus.douglasii.vswir.vh273.ucsb.asd.spectrum.txt,0.002249,0.999772,1.000000,0.001351,0.948106,1.000000,0.001366,0.999915,1.000000,0.000479,1.000000,0.000000,0.000368,1.000000,0.000000
"Quercus douglasii 2 (VH274)",VH274,becknic,vegetation,vegetation.tree.quercus.douglasii.vswir.vh274.ucsb.asd.spectrum.txt,0.006931,0.998070,1.000000,0.000852,0.991140,1.000000,0.001259,0.999940,1.000000,0.000266,1.000000,0.000000,0.000343,1.000000,0.000000
"Quercus douglasii 3 (VH277)",VH277,becknic,vegetation,vegetation.tree.quercus.douglasii.vswir.vh277.ucsb.asd.spectrum.txt,0.002809,0.999687,1.000000,0.000697,0.994803,1.000000,0.001479,0.999908,1.000000,0.000488,1.000000,0.000000,0.000378,1.000000,0.000000
"Quercus douglasii 3 (VH278)",VH278,becknic,vegetation,vegetation.tree.quercus.douglasii.vswir.vh278.ucsb.asd.spectrum.txt,0.009022,0.996869,1.000000,0.001053,0.939297,1.000000,0.001813,0.999838,1.000000,0.000472,1.000000,0.000000,0.000374,1.000000,0.000000
"Quercus ilex (JPL232)",JPL232,becknic,vegetation,vegetation.tree.quercus.ilex.tir.jpl232.jpl.nicolet.spectrum.txt,0.000212,1.000000,0.000000,0.000170,1.000000,0.000000,0.000277,1.000000,0.000000,0.002200,0.779553,0.999750,0.000939,0.892630,1.000000
"Quercus ilex (JPL255)",JPL255,becknic,vegetation,vegetation.tree.quercus.ilex.tir.jpl255.jpl.nicolet.spectrum.txt,0.000187,1.000000,0.000000,0.000149,1.000000,0.000000,0.000239,1.000000,0.000000,0.002101,0.957538,0.999750,0.000931,0.965650,1.000000
"Quercus ilex (JPL256)",JPL256,becknic,vegetation,vegetation.tree.quercus.ilex.tir.jpl256.jpl.nicolet.spectrum.txt,0.000141,1.000000,0.000000,0.000112,1.000000,0.000000,0.000175,1.000000,0.000000,0.001974,0.851243,0.999750,0.000949,0.844193,1.000000
"Quercus ilex (JPL114)",JPL114,becknic,vegetation,vegetation.tree.quercus.ilex.vswir.jpl114.jpl.asd.spectrum.txt,0.001675,0.999803,1.000000,0.004777,0.938231,1.000000,0.001495,0.999868,1.000000,0.000492,1.000000,0.000000,0.000409,1.000000,0.000000
"Quercus ilex (JPL232)",JPL232,becknic,vegetation,vegetation.tree.quercus.ilex.vswir.jpl232.jpl.asd.spectrum.txt,0.002685,0.999477,1.000000,0.001942,0.977269,1.000000,0.001968,0.999756,1.000000,0.000517,1.000000,0.000000,0.000510,1.000000,0.000000
"Quercus ilex (JPL255)",JPL255,becknic,vegetation,vegetation.tree.quercus.ilex.vswir.jpl255.jpl.asd.spectrum.txt,0.002033,0.999736,1.000000,0.001400,0.976141,1.000000,0.000938,0.999949,1.000000,0.000443,1.000000,0.000000,0.000386,1.000000,0.000000
"Quercus ilex (JPL256)",JPL256,becknic,vegetation,vegetation.tree.quercus.ilex.vswir.jpl256.jpl.asd.spectrum.txt,0.002283,0.999655,1.000000,0.001047,0.977543,1.000000,0.001143,0.999921,1.000000,0.000404,1.000000,0.000000,0.000389,1.000000,0.000000
"Quercus lobata 1 (VH085)",VH085,becknic,vegetation,vegetation.tree.quercus.lobata.tir.vh085.ucsb.nicolet.spectrum.txt,0.000243,1.000000,0.000000,0.000186,1.000000,0.000000,0.000314,1.000000,0.000000,0.001428,0.981799,0.999750,0.001376,0.980301,1.000000
"Quercus lobata 1 (VH086)",VH086,becknic,vegetation,vegetation.tree.quercus.lobata.tir.vh086.ucsb.nicolet.spectrum.txt,0.000254,1.000000,0.000000,0.000190,1.000000,0.000000,0.000326,1.000000,0.000000,0.001544,0.985657,0.999750,0.001795,0.964711,1.000000
"Quercus lobata 2 (VH087)",VH087,becknic,vegetation,vegetation.tree.quercus.lobata.tir.vh087.ucsb.nicolet.spectrum.txt,0.000298,1.000000,0.000000,0.000203,1.000000,0.000000,0.000351,1.000000,0.000000,0.001529,0.984667,0.999750,0.001322,0.970108,1.000000
"Quercus lobata 2 (VH088)",VH088,becknic,vegetation,vegetation.tree.quercus.lobata.tir.vh088.ucsb.nicolet.spectrum.txt,0.000222,1.000000,0.000000,0.000175,1.000000,0.000000,0.000288,1.000000,0.000000,0.001597,0.983025,0.999750,0.001516,0.940798,1.000000
"Quercus lobata 3 (VH089)",VH089,becknic,vegetation,vegetation.tree.quercus.lobata.tir.vh089.ucsb.nicolet.spectrum.txt,0.000440,1.000000,0.000000,0.000233,1.000000,0.000000,0.000419,1.000000,0.000000,0.001648,0.987769,0.999750,0.001468,0.971691,1.000000
"Quercus lobata 3 (VH090)",VH090,becknic,vegetation,vegetation.tree.quercus.lobata.tir.vh090.ucsb.nicolet.spectrum.txt,0.000423,1.000000,0.000000,0.000229,1.000000,0.000000,0.000412,1.000000,0.000000,0.001883,0.988589,0.999750,0.001829,0.981081,1.000000
"Quercus lobata 1 (VH181)",VH181,becknic,vegetation,vegetation.tree.quercus.lobata.tir.vh181.ucsb.nicolet.spectrum.txt,0.000304,1.000000,0.000000,0.000205,1.000000,0.000000,0.000354,1.000000,0.000000,0.002002,0.983320,0.999750,0.001523,0.946085,1.000000
"Quercus lobata 1 (VH182)",VH182,becknic,vegetation,vegetation.tree.quercus.lobata.tir.vh182.ucsb.nicolet.spectrum.txt,0.000382,1.000000,0.000000,0.000224,1.000000,0.000000,0.000389,1.000000,0.000000,0.002148,0.973283,0.999750,0.001815,0.921191,1.000000
"Quercus lobata 2 (VH183)",VH183,becknic,vegetation,vegetation.tree.quercus.lobata.tir.vh183.ucsb.nicolet.spectrum.txt,0.000302,1.000000,0.000000,0.000204,1.000000,0.000000,0.000353,1.000000,0.000000,0.002209,0.967730,0.999750,0.001654,0.914427,1.000000
"Quercus lobata 2 (VH184)",VH184,becknic,vegetation,vegetation.tree.quercus.lobata.tir.vh184.ucsb.nicolet.spectrum.txt,0.000470,1.000000,0.000000,0.000239,1.000000,0.000000,0.000430,1.000000,0.000000,0.002252,0.984331,0.999750,0.001479,0.958259,1.000000
"Quercus lobata 3 (VH185)",VH185,becknic,vegetation,vegetation.tree.quercus.lobata.tir.vh185.ucsb.nicolet.spectrum.txt,0.000315,1.000000,0.000000,0.000208,1.000000,0.000000,0.000359,1.000000,0.000000,0.002101,0.976482,0.999750,0.001586,0.941772,1.000000
"Quercus lobata 3 (VH186)",VH186,becknic,vegetation,vegetation.tree.quercus.lobata.tir.vh186.ucsb.nicolet.spectrum.txt,0.000409,1.000000,0.000000,0.000225,1.000000,0.000000,0.000404,1.000000,0.000000,0.002123,0.986347,0.999750,0.001646,0.961389,1.000000
"Quercus lobata 1 (VH281)",VH281,becknic,vegetation,vegetation.tree.quercus.lobata.tir.vh281.ucsb.nicolet.spectrum.txt,0.000477,1.000000,0.000000,0.000240,1.000000,0.000000,0.000433,1.000000,0.000000,0.001819,0.986287,0.999750,0.001692,0.923784,1.000000
"Quercus lobata 1 (VH282)",VH282,becknic,vegetation,vegetation.tree.quercus.lobata.tir.vh282.ucsb.nicolet.spectrum.txt,0.000388,1.000000,0.000000,0.000224,1.000000,0.000000,0.000392,1.000000,0.000000,0.001874,0.977362,0.999750,0.001819,0.892860,1.000000
"Quercus lobata 2 (VH283)",VH283,becknic,vegetation,vegetation.tree.quercus.lobata.tir.vh283.ucsb.nicolet.spectrum.txt,0.000388,1.000000,0.000000,0.000224,1.000000,0.000000,0.000392,1.000000,0.000000,0.002070,0.973146,0.999750,0.001771,0.912898,1.000000
"Quercus lobata 2 (VH284)",VH284,becknic,vegetation,vegetation.tree.quercus.lobata.tir.vh284.ucsb.nicolet.spectrum.txt,0.000434,1.000000,0.000000,0.000350,1.000000,0.000000,0.000633,1.000000,0.000000,0.002263,0.992654,0.999750,0.002043,0.933593,1.000000
"Quercus lobata 3 (VH285)",VH285,becknic,vegetation,vegetation.tree.quercus.lobata.tir.vh285.ucsb.nicolet.spectrum.txt,0.000403,1.000000,0.000000,0.000223,1.000000,0.000000,0.000400,1.000000,0.000000,0.002437,0.942900,0.999750,0.001573,0.957462,1.000000
"Quercus lobata 3 (VH286)",VH286,becknic,vegetation,vegetation.tree.quercus.lobata.tir.vh286.ucsb.nicolet.spectrum.txt,0.000305,1.000000,0.000000,0.000305,1.000000,0.000000,0.000560,1.000000,0.000000,0.002063,0.992233,0.999750,0.001757,0.928501,1.000000
"Quercus lobata 1 (VH085)",VH085,becknic,vegetation,vegetation.tree.quercus.lobata.vswir.vh085.ucsb.asd.spectrum.txt,0.001770,0.999716,1.000000,0.000627,0.966417,1.000000,0.001251,0.999844,1.000000,0.000342,1.000000,0.000000,0.000375,1.000000,0.000000
"Quercus lobata 1 (VH086)",VH086,becknic,vegetation,vegetation.tree.quercus.lobata.vswir.vh086.ucsb.asd.spectrum.txt,0.001229,0.999917,1.000000,0.000467,0.991440,1.000000,0.000937,0.999951,1.000000,0.000237,1.000000,0.000000,0.000330,1.000000,0.000000
"Quercus lobata 2 (VH087)",VH087,becknic,vegetation,vegetation.tree.quercus.lobata.vswir.vh087.ucsb.asd.spectrum.txt,0.001892,0.999749,1.000000,0.001132,0.939390,1.000000,0.001126,0.999904,1.000000,0.000477,1.000000,0.000000,0.000369,1.000000,0.000000
"Quercus lobata 2 (VH088)",VH088,becknic,vegetation,vegetation.tree.quercus.lobata.vswir.vh088.ucsb.asd.spectrum.txt,0.002014,0.999747,1.000000,0.000647,0.970516,1.000000,0.001044,0.999929,1.000000,0.000392,1.000000,0.000000,0.000388,1.000000,0.000000
"Quercus lobata 3 (VH089)",VH089,becknic,vegetation,vegetation.tree.quercus.lobata.vswir.vh089.ucsb.asd.spectrum.txt,0.002488,0.999629,1.000000,0.000742,0.965738,1.000000,0.001163,0.999912,1.000000,0.000474,1.000000,0.000000,0.000372,1.000000,0.000000
"Quercus lobata 3 (VH090)",VH090,becknic,vegetation,vegetation.tree.quercus.lobata.vswir.vh090.ucsb.asd.spectrum.txt,0.002177,0.999732,1.000000,0.001233,0.948486,1.000000,0.001221,0.999910,1.000000,0.000460,1.000000,0.000000,0.000385,1.000000,0.000000
"Quercus lobata 1 (VH181)",VH181,becknic,vegetation,vegetation.tree.quercus.lobata.vswir.vh181.ucsb.asd.spectrum.txt,0.001608,0.999777,1.000000,0.000504,0.976433,1.000000,0.000908,0.999930,1.000000,0.000279,1.000000,0.000000,0.000351,1.000000,0.000000
"Quercus lobata 1 (VH182)",VH182,becknic,vegetation,vegetation.tree.quercus.lobata.vswir.vh182.ucsb.asd.spectrum.txt,0.001760,0.999747,1.000000,0.000942,0.967668,1.000000,0.000848,0.999945,1.000000,0.000286,1.000000,0.000000,0.000353,1.000000,0.000000
"Quercus lobata 2 (VH183)",VH183,becknic,vegetation,vegetation.tree.quercus.lobata.vswir.vh183.ucsb.asd.spectrum.txt,0.002421,0.999618,1.000000,0.001523,0.902786,1.000000,0.001097,0.999914,1.000000,0.000460,1.000000,0.000000,0.000384,1.000000,0.000000
"Quercus lobata 2 (VH184)",VH184,becknic,vegetation,vegetation.tree.quercus.lobata.vswir.vh184.ucsb.asd.spectrum.txt,0.002357,0.999616,1.000000,0.001344,0.933526,1.000000,0.001290,0.999881,1.000000,0.000289,1.000000,0.000000,0.000355,1.000000,0.000000
"Quercus lobata 3 (VH185)",VH185,becknic,vegetation,vegetation.tree.quercus.lobata.vswir.vh185.ucsb.asd.spectrum.txt,0.002562,0.999584,1.000000,0.000434,0.987581,1.000000,0.001077,0.999923,1.000000,0.000303,1.000000,0.000000,0.000361,1.000000,0.000000
"Quercus lobata 3 (VH186)",VH186,becknic,vegetation,vegetation.tree.quercus.lobata.vswir.vh186.ucsb.asd.spectrum.txt,0.002519,0.999566,1.000000,0.000927,0.924136,1.000000,0.000885,0.999943,1.000000,0.000289,1.000000,0.000000,0.000355,1.000000,0.000000
"Quercus lobata 1 (VH281)",VH281,becknic,vegetation,vegetation.tree.quercus.lobata.vswir.vh281.ucsb.asd.spectrum.txt,0.001895,0.999794,1.000000,0.001833,0.970465,1.000000,0.000926,0.999958,1.000000,0.000401,1.000000,0.000000,0.000389,1.000000,0.000000
"Quercus lobata 1 (VH282)",VH282,becknic,vegetation,vegetation.tree.quercus.lobata.vswir.vh282.ucsb.asd.spectrum.txt,0.008752,0.997194,1.000000,0.000666,0.994465,1.000000,0.001841,0.999847,1.000000,0.000485,1.000000,0.000000,0.000510,1.000000,0.000000
"Quercus lobata 2 (VH283)",VH283,becknic,vegetation,vegetation.tree.quercus.lobata.vswir.vh283.ucsb.asd.spectrum.txt,0.002661,0.999685,1.000000,0.000795,0.983827,1.000000,0.001894,0.999824,1.000000,0.000512,1.000000,0.000000,0.000482,1.000000,0.000000
"Quercus lobata 2 (VH284)",VH284,becknic,vegetation,vegetation.tree.quercus.lobata.vswir.vh284.ucsb.asd.spectrum.txt,0.007863,0.997060,1.000000,0.000888,0.950645,1.000000,0.001974,0.999745,1.000000,0.000503,1.000000,0.000000,0.000508,1.000000,0.000000
"Quercus lobata 3 (VH285)",VH285,becknic,vegetation,vegetation.tree.quercus.lobata.vswir.vh285.ucsb.asd.spectrum.txt,0.002457,0.999703,1.000000,0.001169,0.931409,1.000000,0.002009,0.999754,1.000000,0.000493,1.000000,0.000000,0.000507,1.000000,0.000000
"Quercus lobata 3 (VH286)",VH286,becknic,vegetation,vegetation.tree.quercus.lobata.vswir.vh286.ucsb.asd.spectrum.txt,0.003104,0.999322,1.000000,0.001324,0.958363,1.000000,0.001274,0.999874,1.000000,0.000432,1.000000,0.000000,0.000389,1.000000,0.000000
"Quercus robur (JPL178)",JPL178,becknic,vegetation,vegetation.tree.quercus.robur.tir.jpl178.jpl.nicolet.spectrum.txt,0.000152,1.000000,0.000000,0.000121,1.000000,0.000000,0.000188,1.000000,0.000000,0.001058,0.959843,0.999750,0.000981,0.983536,1.000000
"Quercus robur (JPL247)",JPL247,becknic,vegetation,vegetation.tree.quercus.robur.tir.jpl247.jpl.nicolet.spectrum.txt,0.000177,1.000000,0.000000,0.000141,1.000000,0.000000,0.000224,1.000000,0.000000,0.001502,0.923303,0.999750,0.001048,0.982140,1.000000
"Quercus robur (JPL250)",JPL250,becknic,vegetation,vegetation.tree.quercus.robur.tir.jpl250.jpl.nicolet.spectrum.txt,0.000201,1.000000,0.000000,0.000162,1.000000,0.000000,0.000262,1.000000,0.000000,0.001423,0.963544,0.999750,0.001049,0.980974,1.000000
"Quercus robur (JPL110)",JPL110,becknic,vegetation,vegetation.tree.quercus.robur.vswir.jpl110.jpl.asd.spectrum.txt,0.001844,0.999724,1.000000,0.000717,0.953630,1.000000,0.000931,0.999932,1.000000,0.000226,1.000000,0.000000,0.000330,1.000000,0.000000
"Quercus robur (JPL178)",JPL178,becknic,vegetation,vegetation.tree.quercus.robur.vswir.jpl178.jpl.asd.spectrum.txt,0.001614,0.999821,1.000000,0.000815,0.950231,1.000000,0.001478,0.999833,1.000000,0.000254,1.000000,0.000000,0.000339,1.000000,0.000000
"Quercus robur (JPL247)",JPL247,becknic,vegetation,vegetation.tree.quercus.robur.vswir.jpl247.jpl.asd.spectrum.txt,0.002809,0.999454,1.000000,0.000998,0.900219,1.000000,0.001673,0.999793,1.000000,0.000374,1.000000,0.000000,0.000385,1.000000,0.000000
"Quercus robur (JPL250)",JPL250,becknic,vegetation,vegetation.tree.quercus.robur.vswir.jpl250.jpl.asd.spectrum.txt,0.002041,0.999692,1.000000,0.000529,0.965271,1.000000,0.001350,0.999827,1.000000,0.000338,1.000000,0.000000,0.000374,1.000000,0.000000
"Quercus rubra (JPL189)",JPL189,becknic,vegetation,vegetation.tree.quercus.rubra.tir.jpl189.jpl.nicolet.spectrum.txt,0.000149,1.000000,0.000000,0.000118,1.000000,0.000000,0.000185,1.000000,0.000000,0.001553,0.898827,0.999750,0.000852,0.960027,1.000000
"Quercus rubra (QURU-1-1)",QURU-1-1,becknic,vegetation,vegetation.tree.quercus.rubra.tir.quru-1-1.ucsb.nicolet.spectrum.txt,0.000226,1.000000,0.000000,0.000178,1.000000,0.000000,0.000294,1.000000,0.000000,0.004735,0.541122,0.999750,0.002372,0.986711,1.000000
"Quercus rubra (QURU-1-3)",QURU-1-3,becknic,vegetation,vegetation.tree.quercus.rubra.tir.quru-1-3.ucsb.nicolet.spectrum.txt,0.000270,1.000000,0.000000,0.000196,1.000000,0.000000,0.000337,1.000000,0.000000,0.003649,0.788661,0.999750,0.001904,0.985869,1.000000
"Quercus rubra (QURU-2-5)",QURU-2-5,becknic,vegetation,vegetation.tree.quercus.rubra.tir.quru-2-5.ucsb.nicolet.spectrum.txt,0.000243,1.000000,0.000000,0.000186,1.000000,0.000000,0.000315,1.000000,0.000000,0.003380,0.773302,0.999750,0.002436,0.910773,1.000000
"Quercus rubra (QURU-2-7)",QURU-2-7,becknic,vegetation,vegetation.tree.quercus.rubra.tir.quru-2-7.ucsb.nicolet.spectrum.txt,0.000483,1.000000,0.000000,0.000254,1.000000,0.000000,0.000461,1.000000,0.000000,0.004433,0.891239,0.999750,0.001853,0.981014,1.000000
"Quercus rubra (QURU-3-11)",QURU-3-11,becknic,vegetation,vegetation.tree.quercus.rubra.tir.quru-3-11.ucsb.nicolet.spectrum.txt,0.000183,1.000000,0.000000,0.000146,1.000000,0.000000,0.000233,1.000000,0.000000,0.003475,0.500107,0.999750,0.001807,0.940745,1.000000
"Quercus rubra (QURU-3-9)",QURU-3-9,becknic,vegetation,vegetation.tree.quercus.rubra.tir.quru-3-9.ucsb.nicolet.spectrum.txt,0.000166,1.000000,0.000000,0.000132,1.000000,0.000000,0.000206,1.000000,0.000000,0.003013,0.520840,0.999750,0.002287,0.811706,1.000000
"Quercus rubra (JPL156)",JPL156,becknic,vegetation,vegetation.tree.quercus.rubra.vswir.jpl156.jpl.asd.spectrum.txt,0.001908,0.999830,1.000000,0.002361,0.928119,1.000000,0.001305,0.999878,1.000000,0.000584,1.000000,0.000000,0.000550,1.000000,0.000000
"Quercus rubra (JPL189)",JPL189,becknic,vegetation,vegetation.tree.quercus.rubra.vswir.jpl189.jpl.asd.spectrum.txt,0.000863,0.999927,1.000000,0.000734,0.896397,1.000000,0.001277,0.999832,1.000000,0.000330,1.000000,0.000000,0.000371,1.000000,0.000000
"Quercus rubra (QURU-1-1)",QURU-1-1,becknic,vegetation,vegetation.tree.quercus.rubra.vswir.quru-1-1.ucsb.asd.spectrum.txt,0.002318,0.999677,1.000000,0.000418,0.987474,1.000000,0.001119,0.999923,1.000000,0.000234,1.000000,0.000000,0.000330,1.000000,0.000000
"Quercus rubra (QURU-1-3)",QURU-1-3,becknic,vegetation,vegetation.tree.quercus.rubra.vswir.quru-1-3.ucsb.asd.spectrum.txt,0.002309,0.999672,1.000000,0.000778,0.959821,1.000000,0.001214,0.999887,1.000000,0.000471,1.000000,0.000000,0.000375,1.000000,0.000000
"Quercus rubra (QURU-2-5)",QURU-2-5,becknic,vegetation,vegetation.tree.quercus.rubra.vswir.quru-2-5.ucsb.asd.spectrum.txt,0.001611,0.999819,1.000000,0.000508,0.981369,1.000000,0.001107,0.999907,1.000000,0.000435,1.000000,0.000000,0.000388,1.000000,0.000000
"Quercus rubra (QURU-2-7)",QURU-2-7,becknic,vegetation,vegetation.tree.quercus.rubra.vswir.quru-2-7.ucsb.asd.spectrum.txt,0.001388,0.999856,1.000000,0.000590,0.937767,1.000000,0.001318,0.999829,1.000000,0.000375,1.000000,0.000000,0.000385,1.000000,0.000000
"Quercus rubra (QURU-3-11)",QURU-3-11,becknic,vegetation,vegetation.tree.quercus.rubra.vswir.quru-3-11.ucsb.asd.spectrum.txt,0.001533,0.999852,1.000000,0.000242,0.996045,1.000000,0.000979,0.999936,1.000000,0.000296,1.000000,0.000000,0.000358,1.000000,0.000000
"Quercus rubra (QURU-3-9)",QURU-3-9,becknic,vegetation,vegetation.tree.quercus.rubra.vswir.quru-3-9.ucsb.asd.spectrum.txt,0.002421,0.999592,1.000000,0.000459,0.982612,1.000000,0.001214,0.999900,1.000000,0.000246,1.000000,0.000000,0.000250,1.000000,0.000000
"Quercus suber (JPL175)",JPL175,becknic,vegetation,vegetation.tree.quercus.suber.tir.jpl175.jpl.nicolet.spectrum.txt,0.000178,1.000000,0.000000,0.000142,1.000000,0.000000,0.000224,1.000000,0.000000,0.002052,0.862770,0.999750,0.000932,0.935972,1.000000
"Quercus suber (JPL248)",JPL248,becknic,vegetation,vegetation.tree.quercus.suber.tir.jpl248.jpl.nicolet.spectrum.txt,0.000146,1.000000,0.000000,0.000116,1.000000,0.000000,0.000182,1.000000,0.000000,0.003105,0.588793,0.999750,0.001178,0.798527,1.000000
"Quercus suber (JPL249)",JPL249,becknic,vegetation,vegetation.tree.quercus.suber.tir.jpl249.jpl.nicolet.spectrum.txt,0.000160,1.000000,0.000000,0.000128,1.000000,0.000000,0.000199,1.000000,0.000000,0.001673,0.898877,0.999750,0.000790,0.967046,1.000000
"Quercus suber (JPL106b)",JPL106b,becknic,vegetation,vegetation.tree.quercus.suber.vswir.jpl106b.jpl.asd.spectrum.txt,0.001295,0.999847,1.000000,0.001152,0.966122,1.000000,0.001249,0.999867,1.000000,0.000380,1.000000,0.000000,0.000387,1.000000,0.000000
"Quercus suber (JPL175)",JPL175,becknic,vegetation,vegetation.tree.quercus.suber.vswir.jpl175.jpl.asd.spectrum.txt,0.001807,0.999815,1.000000,0.001434,0.972349,1.000000,0.001973,0.999744,1.000000,0.000486,1.000000,0.000000,0.000513,1.000000,0.000000
"Quercus suber (JPL248)",JPL248,becknic,vegetation,vegetation.tree.quercus.suber.vswir.jpl248.jpl.asd.spectrum.txt,0.001698,0.999813,1.000000,0.000916,0.929749,1.000000,0.001087,0.999924,1.000000,0.000397,1.000000,0.000000,0.000389,1.000000,0.000000
"Quercus suber (JPL249)",JPL249,becknic,vegetation,vegetation.tree.quercus.suber.vswir.jpl249.jpl.asd.spectrum.txt,0.001701,0.999799,1.000000,0.003158,0.913657,1.000000,0.001552,0.999834,1.000000,0.000409,1.000000,0.000000,0.000390,1.000000,0.000000
"Quercus virginana (JPL174)",JPL174,becknic,vegetation,vegetation.tree.quercus.virginana.tir.jpl174.jpl.nicolet.spectrum.txt,0.000149,1.000000,0.000000,0.000118,1.000000,0.000000,0.000185,1.000000,0.000000,0.000746,0.891992,0.999750,0.000664,0.923218,1.000000
"Quercus virginana (JPL186)",JPL186,becknic,vegetation,vegetation.tree.quercus.virginana.tir.jpl186.jpl.nicolet.spectrum.txt,0.000138,1.000000,0.000000,0.000110,1.000000,0.000000,0.000171,1.000000,0.000000,0.001196,0.897175,0.999750,0.000828,0.968051,1.000000
"Quercus virginana (JPL234)",JPL234,becknic,vegetation,vegetation.tree.quercus.virginana.tir.jpl234.jpl.nicolet.spectrum.txt,0.000125,1.000000,0.000000,0.000099,1.000000,0.000000,0.000155,1.000000,0.000000,0.001381,0.829541,0.999750,0.000658,0.976356,1.000000
"Quercus virginana (JPL107)",JPL107,becknic,vegetation,vegetation.tree.quercus.virginana.vswir.jpl107.jpl.asd.spectrum.txt,0.001566,0.999837,1.000000,0.002153,0.936203,1.000000,0.001077,0.999928,1.000000,0.000481,1.000000,0.000000,0.000369,1.000000,0.000000
"Quercus virginana (JPL128)",JPL128,becknic,vegetation,vegetation.tree.quercus.virginana.vswir.jpl128.jpl.asd.spectrum.txt,0.002033,0.999699,1.000000,0.000995,0.935853,1.000000,0.001069,0.999905,1.000000,0.000481,1.000000,0.000000,0.000369,1.000000,0.000000
"Quercus virginana (JPL174)",JPL174,becknic,vegetation,vegetation.tree.quercus.virginana.vswir.jpl174.jpl.asd.spectrum.txt,0.001540,0.999849,1.000000,0.001755,0.954367,1.000000,0.001076,0.999932,1.000000,0.000476,1.000000,0.000000,0.000370,1.000000,0.000000
"Quercus virginana (JPL186)",JPL186,becknic,vegetation,vegetation.tree.quercus.virginana.vswir.jpl186.jpl.asd.spectrum.txt,0.001926,0.999774,1.000000,0.001046,0.915859,1.000000,0.001070,0.999926,1.000000,0.000469,1.000000,0.000000,0.000376,1.000000,0.000000
"Quercus virginana (JPL234)",JPL234,becknic,vegetation,vegetation.tree.quercus.virginana.vswir.jpl234.jpl.asd.spectrum.txt,0.002027,0.999745,1.000000,0.000908,0.926162,1.000000,0.001139,0.999915,1.000000,0.000477,1.000000,0.000000,0.000369,1.000000,0.000000
"Rubus occidentalis (RUOC-1-71)",RUOC-1-71,becknic,vegetation,vegetation.tree.rubus.occidentalis.tir.ruoc-1-71.ucsb.nicolet.spectrum.txt,0.000355,1.000000,0.000000,0.000329,1.000000,0.000000,0.000613,1.000000,0.000000,0.004029,0.957601,0.999750,0.003228,0.871793,1.000000
"Rubus occidentalis (RUOC-1-73)",RUOC-1-73,becknic,vegetation,vegetation.tree.rubus.occidentalis.tir.ruoc-1-73.ucsb.nicolet.spectrum.txt,0.000376,1.000000,0.000000,0.000335,1.000000,0.000000,0.000632,1.000000,0.000000,0.004021,0.967122,0.999750,0.003626,0.803448,1.000000
"Rubus occidentalis (RUOC-1-71)",RUOC-1-71,becknic,vegetation,vegetation.tree.rubus.occidentalis.vswir.ruoc-1-71.ucsb.asd.spectrum.txt,0.004476,0.998701,1.000000,0.000311,0.976565,1.000000,0.001587,0.999760,1.000000,0.000419,1.000000,0.000000,0.000391,1.000000,0.000000
"Rubus occidentalis (RUOC-1-73)",RUOC-1-73,becknic,vegetation,vegetation.tree.rubus.occidentalis.vswir.ruoc-1-73.ucsb.asd.spectrum.txt,0.003170,0.999264,1.000000,0.000523,0.915108,1.000000,0.001558,0.999724,1.000000,0.000412,1.000000,0.000000,0.000391,1.000000,0.000000
"Salix babylonica (JPL183)",JPL183,becknic,vegetation,vegetation.tree.salix.babylonica.tir.jpl183.jpl.nicolet.spectrum.txt,0.000196,1.000000,0.000000,0.000158,1.000000,0.000000,0.000255,1.000000,0.000000,0.001504,0.917613,0.999750,0.001398,0.968669,1.000000
"Salix babylonica (JPL184)",JPL184,becknic,vegetation,vegetation.tree.salix.babylonica.tir.jpl184.jpl.nicolet.spectrum.txt,0.000132,1.000000,0.000000,0.000105,1.000000,0.000000,0.000164,1.000000,0.000000,0.001057,0.907762,0.999750,0.001044,0.977388,1.000000
"Salix babylonica (JPL185)",JPL185,becknic,vegetation,vegetation.tree.salix.babylonica.tir.jpl185.jpl.nicolet.spectrum.txt,0.000125,1.000000,0.000000,0.000099,1.000000,0.000000,0.000155,1.000000,0.000000,0.000849,0.956675,0.999750,0.001163,0.971846,1.000000
"Salix babylonica (JPL129)",JPL129,becknic,vegetation,vegetation.tree.salix.babylonica.vswir.jpl129.jpl.asd.spectrum.txt,0.001731,0.999763,1.000000,0.001342,0.954079,1.000000,0.001226,0.999861,1.000000,0.000240,1.000000,0.000000,0.000330,1.000000,0.000000
"Salix babylonica (JPL130)",JPL130,becknic,vegetation,vegetation.tree.salix.babylonica.vswir.jpl130.jpl.asd.spectrum.txt,0.001590,0.999802,1.000000,0.000690,0.983216,1.000000,0.001460,0.999788,1.000000,0.000375,1.000000,0.000000,0.000385,1.000000,0.000000
"Salix babylonica (JPL131)",JPL131,becknic,vegetation,vegetation.tree.salix.babylonica.vswir.jpl131.jpl.asd.spectrum.txt,0.001833,0.999717,1.000000,0.002026,0.913383,1.000000,0.001269,0.999851,1.000000,0.000409,1.000000,0.000000,0.000390,1.000000,0.000000
"Salix babylonica (JPL183)",JPL183,becknic,vegetation,vegetation.tree.salix.babylonica.vswir.jpl183.jpl.asd.spectrum.txt,0.002322,0.999643,1.000000,0.001254,0.910855,1.000000,0.001320,0.999878,1.000000,0.000369,1.000000,0.000000,0.000383,1.000000,0.000000
"Salix babylonica (JPL184)",JPL184,becknic,vegetation,vegetation.tree.salix.babylonica.vswir.jpl184.jpl.asd.spectrum.txt,0.002205,0.999661,1.000000,0.001085,0.939885,1.000000,0.001490,0.999807,1.000000,0.000373,1.000000,0.000000,0.000384,1.000000,0.000000
"Salix babylonica (JPL185)",JPL185,becknic,vegetation,vegetation.tree.salix.babylonica.vswir.jpl185.jpl.asd.spectrum.txt,0.002270,0.999652,1.000000,0.001767,0.935717,1.000000,0.001437,0.999855,1.000000,0.000273,1.000000,0.000000,0.000345,1.000000,0.000000
"Taxodium mucronatum (JPL213)",JPL213,becknic,vegetation,vegetation.tree.taxodium.mucronatum.tir.jpl213.jpl.nicolet.spectrum.txt,0.000473,1.000000,0.000000,0.000240,1.000000,0.000000,0.000431,1.000000,0.000000,0.001394,0.805579,0.999750,0.000888,0.837546,1.000000
"Taxodium mucronatum (JPL228)",JPL228,becknic,vegetation,vegetation.tree.taxodium.mucronatum.tir.jpl228.jpl.nicolet.spectrum.txt,0.000415,1.000000,0.000000,0.000227,1.000000,0.000000,0.000407,1.000000,0.000000,0.001054,0.940676,0.999750,0.000837,0.943070,1.000000
"Taxodium mucronatum (JPL229)",JPL229,becknic,vegetation,vegetation.tree.taxodium.mucronatum.tir.jpl229.jpl.nicolet.spectrum.txt,0.000254,1.000000,0.000000,0.000191,1.000000,0.000000,0.000327,1.000000,0.000000,0.001503,0.901899,0.999750,0.001124,0.914930,1.000000
"Taxodium mucronatum (JPL117)",JPL117,becknic,vegetation,vegetation.tree.taxodium.mucronatum.vswir.jpl117.jpl.asd.spectrum.txt,0.001070,0.999797,1.000000,0.000797,0.972710,1.000000,0.000628,0.999929,1.000000,0.000248,1.000000,0.000000,0.000254,1.000000,0.000000
"Taxodium mucronatum (JPL118)",JPL118,becknic,vegetation,vegetation.tree.taxodium.mucronatum.vswir.jpl118.jpl.asd.spectrum.txt,0.000981,0.999872,1.000000,0.001447,0.944652,1.000000,0.000816,0.999911,1.000000,0.000237,1.000000,0.000000,0.000235,1.000000,0.000000
"Taxodium mucronatum (JPL119)",JPL119,becknic,vegetation,vegetation.tree.taxodium.mucronatum.vswir.jpl119.jpl.asd.spectrum.txt,0.002366,0.999178,1.000000,0.001045,0.952049,1.000000,0.000771,0.999909,1.000000,0.000235,1.000000,0.000000,0.000233,1.000000,0.000000
"Taxodium mucronatum (JPL213)",JPL213,becknic,vegetation,vegetation.tree.taxodium.mucronatum.vswir.jpl213.jpl.asd.spectrum.txt,0.001399,0.999773,1.000000,0.001282,0.957234,1.000000,0.000587,0.999957,1.000000,0.000182,1.000000,0.000000,0.000191,1.000000,0.000000
"Taxodium mucronatum (JPL228)",JPL228,becknic,vegetation,vegetation.tree.taxodium.mucronatum.vswir.jpl228.jpl.asd.spectrum.txt,0.001778,0.999543,1.000000,0.001685,0.931690,1.000000,0.000851,0.999895,1.000000,0.000224,1.000000,0.000000,0.000301,1.000000,0.000000
"Taxodium mucronatum (JPL229)",JPL229,becknic,vegetation,vegetation.tree.taxodium.mucronatum.vswir.jpl229.jpl.asd.spectrum.txt,0.004007,0.998434,1.000000,0.001192,0.965837,1.000000,0.001026,0.999894,1.000000,0.000213,1.000000,0.000000,0.000328,1.000000,0.000000
"Tipuana tipu (JPL235)",JPL235,becknic,vegetation,vegetation.tree.tipuana.tipu.tir.jpl235.jpl.nicolet.spectrum.txt,0.000136,1.000000,0.000000,0.000108,1.000000,0.000000,0.000169,1.000000,0.000000,0.000809,0.979975,0.999750,0.000712,0.948951,1.000000
"Tipuana tipu (JPL251)",JPL251,becknic,vegetation,vegetation.tree.tipuana.tipu.tir.jpl251.jpl.nicolet.spectrum.txt,0.000124,1.000000,0.000000,0.000098,1.000000,0.000000,0.000154,1.000000,0.000000,0.000988,0.964614,0.999750,0.000735,0.958993,1.000000
"Tipuana tipu (JPL252)",JPL252,becknic,vegetation,vegetation.tree.tipuana.tipu.tir.jpl252.jpl.nicolet.spectrum.txt,0.000101,1.000000,0.000000,0.000080,1.000000,0.000000,0.000125,1.000000,0.000000,0.000660,0.974343,0.999750,0.000679,0.954434,1.000000
"Tipuana tipu (JPL235)",JPL235,becknic,vegetation,vegetation.tree.tipuana.tipu.vswir.jpl235.jpl.asd.spectrum.txt,0.002472,0.999583,1.000000,0.001223,0.898012,1.000000,0.001351,0.999874,1.000000,0.000223,1.000000,0.000000,0.000331,1.000000,0.000000
"Tipuana tipu (JPL251)",JPL251,becknic,vegetation,vegetation.tree.tipuana.tipu.vswir.jpl251.jpl.asd.spectrum.txt,0.003168,0.999369,1.000000,0.001152,0.953078,1.000000,0.001243,0.999902,1.000000,0.000222,1.000000,0.000000,0.000308,1.000000,0.000000
"Tipuana tipu (JPL252)",JPL252,becknic,vegetation,vegetation.tree.tipuana.tipu.vswir.jpl252.jpl.asd.spectrum.txt,0.002034,0.999746,1.000000,0.001114,0.937907,1.000000,0.001203,0.999916,1.000000,0.000229,1.000000,0.000000,0.000291,1.000000,0.000000
"Tsuga canadensis (TSCA-1-47)",TSCA-1-47,becknic,vegetation,vegetation.tree.tsuga.canadensis.tir.tsca-1-47.ucsb.nicolet.spectrum.txt,0.000139,1.000000,0.000000,0.000111,1.000000,0.000000,0.000173,1.000000,0.000000,0.002922,0.693891,0.999750,0.001908,0.620223,1.000000
"Tsuga canadensis (TSCA-1-49)",TSCA-1-49,becknic,vegetation,vegetation.tree.tsuga.canadensis.tir.tsca-1-49.ucsb.nicolet.spectrum.txt,0.000150,1.000000,0.000000,0.000119,1.000000,0.000000,0.000186,1.000000,0.000000,0.003843,0.566182,0.999750,0.001893,0.854168,1.000000
"Tsuga canadensis (TSCA-2-51)",TSCA-2-51,becknic,vegetation,vegetation.tree.tsuga.canadensis.tir.tsca-2-51.ucsb.nicolet.spectrum.txt,0.000111,1.000000,0.000000,0.000088,1.000000,0.000000,0.000138,1.000000,0.000000,0.003585,0.495168,0.999750,0.001891,0.851026,1.000000
"Tsuga canadensis (TSCA-2-53)",TSCA-2-53,becknic,vegetation,vegetation.tree.tsuga.canadensis.tir.tsca-2-53.ucsb.nicolet.spectrum.txt,0.000117,1.000000,0.000000,0.000093,1.000000,0.000000,0.000146,1.000000,0.000000,0.002716,0.559392,0.999750,0.001799,0.696617,1.000000
"Tsuga canadensis (TSCA-1-47)",TSCA-1-47,becknic,vegetation,vegetation.tree.tsuga.canadensis.vswir.tsca-1-47.ucsb.asd.spectrum.txt,0.003866,0.999102,1.000000,0.001037,0.984793,1.000000,0.001045,0.999932,1.000000,0.000194,1.000000,0.000000,0.000197,1.000000,0.000000
"Tsuga canadensis (TSCA-1-49)",TSCA-1-49,becknic,vegetation,vegetation.tree.tsuga.canadensis.vswir.tsca-1-49.ucsb.asd.spectrum.txt,0.002815,0.999557,1.000000,0.001982,0.947549,1.000000,0.001312,0.999905,1.000000,0.000220,1.000000,0.000000,0.000319,1.000000,0.000000
"Tsuga canadensis (TSCA-2-51)",TSCA-2-51,becknic,vegetation,vegetation.tree.tsuga.canadensis.vswir.tsca-2-51.ucsb.asd.spectrum.txt,0.002611,0.999643,1.000000,0.000538,0.995303,1.000000,0.000965,0.999953,1.000000,0.000227,1.000000,0.000000,0.000293,1.000000,0.000000
"Tsuga canadensis (TSCA-2-53)",TSCA-2-53,becknic,vegetation,vegetation.tree.tsuga.canadensis.vswir.tsca-2-53.ucsb.asd.spectrum.txt,0.004389,0.999006,1.000000,0.000842,0.992451,1.000000,0.001301,0.999915,1.000000,0.000202,1.000000,0.000000,0.000203,1.000000,0.000000
"Conifer (conifer)",conifer,becknic,vegetation,vegetation.tree.unknown.unknown.all.conifer.jhu.becknic.spectrum.txt,0.002727,0.999614,1.000000,0.001427,0.987878,1.000000,0.012215,0.991787,1.000000,0.000809,0.979583,1.000000,0.000156,0.976170,0.882353
"Decidous (decidous)",decidous,becknic,vegetation,vegetation.tree.unknown.unknown.all.deciduous.jhu.becknic.spectrum.txt,0.001176,0.999934,1.000000,0.001100,0.989518,1.000000,0.014373,0.990692,1.000000,0.001049,0.984010,1.000000,0.000500,0.984832,0.882353
"Uvularia sessifolia (UVSE-1-75)",UVSE-1-75,becknic,vegetation,vegetation.tree.uvularia.sessifolia.tir.uvse-1-75.ucsb.nicolet.spectrum.txt,0.000321,1.000000,0.000000,0.000210,1.000000,0.000000,0.000362,1.000000,0.000000,0.003911,0.881371,0.999750,0.003343,0.907350,1.000000
"Uvularia sessifolia (UVSE-2-77)",UVSE-2-77,becknic,vegetation,vegetation.tree.uvularia.sessifolia.tir.uvse-2-77.ucsb.nicolet.spectrum.txt,0.000231,1.000000,0.000000,0.000180,1.000000,0.000000,0.000298,1.000000,0.000000,0.003321,0.895924,0.999750,0.002206,0.922175,1.000000
"Uvularia sessifolia (UVSE-1-75)",UVSE-1-75,becknic,vegetation,vegetation.tree.uvularia.sessifolia.vswir.uvse-1-75.ucsb.asd.spectrum.txt,0.003090,0.999059,1.000000,0.000877,0.933303,1.000000,0.001773,0.999659,1.000000,0.000247,1.000000,0.000000,0.000267,1.000000,0.000000
"Uvularia sessifolia (UVSE-2-77)",UVSE-2-77,becknic,vegetation,vegetation.tree.uvularia.sessifolia.vswir.uvse-2-77.ucsb.asd.spectrum.txt,0.002833,0.999303,1.000000,0.000552,0.936884,1.000000,0.001661,0.999711,1.000000,0.000213,1.000000,0.000000,0.000328,1.000000,0.000000
"Distilled Water (distwatr)",distwatr,becknic,water,water.distilledwater.none.liquid.tir.distwatr.jhu.becknic.spectrum.txt,0.000057,1.000000,0.000000,0.000045,1.000000,0.000000,0.000122,1.000000,0.300357,0.001281,0.967762,1.000000,0.000446,0.997872,0.883671
"Frost (FROST_SNW_)",FROST_SNW_,becknic,water,water.frost.none.fine.all.frost_snw_.jhu.becknic.spectrum.txt,0.000877,0.982247,1.000000,0.004219,0.979694,1.000000,0.015729,0.995070,1.000000,0.012294,0.951848,1.000000,0.000253,0.998565,0.883529
"Ice (ICE_DAT_)",ICE_DAT_,becknic,water,water.ice.none.solid.all.ice_dat_.jhu.becknic.spectrum.txt,0.000166,1.000000,1.000000,0.000068,1.000000,1.000000,0.000121,0.995307,1.000000,0.006678,0.814354,1.000000,0.000753,0.998641,1.000000
"Sea Foam (seafoam)",seafoam,becknic,water,water.seawater.none.liquid.tir.seafoam.jhu.becknic.spectrum.txt,0.000134,1.000000,0.000000,0.000106,1.000000,0.000000,0.000712,0.992850,0.300357,0.001197,0.974787,1.000000,0.000393,0.997108,0.883671
"Sea water (seawater)",seawater,becknic,water,water.seawater.none.liquid.tir.seawater.jhu.becknic.spectrum.txt,0.000059,1.000000,0.000000,0.000047,1.000000,0.000000,0.000099,0.990349,0.300357,0.001360,0.962584,1.000000,0.000551,0.996129,0.883671
"Coarse Granular Snow (COARSE_SNW_)",COARSE_SNW_,becknic,water,water.snow.coarsegranular.coarse.all.coarse_snw_.jhu.becknic.spectrum.txt,0.002715,0.990602,1.000000,0.017432,0.971841,1.000000,0.024296,0.980055,1.000000,0.004705,0.800581,1.000000,0.000446,0.998960,0.883529
"Fine Snow (FINE_SNW_)",FINE_SNW_,becknic,water,water.snow.finegranular.fine.all.fine_snw_.jhu.becknic.spectrum.txt,0.000983,0.992381,1.000000,0.007109,0.977866,1.000000,0.012729,0.997238,1.000000,0.002452,0.935661,1.000000,0.000162,0.997383,0.883529
"Medium Granular Snow (MEDGRAN_SNW_)",MEDGRAN_SNW_,becknic,water,water.snow.mediumgranular.medium.all.medgran_snw_.jhu.becknic.spectrum.txt,0.001826,0.991126,1.000000,0.013586,0.969970,1.000000,0.017391,0.993160,1.000000,0.002366,0.806339,1.000000,0.000227,0.998908,0.883529
"Tap water (tapwater)",tapwater,becknic,water,water.tapwater.none.liquid.all.tapwater.jhu.becknic.spectrum.txt,0.000768,1.000000,0.883721,0.000597,0.662314,1.000000,0.000644,0.880429,1.000000,0.001281,0.967760,1.000000,0.000446,0.997871,0.883647
"SLUM Black/grey road asphalt, weathered (A001)",A001,beckman+bruker,slum_asphalt,LUMA_SLUM_A001,0.000920,0.999519,1.000000,0.001068,0.884357,1.000000,0.000870,0.982915,1.000000,0.000993,0.999337,1.000000,0.001522,0.993368,0.881862
"SLUM Black/grey road asphalt, weathered (A002)",A002,beckman+bruker,slum_asphalt,LUMA_SLUM_A002,0.001186,0.998332,1.000000,0.000345,0.929723,1.000000,0.000752,0.996783,1.000000,0.000688,0.998628,1.000000,0.001801,0.992937,0.881862
"SLUM Black/grey road asphalt, weathered (A003)",A003,beckman+bruker,slum_asphalt,LUMA_SLUM_A003,0.000794,0.999662,1.000000,0.000546,0.986125,1.000000,0.000762,0.993208,1.000000,0.001014,0.998820,1.000000,0.001908,0.993904,0.881862
"SLUM Black/grey road asphalt, weathered (A004)",A004,beckman+bruker,slum_asphalt,LUMA_SLUM_A004,0.000852,0.999420,1.000000,0.000615,0.985575,1.000000,0.001116,0.991899,1.000000,0.000885,0.998867,1.000000,0.001871,0.995602,0.881862
"SLUM Black/grey road asphalt, weathered (A005)",A005,beckman+bruker,slum_asphalt,LUMA_SLUM_A005,0.000816,0.999566,1.000000,0.001167,0.920150,1.000000,0.000962,0.989620,1.000000,0.000816,0.999126,1.000000,0.001972,0.994237,0.881862
"SLUM Black/grey road asphalt, weathered (A006)",A006,beckman+bruker,slum_asphalt,LUMA_SLUM_A006,0.000533,0.999378,1.000000,0.000630,0.960206,1.000000,0.000700,0.989396,1.000000,0.000557,0.996606,1.000000,0.002217,0.997426,0.881862
"SLUM Grey asphalt roofing, new (A007)",A007,beckman+bruker,slum_asphalt,LUMA_SLUM_A007,0.000367,0.991639,1.000000,0.000324,0.960140,1.000000,0.000404,0.986539,1.000000,0.000235,1.000000,1.000000,0.001929,0.991243,0.881862
"SLUM Black road asphalt, weathered (A008)",A008,beckman+bruker,slum_asphalt,LUMA_SLUM_A008,0.000761,0.997198,1.000000,0.000718,0.687577,1.000000,0.001096,0.986836,1.000000,0.000523,0.996459,1.000000,0.001965,0.993462,0.881862
"SLUM Black road asphalt, weathered (A009)",A009,beckman+bruker,slum_asphalt,LUMA_SLUM_A009,0.000338,0.998499,1.000000,0.000428,0.986339,1.000000,0.000708,0.985790,1.000000,0.000403,0.997252,1.000000,0.001475,0.978109,0.881862
"SLUM Black road asphalt, weathered (A010)",A010,beckman+bruker,slum_asphalt,LUMA_SLUM_A010,0.000428,0.999046,1.000000,0.000636,0.978158,1.000000,0.000615,0.991757,1.000000,0.000478,0.998594,1.000000,0.001475,0.984033,0.881862
"SLUM Yellow cement brick, new (B001)",B001,beckman+bruker,slum_brick,LUMA_SLUM_B001,0.004391,0.997944,1.000000,0.001380,0.954428,1.000000,0.001214,0.999083,1.000000,0.000805,0.998233,1.000000,0.002186,0.998161,0.881862
"SLUM Black/light grey cement brick, new, sandy (B002)",B002,beckman+bruker,slum_brick,LUMA_SLUM_B002,0.000596,0.998424,1.000000,0.000404,0.914096,1.000000,0.000562,0.992852,1.000000,0.000408,1.000000,1.000000,0.001795,0.997503,0.881862
"SLUM Black cement brick, new (B003)",B003,beckman+bruker,slum_brick,LUMA_SLUM_B003,0.000606,0.994409,1.000000,0.000529,0.996651,1.000000,0.000507,0.982176,1.000000,0.000531,0.993591,1.000000,0.001538,0.997026,0.881862
"SLUM Red ceramic brick, weathered (B004)",B004,beckman+bruker,slum_brick,LUMA_SLUM_B004,0.002257,0.999520,1.000000,0.001867,0.998851,1.000000,0.001476,0.993956,1.000000,0.003041,0.999351,1.000000,0.002360,0.994084,0.881862
"SLUM Red cement brick, weathered (B005)",B005,beckman+bruker,slum_brick,LUMA_SLUM_B005,0.001171,0.999412,1.000000,0.000410,0.973676,1.000000,0.001100,0.994637,1.000000,0.000665,0.996419,1.000000,0.001811,0.997829,0.881862
"SLUM Black cement brick, sandy (B006)",B006,beckman+bruker,slum_brick,LUMA_SLUM_B006,0.001365,0.997519,1.000000,0.000529,0.993825,1.000000,0.000731,0.998077,1.000000,0.000526,0.993391,1.000000,0.003576,0.997722,0.881862
"SLUM Light red cement brick, new (B007)",B007,beckman+bruker,slum_brick,LUMA_SLUM_B007,0.002189,0.998850,1.000000,0.000565,0.992281,1.000000,0.000798,0.997624,1.000000,0.000719,0.995034,1.000000,0.002204,0.998128,0.881862
"SLUM Light red ceramic brick, new (B008)",B008,beckman+bruker,slum_brick,LUMA_SLUM_B008,0.003342,0.999428,1.000000,0.001254,0.999425,1.000000,0.004733,0.986418,1.000000,0.002847,0.999352,1.000000,0.002274,0.995353,0.881862
"SLUM Red cement brick, weathered (B009)",B009,beckman+bruker,slum_brick,LUMA_SLUM_B009,0.001094,0.999859,1.000000,0.001106,0.947894,1.000000,0.001601,0.989804,1.000000,0.001823,0.999268,1.000000,0.001526,0.998418,0.881862
"SLUM Red with beige and grey paint ceramic brick, weathered (B010)",B010,beckman+bruker,slum_brick,LUMA_SLUM_B010,0.003713,0.999343,1.000000,0.001006,0.919859,1.000000,0.004958,0.997283,1.000000,0.001514,0.999310,1.000000,0.002058,0.987632,0.881862
"SLUM Red/grey ceramic brick, weathered (B011)",B011,beckman+bruker,slum_brick,LUMA_SLUM_B011,0.000936,0.999861,1.000000,0.001284,0.998162,1.000000,0.001164,0.996380,1.000000,0.002164,0.999278,1.000000,0.001430,0.998940,0.881862
"SLUM Red with white paint ceramic brick, weathered (B012)",B012,beckman+bruker,slum_brick,LUMA_SLUM_B012,0.002498,0.999684,1.000000,0.000898,0.991536,1.000000,0.005080,0.997314,1.000000,0.001580,0.999293,1.000000,0.001359,0.998469,0.881862
"SLUM Red ceramic brick, weathered (B013)",B013,beckman+bruker,slum_brick,LUMA_SLUM_B013,0.000936,0.999889,1.000000,0.001416,0.997843,1.000000,0.000984,0.995489,1.000000,0.002128,0.999260,1.000000,0.001381,0.998828,0.881862
"SLUM Yellow/grey ceramic brick, weathered (B014)",B014,beckman+bruker,slum_brick,LUMA_SLUM_B014,0.003098,0.999255,1.000000,0.001179,0.995287,1.000000,0.000927,0.997257,1.000000,0.002535,0.999329,1.000000,0.001527,0.998450,0.881862
"SLUM Grey/ochre cement, weathered (C001)",C001,beckman+bruker,slum_concrete,LUMA_SLUM_C001,0.001203,0.999745,1.000000,0.000849,0.984793,1.000000,0.001114,0.999753,1.000000,0.000619,0.997900,1.000000,0.002447,0.991746,0.881862
"SLUM Grey/white concrete, new (C002)",C002,beckman+bruker,slum_concrete,LUMA_SLUM_C002,0.000666,0.999763,1.000000,0.000619,0.965927,1.000000,0.000979,0.998670,1.000000,0.000631,0.997992,1.000000,0.002018,0.998020,0.881862
"SLUM Grey cement, weathered (C003)",C003,beckman+bruker,slum_concrete,LUMA_SLUM_C003,0.001297,0.998425,1.000000,0.001025,0.984812,1.000000,0.000725,0.998799,1.000000,0.000631,0.997912,1.000000,0.001078,0.996851,0.881862
"SLUM Grey concrete, weathered (C004)",C004,beckman+bruker,slum_concrete,LUMA_SLUM_C004,0.002709,0.996860,1.000000,0.000508,0.871992,1.000000,0.001343,0.997041,1.000000,0.001140,0.999189,1.000000,0.001568,0.998600,0.881862
"SLUM Grey cement, weathered (C005)",C005,beckman+bruker,slum_concrete,LUMA_SLUM_C005,0.001765,0.999601,1.000000,0.001012,0.997349,1.000000,0.001590,0.998568,1.000000,0.001428,0.999061,1.000000,0.005094,0.991275,0.881862
"SLUM White concrete, weathered (C006)",C006,beckman+bruker,slum_concrete,LUMA_SLUM_C006,0.001809,0.999506,1.000000,0.000431,0.997681,1.000000,0.001462,0.999273,1.000000,0.001366,0.999206,1.000000,0.001017,0.999026,0.881862
"SLUM Grey concrete, weathered/rough (C008)",C008,beckman+bruker,slum_concrete,LUMA_SLUM_C008,0.001176,0.999052,1.000000,0.000975,0.989721,1.000000,0.001693,0.996843,1.000000,0.001209,0.999193,1.000000,0.001338,0.997908,0.881862
"SLUM White/black granite, new, rough (G001)",G001,beckman+bruker,slum_granite,LUMA_SLUM_G001,0.002608,0.997871,1.000000,0.001462,0.340257,1.000000,0.001559,0.986116,1.000000,0.002205,0.999328,1.000000,0.002908,0.993244,0.881862
"SLUM White/red granite, weathered (G002)",G002,beckman+bruker,slum_granite,LUMA_SLUM_G002,0.002321,0.997642,1.000000,0.001644,0.907181,1.000000,0.001194,0.995455,1.000000,0.001231,0.999219,1.000000,0.001473,0.997814,0.881862
"SLUM White/black granite, weathered (G003)",G003,beckman+bruker,slum_granite,LUMA_SLUM_G003,0.003208,0.988818,1.000000,0.000979,0.976284,1.000000,0.001476,0.993464,1.000000,0.001511,0.999366,1.000000,0.003559,0.995762,0.881862
"SLUM White/red/black granite, new, dusty (G004)",G004,beckman+bruker,slum_granite,LUMA_SLUM_G004,0.002880,0.996444,1.000000,0.000661,0.930235,1.000000,0.001460,0.993488,1.000000,0.002484,0.999298,1.000000,0.001991,0.996782,0.881862
"SLUM Red/black granite, new (G005)",G005,beckman+bruker,slum_granite,LUMA_SLUM_G005,0.000959,0.999671,1.000000,0.001242,0.914002,1.000000,0.000928,0.997381,1.000000,0.000949,0.999135,1.000000,0.003200,0.996409,0.881862
"SLUM Grey roofing shingle, clear (L001d)",L001d,beckman+bruker,slum_roofing_shingle,LUMA_SLUM_L001d,0.000697,0.987534,1.000000,0.000732,1.000000,1.000000,0.000566,0.954464,1.000000,0.000411,1.000000,1.000000,0.001954,0.997446,0.881862
"SLUM Grey roofing shingle, weathered (L001u)",L001u,beckman+bruker,slum_roofing_shingle,LUMA_SLUM_L001u,0.000708,0.998455,1.000000,0.001141,0.997408,1.000000,0.000840,0.997451,1.000000,0.000698,0.998781,1.000000,0.001126,0.997540,0.881862
"SLUM Black roofing shingle, weathered (L002)",L002,beckman+bruker,slum_roofing_shingle,LUMA_SLUM_L002,0.000454,0.984110,1.000000,0.000353,0.972479,1.000000,0.000444,0.823004,1.000000,0.000316,0.994480,1.000000,0.001452,0.947533,0.881862
"SLUM Black roofing shingle, weathered (L003)",L003,beckman+bruker,slum_roofing_shingle,LUMA_SLUM_L003,0.000332,0.999028,1.000000,0.000449,0.989542,1.000000,0.000472,0.925991,1.000000,0.000283,1.000000,1.000000,0.001746,0.949649,0.881862
"SLUM Black roofing tile, new (R001)",R001,beckman+bruker,slum_roof_tile,LUMA_SLUM_R001,0.002589,0.999543,1.000000,0.001288,0.996324,1.000000,0.001167,0.998030,1.000000,0.002733,0.999332,1.000000,0.002573,0.995849,0.881862
"SLUM Brown roofing tile, new (R002)",R002,beckman+bruker,slum_roof_tile,LUMA_SLUM_R002,0.001121,0.998863,1.000000,0.001905,0.998468,1.000000,0.002099,0.998691,1.000000,0.002735,0.999309,1.000000,0.001826,0.997780,0.881862
"SLUM Rustic red roofing tile, new (R003)",R003,beckman+bruker,slum_roof_tile,LUMA_SLUM_R003,0.001848,0.999671,1.000000,0.002769,0.999172,1.000000,0.002495,0.991091,1.000000,0.003502,0.999176,1.000000,0.002571,0.997326,0.881862
"SLUM Burnt red roofing tile, new (R004)",R004,beckman+bruker,slum_roof_tile,LUMA_SLUM_R004,0.001691,0.999366,1.000000,0.001769,0.998585,1.000000,0.001880,0.998065,1.000000,0.002919,0.999343,1.000000,0.002474,0.996135,0.881862
"SLUM Rustic red/black shading roofing tile, new/shiny (R005)",R005,beckman+bruker,slum_roof_tile,LUMA_SLUM_R005,0.002022,0.999055,1.000000,0.001344,0.975731,1.000000,0.002036,0.995783,1.000000,0.000699,0.999190,1.000000,0.001491,0.965730,0.881862
"SLUM Slate grey roofing tile, new (R006)",R006,beckman+bruker,slum_roof_tile,LUMA_SLUM_R006,0.000647,0.997880,1.000000,0.000570,0.993955,1.000000,0.000617,0.991400,1.000000,0.000477,1.000000,1.000000,0.001571,0.996992,0.881862
"SLUM Black roofing tile, new (R007)",R007,beckman+bruker,slum_roof_tile,LUMA_SLUM_R007,0.000757,0.979443,1.000000,0.003883,0.990761,1.000000,0.002295,0.999576,1.000000,0.003842,0.999277,1.000000,0.002766,0.993035,0.881862
"SLUM Rustic red roofing tile, new (R008)",R008,beckman+bruker,slum_roof_tile,LUMA_SLUM_R008,0.003012,0.999101,1.000000,0.000904,0.992208,1.000000,0.001195,0.998200,1.000000,0.001107,0.999073,1.000000,0.001953,0.995471,0.881862
"SLUM Autumn red roofing tile, new/rough (R009)",R009,beckman+bruker,slum_roof_tile,LUMA_SLUM_R009,0.001190,0.999593,1.000000,0.001849,0.995336,1.000000,0.002747,0.994642,1.000000,0.001025,0.999050,1.000000,0.002292,0.995902,0.881862
"SLUM Red roofing tile, weathered (R010)",R010,beckman+bruker,slum_roof_tile,LUMA_SLUM_R010,0.000754,0.999780,1.000000,0.000740,0.998624,1.000000,0.001537,0.997705,1.000000,0.001740,0.999383,1.000000,0.001774,0.993782,0.881862
"SLUM Red roofing tile, weathered (R012)",R012,beckman+bruker,slum_roof_tile,LUMA_SLUM_R012,0.000480,0.999700,1.000000,0.000617,0.998274,1.000000,0.000802,0.987074,1.000000,0.000931,0.999106,1.000000,0.001216,0.994685,0.881862
"SLUM Red roofing tile, weathered (R013)",R013,beckman+bruker,slum_roof_tile,LUMA_SLUM_R013,0.000379,0.999777,1.000000,0.000653,0.997731,1.000000,0.000913,0.997505,1.000000,0.001078,0.999251,1.000000,0.001379,0.995753,0.881862
"SLUM Beige stone, weathered (S001)",S001,beckman+bruker,slum_stone,LUMA_SLUM_S001,0.001797,0.999632,1.000000,0.001486,0.940769,1.000000,0.002235,0.998700,1.000000,0.001292,0.999096,1.000000,0.003098,0.997058,0.881862
"SLUM Grey stone, weathered (S002)",S002,beckman+bruker,slum_stone,LUMA_SLUM_S002,0.001061,0.999205,1.000000,0.001563,-0.057511,1.000000,0.001252,0.993644,1.000000,0.000853,0.998763,1.000000,0.001422,0.998184,0.881862
"SLUM Ochre stone, weathered (S003)",S003,beckman+bruker,slum_stone,LUMA_SLUM_S003,0.001079,0.999752,1.000000,0.001570,0.975444,1.000000,0.002144,0.997808,1.000000,0.001335,0.999242,1.000000,0.002064,0.997487,0.881862
"SLUM Beige stone, weathered (S004)",S004,beckman+bruker,slum_stone,LUMA_SLUM_S004,0.003033,0.999602,1.000000,0.002024,0.991027,1.000000,0.003677,0.998691,1.000000,0.001992,0.999163,1.000000,0.002075,0.997518,0.881862
"SLUM Light grey stone, weathered (S005)",S005,beckman+bruker,slum_stone,LUMA_SLUM_S005,0.003243,0.998831,1.000000,0.001141,0.866036,1.000000,0.001546,0.998705,1.000000,0.001896,0.999145,1.000000,0.002536,0.996948,0.881862
"SLUM Lead grey pvc roofing sheet, new (V001)",V001,beckman+bruker,slum_pvc,LUMA_SLUM_V001,0.003475,0.930760,1.000000,0.000500,0.916602,1.000000,0.000519,0.996134,1.000000,0.000274,1.000000,1.000000,0.001943,0.989498,0.881862
"SLUM Light grey pvc roofing sheet, new (V002)",V002,beckman+bruker,slum_pvc,LUMA_SLUM_V002,0.012889,0.988241,1.000000,0.001003,0.980174,1.000000,0.005260,0.996989,1.000000,0.000673,0.998362,1.000000,0.001867,0.978687,0.881862
"SLUM Copper pvc roofing sheet, new/structured (V003)",V003,beckman+bruker,slum_pvc,LUMA_SLUM_V003,0.004291,0.999227,1.000000,0.002218,0.986035,1.000000,0.004766,0.997927,1.000000,0.000518,0.996020,1.000000,0.002121,0.981416,0.881862
"SLUM Azure blue pvc roofing sheet, new (V004)",V004,beckman+bruker,slum_pvc,LUMA_SLUM_V004,0.023754,0.808827,1.000000,0.003043,0.960906,1.000000,0.002141,0.997023,1.000000,0.000405,0.996891,1.000000,0.002686,0.912308,0.881862
"SLUM Copper brown pvc roofing sheet, new (V005)",V005,beckman+bruker,slum_pvc,LUMA_SLUM_V005,0.006055,0.994850,1.000000,0.000591,0.991823,1.000000,0.002663,0.996867,1.000000,0.000326,0.979357,1.000000,0.002549,0.885183,0.881862
"SLUM Copper patina pvc roofing sheet, new (V006)",V006,beckman+bruker,slum_pvc,LUMA_SLUM_V006,0.008382,0.988178,1.000000,0.002819,0.868859,1.000000,0.003741,0.997264,1.000000,0.000508,0.998798,1.000000,0.004126,0.949694,0.881862
"SLUM Beige/brown/black/red quartzite conglomerate, new (X001)",X001,beckman+bruker,slum_quartzite,LUMA_SLUM_X001,0.000975,0.999837,1.000000,0.000304,0.998675,1.000000,0.003261,0.996213,1.000000,0.000784,0.998055,1.000000,0.002612,0.995388,0.881862
"SLUM Beige/brown/black quartzite conglomerate, new (X002)",X002,beckman+bruker,slum_quartzite,LUMA_SLUM_X002,0.001910,0.999727,1.000000,0.002219,0.826911,1.000000,0.011154,0.988482,1.000000,0.000879,0.999106,1.000000,0.001303,0.991905,0.881862
"SLUM Beige/brown/black/red quartzite conglomerate, new (X003)",X003,beckman+bruker,slum_quartzite,LUMA_SLUM_X003,0.000929,0.999869,1.000000,0.000912,0.982570,1.000000,0.004716,0.995960,1.000000,0.000614,0.999124,1.000000,0.000982,0.977000,0.881862
"SLUM Dull grey metal, new (Z001)",Z001,beckman+bruker,slum_metal,LUMA_SLUM_Z001,0.002985,0.983467,1.000000,0.010857,0.923448,1.000000,0.002455,0.999367,1.000000,0.000699,0.901163,1.000000,0.013034,0.995060,0.881862
"SLUM Shiny grey metal, new (Z002)",Z002,beckman+bruker,slum_metal,LUMA_SLUM_Z002,0.000612,0.988818,1.000000,0.002545,0.986535,1.000000,0.001103,0.993660,1.000000,0.004913,0.998281,1.000000,0.002602,0.996368,0.881862
"SLUM Dark green metal, new (Z003)",Z003,beckman+bruker,slum_metal,LUMA_SLUM_Z003,0.004366,0.952768,1.000000,0.005785,0.966927,1.000000,0.002286,0.994747,1.000000,0.000839,0.999389,1.000000,0.009313,0.880369,0.881862
"SLUM Copper patina metal, weathered (Z004)",Z004,beckman+bruker,slum_metal,LUMA_SLUM_Z004,0.022260,0.973487,1.000000,0.003374,0.900976,1.000000,0.010649,0.994349,1.000000,0.002670,0.999354,1.000000,0.003266,0.988131,0.881862
"SLUM Slate grey metal, new (Z005)",Z005,beckman+bruker,slum_metal,LUMA_SLUM_Z005,0.005661,0.943845,1.000000,0.005409,0.957606,1.000000,0.002324,0.991737,1.000000,0.000605,0.999118,1.000000,0.007052,0.871725,0.881862
"SLUM Grey metal, weathered (Z006)",Z006,beckman+bruker,slum_metal,LUMA_SLUM_Z006,0.007838,0.954506,1.000000,0.002723,0.980396,1.000000,0.001426,0.998554,1.000000,0.001294,0.998817,1.000000,0.003886,0.996398,0.881862
"SLUM Grey metal, weathered (Z007)",Z007,beckman+bruker,slum_metal,LUMA_SLUM_Z007,0.001642,0.862397,1.000000,0.000970,0.985663,1.000000,0.001207,0.998704,1.000000,0.001029,0.998427,1.000000,0.005351,0.995228,0.881862
"SLUM Black metal, weathered (Z008)",Z008,beckman+bruker,slum_metal,LUMA_SLUM_Z008,0.000210,0.996890,1.000000,0.000328,0.958381,1.000000,0.000438,0.964790,1.000000,0.000374,0.997491,1.000000,0.001074,0.929957,0.881862
