name,record_id,instrument,chapter,filename,VIS_rmse,VIS_variance,VIS_coverage,NIR_rmse,NIR_variance,NIR_coverage,SWIR_rmse,SWIR_variance,SWIR_coverage,MWIR_rmse,MWIR_variance,MWIR_coverage,LWIR_rmse,LWIR_variance,LWIR_coverage
"Ag (Babar)",Babar,RefractiveIndex.info,main,Babar.yml,0.001927,0.992792,1.000000,0.000483,1.000000,1.000000,0.000853,1.000000,1.000000,0.001037,0.000000,1.000000,0.000514,1.000000,0.694118
"Ag (Choi)",Choi,RefractiveIndex.info,main,Choi.yml,0.000685,1.000000,0.000000,0.000523,1.000000,0.000000,0.000833,1.000000,0.906429,0.000230,1.000000,1.000000,0.000155,1.000000,0.057412
"Ag (Ciesielski-Ge)",Ciesielski-Ge,RefractiveIndex.info,main,Ciesielski-Ge.yml,0.001436,0.999468,1.000000,0.000764,0.917375,1.000000,0.000746,1.000000,1.000000,0.001082,0.000000,1.000000,0.000200,1.000000,1.000000
"Ag (Ciesielski-Ni)",Ciesielski-Ni,RefractiveIndex.info,main,Ciesielski-Ni.yml,0.002067,0.998262,1.000000,0.000547,1.000000,1.000000,0.000931,1.000000,1.000000,0.000225,1.000000,1.000000,0.000163,1.000000,1.000000
"Ag (Ciesielski)",Ciesielski,RefractiveIndex.info,main,Ciesielski.yml,0.001329,0.999697,1.000000,0.000517,1.000000,1.000000,0.001149,0.000000,1.000000,0.000229,1.000000,1.000000,0.000158,1.000000,1.000000
"Ag (Ferrera-298K)",Ferrera-298K,RefractiveIndex.info,main,Ferrera-298K.yml,0.001377,0.996379,1.000000,0.000460,0.973466,1.000000,0.000482,1.000000,0.249464,0.000229,1.000000,0.000000,0.000158,1.000000,0.000000
"Ag (Ferrera-404K)",Ferrera-404K,RefractiveIndex.info,main,Ferrera-404K.yml,0.001104,0.998110,1.000000,0.000480,0.955524,1.000000,0.000487,1.000000,0.249464,0.000227,1.000000,0.000000,0.000160,1.000000,0.000000
"Ag (Ferrera-501K)",Ferrera-501K,RefractiveIndex.info,main,Ferrera-501K.yml,0.002635,0.992280,1.000000,0.000483,0.958912,1.000000,0.000490,1.000000,0.249464,0.000227,1.000000,0.000000,0.000161,1.000000,0.000000
"Ag (Ferrera-600K)",Ferrera-600K,RefractiveIndex.info,main,Ferrera-600K.yml,0.005691,0.978466,1.000000,0.000528,0.946845,1.000000,0.000489,1.000000,0.249464,0.000226,1.000000,0.000000,0.000161,1.000000,0.000000
"Ag (Hagemann)",Hagemann,RefractiveIndex.info,main,Hagemann.yml,0.002302,0.998020,1.000000,0.000624,0.979927,1.000000,0.000802,0.896066,1.000000,0.002095,0.000000,1.000000,0.000155,1.000000,1.000000
"Ag (Jiang)",Jiang,RefractiveIndex.info,main,Jiang.yml,0.002519,0.996119,1.000000,0.000522,1.000000,1.000000,0.000943,1.000000,0.642857,0.000229,1.000000,0.000000,0.000157,1.000000,0.000000
"Ag (Johnson)",Johnson,RefractiveIndex.info,main,Johnson.yml,0.001113,0.997657,1.000000,0.000521,1.000000,1.000000,0.000513,1.000000,0.597857,0.000234,1.000000,0.000000,0.000154,1.000000,0.000000
"Ag (McPeak)",McPeak,RefractiveIndex.info,main,McPeak.yml,0.001121,0.995439,1.000000,0.001088,0.000000,1.000000,0.000799,1.000000,0.428571,0.000234,1.000000,0.000000,0.000154,1.000000,0.000000
"Ag (Rakic-BB)",Rakic-BB,RefractiveIndex.info,main,Rakic-BB.yml,0.002234,0.997810,1.000000,0.000497,0.963454,1.000000,0.000395,0.952133,1.000000,0.000232,1.000000,1.000000,0.000159,1.000000,0.693882
"Ag (Rakic-LD)",Rakic-LD,RefractiveIndex.info,main,Rakic-LD.yml,0.003354,0.997350,1.000000,0.000501,0.951183,1.000000,0.000448,0.923839,1.000000,0.000238,1.000000,1.000000,0.000159,1.000000,0.693882
"Ag (Stahrenberg)",Stahrenberg,RefractiveIndex.info,main,Stahrenberg.yml,0.001576,0.994551,0.339395,0.000598,1.000000,0.000000,0.000419,1.000000,0.000000,0.000239,1.000000,0.000000,0.000181,1.000000,0.000000
"Ag (Werner-DFT)",Werner-DFT,RefractiveIndex.info,main,Werner-DFT.yml,0.006959,0.999149,1.000000,0.000538,0.748848,1.000000,0.000397,1.000000,0.985489,0.000210,1.000000,0.000000,0.000176,1.000000,0.000000
"Ag (Werner)",Werner,RefractiveIndex.info,main,Werner.yml,0.001439,0.999873,1.000000,0.001390,0.867354,1.000000,0.000833,0.733583,0.985489,0.000225,1.000000,0.000000,0.000162,1.000000,0.000000
"Ag (Windt)",Windt,RefractiveIndex.info,main,Windt.yml,0.000183,1.000000,0.000000,0.000238,1.000000,0.000000,0.000201,1.000000,0.000000,0.000176,1.000000,0.000000,0.000209,1.000000,0.000000
"Ag (Wu)",Wu,RefractiveIndex.info,main,Wu.yml,0.000984,0.997812,1.000000,0.000488,1.000000,0.685337,0.000419,1.000000,0.000000,0.000234,1.000000,0.000000,0.000154,1.000000,0.000000
"Ag (Yang)",Yang,RefractiveIndex.info,main,Yang.yml,0.001151,0.996327,1.000000,0.000507,1.000000,1.000000,0.000419,1.000000,1.000000,0.001633,0.000000,1.000000,0.000156,1.000000,1.000000
"Al (Cheng)",Cheng,RefractiveIndex.info,main,Cheng.yml,0.001042,0.992580,1.000000,0.004492,0.977746,0.687094,0.000435,1.000000,0.000000,0.000434,1.000000,0.000000,0.000162,1.000000,0.000000
"Al (Hagemann)",Hagemann,RefractiveIndex.info,main,Hagemann.yml,0.002302,0.998020,1.000000,0.000624,0.979927,1.000000,0.000802,0.896066,1.000000,0.002095,0.000000,1.000000,0.000155,1.000000,1.000000
"Al (Larruquert)",Larruquert,RefractiveIndex.info,main,Larruquert.yml,0.000677,1.000000,0.000000,0.000714,1.000000,0.000000,0.000438,1.000000,0.000000,0.000378,1.000000,0.000000,0.000163,1.000000,0.000000
"Al (Mathewson)",Mathewson,RefractiveIndex.info,main,Mathewson.yml,0.001040,0.995908,0.660605,0.003863,0.990808,1.000000,0.000618,0.984259,0.479429,0.000207,1.000000,0.000000,0.000175,1.000000,0.000000
"Al (McPeak)",McPeak,RefractiveIndex.info,main,McPeak.yml,0.001121,0.995439,1.000000,0.001088,0.000000,1.000000,0.000799,1.000000,0.428571,0.000234,1.000000,0.000000,0.000154,1.000000,0.000000
"Al (Ordal)",Ordal,RefractiveIndex.info,main,Ordal.yml,0.001390,0.969190,0.262791,0.002529,0.994118,1.000000,0.001260,0.933348,1.000000,0.001030,0.657797,1.000000,0.000400,1.000000,1.000000
"Al (Rakic-BB)",Rakic-BB,RefractiveIndex.info,main,Rakic-BB.yml,0.002234,0.997810,1.000000,0.000497,0.963454,1.000000,0.000395,0.952133,1.000000,0.000232,1.000000,1.000000,0.000159,1.000000,0.693882
"Al (Rakic-LD)",Rakic-LD,RefractiveIndex.info,main,Rakic-LD.yml,0.003354,0.997350,1.000000,0.000501,0.951183,1.000000,0.000448,0.923839,1.000000,0.000238,1.000000,1.000000,0.000159,1.000000,0.693882
"Al (Rakic)",Rakic,RefractiveIndex.info,main,Rakic.yml,0.000934,0.995106,1.000000,0.002241,0.995448,1.000000,0.000559,0.990217,1.000000,0.000939,0.775410,1.000000,0.000450,1.000000,1.000000
"Al2O3 (Franta)",Franta,RefractiveIndex.info,main,Franta.yml,0.000186,0.983325,1.000000,0.000227,1.000000,1.000000,0.000212,1.000000,1.000000,0.000661,0.986373,1.000000,0.008689,0.995374,1.000000
"Al2O3 (Hagemann)",Hagemann,RefractiveIndex.info,main,Hagemann.yml,0.002302,0.998020,1.000000,0.000624,0.979927,1.000000,0.000802,0.896066,1.000000,0.002095,0.000000,1.000000,0.000155,1.000000,1.000000
"Al2O3 (Kischkat)",Kischkat,RefractiveIndex.info,main,Kischkat.yml,0.000172,1.000000,0.000000,0.000223,1.000000,0.000000,0.000195,1.000000,0.686136,0.000710,0.987961,1.000000,0.012303,0.986996,0.915966
"Al2O3 (Querry-e)",Querry-e,RefractiveIndex.info,main,Querry-e.yml,0.000210,1.000000,1.000000,0.000266,1.000000,1.000000,0.000280,1.000000,1.000000,0.000828,0.988607,1.000000,0.007431,0.999658,1.000000
"Al2O3 (Querry-o)",Querry-o,RefractiveIndex.info,main,Querry-o.yml,0.000244,1.000000,1.000000,0.000304,1.000000,1.000000,0.000282,1.000000,1.000000,0.000915,0.988176,1.000000,0.013344,0.999068,1.000000
"Al2O3 (Querry)",Querry,RefractiveIndex.info,main,Querry.yml,0.000973,0.993564,1.000000,0.003471,0.990810,1.000000,0.000512,0.973670,1.000000,0.001070,0.000000,1.000000,0.000192,1.000000,0.705882
"Al2O3 (Zhukovsky)",Zhukovsky,RefractiveIndex.info,main,Zhukovsky.yml,0.000174,0.985000,1.000000,0.000213,1.000000,1.000000,0.000190,1.000000,0.421316,0.000161,1.000000,0.000000,0.000192,1.000000,0.000000
"AlAs (Rakic)",Rakic,RefractiveIndex.info,main,Rakic.yml,0.000934,0.995106,1.000000,0.002241,0.995448,1.000000,0.000559,0.990217,1.000000,0.000939,0.775410,1.000000,0.000450,1.000000,1.000000
"AlN (Beliaev1)",Beliaev1,RefractiveIndex.info,main,Beliaev1.yml,0.000281,0.996160,1.000000,0.000434,1.000000,1.000000,0.000396,1.000000,0.420114,0.000333,1.000000,0.000000,0.000292,1.000000,0.000000
"AlN (Beliaev2)",Beliaev2,RefractiveIndex.info,main,Beliaev2.yml,0.000294,1.000000,0.000000,0.000487,1.000000,0.000000,0.000507,1.000000,0.356350,0.001011,0.983971,1.000000,0.012321,0.998982,1.000000
"AlN (Kischkat)",Kischkat,RefractiveIndex.info,main,Kischkat.yml,0.000172,1.000000,0.000000,0.000223,1.000000,0.000000,0.000195,1.000000,0.686136,0.000710,0.987961,1.000000,0.012303,0.986996,0.915966
"AlSb (Adachi)",Adachi,RefractiveIndex.info,main,Adachi.yml,0.005801,0.993036,1.000000,0.000402,0.996744,1.000000,0.000486,0.991049,1.000000,0.000480,0.869340,1.000000,0.000556,1.000000,0.693882
"AlSb (Djurisic)",Djurisic,RefractiveIndex.info,main,Djurisic.yml,0.001588,0.999293,1.000000,0.000393,0.995761,1.000000,0.000511,0.983484,1.000000,0.000755,1.000000,1.000000,0.000192,1.000000,0.693882
"AlSb (Zollner)",Zollner,RefractiveIndex.info,main,Zollner.yml,0.003293,0.997444,1.000000,0.000627,0.946655,0.330000,0.000291,1.000000,0.000000,0.000454,1.000000,0.000000,0.000328,1.000000,0.000000
"As2S3 (Slavich-abinitio-alpha)",Slavich-abinitio-alpha,RefractiveIndex.info,main,Slavich-abinitio-alpha.yml,0.002189,0.987922,1.000000,0.000337,0.935024,1.000000,0.000360,1.000000,0.693679,0.000486,1.000000,0.000000,0.000259,1.000000,0.000000
"As2S3 (Slavich-abinitio-beta)",Slavich-abinitio-beta,RefractiveIndex.info,main,Slavich-abinitio-beta.yml,0.002442,0.991810,1.000000,0.000182,0.992244,1.000000,0.000274,0.957483,0.693679,0.000207,1.000000,0.000000,0.000336,1.000000,0.000000
"As2S3 (Slavich-abinitio-gamma)",Slavich-abinitio-gamma,RefractiveIndex.info,main,Slavich-abinitio-gamma.yml,0.001096,0.998571,1.000000,0.000338,0.976946,1.000000,0.000222,0.976851,0.693679,0.000265,1.000000,0.000000,0.000468,1.000000,0.000000
"As2S3 (Synowicki-UV)",Synowicki-UV,RefractiveIndex.info,main,Synowicki-UV.yml,0.000861,0.999345,1.000000,0.000189,0.993919,1.000000,0.000211,0.982657,1.000000,0.000293,1.000000,1.000000,0.000241,1.000000,1.000000
"As2Se3 (Joseph-400nm)",Joseph-400nm,RefractiveIndex.info,main,Joseph-400nm.yml,0.001359,0.999281,1.000000,0.000532,0.985583,1.000000,0.000246,1.000000,0.420000,0.000212,1.000000,0.000000,0.000384,1.000000,0.000000
"As2Se3 (Joseph-700nm)",Joseph-700nm,RefractiveIndex.info,main,Joseph-700nm.yml,0.006600,0.999228,1.000000,0.000235,0.997910,1.000000,0.000369,0.973923,0.420000,0.000214,1.000000,0.000000,0.000367,1.000000,0.000000
"Au (Babar)",Babar,RefractiveIndex.info,main,Babar.yml,0.001927,0.992792,1.000000,0.000483,1.000000,1.000000,0.000853,1.000000,1.000000,0.001037,0.000000,1.000000,0.000514,1.000000,0.694118
"Au (Ciesielski-Ge)",Ciesielski-Ge,RefractiveIndex.info,main,Ciesielski-Ge.yml,0.001436,0.999468,1.000000,0.000764,0.917375,1.000000,0.000746,1.000000,1.000000,0.001082,0.000000,1.000000,0.000200,1.000000,1.000000
"Au (Ciesielski)",Ciesielski,RefractiveIndex.info,main,Ciesielski.yml,0.001329,0.999697,1.000000,0.000517,1.000000,1.000000,0.001149,0.000000,1.000000,0.000229,1.000000,1.000000,0.000158,1.000000,1.000000
"Au (Hagemann-2)",Hagemann-2,RefractiveIndex.info,main,Hagemann-2.yml,0.006372,0.999376,1.000000,0.000790,0.886526,0.145625,0.000419,1.000000,0.000000,0.000263,1.000000,0.000000,0.000188,1.000000,0.000000
"Au (Hagemann)",Hagemann,RefractiveIndex.info,main,Hagemann.yml,0.002302,0.998020,1.000000,0.000624,0.979927,1.000000,0.000802,0.896066,1.000000,0.002095,0.000000,1.000000,0.000155,1.000000,1.000000
"Au (Johnson)",Johnson,RefractiveIndex.info,main,Johnson.yml,0.001113,0.997657,1.000000,0.000521,1.000000,1.000000,0.000513,1.000000,0.597857,0.000234,1.000000,0.000000,0.000154,1.000000,0.000000
"Au (Lemarchand-11.7nm)",Lemarchand-11.7nm,RefractiveIndex.info,main,Lemarchand-11.7nm.yml,0.002463,0.999895,1.000000,0.000417,0.988842,1.000000,0.000535,0.853281,0.500000,0.000253,1.000000,0.000000,0.000185,1.000000,0.000000
"Au (Lemarchand-3.96nm)",Lemarchand-3.96nm,RefractiveIndex.info,main,Lemarchand-3.96nm.yml,0.001519,0.999943,1.000000,0.000521,0.998748,1.000000,0.000557,0.964253,0.500000,0.000316,1.000000,0.000000,0.000210,1.000000,0.000000
"Au (Lemarchand-4.62nm)",Lemarchand-4.62nm,RefractiveIndex.info,main,Lemarchand-4.62nm.yml,0.002682,0.999859,1.000000,0.000374,0.997448,1.000000,0.000985,0.711984,0.500000,0.000299,1.000000,0.000000,0.000202,1.000000,0.000000
"Au (Lemarchand-5.77nm)",Lemarchand-5.77nm,RefractiveIndex.info,main,Lemarchand-5.77nm.yml,0.002830,0.999847,1.000000,0.000377,0.996892,1.000000,0.001796,0.452768,0.500000,0.000289,1.000000,0.000000,0.000198,1.000000,0.000000
"Au (Magnozzi-225C)",Magnozzi-225C,RefractiveIndex.info,main,Magnozzi-225C.yml,0.001342,0.999973,1.000000,0.001458,0.389961,1.000000,0.000681,1.000000,0.249429,0.000220,1.000000,0.000000,0.000166,1.000000,0.000000
"Au (Magnozzi-25C)",Magnozzi-25C,RefractiveIndex.info,main,Magnozzi-25C.yml,0.002615,0.999901,1.000000,0.000494,0.917262,1.000000,0.000929,1.000000,0.249429,0.000228,1.000000,0.000000,0.000159,1.000000,0.000000
"Au (Magnozzi-350C)",Magnozzi-350C,RefractiveIndex.info,main,Magnozzi-350C.yml,0.002456,0.999902,1.000000,0.001424,0.620159,1.000000,0.000855,1.000000,0.249429,0.000202,1.000000,0.000000,0.000175,1.000000,0.000000
"Au (McPeak)",McPeak,RefractiveIndex.info,main,McPeak.yml,0.001121,0.995439,1.000000,0.001088,0.000000,1.000000,0.000799,1.000000,0.428571,0.000234,1.000000,0.000000,0.000154,1.000000,0.000000
"Au (Olmon-ev)",Olmon-ev,RefractiveIndex.info,main,Olmon-ev.yml,0.002233,0.999928,1.000000,0.000431,0.950359,1.000000,0.000647,1.000000,1.000000,0.000231,1.000000,1.000000,0.000159,1.000000,1.000000
"Au (Olmon-sc)",Olmon-sc,RefractiveIndex.info,main,Olmon-sc.yml,0.002052,0.999940,1.000000,0.000415,0.968224,1.000000,0.001148,0.000000,1.000000,0.001569,0.000000,1.000000,0.000509,1.000000,1.000000
"Au (Olmon-ts)",Olmon-ts,RefractiveIndex.info,main,Olmon-ts.yml,0.002138,0.999932,1.000000,0.000430,0.957419,1.000000,0.000703,1.000000,1.000000,0.000574,1.000000,1.000000,0.000161,1.000000,1.000000
"Au (Ordal)",Ordal,RefractiveIndex.info,main,Ordal.yml,0.001390,0.969190,0.262791,0.002529,0.994118,1.000000,0.001260,0.933348,1.000000,0.001030,0.657797,1.000000,0.000400,1.000000,1.000000
"Au (Rakic-BB)",Rakic-BB,RefractiveIndex.info,main,Rakic-BB.yml,0.002234,0.997810,1.000000,0.000497,0.963454,1.000000,0.000395,0.952133,1.000000,0.000232,1.000000,1.000000,0.000159,1.000000,0.693882
"Au (Rakic-LD)",Rakic-LD,RefractiveIndex.info,main,Rakic-LD.yml,0.003354,0.997350,1.000000,0.000501,0.951183,1.000000,0.000448,0.923839,1.000000,0.000238,1.000000,1.000000,0.000159,1.000000,0.693882
"Au (Rosenblatt-11nm)",Rosenblatt-11nm,RefractiveIndex.info,main,Rosenblatt-11nm.yml,0.005599,0.999116,1.000000,0.000836,0.968563,1.000000,0.000994,0.998736,0.642857,0.000546,1.000000,0.000000,0.000159,1.000000,0.000000
"Au (Rosenblatt-21nm)",Rosenblatt-21nm,RefractiveIndex.info,main,Rosenblatt-21nm.yml,0.002490,0.999904,1.000000,0.000453,0.935808,1.000000,0.000416,1.000000,0.642857,0.000227,1.000000,0.000000,0.000160,1.000000,0.000000
"Au (Rosenblatt-44nm)",Rosenblatt-44nm,RefractiveIndex.info,main,Rosenblatt-44nm.yml,0.001858,0.999949,1.000000,0.000483,0.811450,1.000000,0.000419,1.000000,0.642857,0.000223,1.000000,0.000000,0.000163,1.000000,0.000000
"Au (Werner-DFT)",Werner-DFT,RefractiveIndex.info,main,Werner-DFT.yml,0.006959,0.999149,1.000000,0.000538,0.748848,1.000000,0.000397,1.000000,0.985489,0.000210,1.000000,0.000000,0.000176,1.000000,0.000000
"Au (Werner)",Werner,RefractiveIndex.info,main,Werner.yml,0.001439,0.999873,1.000000,0.001390,0.867354,1.000000,0.000833,0.733583,0.985489,0.000225,1.000000,0.000000,0.000162,1.000000,0.000000
"Au (Windt)",Windt,RefractiveIndex.info,main,Windt.yml,0.000183,1.000000,0.000000,0.000238,1.000000,0.000000,0.000201,1.000000,0.000000,0.000176,1.000000,0.000000,0.000209,1.000000,0.000000
"Au (Yakubovsky-117nm)",Yakubovsky-117nm,RefractiveIndex.info,main,Yakubovsky-117nm.yml,0.002225,0.999926,1.000000,0.002314,-1.000000,1.000000,0.001325,-0.309054,0.642857,0.000228,1.000000,0.000000,0.000159,1.000000,0.000000
"Au (Yakubovsky-25nm)",Yakubovsky-25nm,RefractiveIndex.info,main,Yakubovsky-25nm.yml,0.001209,0.999976,1.000000,0.000657,0.884931,1.000000,0.001064,0.000000,0.642857,0.000199,1.000000,0.000000,0.000171,1.000000,0.000000
"Au (Yakubovsky-4nm)",Yakubovsky-4nm,RefractiveIndex.info,main,Yakubovsky-4nm.yml,0.003948,0.999733,1.000000,0.004566,0.972413,1.000000,0.001264,0.994166,1.000000,0.002094,-1.000000,0.200000,0.000164,1.000000,0.000000
"Au (Yakubovsky-53nm)",Yakubovsky-53nm,RefractiveIndex.info,main,Yakubovsky-53nm.yml,0.002125,0.999928,1.000000,0.000862,0.793585,1.000000,0.001351,-0.071259,0.642857,0.000226,1.000000,0.000000,0.000161,1.000000,0.000000
"Au (Yakubovsky-6nm)",Yakubovsky-6nm,RefractiveIndex.info,main,Yakubovsky-6nm.yml,0.012775,0.997281,1.000000,0.002162,0.983515,1.000000,0.001016,0.982756,1.000000,0.001292,0.000000,0.200000,0.000191,1.000000,0.000000
"Au (Yakubovsky-9nm)",Yakubovsky-9nm,RefractiveIndex.info,main,Yakubovsky-9nm.yml,0.003871,0.999775,1.000000,0.002939,0.863840,1.000000,0.000787,0.933106,1.000000,0.001319,0.000000,0.200000,0.000183,1.000000,0.000000
"B (Fernandez-Perea)",Fernandez-Perea,RefractiveIndex.info,main,Fernandez-Perea.yml,0.000578,1.000000,0.000000,0.000323,1.000000,0.000000,0.000282,1.000000,0.000000,0.000439,1.000000,0.000000,0.000337,1.000000,0.000000
"B4C (Larruquert)",Larruquert,RefractiveIndex.info,main,Larruquert.yml,0.000677,1.000000,0.000000,0.000714,1.000000,0.000000,0.000438,1.000000,0.000000,0.000378,1.000000,0.000000,0.000163,1.000000,0.000000
"BN (Grudinin-DFT-e)",Grudinin-DFT-e,RefractiveIndex.info,main,Grudinin-DFT-e.yml,0.000169,0.995506,1.000000,0.000203,1.000000,1.000000,0.000072,1.000000,0.652364,0.000156,1.000000,0.000000,0.000186,1.000000,0.000000
"BN (Grudinin-DFT-o)",Grudinin-DFT-o,RefractiveIndex.info,main,Grudinin-DFT-o.yml,0.000331,0.998528,1.000000,0.000449,1.000000,1.000000,0.000475,1.000000,0.652364,0.000482,1.000000,0.000000,0.000260,1.000000,0.000000
"BN (Zotev-e)",Zotev-e,RefractiveIndex.info,main,Zotev-e.yml,0.000148,0.998926,0.976744,0.000149,1.000000,0.687500,0.000153,1.000000,0.000000,0.000133,1.000000,0.000000,0.000159,1.000000,0.000000
"BN (Zotev-o)",Zotev-o,RefractiveIndex.info,main,Zotev-o.yml,0.000313,0.963646,0.976744,0.000477,1.000000,0.687500,0.000575,1.000000,0.000000,0.000481,1.000000,0.000000,0.000260,1.000000,0.000000
"BaF2 (Kaiser)",Kaiser,RefractiveIndex.info,main,Kaiser.yml,0.000089,1.000000,0.000000,0.000116,1.000000,0.000000,0.000098,1.000000,0.000000,0.000086,1.000000,0.000000,0.000307,0.988567,0.588235
"BaF2 (Querry)",Querry,RefractiveIndex.info,main,Querry.yml,0.000973,0.993564,1.000000,0.003471,0.990810,1.000000,0.000512,0.973670,1.000000,0.001070,0.000000,1.000000,0.000192,1.000000,0.705882
"Be (Rakic-BB)",Rakic-BB,RefractiveIndex.info,main,Rakic-BB.yml,0.002234,0.997810,1.000000,0.000497,0.963454,1.000000,0.000395,0.952133,1.000000,0.000232,1.000000,1.000000,0.000159,1.000000,0.693882
"Be (Rakic-LD)",Rakic-LD,RefractiveIndex.info,main,Rakic-LD.yml,0.003354,0.997350,1.000000,0.000501,0.951183,1.000000,0.000448,0.923839,1.000000,0.000238,1.000000,1.000000,0.000159,1.000000,0.693882
"Be (Svechnikov)",Svechnikov,RefractiveIndex.info,main,Svechnikov.yml,0.000282,1.000000,0.000000,0.000474,1.000000,0.000000,0.000508,1.000000,0.000000,0.000397,1.000000,0.000000,0.000278,1.000000,0.000000
"Bi (Hagemann)",Hagemann,RefractiveIndex.info,main,Hagemann.yml,0.002302,0.998020,1.000000,0.000624,0.979927,1.000000,0.000802,0.896066,1.000000,0.002095,0.000000,1.000000,0.000155,1.000000,1.000000
"Bi (Werner-DFT)",Werner-DFT,RefractiveIndex.info,main,Werner-DFT.yml,0.006959,0.999149,1.000000,0.000538,0.748848,1.000000,0.000397,1.000000,0.985489,0.000210,1.000000,0.000000,0.000176,1.000000,0.000000
"Bi (Werner)",Werner,RefractiveIndex.info,main,Werner.yml,0.001439,0.999873,1.000000,0.001390,0.867354,1.000000,0.000833,0.733583,0.985489,0.000225,1.000000,0.000000,0.000162,1.000000,0.000000
"Bi2Se3 (Ermolaev)",Ermolaev,RefractiveIndex.info,main,Ermolaev.yml,0.000477,0.999859,1.000000,0.000789,0.995793,1.000000,0.001044,0.988540,1.000000,0.000650,0.703939,0.200000,0.000439,1.000000,0.000000
"Bi2Se3 (Fang-10L)",Fang-10L,RefractiveIndex.info,main,Fang-10L.yml,0.000802,0.998346,1.000000,0.000626,0.997648,1.000000,0.001293,0.984172,0.421429,0.000441,1.000000,0.000000,0.000444,1.000000,0.000000
"Bi2Se3 (Fang-2L)",Fang-2L,RefractiveIndex.info,main,Fang-2L.yml,0.000732,0.998685,1.000000,0.000627,0.992618,1.000000,0.001413,0.983253,0.421429,0.000129,1.000000,0.000000,0.000166,1.000000,0.000000
"Bi2Se3 (Fang-4L)",Fang-4L,RefractiveIndex.info,main,Fang-4L.yml,0.000808,0.997986,1.000000,0.000715,0.996063,1.000000,0.001639,0.981992,0.421429,0.000345,1.000000,0.000000,0.000392,1.000000,0.000000
"Bi2Se3 (Fang-6L)",Fang-6L,RefractiveIndex.info,main,Fang-6L.yml,0.000847,0.998114,1.000000,0.000609,0.997471,1.000000,0.001338,0.984258,0.421429,0.000443,1.000000,0.000000,0.000441,1.000000,0.000000
"Bi2Se3 (Fang-8L)",Fang-8L,RefractiveIndex.info,main,Fang-8L.yml,0.000815,0.998425,1.000000,0.000661,0.997346,1.000000,0.000782,0.993542,0.421429,0.000442,1.000000,0.000000,0.000443,1.000000,0.000000
"Bi2Te3 (Ermolaev)",Ermolaev,RefractiveIndex.info,main,Ermolaev.yml,0.000477,0.999859,1.000000,0.000789,0.995793,1.000000,0.001044,0.988540,1.000000,0.000650,0.703939,0.200000,0.000439,1.000000,0.000000
"BiFeO3 (Kumar)",Kumar,RefractiveIndex.info,main,Kumar.yml,0.002107,0.996744,1.000000,0.000259,0.993975,1.000000,0.000230,0.977779,0.406643,0.000220,1.000000,0.000000,0.000423,1.000000,0.000000
"C (Arakawa)",Arakawa,RefractiveIndex.info,main,Arakawa.yml,0.000439,0.996772,1.000000,0.001212,0.996511,1.000000,0.001872,0.997392,0.690286,0.000257,1.000000,0.000000,0.000304,1.000000,0.000000
"C (Djurisic-e)",Djurisic-e,RefractiveIndex.info,main,Djurisic-e.yml,0.000169,0.988234,0.559070,0.000159,1.000000,0.000000,0.000134,1.000000,0.000000,0.000118,1.000000,0.000000,0.000140,1.000000,0.000000
"C (Djurisic-o)",Djurisic-o,RefractiveIndex.info,main,Djurisic-o.yml,0.000588,0.999568,1.000000,0.000707,0.997596,1.000000,0.000910,0.999543,1.000000,0.002065,0.997243,1.000000,0.001117,0.994320,0.450824
"C (Dore)",Dore,RefractiveIndex.info,main,Dore.yml,0.000300,1.000000,0.000000,0.000464,1.000000,0.000000,0.000455,1.000000,0.000000,0.001919,0.566999,1.000000,0.000262,0.976045,1.000000
"C (El-Sayed)",El-Sayed,RefractiveIndex.info,main,El-Sayed.yml,0.000703,0.998584,1.000000,0.001002,0.993469,0.687500,0.000231,1.000000,0.000000,0.000262,1.000000,0.000000,0.000311,1.000000,0.000000
"C (Ermolaev-SWCNT-e)",Ermolaev-SWCNT-e,RefractiveIndex.info,main,Ermolaev-SWCNT-e.yml,0.000096,0.995626,1.000000,0.000123,0.997908,1.000000,0.000342,0.997644,0.428571,0.000238,1.000000,0.000000,0.000283,1.000000,0.000000
"C (Ermolaev-SWCNT-o)",Ermolaev-SWCNT-o,RefractiveIndex.info,main,Ermolaev-SWCNT-o.yml,0.000243,0.998515,1.000000,0.000445,0.997949,1.000000,0.000814,0.997841,0.428571,0.000207,1.000000,0.000000,0.000337,1.000000,0.000000
"C (Ermolaev)",Ermolaev,RefractiveIndex.info,main,Ermolaev.yml,0.000477,0.999859,1.000000,0.000789,0.995793,1.000000,0.001044,0.988540,1.000000,0.000650,0.703939,0.200000,0.000439,1.000000,0.000000
"C (Hagemann)",Hagemann,RefractiveIndex.info,main,Hagemann.yml,0.002302,0.998020,1.000000,0.000624,0.979927,1.000000,0.000802,0.896066,1.000000,0.002095,0.000000,1.000000,0.000155,1.000000,1.000000
"C (Larruquert)",Larruquert,RefractiveIndex.info,main,Larruquert.yml,0.000677,1.000000,0.000000,0.000714,1.000000,0.000000,0.000438,1.000000,0.000000,0.000378,1.000000,0.000000,0.000163,1.000000,0.000000
"C (Phillip)",Phillip,RefractiveIndex.info,main,Phillip.yml,0.000354,0.986385,1.000000,0.000122,1.000000,1.000000,0.000302,1.000000,1.000000,0.000208,1.000000,1.000000,0.000234,1.000000,0.411765
"C (Querry-Asbury3222)",Querry-Asbury3222,RefractiveIndex.info,main,Querry-Asbury3222.yml,0.000423,0.998806,1.000000,0.000614,0.997331,1.000000,0.001373,0.998981,1.000000,0.003267,0.994843,1.000000,0.001923,0.997201,1.000000
"C (Querry-AsburyMicro260)",Querry-AsburyMicro260,RefractiveIndex.info,main,Querry-AsburyMicro260.yml,0.000205,0.999894,1.000000,0.000714,0.998296,1.000000,0.000732,0.999678,1.000000,0.002447,0.996089,1.000000,0.001534,0.997243,1.000000
"C (Querry-Dixon1102)",Querry-Dixon1102,RefractiveIndex.info,main,Querry-Dixon1102.yml,0.000392,0.999553,1.000000,0.000677,0.998619,1.000000,0.001162,0.999314,1.000000,0.002718,0.996735,1.000000,0.001610,0.997389,1.000000
"C (Querry-Dixon200-10)",Querry-Dixon200-10,RefractiveIndex.info,main,Querry-Dixon200-10.yml,0.000482,0.999549,1.000000,0.000521,0.999195,1.000000,0.001039,0.999146,1.000000,0.003012,0.993156,1.000000,0.001097,0.997980,1.000000
"C (Querry-DixonHPN2)",Querry-DixonHPN2,RefractiveIndex.info,main,Querry-DixonHPN2.yml,0.000412,0.999689,1.000000,0.000885,0.997759,1.000000,0.001097,0.999144,1.000000,0.002097,0.997096,1.000000,0.001277,0.997375,1.000000
"C (Querry-DixonKS2)",Querry-DixonKS2,RefractiveIndex.info,main,Querry-DixonKS2.yml,0.000429,0.999605,1.000000,0.000755,0.998370,1.000000,0.001297,0.999122,1.000000,0.002466,0.996149,1.000000,0.001668,0.996447,1.000000
"C (Querry-Pyrolytic)",Querry-Pyrolytic,RefractiveIndex.info,main,Querry-Pyrolytic.yml,0.000577,0.999563,1.000000,0.000939,0.997497,1.000000,0.001547,0.999189,1.000000,0.003538,0.995013,1.000000,0.001900,0.996886,1.000000
"C (Song-Arc)",Song-Arc,RefractiveIndex.info,main,Song-Arc.yml,0.004099,0.978977,0.951256,0.001804,0.993953,1.000000,0.002987,0.925150,0.419457,0.000266,1.000000,0.000000,0.000316,1.000000,0.000000
"C (Song-HiPco)",Song-HiPco,RefractiveIndex.info,main,Song-HiPco.yml,0.008613,0.939404,0.951256,0.007053,0.963224,1.000000,0.010609,0.942815,0.419457,0.000218,1.000000,0.000000,0.000305,1.000000,0.000000
"C (Song-cHOPG-o)",Song-cHOPG-o,RefractiveIndex.info,main,Song-cHOPG-o.yml,0.000608,0.995227,1.000000,0.000626,0.998820,1.000000,0.001155,0.998166,0.421429,0.000401,1.000000,0.000000,0.000426,1.000000,0.000000
"C (Song-sHOPG-o)",Song-sHOPG-o,RefractiveIndex.info,main,Song-sHOPG-o.yml,0.000450,0.997385,1.000000,0.000438,0.998743,1.000000,0.001130,0.997572,0.421429,0.000126,1.000000,0.000000,0.000169,1.000000,0.000000
"C (Song)",Song,RefractiveIndex.info,main,Song.yml,0.000608,0.997456,1.000000,0.000506,0.998700,1.000000,0.001242,0.998372,0.421429,0.000439,1.000000,0.000000,0.000451,1.000000,0.000000
"C (Taylor)",Taylor,RefractiveIndex.info,main,Taylor.yml,0.000356,0.990917,1.000000,0.000444,1.000000,1.000000,0.000428,1.000000,0.421274,0.000347,1.000000,0.000000,0.000231,1.000000,0.000000
"C (Tikuisis)",Tikuisis,RefractiveIndex.info,main,Tikuisis.yml,0.000565,0.999338,1.000000,0.000828,0.998067,1.000000,0.000635,0.999787,1.000000,0.003211,0.983557,0.474425,0.000402,1.000000,0.000000
"C (Weber)",Weber,RefractiveIndex.info,main,Weber.yml,0.000603,0.998940,1.000000,0.001042,0.995879,0.684397,0.000247,1.000000,0.000000,0.000214,1.000000,0.000000,0.000249,1.000000,0.000000
"Ca (Mathewson)",Mathewson,RefractiveIndex.info,main,Mathewson.yml,0.001040,0.995908,0.660605,0.003863,0.990808,1.000000,0.000618,0.984259,0.479429,0.000207,1.000000,0.000000,0.000175,1.000000,0.000000
"Ca (Rodriguez-de Marcos)",Rodriguez-de Marcos,RefractiveIndex.info,main,Rodriguez-de Marcos.yml,0.000557,1.000000,0.000000,0.000316,1.000000,0.000000,0.000268,1.000000,0.000000,0.000420,1.000000,0.000000,0.000270,1.000000,0.000000
"CaF2 (Kaiser)",Kaiser,RefractiveIndex.info,main,Kaiser.yml,0.000089,1.000000,0.000000,0.000116,1.000000,0.000000,0.000098,1.000000,0.000000,0.000086,1.000000,0.000000,0.000307,0.988567,0.588235
"CaMg(CO3)2 (Querry-e)",Querry-e,RefractiveIndex.info,main,Querry-e.yml,0.000210,1.000000,1.000000,0.000266,1.000000,1.000000,0.000280,1.000000,1.000000,0.000828,0.988607,1.000000,0.007431,0.999658,1.000000
"CaMg(CO3)2 (Querry-o)",Querry-o,RefractiveIndex.info,main,Querry-o.yml,0.000244,1.000000,1.000000,0.000304,1.000000,1.000000,0.000282,1.000000,1.000000,0.000915,0.988176,1.000000,0.013344,0.999068,1.000000
"CaSO4 (Querry-alpha)",Querry-alpha,RefractiveIndex.info,main,Querry-alpha.yml,0.000146,1.000000,0.000000,0.000189,1.000000,0.000000,0.000160,1.000000,0.000000,0.001072,0.972199,1.000000,0.008185,0.998756,1.000000
"CaSO4 (Querry-beta)",Querry-beta,RefractiveIndex.info,main,Querry-beta.yml,0.000143,1.000000,0.000000,0.000186,1.000000,0.000000,0.000157,1.000000,0.000000,0.001453,0.954382,1.000000,0.031689,0.978030,1.000000
"CaSO4 (Querry-gamma)",Querry-gamma,RefractiveIndex.info,main,Querry-gamma.yml,0.000130,1.000000,0.000000,0.000169,1.000000,0.000000,0.000143,1.000000,0.000000,0.001104,0.961590,1.000000,0.020506,0.988450,1.000000
"CdS (Ninomiya-e)",Ninomiya-e,RefractiveIndex.info,main,Ninomiya-e.yml,0.002200,0.988542,1.000000,0.000115,0.998340,0.791250,0.000581,1.000000,0.000000,0.000501,1.000000,0.000000,0.000255,1.000000,0.000000
"CdS (Ninomiya-o)",Ninomiya-o,RefractiveIndex.info,main,Ninomiya-o.yml,0.002394,0.983948,1.000000,0.000105,0.998458,0.791250,0.000573,1.000000,0.000000,0.000475,1.000000,0.000000,0.000262,1.000000,0.000000
"CdS (Treharne)",Treharne,RefractiveIndex.info,main,Treharne.yml,0.000924,0.996948,1.000000,0.000268,0.981392,1.000000,0.000384,1.000000,0.284242,0.000464,1.000000,0.000000,0.000220,1.000000,0.000000
"CdSe (Ninomiya-cubic)",Ninomiya-cubic,RefractiveIndex.info,main,Ninomiya-cubic.yml,0.001997,0.973880,1.000000,0.000526,0.869183,0.145500,0.000484,1.000000,0.000000,0.000220,1.000000,0.000000,0.000301,1.000000,0.000000
"CdSe (Ninomiya-e)",Ninomiya-e,RefractiveIndex.info,main,Ninomiya-e.yml,0.002200,0.988542,1.000000,0.000115,0.998340,0.791250,0.000581,1.000000,0.000000,0.000501,1.000000,0.000000,0.000255,1.000000,0.000000
"CdSe (Ninomiya-o)",Ninomiya-o,RefractiveIndex.info,main,Ninomiya-o.yml,0.002394,0.983948,1.000000,0.000105,0.998458,0.791250,0.000573,1.000000,0.000000,0.000475,1.000000,0.000000,0.000262,1.000000,0.000000
"CdTe (Adachi)",Adachi,RefractiveIndex.info,main,Adachi.yml,0.005801,0.993036,1.000000,0.000402,0.996744,1.000000,0.000486,0.991049,1.000000,0.000480,0.869340,1.000000,0.000556,1.000000,0.693882
"CdTe (Treharne)",Treharne,RefractiveIndex.info,main,Treharne.yml,0.000924,0.996948,1.000000,0.000268,0.981392,1.000000,0.000384,1.000000,0.284242,0.000464,1.000000,0.000000,0.000220,1.000000,0.000000
"Ce (Fernandez-Perea)",Fernandez-Perea,RefractiveIndex.info,main,Fernandez-Perea.yml,0.000578,1.000000,0.000000,0.000323,1.000000,0.000000,0.000282,1.000000,0.000000,0.000439,1.000000,0.000000,0.000337,1.000000,0.000000
"CeF3 (Rodriguez-de Marcos)",Rodriguez-de Marcos,RefractiveIndex.info,main,Rodriguez-de Marcos.yml,0.000557,1.000000,0.000000,0.000316,1.000000,0.000000,0.000268,1.000000,0.000000,0.000420,1.000000,0.000000,0.000270,1.000000,0.000000
"Co (Johnson)",Johnson,RefractiveIndex.info,main,Johnson.yml,0.001113,0.997657,1.000000,0.000521,1.000000,1.000000,0.000513,1.000000,0.597857,0.000234,1.000000,0.000000,0.000154,1.000000,0.000000
"Co (Werner-DFT)",Werner-DFT,RefractiveIndex.info,main,Werner-DFT.yml,0.006959,0.999149,1.000000,0.000538,0.748848,1.000000,0.000397,1.000000,0.985489,0.000210,1.000000,0.000000,0.000176,1.000000,0.000000
"Co (Werner)",Werner,RefractiveIndex.info,main,Werner.yml,0.001439,0.999873,1.000000,0.001390,0.867354,1.000000,0.000833,0.733583,0.985489,0.000225,1.000000,0.000000,0.000162,1.000000,0.000000
"Cr (Johnson)",Johnson,RefractiveIndex.info,main,Johnson.yml,0.001113,0.997657,1.000000,0.000521,1.000000,1.000000,0.000513,1.000000,0.597857,0.000234,1.000000,0.000000,0.000154,1.000000,0.000000
"Cr (Rakic-BB)",Rakic-BB,RefractiveIndex.info,main,Rakic-BB.yml,0.002234,0.997810,1.000000,0.000497,0.963454,1.000000,0.000395,0.952133,1.000000,0.000232,1.000000,1.000000,0.000159,1.000000,0.693882
"Cr (Rakic-LD)",Rakic-LD,RefractiveIndex.info,main,Rakic-LD.yml,0.003354,0.997350,1.000000,0.000501,0.951183,1.000000,0.000448,0.923839,1.000000,0.000238,1.000000,1.000000,0.000159,1.000000,0.693882
"Cr (Sytchkova)",Sytchkova,RefractiveIndex.info,main,Sytchkova.yml,0.000764,0.998339,1.000000,0.000833,1.000000,1.000000,0.001107,0.999098,1.000000,0.000627,1.000000,0.000000,0.000376,1.000000,0.000000
"Cs (Ives)",Ives,RefractiveIndex.info,main,Ives.yml,0.006592,0.998983,0.530233,0.000642,1.000000,0.000000,0.000521,1.000000,0.000000,0.000783,1.000000,0.000000,0.000459,1.000000,0.000000
"Cs (Monin)",Monin,RefractiveIndex.info,main,Monin.yml,0.005643,0.999340,0.627907,0.000844,1.000000,0.000000,0.000671,1.000000,0.000000,0.000548,1.000000,0.000000,0.000413,1.000000,0.000000
"Cs (Smith)",Smith,RefractiveIndex.info,main,Smith.yml,0.003023,0.999775,1.000000,0.001387,0.997551,1.000000,0.000943,0.999318,0.943976,0.000263,1.000000,0.000000,0.000188,1.000000,0.000000
"Cs (Whang)",Whang,RefractiveIndex.info,main,Whang.yml,0.000134,1.000000,0.000000,0.000174,1.000000,0.000000,0.000147,1.000000,0.000000,0.000129,1.000000,0.000000,0.000153,1.000000,0.000000
"CsBr (Querry)",Querry,RefractiveIndex.info,main,Querry.yml,0.000973,0.993564,1.000000,0.003471,0.990810,1.000000,0.000512,0.973670,1.000000,0.001070,0.000000,1.000000,0.000192,1.000000,0.705882
"CsI (Querry)",Querry,RefractiveIndex.info,main,Querry.yml,0.000973,0.993564,1.000000,0.003471,0.990810,1.000000,0.000512,0.973670,1.000000,0.001070,0.000000,1.000000,0.000192,1.000000,0.705882
"Cu (Babar)",Babar,RefractiveIndex.info,main,Babar.yml,0.001927,0.992792,1.000000,0.000483,1.000000,1.000000,0.000853,1.000000,1.000000,0.001037,0.000000,1.000000,0.000514,1.000000,0.694118
"Cu (Brimhall)",Brimhall,RefractiveIndex.info,main,Brimhall.yml,0.000061,1.000000,0.000000,0.000080,1.000000,0.000000,0.000067,1.000000,0.000000,0.000059,1.000000,0.000000,0.000070,1.000000,0.000000
"Cu (Hagemann)",Hagemann,RefractiveIndex.info,main,Hagemann.yml,0.002302,0.998020,1.000000,0.000624,0.979927,1.000000,0.000802,0.896066,1.000000,0.002095,0.000000,1.000000,0.000155,1.000000,1.000000
"Cu (Johnson)",Johnson,RefractiveIndex.info,main,Johnson.yml,0.001113,0.997657,1.000000,0.000521,1.000000,1.000000,0.000513,1.000000,0.597857,0.000234,1.000000,0.000000,0.000154,1.000000,0.000000
"Cu (McPeak)",McPeak,RefractiveIndex.info,main,McPeak.yml,0.001121,0.995439,1.000000,0.001088,0.000000,1.000000,0.000799,1.000000,0.428571,0.000234,1.000000,0.000000,0.000154,1.000000,0.000000
"Cu (Ordal)",Ordal,RefractiveIndex.info,main,Ordal.yml,0.001390,0.969190,0.262791,0.002529,0.994118,1.000000,0.001260,0.933348,1.000000,0.001030,0.657797,1.000000,0.000400,1.000000,1.000000
"Cu (Querry)",Querry,RefractiveIndex.info,main,Querry.yml,0.000973,0.993564,1.000000,0.003471,0.990810,1.000000,0.000512,0.973670,1.000000,0.001070,0.000000,1.000000,0.000192,1.000000,0.705882
"Cu (Rakic-BB)",Rakic-BB,RefractiveIndex.info,main,Rakic-BB.yml,0.002234,0.997810,1.000000,0.000497,0.963454,1.000000,0.000395,0.952133,1.000000,0.000232,1.000000,1.000000,0.000159,1.000000,0.693882
"Cu (Rakic-LD)",Rakic-LD,RefractiveIndex.info,main,Rakic-LD.yml,0.003354,0.997350,1.000000,0.000501,0.951183,1.000000,0.000448,0.923839,1.000000,0.000238,1.000000,1.000000,0.000159,1.000000,0.693882
"Cu (Stahrenberg)",Stahrenberg,RefractiveIndex.info,main,Stahrenberg.yml,0.001576,0.994551,0.339395,0.000598,1.000000,0.000000,0.000419,1.000000,0.000000,0.000239,1.000000,0.000000,0.000181,1.000000,0.000000
"Cu (Werner-DFT)",Werner-DFT,RefractiveIndex.info,main,Werner-DFT.yml,0.006959,0.999149,1.000000,0.000538,0.748848,1.000000,0.000397,1.000000,0.985489,0.000210,1.000000,0.000000,0.000176,1.000000,0.000000
"Cu (Werner)",Werner,RefractiveIndex.info,main,Werner.yml,0.001439,0.999873,1.000000,0.001390,0.867354,1.000000,0.000833,0.733583,0.985489,0.000225,1.000000,0.000000,0.000162,1.000000,0.000000
"Cu2O (Querry)",Querry,RefractiveIndex.info,main,Querry.yml,0.000973,0.993564,1.000000,0.003471,0.990810,1.000000,0.000512,0.973670,1.000000,0.001070,0.000000,1.000000,0.000192,1.000000,0.705882
"CuO (Brimhall)",Brimhall,RefractiveIndex.info,main,Brimhall.yml,0.000061,1.000000,0.000000,0.000080,1.000000,0.000000,0.000067,1.000000,0.000000,0.000059,1.000000,0.000000,0.000070,1.000000,0.000000
"D2O (Asfar)",Asfar,RefractiveIndex.info,main,Asfar.yml,0.000289,1.000000,0.000000,0.000483,1.000000,0.000000,0.000554,1.000000,0.000000,0.000512,1.000000,0.000000,0.000234,1.000000,0.000000
"DyScO3 (Chernova)",Chernova,RefractiveIndex.info,main,Chernova.yml,0.000298,0.994976,1.000000,0.000445,1.000000,1.000000,0.000411,1.000000,0.411071,0.000345,1.000000,0.000000,0.000285,1.000000,0.000000
"Er (Larruquert)",Larruquert,RefractiveIndex.info,main,Larruquert.yml,0.000677,1.000000,0.000000,0.000714,1.000000,0.000000,0.000438,1.000000,0.000000,0.000378,1.000000,0.000000,0.000163,1.000000,0.000000
"Eu (Fernandez-Perea)",Fernandez-Perea,RefractiveIndex.info,main,Fernandez-Perea.yml,0.000578,1.000000,0.000000,0.000323,1.000000,0.000000,0.000282,1.000000,0.000000,0.000439,1.000000,0.000000,0.000337,1.000000,0.000000
"EuS (Meretska)",Meretska,RefractiveIndex.info,main,Meretska.yml,0.000296,0.996916,1.000000,0.000397,0.873364,1.000000,0.000201,1.000000,0.428571,0.000344,1.000000,0.000000,0.000285,1.000000,0.000000
"Fe (Johnson)",Johnson,RefractiveIndex.info,main,Johnson.yml,0.001113,0.997657,1.000000,0.000521,1.000000,1.000000,0.000513,1.000000,0.597857,0.000234,1.000000,0.000000,0.000154,1.000000,0.000000
"Fe (Ordal)",Ordal,RefractiveIndex.info,main,Ordal.yml,0.001390,0.969190,0.262791,0.002529,0.994118,1.000000,0.001260,0.933348,1.000000,0.001030,0.657797,1.000000,0.000400,1.000000,1.000000
"Fe (Querry)",Querry,RefractiveIndex.info,main,Querry.yml,0.000973,0.993564,1.000000,0.003471,0.990810,1.000000,0.000512,0.973670,1.000000,0.001070,0.000000,1.000000,0.000192,1.000000,0.705882
"Fe (Werner-DFT)",Werner-DFT,RefractiveIndex.info,main,Werner-DFT.yml,0.006959,0.999149,1.000000,0.000538,0.748848,1.000000,0.000397,1.000000,0.985489,0.000210,1.000000,0.000000,0.000176,1.000000,0.000000
"Fe (Werner)",Werner,RefractiveIndex.info,main,Werner.yml,0.001439,0.999873,1.000000,0.001390,0.867354,1.000000,0.000833,0.733583,0.985489,0.000225,1.000000,0.000000,0.000162,1.000000,0.000000
"Fe2O3 (Querry-e)",Querry-e,RefractiveIndex.info,main,Querry-e.yml,0.000210,1.000000,1.000000,0.000266,1.000000,1.000000,0.000280,1.000000,1.000000,0.000828,0.988607,1.000000,0.007431,0.999658,1.000000
"Fe2O3 (Querry-o)",Querry-o,RefractiveIndex.info,main,Querry-o.yml,0.000244,1.000000,1.000000,0.000304,1.000000,1.000000,0.000282,1.000000,1.000000,0.000915,0.988176,1.000000,0.013344,0.999068,1.000000
"Fe3O4 (Querry)",Querry,RefractiveIndex.info,main,Querry.yml,0.000973,0.993564,1.000000,0.003471,0.990810,1.000000,0.000512,0.973670,1.000000,0.001070,0.000000,1.000000,0.000192,1.000000,0.705882
"GaAs (Adachi)",Adachi,RefractiveIndex.info,main,Adachi.yml,0.005801,0.993036,1.000000,0.000402,0.996744,1.000000,0.000486,0.991049,1.000000,0.000480,0.869340,1.000000,0.000556,1.000000,0.693882
"GaAs (Aspnes)",Aspnes,RefractiveIndex.info,main,Aspnes.yml,0.002129,0.998180,1.000000,0.000325,1.000000,0.145625,0.000348,1.000000,0.000000,0.000337,1.000000,0.000000,0.000236,1.000000,0.000000
"GaAs (Jellison)",Jellison,RefractiveIndex.info,main,Jellison.yml,0.002549,0.997445,1.000000,0.000451,0.849799,0.187500,0.000339,1.000000,0.000000,0.000364,1.000000,0.000000,0.000247,1.000000,0.000000
"GaAs (Ozaki)",Ozaki,RefractiveIndex.info,main,Ozaki.yml,0.002772,0.997343,1.000000,0.000672,0.993293,0.791250,0.000284,1.000000,0.000000,0.000443,1.000000,0.000000,0.000342,1.000000,0.000000
"GaAs (Papatryfonos)",Papatryfonos,RefractiveIndex.info,main,Papatryfonos.yml,0.002985,0.996924,1.000000,0.000427,0.996463,1.000000,0.000683,0.895031,0.556200,0.000413,1.000000,0.000000,0.000230,1.000000,0.000000
"GaAs (Rakic)",Rakic,RefractiveIndex.info,main,Rakic.yml,0.000934,0.995106,1.000000,0.002241,0.995448,1.000000,0.000559,0.990217,1.000000,0.000939,0.775410,1.000000,0.000450,1.000000,1.000000
"GaN (Kawashima)",Kawashima,RefractiveIndex.info,main,Kawashima.yml,0.001642,0.988836,1.000000,0.000125,0.991725,0.662094,0.000541,1.000000,0.000000,0.000489,1.000000,0.000000,0.000226,1.000000,0.000000
"GaP (Adachi)",Adachi,RefractiveIndex.info,main,Adachi.yml,0.005801,0.993036,1.000000,0.000402,0.996744,1.000000,0.000486,0.991049,1.000000,0.000480,0.869340,1.000000,0.000556,1.000000,0.693882
"GaP (Aspnes)",Aspnes,RefractiveIndex.info,main,Aspnes.yml,0.002129,0.998180,1.000000,0.000325,1.000000,0.145625,0.000348,1.000000,0.000000,0.000337,1.000000,0.000000,0.000236,1.000000,0.000000
"GaP (Jellison)",Jellison,RefractiveIndex.info,main,Jellison.yml,0.002549,0.997445,1.000000,0.000451,0.849799,0.187500,0.000339,1.000000,0.000000,0.000364,1.000000,0.000000,0.000247,1.000000,0.000000
"GaP (Khmelevskaia)",Khmelevskaia,RefractiveIndex.info,main,Khmelevskaia.yml,0.001416,0.998756,1.000000,0.000355,0.988857,1.000000,0.000400,0.940969,0.428571,0.000384,1.000000,0.000000,0.000551,1.000000,0.000000
"GaS (Zotev-e)",Zotev-e,RefractiveIndex.info,main,Zotev-e.yml,0.000148,0.998926,0.976744,0.000149,1.000000,0.687500,0.000153,1.000000,0.000000,0.000133,1.000000,0.000000,0.000159,1.000000,0.000000
"GaS (Zotev-o)",Zotev-o,RefractiveIndex.info,main,Zotev-o.yml,0.000313,0.963646,0.976744,0.000477,1.000000,0.687500,0.000575,1.000000,0.000000,0.000481,1.000000,0.000000,0.000260,1.000000,0.000000
"GaSb (Adachi)",Adachi,RefractiveIndex.info,main,Adachi.yml,0.005801,0.993036,1.000000,0.000402,0.996744,1.000000,0.000486,0.991049,1.000000,0.000480,0.869340,1.000000,0.000556,1.000000,0.693882
"GaSb (Aspnes)",Aspnes,RefractiveIndex.info,main,Aspnes.yml,0.002129,0.998180,1.000000,0.000325,1.000000,0.145625,0.000348,1.000000,0.000000,0.000337,1.000000,0.000000,0.000236,1.000000,0.000000
"GaSb (Djurisic)",Djurisic,RefractiveIndex.info,main,Djurisic.yml,0.001588,0.999293,1.000000,0.000393,0.995761,1.000000,0.000511,0.983484,1.000000,0.000755,1.000000,1.000000,0.000192,1.000000,0.693882
"GdF3 (Franta)",Franta,RefractiveIndex.info,main,Franta.yml,0.000186,0.983325,1.000000,0.000227,1.000000,1.000000,0.000212,1.000000,1.000000,0.000661,0.986373,1.000000,0.008689,0.995374,1.000000
"Ge (Amotchkina-film)",Amotchkina-film,RefractiveIndex.info,main,Amotchkina-film.yml,0.000993,0.995141,0.883721,0.000297,0.998823,1.000000,0.000917,0.993803,1.000000,0.000999,0.716916,1.000000,0.000230,1.000000,1.000000
"Ge (Amotchkina)",Amotchkina,RefractiveIndex.info,main,Amotchkina.yml,0.001672,0.995183,0.883721,0.001408,0.986120,1.000000,0.000900,0.989661,1.000000,0.000943,0.564367,1.000000,0.000177,1.000000,0.529412
"Ge (Aspnes)",Aspnes,RefractiveIndex.info,main,Aspnes.yml,0.002129,0.998180,1.000000,0.000325,1.000000,0.145625,0.000348,1.000000,0.000000,0.000337,1.000000,0.000000,0.000236,1.000000,0.000000
"Ge (Ciesielski-20nm)",Ciesielski-20nm,RefractiveIndex.info,main,Ciesielski-20nm.yml,0.000787,0.998946,1.000000,0.000532,0.996956,1.000000,0.000935,0.995443,0.642857,0.000190,1.000000,0.000000,0.000220,1.000000,0.000000
"Ge (Ciesielski-2nm)",Ciesielski-2nm,RefractiveIndex.info,main,Ciesielski-2nm.yml,0.000518,0.998850,1.000000,0.000473,0.997990,1.000000,0.000304,0.994122,0.642857,0.000237,1.000000,0.000000,0.000444,1.000000,0.000000
"Ge (Jellison)",Jellison,RefractiveIndex.info,main,Jellison.yml,0.002549,0.997445,1.000000,0.000451,0.849799,0.187500,0.000339,1.000000,0.000000,0.000364,1.000000,0.000000,0.000247,1.000000,0.000000
"Ge (Nunley)",Nunley,RefractiveIndex.info,main,Nunley.yml,0.002509,0.992243,1.000000,0.000616,0.995154,1.000000,0.001015,0.983771,0.985714,0.000153,1.000000,0.000000,0.000191,1.000000,0.000000
"Ge2Sb2Te5 (Frantz-amorphous)",Frantz-amorphous,RefractiveIndex.info,main,Frantz-amorphous.yml,0.000791,0.980001,0.999349,0.000476,0.993840,1.000000,0.000677,0.998471,1.000000,0.000572,0.928212,1.000000,0.000226,1.000000,1.000000
"Ge2Sb2Te5 (Frantz-crystal)",Frantz-crystal,RefractiveIndex.info,main,Frantz-crystal.yml,0.001498,0.986964,0.999349,0.000631,0.944889,1.000000,0.001687,0.995099,1.000000,0.001583,0.924139,1.000000,0.000437,1.000000,1.000000
"GeO2 (Nunley)",Nunley,RefractiveIndex.info,main,Nunley.yml,0.002509,0.992243,1.000000,0.000616,0.995154,1.000000,0.001015,0.983771,0.985714,0.000153,1.000000,0.000000,0.000191,1.000000,0.000000
"H2O (Asfar)",Asfar,RefractiveIndex.info,main,Asfar.yml,0.000289,1.000000,0.000000,0.000483,1.000000,0.000000,0.000554,1.000000,0.000000,0.000512,1.000000,0.000000,0.000234,1.000000,0.000000
"H2O (Hale)",Hale,RefractiveIndex.info,main,Hale.yml,0.000052,1.000000,1.000000,0.000030,1.000000,1.000000,0.000236,0.977222,1.000000,0.002621,0.869287,1.000000,0.000765,0.994504,1.000000
"H2O (Rowe-240K)",Rowe-240K,RefractiveIndex.info,main,Rowe-240K.yml,0.000062,1.000000,0.263526,0.000078,1.000000,1.000000,0.000240,0.980555,1.000000,0.002950,0.913671,1.000000,0.001250,0.995193,1.000000
"H2O (Rowe-253K)",Rowe-253K,RefractiveIndex.info,main,Rowe-253K.yml,0.000062,1.000000,0.263526,0.000077,1.000000,1.000000,0.000238,0.980213,1.000000,0.002738,0.917971,1.000000,0.001148,0.995468,1.000000
"H2O (Rowe-263K)",Rowe-263K,RefractiveIndex.info,main,Rowe-263K.yml,0.000062,1.000000,0.263526,0.000077,1.000000,1.000000,0.000238,0.979918,1.000000,0.002682,0.916326,1.000000,0.001043,0.995670,1.000000
"H2O (Rowe-273K)",Rowe-273K,RefractiveIndex.info,main,Rowe-273K.yml,0.000061,1.000000,0.263526,0.000077,1.000000,1.000000,0.000234,0.979633,1.000000,0.002660,0.908755,1.000000,0.000942,0.995595,1.000000
"H2O (Segelstein)",Segelstein,RefractiveIndex.info,main,Segelstein.yml,0.000065,1.000000,1.000000,0.000072,1.000000,1.000000,0.000213,0.983272,1.000000,0.002583,0.867945,1.000000,0.000779,0.994530,1.000000
"H2O (Warren-1984)",Warren-1984,RefractiveIndex.info,main,Warren-1984.yml,0.000056,1.000000,1.000000,0.000066,1.000000,1.000000,0.000220,0.984459,1.000000,0.005104,0.891073,1.000000,0.001990,0.990484,1.000000
"H2O (Warren-2008)",Warren-2008,RefractiveIndex.info,main,Warren-2008.yml,0.000057,1.000000,1.000000,0.000066,1.000000,1.000000,0.000216,0.984624,1.000000,0.005124,0.888913,1.000000,0.002007,0.990267,1.000000
"Hf (Windt)",Windt,RefractiveIndex.info,main,Windt.yml,0.000183,1.000000,0.000000,0.000238,1.000000,0.000000,0.000201,1.000000,0.000000,0.000176,1.000000,0.000000,0.000209,1.000000,0.000000
"HfO2 (Bright)",Bright,RefractiveIndex.info,main,Bright.yml,0.000316,0.993964,0.919488,0.000397,1.000000,1.000000,0.000380,0.869872,1.000000,0.000624,0.983942,1.000000,0.012328,0.823056,1.000000
"HfO2 (Franta)",Franta,RefractiveIndex.info,main,Franta.yml,0.000186,0.983325,1.000000,0.000227,1.000000,1.000000,0.000212,1.000000,1.000000,0.000661,0.986373,1.000000,0.008689,0.995374,1.000000
"HfSe2 (Zotev-e)",Zotev-e,RefractiveIndex.info,main,Zotev-e.yml,0.000148,0.998926,0.976744,0.000149,1.000000,0.687500,0.000153,1.000000,0.000000,0.000133,1.000000,0.000000,0.000159,1.000000,0.000000
"HfSe2 (Zotev-o)",Zotev-o,RefractiveIndex.info,main,Zotev-o.yml,0.000313,0.963646,0.976744,0.000477,1.000000,0.687500,0.000575,1.000000,0.000000,0.000481,1.000000,0.000000,0.000260,1.000000,0.000000
"Hg (Inagaki)",Inagaki,RefractiveIndex.info,main,Inagaki.yml,0.000816,0.952144,1.000000,0.000594,1.000000,1.000000,0.000534,0.996651,1.000000,0.001588,0.989008,0.924802,0.000407,1.000000,0.000000
"Ho (Fernandez-Perea)",Fernandez-Perea,RefractiveIndex.info,main,Fernandez-Perea.yml,0.000578,1.000000,0.000000,0.000323,1.000000,0.000000,0.000282,1.000000,0.000000,0.000439,1.000000,0.000000,0.000337,1.000000,0.000000
"In (Golovashkin-295K)",Golovashkin-295K,RefractiveIndex.info,main,Golovashkin-295K.yml,0.000743,0.901659,0.534884,0.001164,0.941727,1.000000,0.000613,0.997584,1.000000,0.000583,0.974929,1.000000,0.000495,1.000000,0.411765
"In (Golovashkin-4.2K)",Golovashkin-4.2K,RefractiveIndex.info,main,Golovashkin-4.2K.yml,0.000705,0.979689,0.534884,0.001474,0.992588,1.000000,0.000965,0.993261,1.000000,0.001335,0.824020,1.000000,0.000867,1.000000,0.411765
"In (Mathewson-140K)",Mathewson-140K,RefractiveIndex.info,main,Mathewson-140K.yml,0.001245,0.842266,1.000000,0.002153,0.974135,1.000000,0.000874,0.996217,0.479429,0.000352,1.000000,0.000000,0.000154,1.000000,0.000000
"In (Mathewson-298K)",Mathewson-298K,RefractiveIndex.info,main,Mathewson-298K.yml,0.001021,0.973564,1.000000,0.001734,0.945010,1.000000,0.000640,0.998223,0.479429,0.000433,1.000000,0.000000,0.000162,1.000000,0.000000
"In2Se3 (Zotev)",Zotev,RefractiveIndex.info,main,Zotev.yml,0.001133,0.998790,0.976744,0.000400,0.995866,0.687500,0.000509,1.000000,0.000000,0.000356,1.000000,0.000000,0.000523,1.000000,0.000000
"InAs (Adachi)",Adachi,RefractiveIndex.info,main,Adachi.yml,0.005801,0.993036,1.000000,0.000402,0.996744,1.000000,0.000486,0.991049,1.000000,0.000480,0.869340,1.000000,0.000556,1.000000,0.693882
"InAs (Aspnes)",Aspnes,RefractiveIndex.info,main,Aspnes.yml,0.002129,0.998180,1.000000,0.000325,1.000000,0.145625,0.000348,1.000000,0.000000,0.000337,1.000000,0.000000,0.000236,1.000000,0.000000
"InP (Adachi)",Adachi,RefractiveIndex.info,main,Adachi.yml,0.005801,0.993036,1.000000,0.000402,0.996744,1.000000,0.000486,0.991049,1.000000,0.000480,0.869340,1.000000,0.000556,1.000000,0.693882
"InP (Aspnes)",Aspnes,RefractiveIndex.info,main,Aspnes.yml,0.002129,0.998180,1.000000,0.000325,1.000000,0.145625,0.000348,1.000000,0.000000,0.000337,1.000000,0.000000,0.000236,1.000000,0.000000
"InP (Panah)",Panah,RefractiveIndex.info,main,Panah.yml,0.000443,1.000000,0.000000,0.000335,1.000000,0.000000,0.000510,1.000000,0.000000,0.001485,0.846296,0.375000,0.004801,0.992889,1.000000
"InSb (Adachi)",Adachi,RefractiveIndex.info,main,Adachi.yml,0.005801,0.993036,1.000000,0.000402,0.996744,1.000000,0.000486,0.991049,1.000000,0.000480,0.869340,1.000000,0.000556,1.000000,0.693882
"InSb (Aspnes)",Aspnes,RefractiveIndex.info,main,Aspnes.yml,0.002129,0.998180,1.000000,0.000325,1.000000,0.145625,0.000348,1.000000,0.000000,0.000337,1.000000,0.000000,0.000236,1.000000,0.000000
"InSb (Djurisic)",Djurisic,RefractiveIndex.info,main,Djurisic.yml,0.001588,0.999293,1.000000,0.000393,0.995761,1.000000,0.000511,0.983484,1.000000,0.000755,1.000000,1.000000,0.000192,1.000000,0.693882
"Ir (Hass-300C)",Hass-300C,RefractiveIndex.info,main,Hass-300C.yml,0.001042,0.999833,0.456047,0.000749,1.000000,0.000000,0.000624,1.000000,0.000000,0.000722,1.000000,0.000000,0.000390,1.000000,0.000000
"Ir (Hass-40C)",Hass-40C,RefractiveIndex.info,main,Hass-40C.yml,0.000962,0.999844,0.456047,0.000852,1.000000,0.000000,0.000708,1.000000,0.000000,0.000571,1.000000,0.000000,0.000413,1.000000,0.000000
"Ir (Roberts)",Roberts,RefractiveIndex.info,main,Roberts.yml,0.000838,0.999209,0.930233,0.000710,1.000000,0.000000,0.000541,1.000000,0.000000,0.000677,1.000000,0.000000,0.000399,1.000000,0.000000
"Ir (Schmitt-ALD)",Schmitt-ALD,RefractiveIndex.info,main,Schmitt-ALD.yml,0.000971,0.998802,1.000000,0.000320,0.999664,1.000000,0.000856,0.999454,1.000000,0.000744,0.985048,1.000000,0.000567,0.842905,1.000000
"Ir (Schmitt-MS)",Schmitt-MS,RefractiveIndex.info,main,Schmitt-MS.yml,0.000594,0.999604,1.000000,0.000270,0.999669,1.000000,0.001346,0.997969,1.000000,0.001064,0.986057,1.000000,0.000285,0.991947,1.000000
"Ir (Windt)",Windt,RefractiveIndex.info,main,Windt.yml,0.000183,1.000000,0.000000,0.000238,1.000000,0.000000,0.000201,1.000000,0.000000,0.000176,1.000000,0.000000,0.000209,1.000000,0.000000
"K (Althoff)",Althoff,RefractiveIndex.info,main,Althoff.yml,0.000676,1.000000,0.000000,0.000591,1.000000,0.000000,0.000420,1.000000,0.000000,0.001708,-0.001894,1.000000,0.000994,1.000000,0.429412
"K (Ives)",Ives,RefractiveIndex.info,main,Ives.yml,0.006592,0.998983,0.530233,0.000642,1.000000,0.000000,0.000521,1.000000,0.000000,0.000783,1.000000,0.000000,0.000459,1.000000,0.000000
"K (Monin)",Monin,RefractiveIndex.info,main,Monin.yml,0.005643,0.999340,0.627907,0.000844,1.000000,0.000000,0.000671,1.000000,0.000000,0.000548,1.000000,0.000000,0.000413,1.000000,0.000000
"K (Smith)",Smith,RefractiveIndex.info,main,Smith.yml,0.003023,0.999775,1.000000,0.001387,0.997551,1.000000,0.000943,0.999318,0.943976,0.000263,1.000000,0.000000,0.000188,1.000000,0.000000
"K (Whang)",Whang,RefractiveIndex.info,main,Whang.yml,0.000134,1.000000,0.000000,0.000174,1.000000,0.000000,0.000147,1.000000,0.000000,0.000129,1.000000,0.000000,0.000153,1.000000,0.000000
"KCl (Querry)",Querry,RefractiveIndex.info,main,Querry.yml,0.000973,0.993564,1.000000,0.003471,0.990810,1.000000,0.000512,0.973670,1.000000,0.001070,0.000000,1.000000,0.000192,1.000000,0.705882
"LaAlO3 (Chernova)",Chernova,RefractiveIndex.info,main,Chernova.yml,0.000298,0.994976,1.000000,0.000445,1.000000,1.000000,0.000411,1.000000,0.411071,0.000345,1.000000,0.000000,0.000285,1.000000,0.000000
"LaF3 (Rodriguez-de Marcos)",Rodriguez-de Marcos,RefractiveIndex.info,main,Rodriguez-de Marcos.yml,0.000557,1.000000,0.000000,0.000316,1.000000,0.000000,0.000268,1.000000,0.000000,0.000420,1.000000,0.000000,0.000270,1.000000,0.000000
"Li (Callcott)",Callcott,RefractiveIndex.info,main,Callcott.yml,0.000663,1.000000,0.000000,0.000273,1.000000,0.000000,0.000344,1.000000,0.000000,0.000348,1.000000,0.000000,0.000240,1.000000,0.000000
"Li (Inagaki)",Inagaki,RefractiveIndex.info,main,Inagaki.yml,0.000816,0.952144,1.000000,0.000594,1.000000,1.000000,0.000534,0.996651,1.000000,0.001588,0.989008,0.924802,0.000407,1.000000,0.000000
"Li (Mathewson-140K)",Mathewson-140K,RefractiveIndex.info,main,Mathewson-140K.yml,0.001245,0.842266,1.000000,0.002153,0.974135,1.000000,0.000874,0.996217,0.479429,0.000352,1.000000,0.000000,0.000154,1.000000,0.000000
"Li (Mathewson-298K)",Mathewson-298K,RefractiveIndex.info,main,Mathewson-298K.yml,0.001021,0.973564,1.000000,0.001734,0.945010,1.000000,0.000640,0.998223,0.479429,0.000433,1.000000,0.000000,0.000162,1.000000,0.000000
"Li (Rasigni)",Rasigni,RefractiveIndex.info,main,Rasigni.yml,0.001230,0.999766,1.000000,0.000437,0.991013,1.000000,0.000973,0.990872,1.000000,0.001274,0.865968,1.000000,0.000489,0.833146,0.207765
"Lu (Garcia-Cortes)",Garcia-Cortes,RefractiveIndex.info,main,Garcia-Cortes.yml,0.001090,0.998105,1.000000,0.000326,0.999170,1.000000,0.001301,0.999515,1.000000,0.001377,0.984183,1.000000,0.000457,0.997822,1.000000
"Lu2O3 (Yao)",Yao,RefractiveIndex.info,main,Yao.yml,0.000241,0.995160,1.000000,0.000370,1.000000,1.000000,0.000341,1.000000,0.421429,0.000281,1.000000,0.000000,0.000333,1.000000,0.000000
"Mg (Hagemann)",Hagemann,RefractiveIndex.info,main,Hagemann.yml,0.002302,0.998020,1.000000,0.000624,0.979927,1.000000,0.000802,0.896066,1.000000,0.002095,0.000000,1.000000,0.000155,1.000000,1.000000
"Mg (Palm)",Palm,RefractiveIndex.info,main,Palm.yml,0.001122,0.973454,1.000000,0.001754,0.000000,1.000000,0.002604,0.980035,0.417520,0.000617,1.000000,0.000000,0.000494,1.000000,0.000000
"Mg (Vidal-Dasilva)",Vidal-Dasilva,RefractiveIndex.info,main,Vidal-Dasilva.yml,0.000005,1.000000,0.000000,0.000007,1.000000,0.000000,0.000006,1.000000,0.000000,0.000005,1.000000,0.000000,0.000006,1.000000,0.000000
"MgAl2O4 (Chernova)",Chernova,RefractiveIndex.info,main,Chernova.yml,0.000298,0.994976,1.000000,0.000445,1.000000,1.000000,0.000411,1.000000,0.411071,0.000345,1.000000,0.000000,0.000285,1.000000,0.000000
"MgF2 (Franta)",Franta,RefractiveIndex.info,main,Franta.yml,0.000186,0.983325,1.000000,0.000227,1.000000,1.000000,0.000212,1.000000,1.000000,0.000661,0.986373,1.000000,0.008689,0.995374,1.000000
"MgF2 (Rodriguez-de Marcos)",Rodriguez-de Marcos,RefractiveIndex.info,main,Rodriguez-de Marcos.yml,0.000557,1.000000,0.000000,0.000316,1.000000,0.000000,0.000268,1.000000,0.000000,0.000420,1.000000,0.000000,0.000270,1.000000,0.000000
"MgH2 (Palm)",Palm,RefractiveIndex.info,main,Palm.yml,0.001122,0.973454,1.000000,0.001754,0.000000,1.000000,0.002604,0.980035,0.417520,0.000617,1.000000,0.000000,0.000494,1.000000,0.000000
"MgO (Chernova)",Chernova,RefractiveIndex.info,main,Chernova.yml,0.000298,0.994976,1.000000,0.000445,1.000000,1.000000,0.000411,1.000000,0.411071,0.000345,1.000000,0.000000,0.000285,1.000000,0.000000
"MgO (Synowicki-IR)",Synowicki-IR,RefractiveIndex.info,main,Synowicki-IR.yml,0.000820,1.000000,0.000000,0.000240,1.000000,0.000000,0.004942,0.999295,0.000000,0.003770,0.723434,0.000000,0.002656,0.999952,0.000000
"MgO (Synowicki-UV)",Synowicki-UV,RefractiveIndex.info,main,Synowicki-UV.yml,0.000861,0.999345,1.000000,0.000189,0.993919,1.000000,0.000211,0.982657,1.000000,0.000293,1.000000,1.000000,0.000241,1.000000,1.000000
"Mn (Johnson)",Johnson,RefractiveIndex.info,main,Johnson.yml,0.001113,0.997657,1.000000,0.000521,1.000000,1.000000,0.000513,1.000000,0.597857,0.000234,1.000000,0.000000,0.000154,1.000000,0.000000
"Mn (Querry)",Querry,RefractiveIndex.info,main,Querry.yml,0.000973,0.993564,1.000000,0.003471,0.990810,1.000000,0.000512,0.973670,1.000000,0.001070,0.000000,1.000000,0.000192,1.000000,0.705882
"MnPSe3 (Zotev)",Zotev,RefractiveIndex.info,main,Zotev.yml,0.001133,0.998790,0.976744,0.000400,0.995866,0.687500,0.000509,1.000000,0.000000,0.000356,1.000000,0.000000,0.000523,1.000000,0.000000
"Mo (Kirillova)",Kirillova,RefractiveIndex.info,main,Kirillova.yml,0.002399,0.889624,1.000000,0.001839,0.998438,1.000000,0.002651,0.998080,1.000000,0.002181,0.923941,1.000000,0.001254,-0.281272,1.000000
"Mo (Ordal)",Ordal,RefractiveIndex.info,main,Ordal.yml,0.001390,0.969190,0.262791,0.002529,0.994118,1.000000,0.001260,0.933348,1.000000,0.001030,0.657797,1.000000,0.000400,1.000000,1.000000
"Mo (Querry)",Querry,RefractiveIndex.info,main,Querry.yml,0.000973,0.993564,1.000000,0.003471,0.990810,1.000000,0.000512,0.973670,1.000000,0.001070,0.000000,1.000000,0.000192,1.000000,0.705882
"Mo (Werner-DFT)",Werner-DFT,RefractiveIndex.info,main,Werner-DFT.yml,0.006959,0.999149,1.000000,0.000538,0.748848,1.000000,0.000397,1.000000,0.985489,0.000210,1.000000,0.000000,0.000176,1.000000,0.000000
"Mo (Werner)",Werner,RefractiveIndex.info,main,Werner.yml,0.001439,0.999873,1.000000,0.001390,0.867354,1.000000,0.000833,0.733583,0.985489,0.000225,1.000000,0.000000,0.000162,1.000000,0.000000
"Mo (Windt)",Windt,RefractiveIndex.info,main,Windt.yml,0.000183,1.000000,0.000000,0.000238,1.000000,0.000000,0.000201,1.000000,0.000000,0.000176,1.000000,0.000000,0.000209,1.000000,0.000000
"MoO3 (Lajaunie-alpha)",Lajaunie-alpha,RefractiveIndex.info,main,Lajaunie-alpha.yml,0.000898,0.996483,1.000000,0.000434,1.000000,1.000000,0.000501,1.000000,1.000000,0.000222,1.000000,1.000000,0.000282,1.000000,1.000000
"MoO3 (Lajaunie-beta)",Lajaunie-beta,RefractiveIndex.info,main,Lajaunie-beta.yml,0.000597,0.999595,1.000000,0.000368,0.960246,1.000000,0.000460,0.866419,1.000000,0.000291,1.000000,1.000000,0.000227,1.000000,1.000000
"MoO3 (Lajaunie-gamma)",Lajaunie-gamma,RefractiveIndex.info,main,Lajaunie-gamma.yml,0.001832,0.998512,1.000000,0.000165,0.996893,1.000000,0.000311,0.974359,1.000000,0.000197,1.000000,1.000000,0.000277,1.000000,1.000000
"MoO3 (Stelling)",Stelling,RefractiveIndex.info,main,Stelling.yml,0.000252,0.999335,1.000000,0.000056,1.000000,0.373281,0.000264,1.000000,0.000000,0.000230,1.000000,0.000000,0.000274,1.000000,0.000000
"MoO3 (Vos)",Vos,RefractiveIndex.info,main,Vos.yml,0.000361,0.999712,1.000000,0.000362,0.983561,0.685250,0.000571,1.000000,0.000000,0.000470,1.000000,0.000000,0.000263,1.000000,0.000000
"MoS2 (Beal)",Beal,RefractiveIndex.info,main,Beal.yml,0.004227,0.987186,1.000000,0.001463,0.986070,1.000000,0.000231,1.000000,0.097143,0.000207,1.000000,0.000000,0.000240,1.000000,0.000000
"MoS2 (Ermolaev-1L)",Ermolaev-1L,RefractiveIndex.info,main,Ermolaev-1L.yml,0.006197,0.990678,1.000000,0.000586,0.997164,1.000000,0.000576,0.990108,1.000000,0.000509,1.000000,0.200000,0.000297,1.000000,0.000000
"MoS2 (Ermolaev-o)",Ermolaev-o,RefractiveIndex.info,main,Ermolaev-o.yml,0.004646,0.988821,1.000000,0.000734,0.995400,1.000000,0.000624,0.990933,1.000000,0.000512,1.000000,0.200000,0.000185,1.000000,0.000000
"MoS2 (Hsu-1L)",Hsu-1L,RefractiveIndex.info,main,Hsu-1L.yml,0.008168,0.948950,0.890767,0.005771,0.816109,0.240531,0.000539,1.000000,0.000000,0.000440,1.000000,0.000000,0.000450,1.000000,0.000000
"MoS2 (Hsu-2L)",Hsu-2L,RefractiveIndex.info,main,Hsu-2L.yml,0.008415,0.915351,0.890767,0.003716,0.891449,0.240531,0.000534,1.000000,0.000000,0.000425,1.000000,0.000000,0.000482,1.000000,0.000000
"MoS2 (Hsu-3L)",Hsu-3L,RefractiveIndex.info,main,Hsu-3L.yml,0.007018,0.992168,0.890767,0.004766,0.651385,0.240531,0.000239,1.000000,0.000000,0.000272,1.000000,0.000000,0.000325,1.000000,0.000000
"MoS2 (Islam-1L)",Islam-1L,RefractiveIndex.info,main,Islam-1L.yml,0.009686,0.976748,1.000000,0.000493,0.997484,1.000000,0.000471,0.983200,0.428571,0.000336,1.000000,0.000000,0.000508,1.000000,0.000000
"MoS2 (Islam-fewL)",Islam-fewL,RefractiveIndex.info,main,Islam-fewL.yml,0.015527,0.963980,1.000000,0.001617,0.961762,1.000000,0.001246,0.987478,0.428571,0.000223,1.000000,0.000000,0.000427,1.000000,0.000000
"MoS2 (Islam-o)",Islam-o,RefractiveIndex.info,main,Islam-o.yml,0.001866,0.997217,1.000000,0.000649,0.993885,1.000000,0.000345,0.989329,0.428571,0.000377,1.000000,0.000000,0.000542,1.000000,0.000000
"MoS2 (Jung)",Jung,RefractiveIndex.info,main,Jung.yml,0.007282,0.982864,0.927209,0.001111,0.961290,0.354406,0.000237,1.000000,0.000000,0.000227,1.000000,0.000000,0.000267,1.000000,0.000000
"MoS2 (Munkhbat-o)",Munkhbat-o,RefractiveIndex.info,main,Munkhbat-o.yml,0.011082,0.944451,1.000000,0.000848,0.994467,1.000000,0.001103,0.929002,0.421429,0.000147,1.000000,0.000000,0.000186,1.000000,0.000000
"MoS2 (Song-10L)",Song-10L,RefractiveIndex.info,main,Song-10L.yml,0.001995,0.998025,1.000000,0.000503,0.997421,1.000000,0.000520,0.996592,0.421429,0.000421,1.000000,0.000000,0.000273,1.000000,0.000000
"MoS2 (Song-13L)",Song-13L,RefractiveIndex.info,main,Song-13L.yml,0.001458,0.999005,1.000000,0.000616,0.996206,1.000000,0.001014,0.976568,0.421429,0.000167,1.000000,0.000000,0.000182,1.000000,0.000000
"MoS2 (Song-1L)",Song-1L,RefractiveIndex.info,main,Song-1L.yml,0.007038,0.990804,1.000000,0.000620,0.996516,1.000000,0.000820,0.971069,0.421429,0.000310,1.000000,0.000000,0.000224,1.000000,0.000000
"MoS2 (Song-3L)",Song-3L,RefractiveIndex.info,main,Song-3L.yml,0.002862,0.996670,1.000000,0.000461,0.996124,1.000000,0.000406,0.995995,0.421429,0.000417,1.000000,0.000000,0.000250,1.000000,0.000000
"MoS2 (Song-4L)",Song-4L,RefractiveIndex.info,main,Song-4L.yml,0.002364,0.997904,1.000000,0.000480,0.996824,1.000000,0.000495,0.996363,0.421429,0.000416,1.000000,0.000000,0.000467,1.000000,0.000000
"MoS2 (Song-6L)",Song-6L,RefractiveIndex.info,main,Song-6L.yml,0.002075,0.998325,1.000000,0.000653,0.996184,1.000000,0.000379,0.990939,0.421429,0.000146,1.000000,0.000000,0.000185,1.000000,0.000000
"MoS2 (Song-8L)",Song-8L,RefractiveIndex.info,main,Song-8L.yml,0.001680,0.998834,1.000000,0.000625,0.996001,1.000000,0.001051,0.976427,0.421429,0.000128,1.000000,0.000000,0.000166,1.000000,0.000000
"MoS2 (Song-bulk)",Song-bulk,RefractiveIndex.info,main,Song-bulk.yml,0.004681,0.988826,1.000000,0.000743,0.996495,1.000000,0.000698,0.996042,0.421429,0.000240,1.000000,0.000000,0.000200,1.000000,0.000000
"MoS2 (Zhang)",Zhang,RefractiveIndex.info,main,Zhang.yml,0.010510,0.958040,0.813953,0.000285,1.000000,0.000000,0.000327,1.000000,0.000000,0.000430,1.000000,0.000000,0.000568,1.000000,0.000000
"MoS2 (Zotev-e)",Zotev-e,RefractiveIndex.info,main,Zotev-e.yml,0.000148,0.998926,0.976744,0.000149,1.000000,0.687500,0.000153,1.000000,0.000000,0.000133,1.000000,0.000000,0.000159,1.000000,0.000000
"MoS2 (Zotev-o)",Zotev-o,RefractiveIndex.info,main,Zotev-o.yml,0.000313,0.963646,0.976744,0.000477,1.000000,0.687500,0.000575,1.000000,0.000000,0.000481,1.000000,0.000000,0.000260,1.000000,0.000000
"MoSe2 (Beal)",Beal,RefractiveIndex.info,main,Beal.yml,0.004227,0.987186,1.000000,0.001463,0.986070,1.000000,0.000231,1.000000,0.097143,0.000207,1.000000,0.000000,0.000240,1.000000,0.000000
"MoSe2 (Hsu-1L)",Hsu-1L,RefractiveIndex.info,main,Hsu-1L.yml,0.008168,0.948950,0.890767,0.005771,0.816109,0.240531,0.000539,1.000000,0.000000,0.000440,1.000000,0.000000,0.000450,1.000000,0.000000
"MoSe2 (Hsu-2L)",Hsu-2L,RefractiveIndex.info,main,Hsu-2L.yml,0.008415,0.915351,0.890767,0.003716,0.891449,0.240531,0.000534,1.000000,0.000000,0.000425,1.000000,0.000000,0.000482,1.000000,0.000000
"MoSe2 (Hsu-3L)",Hsu-3L,RefractiveIndex.info,main,Hsu-3L.yml,0.007018,0.992168,0.890767,0.004766,0.651385,0.240531,0.000239,1.000000,0.000000,0.000272,1.000000,0.000000,0.000325,1.000000,0.000000
"MoSe2 (Munkhbat-o)",Munkhbat-o,RefractiveIndex.info,main,Munkhbat-o.yml,0.011082,0.944451,1.000000,0.000848,0.994467,1.000000,0.001103,0.929002,0.421429,0.000147,1.000000,0.000000,0.000186,1.000000,0.000000
"MoSe2 (Zotev-e)",Zotev-e,RefractiveIndex.info,main,Zotev-e.yml,0.000148,0.998926,0.976744,0.000149,1.000000,0.687500,0.000153,1.000000,0.000000,0.000133,1.000000,0.000000,0.000159,1.000000,0.000000
"MoSe2 (Zotev-o)",Zotev-o,RefractiveIndex.info,main,Zotev-o.yml,0.000313,0.963646,0.976744,0.000477,1.000000,0.687500,0.000575,1.000000,0.000000,0.000481,1.000000,0.000000,0.000260,1.000000,0.000000
"MoTe2 (Beal)",Beal,RefractiveIndex.info,main,Beal.yml,0.004227,0.987186,1.000000,0.001463,0.986070,1.000000,0.000231,1.000000,0.097143,0.000207,1.000000,0.000000,0.000240,1.000000,0.000000
"MoTe2 (Munkhbat-o)",Munkhbat-o,RefractiveIndex.info,main,Munkhbat-o.yml,0.011082,0.944451,1.000000,0.000848,0.994467,1.000000,0.001103,0.929002,0.421429,0.000147,1.000000,0.000000,0.000186,1.000000,0.000000
"Na (Althoff)",Althoff,RefractiveIndex.info,main,Althoff.yml,0.000676,1.000000,0.000000,0.000591,1.000000,0.000000,0.000420,1.000000,0.000000,0.001708,-0.001894,1.000000,0.000994,1.000000,0.429412
"Na (Inagaki-liquid)",Inagaki-liquid,RefractiveIndex.info,main,Inagaki-liquid.yml,0.000576,0.997321,1.000000,0.000556,1.000000,1.000000,0.000477,1.000000,0.642857,0.000219,1.000000,0.000000,0.000167,1.000000,0.000000
"Na (Inagaki)",Inagaki,RefractiveIndex.info,main,Inagaki.yml,0.000816,0.952144,1.000000,0.000594,1.000000,1.000000,0.000534,0.996651,1.000000,0.001588,0.989008,0.924802,0.000407,1.000000,0.000000
"Na (Ives)",Ives,RefractiveIndex.info,main,Ives.yml,0.006592,0.998983,0.530233,0.000642,1.000000,0.000000,0.000521,1.000000,0.000000,0.000783,1.000000,0.000000,0.000459,1.000000,0.000000
"Na (Monin)",Monin,RefractiveIndex.info,main,Monin.yml,0.005643,0.999340,0.627907,0.000844,1.000000,0.000000,0.000671,1.000000,0.000000,0.000548,1.000000,0.000000,0.000413,1.000000,0.000000
"Na (Smith)",Smith,RefractiveIndex.info,main,Smith.yml,0.003023,0.999775,1.000000,0.001387,0.997551,1.000000,0.000943,0.999318,0.943976,0.000263,1.000000,0.000000,0.000188,1.000000,0.000000
"Na (Yamaguchi)",Yamaguchi,RefractiveIndex.info,main,Yamaguchi.yml,0.002852,0.994578,0.581395,0.000658,1.000000,0.000000,0.000433,1.000000,0.000000,0.000317,1.000000,0.000000,0.000211,1.000000,0.000000
"NaCl (Querry)",Querry,RefractiveIndex.info,main,Querry.yml,0.000973,0.993564,1.000000,0.003471,0.990810,1.000000,0.000512,0.973670,1.000000,0.001070,0.000000,1.000000,0.000192,1.000000,0.705882
"Nb (Golovashkin-293K)",Golovashkin-293K,RefractiveIndex.info,main,Golovashkin-293K.yml,0.001797,0.993943,0.883721,0.002094,0.998752,1.000000,0.001318,0.997792,1.000000,0.001611,0.718874,1.000000,0.000877,1.000000,0.411765
"Nb (Golovashkin-4.2K)",Golovashkin-4.2K,RefractiveIndex.info,main,Golovashkin-4.2K.yml,0.000705,0.979689,0.534884,0.001474,0.992588,1.000000,0.000965,0.993261,1.000000,0.001335,0.824020,1.000000,0.000867,1.000000,0.411765
"Nb (Golovashkin-78K)",Golovashkin-78K,RefractiveIndex.info,main,Golovashkin-78K.yml,0.006687,0.965323,0.883721,0.001506,0.999561,1.000000,0.002234,0.992884,1.000000,0.002078,0.813051,1.000000,0.000537,0.882624,0.317647
"Nb (Weaver)",Weaver,RefractiveIndex.info,main,Weaver.yml,0.001084,0.997408,1.000000,0.003208,0.975578,0.256562,0.000565,1.000000,0.000000,0.000794,1.000000,0.000000,0.000465,1.000000,0.000000
"Nb (Windt)",Windt,RefractiveIndex.info,main,Windt.yml,0.000183,1.000000,0.000000,0.000238,1.000000,0.000000,0.000201,1.000000,0.000000,0.000176,1.000000,0.000000,0.000209,1.000000,0.000000
"Nb2O5 (Franta)",Franta,RefractiveIndex.info,main,Franta.yml,0.000186,0.983325,1.000000,0.000227,1.000000,1.000000,0.000212,1.000000,1.000000,0.000661,0.986373,1.000000,0.008689,0.995374,1.000000
"Nb2O5 (Horcholle-400)",Horcholle-400,RefractiveIndex.info,main,Horcholle-400.yml,0.000574,0.998455,1.000000,0.000399,1.000000,0.145500,0.000495,1.000000,0.000000,0.000396,1.000000,0.000000,0.000223,1.000000,0.000000
"Nb2O5 (Horcholle-800)",Horcholle-800,RefractiveIndex.info,main,Horcholle-800.yml,0.000424,0.999018,1.000000,0.000398,1.000000,0.145500,0.000455,1.000000,0.000000,0.000283,1.000000,0.000000,0.000247,1.000000,0.000000
"Nb2O5 (Lemarchand)",Lemarchand,RefractiveIndex.info,main,Lemarchand.yml,0.000542,0.998796,1.000000,0.000409,0.909938,1.000000,0.000346,1.000000,1.000000,0.000486,1.000000,0.000000,0.000225,1.000000,0.000000
"NbSe2 (Munkhbat-e)",Munkhbat-e,RefractiveIndex.info,main,Munkhbat-e.yml,0.000519,0.999125,1.000000,0.001096,0.992767,1.000000,0.003812,0.999564,0.421429,0.000284,1.000000,0.000000,0.000461,1.000000,0.000000
"NbSe2 (Munkhbat-o)",Munkhbat-o,RefractiveIndex.info,main,Munkhbat-o.yml,0.011082,0.944451,1.000000,0.000848,0.994467,1.000000,0.001103,0.929002,0.421429,0.000147,1.000000,0.000000,0.000186,1.000000,0.000000
"Ni (Johnson)",Johnson,RefractiveIndex.info,main,Johnson.yml,0.001113,0.997657,1.000000,0.000521,1.000000,1.000000,0.000513,1.000000,0.597857,0.000234,1.000000,0.000000,0.000154,1.000000,0.000000
"Ni (Ordal)",Ordal,RefractiveIndex.info,main,Ordal.yml,0.001390,0.969190,0.262791,0.002529,0.994118,1.000000,0.001260,0.933348,1.000000,0.001030,0.657797,1.000000,0.000400,1.000000,1.000000
"Ni (Rakic-BB)",Rakic-BB,RefractiveIndex.info,main,Rakic-BB.yml,0.002234,0.997810,1.000000,0.000497,0.963454,1.000000,0.000395,0.952133,1.000000,0.000232,1.000000,1.000000,0.000159,1.000000,0.693882
"Ni (Rakic-LD)",Rakic-LD,RefractiveIndex.info,main,Rakic-LD.yml,0.003354,0.997350,1.000000,0.000501,0.951183,1.000000,0.000448,0.923839,1.000000,0.000238,1.000000,1.000000,0.000159,1.000000,0.693882
"Ni (Werner-DFT)",Werner-DFT,RefractiveIndex.info,main,Werner-DFT.yml,0.006959,0.999149,1.000000,0.000538,0.748848,1.000000,0.000397,1.000000,0.985489,0.000210,1.000000,0.000000,0.000176,1.000000,0.000000
"Ni (Werner)",Werner,RefractiveIndex.info,main,Werner.yml,0.001439,0.999873,1.000000,0.001390,0.867354,1.000000,0.000833,0.733583,0.985489,0.000225,1.000000,0.000000,0.000162,1.000000,0.000000
"NiPS3 (Zotev)",Zotev,RefractiveIndex.info,main,Zotev.yml,0.001133,0.998790,0.976744,0.000400,0.995866,0.687500,0.000509,1.000000,0.000000,0.000356,1.000000,0.000000,0.000523,1.000000,0.000000
"Os (Nemoshkalenko-e)",Nemoshkalenko-e,RefractiveIndex.info,main,Nemoshkalenko-e.yml,0.003288,0.996998,1.000000,0.001510,0.994540,1.000000,0.003060,0.997923,1.000000,0.001759,0.509276,1.000000,0.000562,0.768194,0.176471
"Os (Nemoshkalenko-o)",Nemoshkalenko-o,RefractiveIndex.info,main,Nemoshkalenko-o.yml,0.001255,0.999801,1.000000,0.002703,0.999491,1.000000,0.003173,0.995566,1.000000,0.001689,0.919214,1.000000,0.000630,0.939886,1.000000
"Os (Windt)",Windt,RefractiveIndex.info,main,Windt.yml,0.000183,1.000000,0.000000,0.000238,1.000000,0.000000,0.000201,1.000000,0.000000,0.000176,1.000000,0.000000,0.000209,1.000000,0.000000
"Pb (Golovashkin-293K)",Golovashkin-293K,RefractiveIndex.info,main,Golovashkin-293K.yml,0.001797,0.993943,0.883721,0.002094,0.998752,1.000000,0.001318,0.997792,1.000000,0.001611,0.718874,1.000000,0.000877,1.000000,0.411765
"Pb (Golovashkin-4.2K)",Golovashkin-4.2K,RefractiveIndex.info,main,Golovashkin-4.2K.yml,0.000705,0.979689,0.534884,0.001474,0.992588,1.000000,0.000965,0.993261,1.000000,0.001335,0.824020,1.000000,0.000867,1.000000,0.411765
"Pb (Golovashkin-78K)",Golovashkin-78K,RefractiveIndex.info,main,Golovashkin-78K.yml,0.006687,0.965323,0.883721,0.001506,0.999561,1.000000,0.002234,0.992884,1.000000,0.002078,0.813051,1.000000,0.000537,0.882624,0.317647
"Pb (Mathewson-140K)",Mathewson-140K,RefractiveIndex.info,main,Mathewson-140K.yml,0.001245,0.842266,1.000000,0.002153,0.974135,1.000000,0.000874,0.996217,0.479429,0.000352,1.000000,0.000000,0.000154,1.000000,0.000000
"Pb (Mathewson-298K)",Mathewson-298K,RefractiveIndex.info,main,Mathewson-298K.yml,0.001021,0.973564,1.000000,0.001734,0.945010,1.000000,0.000640,0.998223,0.479429,0.000433,1.000000,0.000000,0.000162,1.000000,0.000000
"Pb (Ordal)",Ordal,RefractiveIndex.info,main,Ordal.yml,0.001390,0.969190,0.262791,0.002529,0.994118,1.000000,0.001260,0.933348,1.000000,0.001030,0.657797,1.000000,0.000400,1.000000,1.000000
"Pb (Werner-DFT)",Werner-DFT,RefractiveIndex.info,main,Werner-DFT.yml,0.006959,0.999149,1.000000,0.000538,0.748848,1.000000,0.000397,1.000000,0.985489,0.000210,1.000000,0.000000,0.000176,1.000000,0.000000
"Pb (Werner)",Werner,RefractiveIndex.info,main,Werner.yml,0.001439,0.999873,1.000000,0.001390,0.867354,1.000000,0.000833,0.733583,0.985489,0.000225,1.000000,0.000000,0.000162,1.000000,0.000000
"PbI2 (Frisenda)",Frisenda,RefractiveIndex.info,main,Frisenda.yml,0.005208,0.990669,0.829165,0.000375,1.000000,0.042304,0.000485,1.000000,0.000000,0.000232,1.000000,0.000000,0.000439,1.000000,0.000000
"PbSe (Suzuki)",Suzuki,RefractiveIndex.info,main,Suzuki.yml,0.001324,0.999566,1.000000,0.001024,0.992581,0.931562,0.000498,1.000000,0.000000,0.000443,1.000000,0.000000,0.000442,1.000000,0.000000
"Pd (Johnson)",Johnson,RefractiveIndex.info,main,Johnson.yml,0.001113,0.997657,1.000000,0.000521,1.000000,1.000000,0.000513,1.000000,0.597857,0.000234,1.000000,0.000000,0.000154,1.000000,0.000000
"Pd (Palm)",Palm,RefractiveIndex.info,main,Palm.yml,0.001122,0.973454,1.000000,0.001754,0.000000,1.000000,0.002604,0.980035,0.417520,0.000617,1.000000,0.000000,0.000494,1.000000,0.000000
"Pd (Rakic-BB)",Rakic-BB,RefractiveIndex.info,main,Rakic-BB.yml,0.002234,0.997810,1.000000,0.000497,0.963454,1.000000,0.000395,0.952133,1.000000,0.000232,1.000000,1.000000,0.000159,1.000000,0.693882
"Pd (Rakic-LD)",Rakic-LD,RefractiveIndex.info,main,Rakic-LD.yml,0.003354,0.997350,1.000000,0.000501,0.951183,1.000000,0.000448,0.923839,1.000000,0.000238,1.000000,1.000000,0.000159,1.000000,0.693882
"Pd (Werner-DFT)",Werner-DFT,RefractiveIndex.info,main,Werner-DFT.yml,0.006959,0.999149,1.000000,0.000538,0.748848,1.000000,0.000397,1.000000,0.985489,0.000210,1.000000,0.000000,0.000176,1.000000,0.000000
"Pd (Werner)",Werner,RefractiveIndex.info,main,Werner.yml,0.001439,0.999873,1.000000,0.001390,0.867354,1.000000,0.000833,0.733583,0.985489,0.000225,1.000000,0.000000,0.000162,1.000000,0.000000
"Pd (Windt)",Windt,RefractiveIndex.info,main,Windt.yml,0.000183,1.000000,0.000000,0.000238,1.000000,0.000000,0.000201,1.000000,0.000000,0.000176,1.000000,0.000000,0.000209,1.000000,0.000000
"PdSe2 (Ermolaev)",Ermolaev,RefractiveIndex.info,main,Ermolaev.yml,0.000477,0.999859,1.000000,0.000789,0.995793,1.000000,0.001044,0.988540,1.000000,0.000650,0.703939,0.200000,0.000439,1.000000,0.000000
"Pr (Fernandez-Perea)",Fernandez-Perea,RefractiveIndex.info,main,Fernandez-Perea.yml,0.000578,1.000000,0.000000,0.000323,1.000000,0.000000,0.000282,1.000000,0.000000,0.000439,1.000000,0.000000,0.000337,1.000000,0.000000
"Pt (Rakic-BB)",Rakic-BB,RefractiveIndex.info,main,Rakic-BB.yml,0.002234,0.997810,1.000000,0.000497,0.963454,1.000000,0.000395,0.952133,1.000000,0.000232,1.000000,1.000000,0.000159,1.000000,0.693882
"Pt (Rakic-LD)",Rakic-LD,RefractiveIndex.info,main,Rakic-LD.yml,0.003354,0.997350,1.000000,0.000501,0.951183,1.000000,0.000448,0.923839,1.000000,0.000238,1.000000,1.000000,0.000159,1.000000,0.693882
"Pt (Tselin)",Tselin,RefractiveIndex.info,main,Tselin.yml,0.000550,0.999863,1.000000,0.000659,0.993984,1.000000,0.002177,0.994777,1.000000,0.002118,0.967823,0.250000,0.000193,1.000000,0.000000
"Pt (Werner-DFT)",Werner-DFT,RefractiveIndex.info,main,Werner-DFT.yml,0.006959,0.999149,1.000000,0.000538,0.748848,1.000000,0.000397,1.000000,0.985489,0.000210,1.000000,0.000000,0.000176,1.000000,0.000000
"Pt (Werner)",Werner,RefractiveIndex.info,main,Werner.yml,0.001439,0.999873,1.000000,0.001390,0.867354,1.000000,0.000833,0.733583,0.985489,0.000225,1.000000,0.000000,0.000162,1.000000,0.000000
"Pt (Windt)",Windt,RefractiveIndex.info,main,Windt.yml,0.000183,1.000000,0.000000,0.000238,1.000000,0.000000,0.000201,1.000000,0.000000,0.000176,1.000000,0.000000,0.000209,1.000000,0.000000
"PtS2 (Ermolaev)",Ermolaev,RefractiveIndex.info,main,Ermolaev.yml,0.000477,0.999859,1.000000,0.000789,0.995793,1.000000,0.001044,0.988540,1.000000,0.000650,0.703939,0.200000,0.000439,1.000000,0.000000
"PtSe2 (Ermolaev)",Ermolaev,RefractiveIndex.info,main,Ermolaev.yml,0.000477,0.999859,1.000000,0.000789,0.995793,1.000000,0.001044,0.988540,1.000000,0.000650,0.703939,0.200000,0.000439,1.000000,0.000000
"PtSe2 (Tharrault-10L)",Tharrault-10L,RefractiveIndex.info,main,Tharrault-10L.yml,0.001351,0.998648,0.846395,0.001909,0.983849,1.000000,0.000814,0.994849,0.321700,0.000395,1.000000,0.000000,0.000505,1.000000,0.000000
"PtSe2 (Tharrault-12L)",Tharrault-12L,RefractiveIndex.info,main,Tharrault-12L.yml,0.001893,0.997604,0.847023,0.002411,0.971280,1.000000,0.001039,0.993325,0.318800,0.000404,1.000000,0.000000,0.000504,1.000000,0.000000
"PtSe2 (Tharrault-1L)",Tharrault-1L,RefractiveIndex.info,main,Tharrault-1L.yml,0.001718,0.993731,0.846395,0.007950,0.946466,0.497719,0.000537,1.000000,0.000000,0.000441,1.000000,0.000000,0.000447,1.000000,0.000000
"PtSe2 (Tharrault-2L)",Tharrault-2L,RefractiveIndex.info,main,Tharrault-2L.yml,0.000948,0.999266,0.846395,0.013682,0.949581,1.000000,0.013514,0.746677,0.321700,0.000196,1.000000,0.000000,0.000226,1.000000,0.000000
"PtSe2 (Tharrault-3L)",Tharrault-3L,RefractiveIndex.info,main,Tharrault-3L.yml,0.001283,0.998912,0.848000,0.002015,0.981099,1.000000,0.001781,0.963613,0.314279,0.000423,1.000000,0.000000,0.000482,1.000000,0.000000
"PtSe2 (Tharrault-4L)",Tharrault-4L,RefractiveIndex.info,main,Tharrault-4L.yml,0.001431,0.998550,0.846395,0.001297,0.993952,1.000000,0.001745,0.826009,0.321700,0.000339,1.000000,0.000000,0.000470,1.000000,0.000000
"PtSe2 (Tharrault-5L)",Tharrault-5L,RefractiveIndex.info,main,Tharrault-5L.yml,0.001432,0.998656,0.846395,0.001025,0.997131,1.000000,0.001053,0.960301,0.321700,0.000397,1.000000,0.000000,0.000505,1.000000,0.000000
"PtSe2 (Tharrault-6L)",Tharrault-6L,RefractiveIndex.info,main,Tharrault-6L.yml,0.001440,0.998715,0.848000,0.002221,0.983423,1.000000,0.001572,0.981100,0.314279,0.000428,1.000000,0.000000,0.000475,1.000000,0.000000
"PtSe2 (Tharrault-7L)",Tharrault-7L,RefractiveIndex.info,main,Tharrault-7L.yml,0.002034,0.997026,0.846395,0.001622,0.988084,1.000000,0.000801,0.990820,0.321700,0.000379,1.000000,0.000000,0.000500,1.000000,0.000000
"PtSe2 (Tharrault-8L)",Tharrault-8L,RefractiveIndex.info,main,Tharrault-8L.yml,0.000988,0.999170,0.848000,0.002295,0.971948,1.000000,0.000730,0.988927,0.314279,0.000355,1.000000,0.000000,0.000480,1.000000,0.000000
"Rb (Ives)",Ives,RefractiveIndex.info,main,Ives.yml,0.006592,0.998983,0.530233,0.000642,1.000000,0.000000,0.000521,1.000000,0.000000,0.000783,1.000000,0.000000,0.000459,1.000000,0.000000
"Rb (Monin)",Monin,RefractiveIndex.info,main,Monin.yml,0.005643,0.999340,0.627907,0.000844,1.000000,0.000000,0.000671,1.000000,0.000000,0.000548,1.000000,0.000000,0.000413,1.000000,0.000000
"Rb (Smith)",Smith,RefractiveIndex.info,main,Smith.yml,0.003023,0.999775,1.000000,0.001387,0.997551,1.000000,0.000943,0.999318,0.943976,0.000263,1.000000,0.000000,0.000188,1.000000,0.000000
"Rb (Whang)",Whang,RefractiveIndex.info,main,Whang.yml,0.000134,1.000000,0.000000,0.000174,1.000000,0.000000,0.000147,1.000000,0.000000,0.000129,1.000000,0.000000,0.000153,1.000000,0.000000
"Rb (Yamaguchi)",Yamaguchi,RefractiveIndex.info,main,Yamaguchi.yml,0.002852,0.994578,0.581395,0.000658,1.000000,0.000000,0.000433,1.000000,0.000000,0.000317,1.000000,0.000000,0.000211,1.000000,0.000000
"Re (Windt)",Windt,RefractiveIndex.info,main,Windt.yml,0.000183,1.000000,0.000000,0.000238,1.000000,0.000000,0.000201,1.000000,0.000000,0.000176,1.000000,0.000000,0.000209,1.000000,0.000000
"ReS2 (Munkhbat-alpha)",Munkhbat-alpha,RefractiveIndex.info,main,Munkhbat-alpha.yml,0.001476,0.963338,1.000000,0.005709,0.903444,1.000000,0.000668,0.982104,0.421429,0.000128,1.000000,0.000000,0.000173,1.000000,0.000000
"ReS2 (Munkhbat-beta)",Munkhbat-beta,RefractiveIndex.info,main,Munkhbat-beta.yml,0.001550,0.995704,1.000000,0.003222,0.957026,1.000000,0.000856,0.949551,0.421429,0.000304,1.000000,0.000000,0.000222,1.000000,0.000000
"Rh (Arndt)",Arndt,RefractiveIndex.info,main,Arndt.yml,0.000446,0.999742,0.813953,0.000541,1.000000,0.000000,0.000541,1.000000,0.000000,0.000725,1.000000,0.000000,0.000480,1.000000,0.000000
"Rh (Coulter-300)",Coulter-300,RefractiveIndex.info,main,Coulter-300.yml,0.001021,0.995749,0.482093,0.000569,1.000000,0.000000,0.000301,1.000000,0.000000,0.000540,1.000000,0.000000,0.000361,1.000000,0.000000
"Rh (Coulter-40)",Coulter-40,RefractiveIndex.info,main,Coulter-40.yml,0.000658,0.999080,0.482093,0.000694,1.000000,0.000000,0.000512,1.000000,0.000000,0.000648,1.000000,0.000000,0.000386,1.000000,0.000000
"Rh (Weaver)",Weaver,RefractiveIndex.info,main,Weaver.yml,0.001084,0.997408,1.000000,0.003208,0.975578,0.256562,0.000565,1.000000,0.000000,0.000794,1.000000,0.000000,0.000465,1.000000,0.000000
"Rh (Windt)",Windt,RefractiveIndex.info,main,Windt.yml,0.000183,1.000000,0.000000,0.000238,1.000000,0.000000,0.000201,1.000000,0.000000,0.000176,1.000000,0.000000,0.000209,1.000000,0.000000
"Ru (Windt)",Windt,RefractiveIndex.info,main,Windt.yml,0.000183,1.000000,0.000000,0.000238,1.000000,0.000000,0.000201,1.000000,0.000000,0.000176,1.000000,0.000000,0.000209,1.000000,0.000000
"Sc (Larruquert)",Larruquert,RefractiveIndex.info,main,Larruquert.yml,0.000677,1.000000,0.000000,0.000714,1.000000,0.000000,0.000438,1.000000,0.000000,0.000378,1.000000,0.000000,0.000163,1.000000,0.000000
"Sc2O3 (Belosludtsev)",Belosludtsev,RefractiveIndex.info,main,Belosludtsev.yml,0.000256,0.995728,1.000000,0.000408,1.000000,1.000000,0.000447,1.000000,0.071429,0.000313,1.000000,0.000000,0.000305,1.000000,0.000000
"ScAlMgO4 (Stefaniuk-e)",Stefaniuk-e,RefractiveIndex.info,main,Stefaniuk-e.yml,0.000222,0.992688,1.000000,0.000285,1.000000,1.000000,0.000259,1.000000,0.421429,0.000217,1.000000,0.000000,0.000258,1.000000,0.000000
"ScAlMgO4 (Stefaniuk-o)",Stefaniuk-o,RefractiveIndex.info,main,Stefaniuk-o.yml,0.000227,0.994125,1.000000,0.000321,1.000000,1.000000,0.000292,1.000000,0.421429,0.000245,1.000000,0.000000,0.000291,1.000000,0.000000
"Se (Ciesielski)",Ciesielski,RefractiveIndex.info,main,Ciesielski.yml,0.001329,0.999697,1.000000,0.000517,1.000000,1.000000,0.001149,0.000000,1.000000,0.000229,1.000000,1.000000,0.000158,1.000000,1.000000
"Si (Aspnes)",Aspnes,RefractiveIndex.info,main,Aspnes.yml,0.002129,0.998180,1.000000,0.000325,1.000000,0.145625,0.000348,1.000000,0.000000,0.000337,1.000000,0.000000,0.000236,1.000000,0.000000
"Si (Franta-100K)",Franta-100K,RefractiveIndex.info,main,Franta-100K.yml,0.002849,0.998391,1.000000,0.000350,0.993380,1.000000,0.000516,0.968556,1.000000,0.000413,1.000000,1.000000,0.000261,1.000000,1.000000
"Si (Franta-10K)",Franta-10K,RefractiveIndex.info,main,Franta-10K.yml,0.003219,0.997959,1.000000,0.000351,0.993346,1.000000,0.000515,0.968634,1.000000,0.000412,1.000000,1.000000,0.000257,1.000000,1.000000
"Si (Franta-150K)",Franta-150K,RefractiveIndex.info,main,Franta-150K.yml,0.002429,0.998845,1.000000,0.000350,0.993489,1.000000,0.000517,0.968775,1.000000,0.000414,1.000000,1.000000,0.000266,1.000000,1.000000
"Si (Franta-200K)",Franta-200K,RefractiveIndex.info,main,Franta-200K.yml,0.002966,0.998268,1.000000,0.000348,0.993653,1.000000,0.000520,0.968992,1.000000,0.000416,1.000000,1.000000,0.000273,1.000000,1.000000
"Si (Franta-20C)",Franta-20C,RefractiveIndex.info,main,Franta-20C.yml,0.002559,0.998665,1.000000,0.000346,0.994015,1.000000,0.000526,0.969783,1.000000,0.000419,1.000000,1.000000,0.000287,1.000000,1.000000
"Si (Franta-250K)",Franta-250K,RefractiveIndex.info,main,Franta-250K.yml,0.003709,0.997269,1.000000,0.000347,0.993839,1.000000,0.000523,0.969345,1.000000,0.000418,1.000000,1.000000,0.000280,1.000000,1.000000
"Si (Franta-25C)",Franta-25C,RefractiveIndex.info,main,Franta-25C.yml,0.002530,0.998699,1.000000,0.000346,0.994038,1.000000,0.000526,0.969852,1.000000,0.000420,1.000000,1.000000,0.000288,1.000000,1.000000
"Si (Franta-300K)",Franta-300K,RefractiveIndex.info,main,Franta-300K.yml,0.002523,0.998706,1.000000,0.000346,0.994046,1.000000,0.000526,0.969877,1.000000,0.000420,1.000000,1.000000,0.000288,1.000000,1.000000
"Si (Franta-350K)",Franta-350K,RefractiveIndex.info,main,Franta-350K.yml,0.002341,0.998886,1.000000,0.000344,0.994201,1.000000,0.000529,0.970255,1.000000,0.000422,1.000000,1.000000,0.000298,1.000000,1.000000
"Si (Franta-400K)",Franta-400K,RefractiveIndex.info,main,Franta-400K.yml,0.002058,0.999136,1.000000,0.000342,0.994351,1.000000,0.000532,0.970545,1.000000,0.000425,1.000000,1.000000,0.000307,1.000000,1.000000
"Si (Franta-450K)",Franta-450K,RefractiveIndex.info,main,Franta-450K.yml,0.001705,0.999396,1.000000,0.000340,0.994533,1.000000,0.000536,0.971023,1.000000,0.000427,1.000000,1.000000,0.000317,1.000000,1.000000
"Si (Franta-500K)",Franta-500K,RefractiveIndex.info,main,Franta-500K.yml,0.001793,0.999327,1.000000,0.000339,0.994731,1.000000,0.000539,0.971729,1.000000,0.000430,1.000000,1.000000,0.000326,1.000000,1.000000
"Si (Franta-50K)",Franta-50K,RefractiveIndex.info,main,Franta-50K.yml,0.003011,0.998181,1.000000,0.000351,0.993341,1.000000,0.000515,0.968552,1.000000,0.000413,1.000000,1.000000,0.000258,1.000000,1.000000
"Si (Franta)",Franta,RefractiveIndex.info,main,Franta.yml,0.000186,0.983325,1.000000,0.000227,1.000000,1.000000,0.000212,1.000000,1.000000,0.000661,0.986373,1.000000,0.008689,0.995374,1.000000
"Si (Green-2008)",Green-2008,RefractiveIndex.info,main,Green-2008.yml,0.002243,0.998989,1.000000,0.000170,0.998594,1.000000,0.000456,0.902818,0.250000,0.000448,1.000000,0.000000,0.000342,1.000000,0.000000
"Si (Jellison)",Jellison,RefractiveIndex.info,main,Jellison.yml,0.002549,0.997445,1.000000,0.000451,0.849799,0.187500,0.000339,1.000000,0.000000,0.000364,1.000000,0.000000,0.000247,1.000000,0.000000
"Si (Pierce)",Pierce,RefractiveIndex.info,main,Pierce.yml,0.000559,0.999839,1.000000,0.000510,0.997835,1.000000,0.000973,0.949630,0.690000,0.000431,1.000000,0.000000,0.000314,1.000000,0.000000
"Si (Schinke)",Schinke,RefractiveIndex.info,main,Schinke.yml,0.002107,0.999095,1.000000,0.000842,0.958689,1.000000,0.000460,0.901135,0.250000,0.000448,1.000000,0.000000,0.000341,1.000000,0.000000
"Si (Shkondin)",Shkondin,RefractiveIndex.info,main,Shkondin.yml,0.000581,1.000000,0.000000,0.000324,1.000000,0.000000,0.000283,1.000000,0.357143,0.000441,1.000000,1.000000,0.000340,1.000000,1.000000
"Si (Sik-250C)",Sik-250C,RefractiveIndex.info,main,Sik-250C.yml,0.001400,0.999536,0.627674,0.000242,1.000000,0.000000,0.000329,1.000000,0.000000,0.000135,1.000000,0.000000,0.000179,1.000000,0.000000
"Si (Sik-25C)",Sik-25C,RefractiveIndex.info,main,Sik-25C.yml,0.002339,0.998764,0.627674,0.000248,1.000000,0.000000,0.000350,1.000000,0.000000,0.000126,1.000000,0.000000,0.000168,1.000000,0.000000
"Si (Sik-500C)",Sik-500C,RefractiveIndex.info,main,Sik-500C.yml,0.000856,0.999808,0.627674,0.000240,1.000000,0.000000,0.000304,1.000000,0.000000,0.000167,1.000000,0.000000,0.000201,1.000000,0.000000
"Si (Sik-700C)",Sik-700C,RefractiveIndex.info,main,Sik-700C.yml,0.001133,0.999631,0.627674,0.000239,1.000000,0.000000,0.000268,1.000000,0.000000,0.000196,1.000000,0.000000,0.000227,1.000000,0.000000
"Si (Sik-850C)",Sik-850C,RefractiveIndex.info,main,Sik-850C.yml,0.000942,0.999715,0.627674,0.000239,1.000000,0.000000,0.000238,1.000000,0.000000,0.000226,1.000000,0.000000,0.000266,1.000000,0.000000
"Si (Vuye-100C)",Vuye-100C,RefractiveIndex.info,main,Vuye-100C.yml,0.002171,0.999063,1.000000,0.000333,1.000000,0.145625,0.000359,1.000000,0.000000,0.000300,1.000000,0.000000,0.000220,1.000000,0.000000
"Si (Vuye-150C)",Vuye-150C,RefractiveIndex.info,main,Vuye-150C.yml,0.001815,0.999338,1.000000,0.000342,1.000000,0.145625,0.000364,1.000000,0.000000,0.000282,1.000000,0.000000,0.000213,1.000000,0.000000
"Si (Vuye-200C)",Vuye-200C,RefractiveIndex.info,main,Vuye-200C.yml,0.001742,0.999381,1.000000,0.000361,1.000000,0.145625,0.000368,1.000000,0.000000,0.000267,1.000000,0.000000,0.000208,1.000000,0.000000
"Si (Vuye-20C)",Vuye-20C,RefractiveIndex.info,main,Vuye-20C.yml,0.002731,0.998536,1.000000,0.000331,1.000000,0.145625,0.000352,1.000000,0.000000,0.000323,1.000000,0.000000,0.000230,1.000000,0.000000
"Si (Vuye-250C)",Vuye-250C,RefractiveIndex.info,main,Vuye-250C.yml,0.001775,0.999354,1.000000,0.000361,1.000000,0.145625,0.000371,1.000000,0.000000,0.000254,1.000000,0.000000,0.000204,1.000000,0.000000
"Si (Vuye-300C)",Vuye-300C,RefractiveIndex.info,main,Vuye-300C.yml,0.001810,0.999320,1.000000,0.000367,1.000000,0.145625,0.000375,1.000000,0.000000,0.000239,1.000000,0.000000,0.000200,1.000000,0.000000
"Si (Vuye-350C)",Vuye-350C,RefractiveIndex.info,main,Vuye-350C.yml,0.001781,0.999334,1.000000,0.000372,1.000000,0.145625,0.000379,1.000000,0.000000,0.000222,1.000000,0.000000,0.000195,1.000000,0.000000
"Si (Vuye-400C)",Vuye-400C,RefractiveIndex.info,main,Vuye-400C.yml,0.001281,0.999652,1.000000,0.000361,1.000000,0.145625,0.000383,1.000000,0.000000,0.000208,1.000000,0.000000,0.000192,1.000000,0.000000
"Si (Vuye-450C)",Vuye-450C,RefractiveIndex.info,main,Vuye-450C.yml,0.001156,0.999713,1.000000,0.000362,1.000000,0.145625,0.000385,1.000000,0.000000,0.000192,1.000000,0.000000,0.000188,1.000000,0.000000
"Si3N4 (Beliaev)",Beliaev,RefractiveIndex.info,main,Beliaev.yml,0.000269,0.995683,1.000000,0.000419,1.000000,1.000000,0.000382,1.000000,0.420114,0.000321,1.000000,0.000000,0.000300,1.000000,0.000000
"Si3N4 (Kischkat)",Kischkat,RefractiveIndex.info,main,Kischkat.yml,0.000172,1.000000,0.000000,0.000223,1.000000,0.000000,0.000195,1.000000,0.686136,0.000710,0.987961,1.000000,0.012303,0.986996,0.915966
"Si3N4 (Vogt-1)",Vogt-1,RefractiveIndex.info,main,Vogt-1.yml,0.000232,0.997068,1.000000,0.000078,1.000000,1.000000,0.000328,1.000000,0.428571,0.000271,1.000000,0.000000,0.000322,1.000000,0.000000
"Si3N4 (Vogt-2)",Vogt-2,RefractiveIndex.info,main,Vogt-2.yml,0.000299,0.998009,1.000000,0.000441,1.000000,1.000000,0.000263,1.000000,0.428571,0.000346,1.000000,0.000000,0.000284,1.000000,0.000000
"Si3N4 (Vogt-3)",Vogt-3,RefractiveIndex.info,main,Vogt-3.yml,0.000330,0.998761,1.000000,0.000445,1.000000,1.000000,0.000443,1.000000,0.428571,0.000397,1.000000,0.000000,0.000278,1.000000,0.000000
"SiC (Larruquert)",Larruquert,RefractiveIndex.info,main,Larruquert.yml,0.000677,1.000000,0.000000,0.000714,1.000000,0.000000,0.000438,1.000000,0.000000,0.000378,1.000000,0.000000,0.000163,1.000000,0.000000
"SiO (Fernandez-Perea)",Fernandez-Perea,RefractiveIndex.info,main,Fernandez-Perea.yml,0.000578,1.000000,0.000000,0.000323,1.000000,0.000000,0.000282,1.000000,0.000000,0.000439,1.000000,0.000000,0.000337,1.000000,0.000000
"SiO2 (Franta-25C)",Franta-25C,RefractiveIndex.info,main,Franta-25C.yml,0.002530,0.998699,1.000000,0.000346,0.994038,1.000000,0.000526,0.969852,1.000000,0.000420,1.000000,1.000000,0.000288,1.000000,1.000000
"SiO2 (Franta-300C)",Franta-300C,RefractiveIndex.info,main,Franta-300C.yml,0.000112,1.000000,1.000000,0.000136,1.000000,1.000000,0.000131,1.000000,1.000000,0.001505,0.946302,1.000000,0.010984,0.992720,1.000000
"SiO2 (Franta)",Franta,RefractiveIndex.info,main,Franta.yml,0.000186,0.983325,1.000000,0.000227,1.000000,1.000000,0.000212,1.000000,1.000000,0.000661,0.986373,1.000000,0.008689,0.995374,1.000000
"SiO2 (Gao)",Gao,RefractiveIndex.info,main,Gao.yml,0.000115,1.000000,1.000000,0.000139,1.000000,1.000000,0.000079,1.000000,0.107143,0.000106,1.000000,0.000000,0.000126,1.000000,0.000000
"SiO2 (Kischkat)",Kischkat,RefractiveIndex.info,main,Kischkat.yml,0.000172,1.000000,0.000000,0.000223,1.000000,0.000000,0.000195,1.000000,0.686136,0.000710,0.987961,1.000000,0.012303,0.986996,0.915966
"SiO2 (Lemarchand)",Lemarchand,RefractiveIndex.info,main,Lemarchand.yml,0.000542,0.998796,1.000000,0.000409,0.909938,1.000000,0.000346,1.000000,1.000000,0.000486,1.000000,0.000000,0.000225,1.000000,0.000000
"SiO2 (Popova)",Popova,RefractiveIndex.info,main,Popova.yml,0.000005,1.000000,0.000000,0.000007,1.000000,0.000000,0.000006,1.000000,0.000000,0.000005,1.000000,0.000000,0.016892,0.989056,0.941176
"SiO2 (Rodriguez-de Marcos)",Rodriguez-de Marcos,RefractiveIndex.info,main,Rodriguez-de Marcos.yml,0.000557,1.000000,0.000000,0.000316,1.000000,0.000000,0.000268,1.000000,0.000000,0.000420,1.000000,0.000000,0.000270,1.000000,0.000000
"Sn (Golovashkin-293K)",Golovashkin-293K,RefractiveIndex.info,main,Golovashkin-293K.yml,0.001797,0.993943,0.883721,0.002094,0.998752,1.000000,0.001318,0.997792,1.000000,0.001611,0.718874,1.000000,0.000877,1.000000,0.411765
"Sn (Golovashkin-4.2K)",Golovashkin-4.2K,RefractiveIndex.info,main,Golovashkin-4.2K.yml,0.000705,0.979689,0.534884,0.001474,0.992588,1.000000,0.000965,0.993261,1.000000,0.001335,0.824020,1.000000,0.000867,1.000000,0.411765
"Sn (Golovashkin-78K)",Golovashkin-78K,RefractiveIndex.info,main,Golovashkin-78K.yml,0.006687,0.965323,0.883721,0.001506,0.999561,1.000000,0.002234,0.992884,1.000000,0.002078,0.813051,1.000000,0.000537,0.882624,0.317647
"SnS2 (Ermolaev)",Ermolaev,RefractiveIndex.info,main,Ermolaev.yml,0.000477,0.999859,1.000000,0.000789,0.995793,1.000000,0.001044,0.988540,1.000000,0.000650,0.703939,0.200000,0.000439,1.000000,0.000000
"SnSe (Guo-alpha)",Guo-alpha,RefractiveIndex.info,main,Guo-alpha.yml,0.000044,0.998867,1.000000,0.000041,1.000000,1.000000,0.000020,1.000000,0.421429,0.000034,1.000000,0.000000,0.000040,1.000000,0.000000
"SnSe (Guo-beta)",Guo-beta,RefractiveIndex.info,main,Guo-beta.yml,0.000794,0.998389,1.000000,0.000360,0.999606,1.000000,0.001959,0.991325,0.421429,0.000266,1.000000,0.000000,0.000254,1.000000,0.000000
"SnSe (Guo-gamma)",Guo-gamma,RefractiveIndex.info,main,Guo-gamma.yml,0.001003,0.998305,1.000000,0.000504,0.998743,1.000000,0.001626,0.983840,0.421429,0.000312,1.000000,0.000000,0.000494,1.000000,0.000000
"SnSe2 (Ermolaev)",Ermolaev,RefractiveIndex.info,main,Ermolaev.yml,0.000477,0.999859,1.000000,0.000789,0.995793,1.000000,0.001044,0.988540,1.000000,0.000650,0.703939,0.200000,0.000439,1.000000,0.000000
"Sr (Rodriguez-de Marcos)",Rodriguez-de Marcos,RefractiveIndex.info,main,Rodriguez-de Marcos.yml,0.000557,1.000000,0.000000,0.000316,1.000000,0.000000,0.000268,1.000000,0.000000,0.000420,1.000000,0.000000,0.000270,1.000000,0.000000
"SrF2 (Kaiser)",Kaiser,RefractiveIndex.info,main,Kaiser.yml,0.000089,1.000000,0.000000,0.000116,1.000000,0.000000,0.000098,1.000000,0.000000,0.000086,1.000000,0.000000,0.000307,0.988567,0.588235
"SrF2 (Rodriguez-de Marcos)",Rodriguez-de Marcos,RefractiveIndex.info,main,Rodriguez-de Marcos.yml,0.000557,1.000000,0.000000,0.000316,1.000000,0.000000,0.000268,1.000000,0.000000,0.000420,1.000000,0.000000,0.000270,1.000000,0.000000
"SrTiO3 (Chernova)",Chernova,RefractiveIndex.info,main,Chernova.yml,0.000298,0.994976,1.000000,0.000445,1.000000,1.000000,0.000411,1.000000,0.411071,0.000345,1.000000,0.000000,0.000285,1.000000,0.000000
"Ta (Ordal)",Ordal,RefractiveIndex.info,main,Ordal.yml,0.001390,0.969190,0.262791,0.002529,0.994118,1.000000,0.001260,0.933348,1.000000,0.001030,0.657797,1.000000,0.000400,1.000000,1.000000
"Ta (Werner-DFT)",Werner-DFT,RefractiveIndex.info,main,Werner-DFT.yml,0.006959,0.999149,1.000000,0.000538,0.748848,1.000000,0.000397,1.000000,0.985489,0.000210,1.000000,0.000000,0.000176,1.000000,0.000000
"Ta (Werner)",Werner,RefractiveIndex.info,main,Werner.yml,0.001439,0.999873,1.000000,0.001390,0.867354,1.000000,0.000833,0.733583,0.985489,0.000225,1.000000,0.000000,0.000162,1.000000,0.000000
"Ta (Windt)",Windt,RefractiveIndex.info,main,Windt.yml,0.000183,1.000000,0.000000,0.000238,1.000000,0.000000,0.000201,1.000000,0.000000,0.000176,1.000000,0.000000,0.000209,1.000000,0.000000
"Ta2O5 (Bright-amorphous)",Bright-amorphous,RefractiveIndex.info,main,Bright-amorphous.yml,0.000324,0.990320,0.651163,0.000440,0.808028,1.000000,0.000486,0.933670,1.000000,0.001082,0.985236,1.000000,0.008719,0.997885,1.000000
"Ta2O5 (Bright-nanocrystalline)",Bright-nanocrystalline,RefractiveIndex.info,main,Bright-nanocrystalline.yml,0.000371,0.994861,0.651163,0.000429,0.919111,1.000000,0.000630,0.911580,1.000000,0.001050,0.987434,1.000000,0.015799,0.980581,1.000000
"Ta2O5 (Franta)",Franta,RefractiveIndex.info,main,Franta.yml,0.000186,0.983325,1.000000,0.000227,1.000000,1.000000,0.000212,1.000000,1.000000,0.000661,0.986373,1.000000,0.008689,0.995374,1.000000
"Ta2O5 (Gao)",Gao,RefractiveIndex.info,main,Gao.yml,0.000115,1.000000,1.000000,0.000139,1.000000,1.000000,0.000079,1.000000,0.107143,0.000106,1.000000,0.000000,0.000126,1.000000,0.000000
"Ta2O5 (Rodriguez-de Marcos)",Rodriguez-de Marcos,RefractiveIndex.info,main,Rodriguez-de Marcos.yml,0.000557,1.000000,0.000000,0.000316,1.000000,0.000000,0.000268,1.000000,0.000000,0.000420,1.000000,0.000000,0.000270,1.000000,0.000000
"TaS2 (Munkhbat-e)",Munkhbat-e,RefractiveIndex.info,main,Munkhbat-e.yml,0.000519,0.999125,1.000000,0.001096,0.992767,1.000000,0.003812,0.999564,0.421429,0.000284,1.000000,0.000000,0.000461,1.000000,0.000000
"TaS2 (Munkhbat-o)",Munkhbat-o,RefractiveIndex.info,main,Munkhbat-o.yml,0.011082,0.944451,1.000000,0.000848,0.994467,1.000000,0.001103,0.929002,0.421429,0.000147,1.000000,0.000000,0.000186,1.000000,0.000000
"TaSe2 (Munkhbat-e)",Munkhbat-e,RefractiveIndex.info,main,Munkhbat-e.yml,0.000519,0.999125,1.000000,0.001096,0.992767,1.000000,0.003812,0.999564,0.421429,0.000284,1.000000,0.000000,0.000461,1.000000,0.000000
"TaSe2 (Munkhbat-o)",Munkhbat-o,RefractiveIndex.info,main,Munkhbat-o.yml,0.011082,0.944451,1.000000,0.000848,0.994467,1.000000,0.001103,0.929002,0.421429,0.000147,1.000000,0.000000,0.000186,1.000000,0.000000
"Tb3Ga5O12 (Franta)",Franta,RefractiveIndex.info,main,Franta.yml,0.000186,0.983325,1.000000,0.000227,1.000000,1.000000,0.000212,1.000000,1.000000,0.000661,0.986373,1.000000,0.008689,0.995374,1.000000
"Te (Ciesielski)",Ciesielski,RefractiveIndex.info,main,Ciesielski.yml,0.001329,0.999697,1.000000,0.000517,1.000000,1.000000,0.001149,0.000000,1.000000,0.000229,1.000000,1.000000,0.000158,1.000000,1.000000
"Te (Guo-e)",Guo-e,RefractiveIndex.info,main,Guo-e.yml,0.001060,0.997371,0.883721,0.001124,0.984441,0.375000,0.000407,1.000000,0.000000,0.000349,1.000000,0.000000,0.000474,1.000000,0.000000
"Te (Guo-o)",Guo-o,RefractiveIndex.info,main,Guo-o.yml,0.000880,0.998890,0.883721,0.001142,0.973173,0.375000,0.000398,1.000000,0.000000,0.000391,1.000000,0.000000,0.000420,1.000000,0.000000
"Ti (Johnson)",Johnson,RefractiveIndex.info,main,Johnson.yml,0.001113,0.997657,1.000000,0.000521,1.000000,1.000000,0.000513,1.000000,0.597857,0.000234,1.000000,0.000000,0.000154,1.000000,0.000000
"Ti (Mash)",Mash,RefractiveIndex.info,main,Mash.yml,0.002312,0.995725,0.883721,0.001141,0.966062,1.000000,0.000962,0.997986,1.000000,0.005367,0.994560,1.000000,0.000670,0.981713,0.411765
"Ti (Ordal)",Ordal,RefractiveIndex.info,main,Ordal.yml,0.001390,0.969190,0.262791,0.002529,0.994118,1.000000,0.001260,0.933348,1.000000,0.001030,0.657797,1.000000,0.000400,1.000000,1.000000
"Ti (Palm)",Palm,RefractiveIndex.info,main,Palm.yml,0.001122,0.973454,1.000000,0.001754,0.000000,1.000000,0.002604,0.980035,0.417520,0.000617,1.000000,0.000000,0.000494,1.000000,0.000000
"Ti (Rakic-BB)",Rakic-BB,RefractiveIndex.info,main,Rakic-BB.yml,0.002234,0.997810,1.000000,0.000497,0.963454,1.000000,0.000395,0.952133,1.000000,0.000232,1.000000,1.000000,0.000159,1.000000,0.693882
"Ti (Rakic-LD)",Rakic-LD,RefractiveIndex.info,main,Rakic-LD.yml,0.003354,0.997350,1.000000,0.000501,0.951183,1.000000,0.000448,0.923839,1.000000,0.000238,1.000000,1.000000,0.000159,1.000000,0.693882
"Ti (Werner-DFT)",Werner-DFT,RefractiveIndex.info,main,Werner-DFT.yml,0.006959,0.999149,1.000000,0.000538,0.748848,1.000000,0.000397,1.000000,0.985489,0.000210,1.000000,0.000000,0.000176,1.000000,0.000000
"Ti (Werner)",Werner,RefractiveIndex.info,main,Werner.yml,0.001439,0.999873,1.000000,0.001390,0.867354,1.000000,0.000833,0.733583,0.985489,0.000225,1.000000,0.000000,0.000162,1.000000,0.000000
"Ti (Windt)",Windt,RefractiveIndex.info,main,Windt.yml,0.000183,1.000000,0.000000,0.000238,1.000000,0.000000,0.000201,1.000000,0.000000,0.000176,1.000000,0.000000,0.000209,1.000000,0.000000
"Ti3C2 (Panova)",Panova,RefractiveIndex.info,main,Panova.yml,0.002323,0.997827,1.000000,0.002788,0.983149,1.000000,0.003230,0.999342,1.000000,0.002375,0.960210,0.200000,0.000399,1.000000,0.000000
"TiC (Pfluger)",Pfluger,RefractiveIndex.info,main,Pfluger.yml,0.000900,0.998722,1.000000,0.000824,0.996934,1.000000,0.001562,0.998050,0.985500,0.000692,1.000000,0.000000,0.000385,1.000000,0.000000
"TiH2 (Palm)",Palm,RefractiveIndex.info,main,Palm.yml,0.001122,0.973454,1.000000,0.001754,0.000000,1.000000,0.002604,0.980035,0.417520,0.000617,1.000000,0.000000,0.000494,1.000000,0.000000
"TiN (Beliaev-ALD)",Beliaev-ALD,RefractiveIndex.info,main,Beliaev-ALD.yml,0.000750,1.000000,0.000000,0.000547,1.000000,0.000000,0.000705,0.986326,0.357143,0.001033,0.995535,1.000000,0.000373,0.997458,1.000000
"TiN (Beliaev-sputtering)",Beliaev-sputtering,RefractiveIndex.info,main,Beliaev-sputtering.yml,0.002584,0.999887,1.000000,0.000855,0.996926,1.000000,0.000769,0.994666,1.000000,0.000922,0.973086,1.000000,0.000519,0.991964,1.000000
"TiN (Pfluger)",Pfluger,RefractiveIndex.info,main,Pfluger.yml,0.000900,0.998722,1.000000,0.000824,0.996934,1.000000,0.001562,0.998050,0.985500,0.000692,1.000000,0.000000,0.000385,1.000000,0.000000
"TiN (Schnabel)",Schnabel,RefractiveIndex.info,main,Schnabel.yml,0.002639,0.999866,1.000000,0.001736,0.419401,0.090938,0.000303,1.000000,0.000000,0.000467,1.000000,0.000000,0.000359,1.000000,0.000000
"TiN (Shkondin-700)",Shkondin-700,RefractiveIndex.info,main,Shkondin-700.yml,0.002194,0.999777,1.000000,0.001581,0.997241,1.000000,0.000862,0.991950,0.420629,0.000701,1.000000,0.000000,0.000409,1.000000,0.000000
"TiN (Shkondin-800)",Shkondin-800,RefractiveIndex.info,main,Shkondin-800.yml,0.002102,0.999851,1.000000,0.001239,0.998208,1.000000,0.000631,0.995632,0.420629,0.000519,1.000000,0.000000,0.000360,1.000000,0.000000
"TiN (Shkondin-900)",Shkondin-900,RefractiveIndex.info,main,Shkondin-900.yml,0.002720,0.999793,1.000000,0.001092,0.997881,1.000000,0.000626,0.995880,0.420629,0.000534,1.000000,0.000000,0.000361,1.000000,0.000000
"TiN (Shkondin)",Shkondin,RefractiveIndex.info,main,Shkondin.yml,0.000581,1.000000,0.000000,0.000324,1.000000,0.000000,0.000283,1.000000,0.357143,0.000441,1.000000,1.000000,0.000340,1.000000,1.000000
"TiO2 (Franta)",Franta,RefractiveIndex.info,main,Franta.yml,0.000186,0.983325,1.000000,0.000227,1.000000,1.000000,0.000212,1.000000,1.000000,0.000661,0.986373,1.000000,0.008689,0.995374,1.000000
"TiO2 (Jolivet-amorphous)",Jolivet-amorphous,RefractiveIndex.info,main,Jolivet-amorphous.yml,0.000815,0.997879,1.000000,0.000387,1.000000,0.145500,0.000469,1.000000,0.000000,0.000347,1.000000,0.000000,0.000231,1.000000,0.000000
"TiO2 (Jolivet-anatase)",Jolivet-anatase,RefractiveIndex.info,main,Jolivet-anatase.yml,0.001092,0.997512,1.000000,0.000372,1.000000,0.145500,0.000455,1.000000,0.000000,0.000290,1.000000,0.000000,0.000244,1.000000,0.000000
"TiO2 (Kischkat)",Kischkat,RefractiveIndex.info,main,Kischkat.yml,0.000172,1.000000,0.000000,0.000223,1.000000,0.000000,0.000195,1.000000,0.686136,0.000710,0.987961,1.000000,0.012303,0.986996,0.915966
"TiO2 (Sarkar)",Sarkar,RefractiveIndex.info,main,Sarkar.yml,0.000647,0.998275,1.000000,0.000422,0.873101,1.000000,0.000413,1.000000,0.421429,0.000354,1.000000,0.000000,0.000283,1.000000,0.000000
"TiO2 (Siefke)",Siefke,RefractiveIndex.info,main,Siefke.yml,0.000771,0.998635,1.000000,0.000395,0.943463,1.000000,0.000309,0.981286,1.000000,0.001371,0.985868,1.000000,0.011468,0.995102,1.000000
"TiO2 (Zhukovsky)",Zhukovsky,RefractiveIndex.info,main,Zhukovsky.yml,0.000174,0.985000,1.000000,0.000213,1.000000,1.000000,0.000190,1.000000,0.421316,0.000161,1.000000,0.000000,0.000192,1.000000,0.000000
"Tm (Vidal-Dasilva)",Vidal-Dasilva,RefractiveIndex.info,main,Vidal-Dasilva.yml,0.000005,1.000000,0.000000,0.000007,1.000000,0.000000,0.000006,1.000000,0.000000,0.000005,1.000000,0.000000,0.000006,1.000000,0.000000
"V (Johnson)",Johnson,RefractiveIndex.info,main,Johnson.yml,0.001113,0.997657,1.000000,0.000521,1.000000,1.000000,0.000513,1.000000,0.597857,0.000234,1.000000,0.000000,0.000154,1.000000,0.000000
"V (Palm)",Palm,RefractiveIndex.info,main,Palm.yml,0.001122,0.973454,1.000000,0.001754,0.000000,1.000000,0.002604,0.980035,0.417520,0.000617,1.000000,0.000000,0.000494,1.000000,0.000000
"V (Werner-DFT)",Werner-DFT,RefractiveIndex.info,main,Werner-DFT.yml,0.006959,0.999149,1.000000,0.000538,0.748848,1.000000,0.000397,1.000000,0.985489,0.000210,1.000000,0.000000,0.000176,1.000000,0.000000
"V (Werner)",Werner,RefractiveIndex.info,main,Werner.yml,0.001439,0.999873,1.000000,0.001390,0.867354,1.000000,0.000833,0.733583,0.985489,0.000225,1.000000,0.000000,0.000162,1.000000,0.000000
"VC (Pfluger)",Pfluger,RefractiveIndex.info,main,Pfluger.yml,0.000900,0.998722,1.000000,0.000824,0.996934,1.000000,0.001562,0.998050,0.985500,0.000692,1.000000,0.000000,0.000385,1.000000,0.000000
"VN (Pfluger)",Pfluger,RefractiveIndex.info,main,Pfluger.yml,0.000900,0.998722,1.000000,0.000824,0.996934,1.000000,0.001562,0.998050,0.985500,0.000692,1.000000,0.000000,0.000385,1.000000,0.000000
"VO2 (Beaini-100C)",Beaini-100C,RefractiveIndex.info,main,Beaini-100C.yml,0.001336,0.999011,0.651163,0.004867,0.995385,1.000000,0.003217,0.998257,1.000000,0.001499,0.993230,1.000000,0.001002,0.997878,1.000000
"VO2 (Beaini-25C)",Beaini-25C,RefractiveIndex.info,main,Beaini-25C.yml,0.000691,0.998926,0.651163,0.000320,0.996719,1.000000,0.000630,0.938163,1.000000,0.001090,0.669231,1.000000,0.005488,0.989493,1.000000
"VO2 (Oguntoye-20C)",Oguntoye-20C,RefractiveIndex.info,main,Oguntoye-20C.yml,0.000916,0.998569,1.000000,0.000446,0.992151,1.000000,0.000444,0.989836,1.000000,0.000253,1.000000,0.000000,0.000459,1.000000,0.000000
"VO2 (Oguntoye-30C)",Oguntoye-30C,RefractiveIndex.info,main,Oguntoye-30C.yml,0.000917,0.998578,1.000000,0.000449,0.992249,1.000000,0.000434,0.989050,1.000000,0.000256,1.000000,0.000000,0.000461,1.000000,0.000000
"VO2 (Oguntoye-40C)",Oguntoye-40C,RefractiveIndex.info,main,Oguntoye-40C.yml,0.000913,0.998598,1.000000,0.000454,0.992184,1.000000,0.000425,0.988219,1.000000,0.000257,1.000000,0.000000,0.000462,1.000000,0.000000
"VO2 (Oguntoye-50C)",Oguntoye-50C,RefractiveIndex.info,main,Oguntoye-50C.yml,0.000914,0.998651,1.000000,0.000458,0.992395,1.000000,0.000416,0.987462,1.000000,0.000261,1.000000,0.000000,0.000465,1.000000,0.000000
"VO2 (Oguntoye-55C)",Oguntoye-55C,RefractiveIndex.info,main,Oguntoye-55C.yml,0.000890,0.998893,1.000000,0.000867,0.981458,1.000000,0.001929,0.996904,1.000000,0.000398,1.000000,0.000000,0.000556,1.000000,0.000000
"VO2 (Oguntoye-60C)",Oguntoye-60C,RefractiveIndex.info,main,Oguntoye-60C.yml,0.001268,0.998327,1.000000,0.001600,0.992717,1.000000,0.001321,0.999422,1.000000,0.000126,1.000000,0.000000,0.000169,1.000000,0.000000
"VO2 (Oguntoye-70C)",Oguntoye-70C,RefractiveIndex.info,main,Oguntoye-70C.yml,0.001552,0.999071,1.000000,0.003773,0.996575,1.000000,0.001494,0.999714,1.000000,0.000544,1.000000,0.000000,0.000424,1.000000,0.000000
"VO2 (Oguntoye-80C)",Oguntoye-80C,RefractiveIndex.info,main,Oguntoye-80C.yml,0.001628,0.998993,1.000000,0.003637,0.996909,1.000000,0.001476,0.999733,1.000000,0.000548,1.000000,0.000000,0.000413,1.000000,0.000000
"W (Ordal)",Ordal,RefractiveIndex.info,main,Ordal.yml,0.001390,0.969190,0.262791,0.002529,0.994118,1.000000,0.001260,0.933348,1.000000,0.001030,0.657797,1.000000,0.000400,1.000000,1.000000
"W (Rakic-BB)",Rakic-BB,RefractiveIndex.info,main,Rakic-BB.yml,0.002234,0.997810,1.000000,0.000497,0.963454,1.000000,0.000395,0.952133,1.000000,0.000232,1.000000,1.000000,0.000159,1.000000,0.693882
"W (Rakic-LD)",Rakic-LD,RefractiveIndex.info,main,Rakic-LD.yml,0.003354,0.997350,1.000000,0.000501,0.951183,1.000000,0.000448,0.923839,1.000000,0.000238,1.000000,1.000000,0.000159,1.000000,0.693882
"W (Weaver)",Weaver,RefractiveIndex.info,main,Weaver.yml,0.001084,0.997408,1.000000,0.003208,0.975578,0.256562,0.000565,1.000000,0.000000,0.000794,1.000000,0.000000,0.000465,1.000000,0.000000
"W (Werner-DFT)",Werner-DFT,RefractiveIndex.info,main,Werner-DFT.yml,0.006959,0.999149,1.000000,0.000538,0.748848,1.000000,0.000397,1.000000,0.985489,0.000210,1.000000,0.000000,0.000176,1.000000,0.000000
"W (Werner)",Werner,RefractiveIndex.info,main,Werner.yml,0.001439,0.999873,1.000000,0.001390,0.867354,1.000000,0.000833,0.733583,0.985489,0.000225,1.000000,0.000000,0.000162,1.000000,0.000000
"W (Windt)",Windt,RefractiveIndex.info,main,Windt.yml,0.000183,1.000000,0.000000,0.000238,1.000000,0.000000,0.000201,1.000000,0.000000,0.000176,1.000000,0.000000,0.000209,1.000000,0.000000
"WO3 (Kulikova)",Kulikova,RefractiveIndex.info,main,Kulikova.yml,0.000268,0.999217,1.000000,0.000365,1.000000,0.687500,0.000345,1.000000,0.000000,0.000302,1.000000,0.000000,0.000315,1.000000,0.000000
"WS2 (Ermolaev)",Ermolaev,RefractiveIndex.info,main,Ermolaev.yml,0.000477,0.999859,1.000000,0.000789,0.995793,1.000000,0.001044,0.988540,1.000000,0.000650,0.703939,0.200000,0.000439,1.000000,0.000000
"WS2 (Hsu-1L)",Hsu-1L,RefractiveIndex.info,main,Hsu-1L.yml,0.008168,0.948950,0.890767,0.005771,0.816109,0.240531,0.000539,1.000000,0.000000,0.000440,1.000000,0.000000,0.000450,1.000000,0.000000
"WS2 (Hsu-2L)",Hsu-2L,RefractiveIndex.info,main,Hsu-2L.yml,0.008415,0.915351,0.890767,0.003716,0.891449,0.240531,0.000534,1.000000,0.000000,0.000425,1.000000,0.000000,0.000482,1.000000,0.000000
"WS2 (Hsu-3L)",Hsu-3L,RefractiveIndex.info,main,Hsu-3L.yml,0.007018,0.992168,0.890767,0.004766,0.651385,0.240531,0.000239,1.000000,0.000000,0.000272,1.000000,0.000000,0.000325,1.000000,0.000000
"WS2 (Jung)",Jung,RefractiveIndex.info,main,Jung.yml,0.007282,0.982864,0.927209,0.001111,0.961290,0.354406,0.000237,1.000000,0.000000,0.000227,1.000000,0.000000,0.000267,1.000000,0.000000
"WS2 (Munkhbat-o)",Munkhbat-o,RefractiveIndex.info,main,Munkhbat-o.yml,0.011082,0.944451,1.000000,0.000848,0.994467,1.000000,0.001103,0.929002,0.421429,0.000147,1.000000,0.000000,0.000186,1.000000,0.000000
"WS2 (Vyshnevyy-e)",Vyshnevyy-e,RefractiveIndex.info,main,Vyshnevyy-e.yml,0.000525,0.999707,0.976744,0.000177,0.996582,1.000000,0.000297,0.961191,0.428571,0.000278,1.000000,0.000000,0.000249,1.000000,0.000000
"WS2 (Vyshnevyy-o)",Vyshnevyy-o,RefractiveIndex.info,main,Vyshnevyy-o.yml,0.012233,0.919764,0.976744,0.000498,0.997229,1.000000,0.000917,0.936903,0.428571,0.000196,1.000000,0.000000,0.000189,1.000000,0.000000
"WS2 (Zotev-e)",Zotev-e,RefractiveIndex.info,main,Zotev-e.yml,0.000148,0.998926,0.976744,0.000149,1.000000,0.687500,0.000153,1.000000,0.000000,0.000133,1.000000,0.000000,0.000159,1.000000,0.000000
"WS2 (Zotev-o)",Zotev-o,RefractiveIndex.info,main,Zotev-o.yml,0.000313,0.963646,0.976744,0.000477,1.000000,0.687500,0.000575,1.000000,0.000000,0.000481,1.000000,0.000000,0.000260,1.000000,0.000000
"WSe2 (Ermolaev)",Ermolaev,RefractiveIndex.info,main,Ermolaev.yml,0.000477,0.999859,1.000000,0.000789,0.995793,1.000000,0.001044,0.988540,1.000000,0.000650,0.703939,0.200000,0.000439,1.000000,0.000000
"WSe2 (Gu-1L)",Gu-1L,RefractiveIndex.info,main,Gu-1L.yml,0.012889,0.960821,1.000000,0.002769,0.981544,1.000000,0.000455,0.924876,0.421429,0.000126,1.000000,0.000000,0.000171,1.000000,0.000000
"WSe2 (Gu-2L)",Gu-2L,RefractiveIndex.info,main,Gu-2L.yml,0.005751,0.975204,1.000000,0.002934,0.976179,1.000000,0.001066,0.918175,0.421429,0.000126,1.000000,0.000000,0.000169,1.000000,0.000000
"WSe2 (Gu-3L)",Gu-3L,RefractiveIndex.info,main,Gu-3L.yml,0.004306,0.985691,1.000000,0.002356,0.986005,1.000000,0.000969,0.945129,0.421429,0.000163,1.000000,0.000000,0.000179,1.000000,0.000000
"WSe2 (Gu-4L)",Gu-4L,RefractiveIndex.info,main,Gu-4L.yml,0.001976,0.996549,1.000000,0.002851,0.977386,1.000000,0.001077,0.966151,0.421429,0.000133,1.000000,0.000000,0.000178,1.000000,0.000000
"WSe2 (Gu-5L)",Gu-5L,RefractiveIndex.info,main,Gu-5L.yml,0.002354,0.995081,1.000000,0.003157,0.976871,1.000000,0.001173,0.967789,0.421429,0.000205,1.000000,0.000000,0.000237,1.000000,0.000000
"WSe2 (Hsu-1L)",Hsu-1L,RefractiveIndex.info,main,Hsu-1L.yml,0.008168,0.948950,0.890767,0.005771,0.816109,0.240531,0.000539,1.000000,0.000000,0.000440,1.000000,0.000000,0.000450,1.000000,0.000000
"WSe2 (Hsu-2L)",Hsu-2L,RefractiveIndex.info,main,Hsu-2L.yml,0.008415,0.915351,0.890767,0.003716,0.891449,0.240531,0.000534,1.000000,0.000000,0.000425,1.000000,0.000000,0.000482,1.000000,0.000000
"WSe2 (Hsu-3L)",Hsu-3L,RefractiveIndex.info,main,Hsu-3L.yml,0.007018,0.992168,0.890767,0.004766,0.651385,0.240531,0.000239,1.000000,0.000000,0.000272,1.000000,0.000000,0.000325,1.000000,0.000000
"WSe2 (Jung)",Jung,RefractiveIndex.info,main,Jung.yml,0.007282,0.982864,0.927209,0.001111,0.961290,0.354406,0.000237,1.000000,0.000000,0.000227,1.000000,0.000000,0.000267,1.000000,0.000000
"WSe2 (Munkhbat-o)",Munkhbat-o,RefractiveIndex.info,main,Munkhbat-o.yml,0.011082,0.944451,1.000000,0.000848,0.994467,1.000000,0.001103,0.929002,0.421429,0.000147,1.000000,0.000000,0.000186,1.000000,0.000000
"WSe2 (Ushkov-e)",Ushkov-e,RefractiveIndex.info,main,Ushkov-e.yml,0.000572,0.997858,0.976744,0.000342,0.979047,1.000000,0.000392,0.920648,0.428571,0.000213,1.000000,0.000000,0.000396,1.000000,0.000000
"WSe2 (Ushkov-o)",Ushkov-o,RefractiveIndex.info,main,Ushkov-o.yml,0.006293,0.944596,0.976744,0.002605,0.983180,1.000000,0.001053,0.953185,0.428571,0.000126,1.000000,0.000000,0.000168,1.000000,0.000000
"WSe2 (Zotev-e)",Zotev-e,RefractiveIndex.info,main,Zotev-e.yml,0.000148,0.998926,0.976744,0.000149,1.000000,0.687500,0.000153,1.000000,0.000000,0.000133,1.000000,0.000000,0.000159,1.000000,0.000000
"WSe2 (Zotev-o)",Zotev-o,RefractiveIndex.info,main,Zotev-o.yml,0.000313,0.963646,0.976744,0.000477,1.000000,0.687500,0.000575,1.000000,0.000000,0.000481,1.000000,0.000000,0.000260,1.000000,0.000000
"WTe2 (Munkhbat-alpha)",Munkhbat-alpha,RefractiveIndex.info,main,Munkhbat-alpha.yml,0.001476,0.963338,1.000000,0.005709,0.903444,1.000000,0.000668,0.982104,0.421429,0.000128,1.000000,0.000000,0.000173,1.000000,0.000000
"WTe2 (Munkhbat-beta)",Munkhbat-beta,RefractiveIndex.info,main,Munkhbat-beta.yml,0.001550,0.995704,1.000000,0.003222,0.957026,1.000000,0.000856,0.949551,0.421429,0.000304,1.000000,0.000000,0.000222,1.000000,0.000000
"Y3Al5O12 (Franta)",Franta,RefractiveIndex.info,main,Franta.yml,0.000186,0.983325,1.000000,0.000227,1.000000,1.000000,0.000212,1.000000,1.000000,0.000661,0.986373,1.000000,0.008689,0.995374,1.000000
"Yb (Larruquert)",Larruquert,RefractiveIndex.info,main,Larruquert.yml,0.000677,1.000000,0.000000,0.000714,1.000000,0.000000,0.000438,1.000000,0.000000,0.000378,1.000000,0.000000,0.000163,1.000000,0.000000
"Zn (Motulevich)",Motulevich,RefractiveIndex.info,main,Motulevich.yml,0.000765,1.000000,0.000000,0.000511,1.000000,0.000000,0.003440,0.994000,0.907143,0.001349,0.640800,1.000000,0.000840,0.516792,0.411765
"Zn (Querry)",Querry,RefractiveIndex.info,main,Querry.yml,0.000973,0.993564,1.000000,0.003471,0.990810,1.000000,0.000512,0.973670,1.000000,0.001070,0.000000,1.000000,0.000192,1.000000,0.705882
"Zn (Werner-DFT)",Werner-DFT,RefractiveIndex.info,main,Werner-DFT.yml,0.006959,0.999149,1.000000,0.000538,0.748848,1.000000,0.000397,1.000000,0.985489,0.000210,1.000000,0.000000,0.000176,1.000000,0.000000
"Zn (Werner)",Werner,RefractiveIndex.info,main,Werner.yml,0.001439,0.999873,1.000000,0.001390,0.867354,1.000000,0.000833,0.733583,0.985489,0.000225,1.000000,0.000000,0.000162,1.000000,0.000000
"ZnO (Aguilar)",Aguilar,RefractiveIndex.info,main,Aguilar.yml,0.000156,0.999551,1.000000,0.000264,1.000000,1.000000,0.000096,1.000000,1.000000,0.000207,1.000000,0.175000,0.000248,1.000000,0.000000
"ZnO (Querry)",Querry,RefractiveIndex.info,main,Querry.yml,0.000973,0.993564,1.000000,0.003471,0.990810,1.000000,0.000512,0.973670,1.000000,0.001070,0.000000,1.000000,0.000192,1.000000,0.705882
"ZnO (Stelling)",Stelling,RefractiveIndex.info,main,Stelling.yml,0.000252,0.999335,1.000000,0.000056,1.000000,0.373281,0.000264,1.000000,0.000000,0.000230,1.000000,0.000000,0.000274,1.000000,0.000000
"ZnS (Ozaki)",Ozaki,RefractiveIndex.info,main,Ozaki.yml,0.002772,0.997343,1.000000,0.000672,0.993293,0.791250,0.000284,1.000000,0.000000,0.000443,1.000000,0.000000,0.000342,1.000000,0.000000
"ZnS (Querry)",Querry,RefractiveIndex.info,main,Querry.yml,0.000973,0.993564,1.000000,0.003471,0.990810,1.000000,0.000512,0.973670,1.000000,0.001070,0.000000,1.000000,0.000192,1.000000,0.705882
"ZnSe (Adachi)",Adachi,RefractiveIndex.info,main,Adachi.yml,0.005801,0.993036,1.000000,0.000402,0.996744,1.000000,0.000486,0.991049,1.000000,0.000480,0.869340,1.000000,0.000556,1.000000,0.693882
"ZnSe (Querry)",Querry,RefractiveIndex.info,main,Querry.yml,0.000973,0.993564,1.000000,0.003471,0.990810,1.000000,0.000512,0.973670,1.000000,0.001070,0.000000,1.000000,0.000192,1.000000,0.705882
"ZnTe (Sato)",Sato,RefractiveIndex.info,main,Sato.yml,0.002208,0.997284,1.000000,0.000201,1.000000,0.145500,0.000508,1.000000,0.000000,0.000300,1.000000,0.000000,0.000488,1.000000,0.000000
"Zr (Palm)",Palm,RefractiveIndex.info,main,Palm.yml,0.001122,0.973454,1.000000,0.001754,0.000000,1.000000,0.002604,0.980035,0.417520,0.000617,1.000000,0.000000,0.000494,1.000000,0.000000
"Zr (Querry)",Querry,RefractiveIndex.info,main,Querry.yml,0.000973,0.993564,1.000000,0.003471,0.990810,1.000000,0.000512,0.973670,1.000000,0.001070,0.000000,1.000000,0.000192,1.000000,0.705882
"Zr (Windt)",Windt,RefractiveIndex.info,main,Windt.yml,0.000183,1.000000,0.000000,0.000238,1.000000,0.000000,0.000201,1.000000,0.000000,0.000176,1.000000,0.000000,0.000209,1.000000,0.000000
"ZrO2 (Synowicki-UV)",Synowicki-UV,RefractiveIndex.info,main,Synowicki-UV.yml,0.000861,0.999345,1.000000,0.000189,0.993919,1.000000,0.000211,0.982657,1.000000,0.000293,1.000000,1.000000,0.000241,1.000000,1.000000
"ZrSe2 (Zotev-e)",Zotev-e,RefractiveIndex.info,main,Zotev-e.yml,0.000148,0.998926,0.976744,0.000149,1.000000,0.687500,0.000153,1.000000,0.000000,0.000133,1.000000,0.000000,0.000159,1.000000,0.000000
"ZrSe2 (Zotev-o)",Zotev-o,RefractiveIndex.info,main,Zotev-o.yml,0.000313,0.963646,0.976744,0.000477,1.000000,0.687500,0.000575,1.000000,0.000000,0.000481,1.000000,0.000000,0.000260,1.000000,0.000000
"ZrTe5 (Guo-alpha)",Guo-alpha,RefractiveIndex.info,main,Guo-alpha.yml,0.000044,0.998867,1.000000,0.000041,1.000000,1.000000,0.000020,1.000000,0.421429,0.000034,1.000000,0.000000,0.000040,1.000000,0.000000
"ZrTe5 (Guo-beta)",Guo-beta,RefractiveIndex.info,main,Guo-beta.yml,0.000794,0.998389,1.000000,0.000360,0.999606,1.000000,0.001959,0.991325,0.421429,0.000266,1.000000,0.000000,0.000254,1.000000,0.000000
"ZrTe5 (Guo-gamma)",Guo-gamma,RefractiveIndex.info,main,Guo-gamma.yml,0.001003,0.998305,1.000000,0.000504,0.998743,1.000000,0.001626,0.983840,0.421429,0.000312,1.000000,0.000000,0.000494,1.000000,0.000000
