name,record_id,instrument,chapter,filename,VIS_rmse,VIS_variance,VIS_coverage,NIR_rmse,NIR_variance,NIR_coverage,SWIR_rmse,SWIR_variance,SWIR_coverage
"Alizarin_crimson (dk) GDS780",18244,ASDFRa,ChapterA_ArtificialMaterials,splib07a_Alizarin_crimson_(dk)_GDS780_ASDFRa_AREF.txt,0.013204,0.994405,1.000000,0.003558,0.981186,1.000000,0.005047,0.998397,1.000000
"Aluminum brushed 293K",18253,ASDFRa,ChapterA_ArtificialMaterials,splib07a_Aluminum_brushed_293K_ASDFRa_AREF.txt,0.001503,0.978919,1.000000,0.001718,0.995213,1.000000,0.001962,0.993886,1.000000
"Asphalt GDS376 Blck_Road old",18269,ASDFRa,ChapterA_ArtificialMaterials,splib07a_Asphalt_GDS376_Blck_Road_old_ASDFRa_AREF.txt,0.000487,0.999425,1.000000,0.000449,0.996679,1.000000,0.001007,0.997742,1.000000
"Asphalt_Shingle GDS366 Tan",18278,ASDFRa,ChapterA_ArtificialMaterials,splib07a_Asphalt_Shingle_GDS366_Tan_ASDFRa_AREF.txt,0.001291,0.998917,1.000000,0.000614,0.968260,1.000000,0.000810,0.988090,1.000000
"Asphalt_Shingle GDS367 DkGry",18287,ASDFRa,ChapterA_ArtificialMaterials,splib07a_Asphalt_Shingle_GDS367_DkGry_ASDFRa_AREF.txt,0.000603,0.995386,1.000000,0.000434,0.969763,1.000000,0.000547,0.993114,1.000000
"Asphalt_Shingle GDS368 Lgray",18296,ASDFRa,ChapterA_ArtificialMaterials,splib07a_Asphalt_Shingle_GDS368_Lgray_ASDFRa_AREF.txt,0.001765,0.998078,1.000000,0.000829,0.982021,1.000000,0.000881,0.997642,1.000000
"Asphalt_Tar GDS346 Blck_Roof",18305,ASDFRa,ChapterA_ArtificialMaterials,splib07a_Asphalt_Tar_GDS346_Blck_Roof_ASDFRa_AREF.txt,0.000098,1.000000,1.000000,0.000075,1.000000,1.000000,0.002311,0.799249,1.000000
"Bone_black GDS808",18314,ASDFRa,ChapterA_ArtificialMaterials,splib07a_Bone_black_GDS808_ASDFRa_AREF.txt,0.000158,1.000000,1.000000,0.000060,1.000000,1.000000,0.000083,0.997863,1.000000
"Brick GDS347 Paving Tan",18323,ASDFRa,ChapterA_ArtificialMaterials,splib07a_Brick_GDS347_Paving_Tan_ASDFRa_AREF.txt,0.001883,0.998691,1.000000,0.000730,0.907619,1.000000,0.001076,0.990935,1.000000
"Brick GDS348 Pave DkBrwngrey",18332,ASDFRa,ChapterA_ArtificialMaterials,splib07a_Brick_GDS348_Pave_DkBrwngrey_ASDFRa_AREF.txt,0.000788,0.998649,1.000000,0.000573,0.991537,1.000000,0.000662,0.995591,1.000000
"Brick GDS349 Paving Red",18341,ASDFRa,ChapterA_ArtificialMaterials,splib07a_Brick_GDS349_Paving_Red_ASDFRa_AREF.txt,0.002262,0.998456,1.000000,0.000997,0.964906,1.000000,0.001142,0.996141,1.000000
"Brick GDS350 Dk Red Building",18350,ASDFRa,ChapterA_ArtificialMaterials,splib07a_Brick_GDS350_Dk_Red_Building_ASDFRa_AREF.txt,0.001196,0.999635,1.000000,0.000807,0.996720,1.000000,0.001380,0.997892,1.000000
"Brick GDS353 Building MedRed",18359,ASDFRa,ChapterA_ArtificialMaterials,splib07a_Brick_GDS353_Building_MedRed_ASDFRa_AREF.txt,0.003587,0.997846,1.000000,0.001231,0.944583,1.000000,0.001738,0.994604,1.000000
"Brick GDS354 Building Lt Gry",18368,ASDFRa,ChapterA_ArtificialMaterials,splib07a_Brick_GDS354_Building_Lt_Gry_ASDFRa_AREF.txt,0.001165,0.996671,1.000000,0.000959,0.880691,1.000000,0.001550,0.993729,1.000000
"Brick GDS355 Paving Dk Gry",18377,ASDFRa,ChapterA_ArtificialMaterials,splib07a_Brick_GDS355_Paving_Dk_Gry_ASDFRa_AREF.txt,0.000232,0.998565,1.000000,0.000357,0.988798,1.000000,0.000437,0.988929,1.000000
"Brilliant(Hansa)yellowGDS785",18386,ASDFRa,ChapterA_ArtificialMaterials,splib07a_Brilliant(Hansa)yellowGDS785_ASDFRa_AREF.txt,0.016481,0.996987,1.000000,0.001508,0.580242,1.000000,0.004585,0.998531,1.000000
"Burlap_Fabric GDS430 Brown",18395,ASDFRa,ChapterA_ArtificialMaterials,splib07a_Burlap_Fabric_GDS430_Brown_ASDFRa_AREF.txt,0.008019,0.996052,1.000000,0.001709,0.998544,1.000000,0.004001,0.998823,1.000000
"Burnt_umber GDS811",18404,ASDFRa,ChapterA_ArtificialMaterials,splib07a_Burnt_umber_GDS811_ASDFRa_AREF.txt,0.000275,0.999432,1.000000,0.000435,0.998263,1.000000,0.000761,0.999447,1.000000
"Cadmium_orange_0 GDS786",18413,ASDFRa,ChapterA_ArtificialMaterials,splib07a_Cadmium_orange_0_GDS786_ASDFRa_AREF.txt,0.021626,0.993761,1.000000,0.001480,0.605268,1.000000,0.002417,0.972971,1.000000
"Cadmium_orange_1 (dk) GDS781",18422,ASDFRa,ChapterA_ArtificialMaterials,splib07a_Cadmium_orange_1_(dk)_GDS781_ASDFRa_AREF.txt,0.019735,0.994657,1.000000,0.001607,0.964646,1.000000,0.002243,0.950710,1.000000
"Cadmium_red_2 GDS778",18431,ASDFRa,ChapterA_ArtificialMaterials,splib07a_Cadmium_red_2_GDS778_ASDFRa_AREF.txt,0.033311,0.986299,1.000000,0.001927,0.968508,1.000000,0.002157,0.903697,1.000000
"Cadmium_yellow_6 med GDS788",18440,ASDFRa,ChapterA_ArtificialMaterials,splib07a_Cadmium_yellow_6_med_GDS788_ASDFRa_AREF.txt,0.017504,0.995989,1.000000,0.000776,0.605672,1.000000,0.002166,0.984126,1.000000
"Cardboard GDS371 Brn Corgted",18449,ASDFRa,ChapterA_ArtificialMaterials,splib07a_Cardboard_GDS371_Brn_Corgted_ASDFRa_AREF.txt,0.002345,0.999566,1.000000,0.001485,0.999033,1.000000,0.004743,0.998095,1.000000
"Cedar_Shake GDS357 Fresh",18494,ASDFRa,ChapterA_ArtificialMaterials,splib07a_Cedar_Shake_GDS357_Fresh_ASDFRa_AREF.txt,0.005429,0.998672,1.000000,0.002453,0.996086,1.000000,0.004618,0.998973,1.000000
"Cedar_Shake GDS358 SlgWeathr",18503,ASDFRa,ChapterA_ArtificialMaterials,splib07a_Cedar_Shake_GDS358_SlgWeathr_ASDFRa_AREF.txt,0.003067,0.999163,1.000000,0.001968,0.998828,1.000000,0.003235,0.999100,1.000000
"Cedar_Shake GDS359 MedWeathr",18512,ASDFRa,ChapterA_ArtificialMaterials,splib07a_Cedar_Shake_GDS359_MedWeathr_ASDFRa_AREF.txt,0.002047,0.998813,1.000000,0.001612,0.999306,1.000000,0.003106,0.998180,1.000000
"Cedar_Shake GDS360 H Weamoss",18521,ASDFRa,ChapterA_ArtificialMaterials,splib07a_Cedar_Shake_GDS360_H_Weamoss_ASDFRa_AREF.txt,0.000494,0.999674,1.000000,0.000807,0.999546,1.000000,0.002307,0.993683,1.000000
"Cedar_Shake GDS361 HiWeather",18530,ASDFRa,ChapterA_ArtificialMaterials,splib07a_Cedar_Shake_GDS361_HiWeather_ASDFRa_AREF.txt,0.000773,0.999534,1.000000,0.000792,0.999471,1.000000,0.002987,0.991698,1.000000
"Cerium_Oxide 5-9s SPEX 11781",18539,ASDFRa,ChapterA_ArtificialMaterials,splib07a_Cerium_Oxide_5-9s_SPEX_11781_ASDFRa_AREF.txt,0.003730,0.999582,1.000000,0.001599,0.997345,1.000000,0.003479,0.991065,1.000000
"Cerulean_blue GDS797",18458,ASDFRa,ChapterA_ArtificialMaterials,splib07a_Cerulean_blue_GDS797_ASDFRa_AREF.txt,0.012365,0.991500,1.000000,0.003589,0.990493,1.000000,0.013709,0.984704,1.000000
"Cinder_Block GDS356 Lg Grey",18548,ASDFRa,ChapterA_ArtificialMaterials,splib07a_Cinder_Block_GDS356_Lg_Grey_ASDFRa_AREF.txt,0.001116,0.998544,1.000000,0.001492,0.916216,1.000000,0.001842,0.995975,1.000000
"Coated_Steel_Girder WTC01-8",18559,ASDFRa,ChapterA_ArtificialMaterials,splib07a_Coated_Steel_Girder_WTC01-8_ASDFRa_AREF.txt,0.002037,0.998836,1.000000,0.001457,0.917962,1.000000,0.002365,0.990449,1.000000
"Cobalt_blue GDS790",18467,ASDFRa,ChapterA_ArtificialMaterials,splib07a_Cobalt_blue_GDS790_ASDFRa_AREF.txt,0.040029,0.934918,1.000000,0.007342,0.993985,1.000000,0.015182,0.980053,1.000000
"Cobalt_green GDS816",18476,ASDFRa,ChapterA_ArtificialMaterials,splib07a_Cobalt_green_GDS816_ASDFRa_AREF.txt,0.006414,0.966571,1.000000,0.003045,0.989881,1.000000,0.014829,0.969338,1.000000
"Cobalt_violet GDS803",18485,ASDFRa,ChapterA_ArtificialMaterials,splib07a_Cobalt_violet_GDS803_ASDFRa_AREF.txt,0.037259,0.889029,1.000000,0.006302,0.944494,1.000000,0.004229,0.989597,1.000000
"Concrete GDS375 Lt Gry Road",18568,ASDFRa,ChapterA_ArtificialMaterials,splib07a_Concrete_GDS375_Lt_Gry_Road_ASDFRa_AREF.txt,0.002101,0.998511,1.000000,0.001273,0.747012,1.000000,0.002009,0.987549,1.000000
"Concrete WTC01-37A",18578,ASDFRa,ChapterA_ArtificialMaterials,splib07a_Concrete_WTC01-37A_ASDFRa_AREF.txt,0.002019,0.999046,1.000000,0.001287,0.836246,1.000000,0.004853,0.992521,1.000000
"Cotton_Fabric GDS437 White",18587,ASDFRa,ChapterA_ArtificialMaterials,splib07a_Cotton_Fabric_GDS437_White_ASDFRa_AREF.txt,0.009137,0.995190,1.000000,0.001034,0.293570,1.000000,0.006632,0.996771,1.000000
"Dysprosium_Oxide JMC315",18660,ASDFRa,ChapterA_ArtificialMaterials,splib07a_Dysprosium_Oxide_JMC315_ASDFRa_AREF.txt,0.017719,0.969081,1.000000,0.035471,0.828911,1.000000,0.034103,0.949857,1.000000
"Erbium_Oxide J.M. 317",18669,ASDFRa,ChapterA_ArtificialMaterials,splib07a_Erbium_Oxide_J.M._317_ASDFRa_AREF.txt,0.078074,0.787754,1.000000,0.041918,0.815237,1.000000,0.020282,0.960534,1.000000
"Europium_Oxide A-4 SPEX",18678,ASDFRa,ChapterA_ArtificialMaterials,splib07a_Europium_Oxide_A-4_SPEX_ASDFRa_AREF.txt,0.012390,0.968757,1.000000,0.002688,0.556016,1.000000,0.019543,0.984933,1.000000
"Europium_Oxide GDS33C",18692,ASDFRc,ChapterA_ArtificialMaterials,splib07a_Europium_Oxide_GDS33C_ASDFRc_AREF.txt,0.010822,0.976968,1.000000,0.000841,1.000000,1.000000,0.011371,0.991963,1.000000
"Fiberglass GDS335 Wh Roofing",18719,ASDFRa,ChapterA_ArtificialMaterials,splib07a_Fiberglass_GDS335_Wh_Roofing_ASDFRa_AREF.txt,0.007014,0.997918,1.000000,0.001033,0.997741,1.000000,0.006394,0.998346,1.000000
"Fiberglass GDS336 Grn Roofng",18728,ASDFRa,ChapterA_ArtificialMaterials,splib07a_Fiberglass_GDS336_Grn_Roofng_ASDFRa_AREF.txt,0.014239,0.983888,1.000000,0.007502,0.993350,1.000000,0.009010,0.995774,1.000000
"Fiberglass GDS337 Grn Roofng",18701,ASDFRa,ChapterA_ArtificialMaterials,splib07a_Fiberglass_GDS337_Grn_Roofng_ASDFRa_AREF.txt,0.014888,0.960395,1.000000,0.013841,0.986032,1.000000,0.012140,0.990688,1.000000
"Fiberglass GDS374 Pnk Insul",18737,ASDFRa,ChapterA_ArtificialMaterials,splib07a_Fiberglass_GDS374_Pnk_Insul_ASDFRa_AREF.txt,0.004789,0.998525,1.000000,0.001326,0.563158,1.000000,0.002681,0.763534,1.000000
"Fiberglass GDS399 Clear Roof",18710,ASDFRa,ChapterA_ArtificialMaterials,splib07a_Fiberglass_GDS399_Clear_Roof_ASDFRa_AREF.txt,0.009226,0.991194,1.000000,0.001033,0.352346,1.000000,0.013674,0.990799,1.000000
"Gadolinium_Nitrate_Hydrate",18746,ASDFRa,ChapterA_ArtificialMaterials,splib07a_Gadolinium_Nitrate_Hydrate_ASDFRa_AREF.txt,0.001526,0.935876,1.000000,0.007534,0.948789,1.000000,0.006372,0.992723,1.000000
"Gadolinium_Oxide A-5 SPEX",18755,ASDFRc,ChapterA_ArtificialMaterials,splib07a_Gadolinium_Oxide_A-5_SPEX_ASDFRc_AREF.txt,0.001650,0.999575,1.000000,0.001856,0.424524,1.000000,0.004804,0.996855,1.000000
"Gadolinium_Oxide JMC313",18764,ASDFRc,ChapterA_ArtificialMaterials,splib07a_Gadolinium_Oxide_JMC313_ASDFRc_AREF.txt,0.001633,0.998548,1.000000,0.002938,0.566360,1.000000,0.008420,0.994785,1.000000
"GalvanizedSheetMetal GDS334",18773,ASDFRa,ChapterA_ArtificialMaterials,splib07a_GalvanizedSheetMetal_GDS334_ASDFRa_AREF.txt,0.000357,0.998136,1.000000,0.000598,0.989472,1.000000,0.001072,0.992941,1.000000
"Holmium_Oxide 11281",18789,ASDFRa,ChapterA_ArtificialMaterials,splib07a_Holmium_Oxide_11281_ASDFRa_AREF.txt,0.059435,0.876974,1.000000,0.014158,0.893786,1.000000,0.022958,0.953348,1.000000
"IronPowder SA-209309 325mesh",18834,ASDFRa,ChapterA_ArtificialMaterials,splib07a_IronPowder_SA-209309_325mesh_ASDFRa_AREF.txt,0.000841,0.988358,1.000000,0.000453,0.996497,1.000000,0.000863,0.998953,1.000000
"Iron_Oxide SA-480665 gamma",18816,ASDHRa,ChapterA_ArtificialMaterials,splib07a_Iron_Oxide_SA-480665_gamma_ASDHRa_AREF.txt,0.008947,0.994063,1.000000,0.000739,0.998738,1.000000,0.001656,0.998024,1.000000
"Iron_Powder_SA-267953 <10 um",18825,ASDHRa,ChapterA_ArtificialMaterials,splib07a_Iron_Powder_SA-267953_lt10_um_ASDHRa_AREF.txt,0.001340,0.938380,1.000000,0.000620,0.990359,1.000000,0.000756,0.998855,1.000000
"Iron_Sulfide Cerac-I-1047",18843,ASDHRa,ChapterA_ArtificialMaterials,splib07a_Iron_Sulfide_Cerac-I-1047_ASDHRa_AREF.txt,0.000423,0.992377,1.000000,0.000159,0.996836,1.000000,0.000393,0.998697,1.000000
"Iron oxide_#4820 GDS782",18798,ASDFRa,ChapterA_ArtificialMaterials,splib07a_Iron_oxide_#4820_GDS782_ASDFRa_AREF.txt,0.004163,0.997543,1.000000,0.003468,0.997442,1.000000,0.004422,0.956657,1.000000
"Iron_oxide GDS810 (Mars) blk",18807,ASDFRa,ChapterA_ArtificialMaterials,splib07a_Iron_oxide_GDS810_(Mars)_blk_ASDFRa_AREF.txt,0.000181,1.000000,1.000000,0.000072,1.000000,1.000000,0.000072,0.998192,1.000000
"Italian_burnt_sienna GDS812",18852,ASDFRa,ChapterA_ArtificialMaterials,splib07a_Italian_burnt_sienna_GDS812_ASDFRa_AREF.txt,0.001596,0.999306,1.000000,0.001282,0.998632,1.000000,0.001781,0.991718,1.000000
"Italian_nat_sienna GDS805",18861,ASDFRa,ChapterA_ArtificialMaterials,splib07a_Italian_nat_sienna_GDS805_ASDFRa_AREF.txt,0.002313,0.999476,1.000000,0.001931,0.993895,1.000000,0.005628,0.991785,1.000000
"Lanthanum_Oxide 1271 SPEX",18877,ASDFRa,ChapterA_ArtificialMaterials,splib07a_Lanthanum_Oxide_1271_SPEX_ASDFRa_AREF.txt,0.001741,0.995913,1.000000,0.005779,0.752643,1.000000,0.012968,0.990735,1.000000
"Lazurite GDS792 RussianPrem",18886,ASDFRa,ChapterA_ArtificialMaterials,splib07a_Lazurite_GDS792_RussianPrem_ASDFRa_AREF.txt,0.014196,0.971459,1.000000,0.001276,0.999490,1.000000,0.003046,0.903363,1.000000
"Lead-tin_yellow GDS793",18895,ASDFRa,ChapterA_ArtificialMaterials,splib07a_Lead-tin_yellow_GDS793_ASDFRa_AREF.txt,0.013669,0.996868,1.000000,0.001363,0.965307,1.000000,0.001720,0.997325,1.000000
"Lead_White GDS796",18904,ASDFRa,ChapterA_ArtificialMaterials,splib07a_Lead_White_GDS796_ASDFRa_AREF.txt,0.002408,0.996124,1.000000,0.001363,0.906164,1.000000,0.006732,0.987320,1.000000
"Lutetium_Oxide LU60-2 SPEX",18913,ASDFRa,ChapterA_ArtificialMaterials,splib07a_Lutetium_Oxide_LU60-2_SPEX_ASDFRa_AREF.txt,0.001408,0.991821,1.000000,0.000625,0.731098,1.000000,0.002020,0.992858,1.000000
"Malachite GDS801 synthetic",18922,ASDFRa,ChapterA_ArtificialMaterials,splib07a_Malachite_GDS801_synthetic_ASDFRa_AREF.txt,0.004253,0.998498,1.000000,0.001236,0.998514,1.000000,0.005656,0.995557,1.000000
"Manganese_violet GDS804",18931,ASDFRa,ChapterA_ArtificialMaterials,splib07a_Manganese_violet_GDS804_ASDFRa_AREF.txt,0.016819,0.952447,1.000000,0.001283,0.986917,1.000000,0.007170,0.989981,1.000000
"Naples_yellow GDS787",18981,ASDFRa,ChapterA_ArtificialMaterials,splib07a_Naples_yellow_GDS787_ASDFRa_AREF.txt,0.007269,0.998726,1.000000,0.002314,0.986748,1.000000,0.002260,0.989570,1.000000
"Nat.Madder_Lake_Albas GDS784",18990,ASDFRa,ChapterA_ArtificialMaterials,splib07a_Nat.Madder_Lake_Albas_GDS784_ASDFRa_AREF.txt,0.011539,0.996428,1.000000,0.003225,0.996830,1.000000,0.008952,0.997033,1.000000
"Natural_umber GDS809 (raw)",18999,ASDFRa,ChapterA_ArtificialMaterials,splib07a_Natural_umber_GDS809_(raw)_ASDFRa_AREF.txt,0.000385,0.999511,1.000000,0.000429,0.988379,1.000000,0.000366,0.977230,1.000000
"Neodymium_Oxide GDS34B",19013,ASDFRa,ChapterA_ArtificialMaterials,splib07a_Neodymium_Oxide_GDS34B_ASDFRa_AREF.txt,0.037760,0.934415,1.000000,0.023098,0.981056,1.000000,0.015829,0.989573,1.000000
"Neodymium_Oxide ND64-1 SPEX",19035,ASDFRa,ChapterA_ArtificialMaterials,splib07a_Neodymium_Oxide_ND64-1_SPEX_ASDFRa_AREF.txt,0.034385,0.940077,1.000000,0.023822,0.978341,1.000000,0.015398,0.990638,1.000000
"Nickel_Powder SA-268283 <1um",19053,ASDFRa,ChapterA_ArtificialMaterials,splib07a_Nickel_Powder_SA-268283_lt1um_ASDFRa_AREF.txt,0.000366,0.998019,1.000000,0.000290,1.000000,1.000000,0.000295,0.958859,1.000000
"Nickel_Powder SA-577995 nano",19044,ASDFRa,ChapterA_ArtificialMaterials,splib07a_Nickel_Powder_SA-577995_nano_ASDFRa_AREF.txt,0.000501,0.811120,1.000000,0.000123,1.000000,1.000000,0.000138,1.000000,1.000000
"Nylon_Carpet GDS535 LtBrown",19062,ASDFRa,ChapterA_ArtificialMaterials,splib07a_Nylon_Carpet_GDS535_LtBrown_ASDFRa_AREF.txt,0.015167,0.989134,1.000000,0.001026,0.986924,1.000000,0.012602,0.992362,1.000000
"Nylon_Carpet GDS536 Gry Pile",19071,ASDFRa,ChapterA_ArtificialMaterials,splib07a_Nylon_Carpet_GDS536_Gry_Pile_ASDFRa_AREF.txt,0.007932,0.993853,1.000000,0.004139,0.976090,1.000000,0.012128,0.993777,1.000000
"Nylon_Fabric GDS431 Red RpSt",19080,ASDFRa,ChapterA_ArtificialMaterials,splib07a_Nylon_Fabric_GDS431_Red_RpSt_ASDFRa_AREF.txt,0.012942,0.996742,1.000000,0.001351,0.913498,1.000000,0.009194,0.987219,1.000000
"Nylon_Fabric GDS432 Grn RpSt",19089,ASDFRa,ChapterA_ArtificialMaterials,splib07a_Nylon_Fabric_GDS432_Grn_RpSt_ASDFRa_AREF.txt,0.008734,0.995990,1.000000,0.003538,0.626072,1.000000,0.010357,0.988691,1.000000
"Nylon_Fabric GDS433 Blu RpSt",19098,ASDFRa,ChapterA_ArtificialMaterials,splib07a_Nylon_Fabric_GDS433_Blu_RpSt_ASDFRa_AREF.txt,0.027927,0.976693,1.000000,0.000651,0.638141,1.000000,0.010210,0.988688,1.000000
"Nylon_Fabric GDS436 BlkCoatd",19107,ASDFRa,ChapterA_ArtificialMaterials,splib07a_Nylon_Fabric_GDS436_BlkCoatd_ASDFRa_AREF.txt,0.008915,0.986205,1.000000,0.004419,0.983059,1.000000,0.012062,0.989176,1.000000
"Nylon_Webbing GDS428 OlvDrab",19116,ASDFRa,ChapterA_ArtificialMaterials,splib07a_Nylon_Webbing_GDS428_OlvDrab_ASDFRa_AREF.txt,0.007273,0.997374,1.000000,0.006790,0.943428,1.000000,0.013093,0.993512,1.000000
"Nylon_Webbing GDS438 Flr Yel",19125,ASDFRa,ChapterA_ArtificialMaterials,splib07a_Nylon_Webbing_GDS438_Flr_Yel_ASDFRa_AREF.txt,0.039469,0.978520,1.000000,0.002934,0.928883,1.000000,0.013794,0.993686,1.000000
"Oil01_Water99 DWH10-3 28mm",19293,ASDHRb,ChapterA_ArtificialMaterials,splib07a_Oil01_Water99_DWH10-3_28mm_ASDHRb_AREF.txt,0.002008,0.999452,1.000000,0.004213,0.966423,1.000000,0.004522,0.992946,1.000000
"Oil01_Water99 DWH10-3 foam",19299,ASDHRb,ChapterA_ArtificialMaterials,splib07a_Oil01_Water99_DWH10-3_foam_ASDHRb_AREF.txt,0.001961,0.999093,1.000000,0.002627,0.991043,1.000000,0.002348,0.999461,1.000000
"Oil23_Water77 DWH10-3 .025mm",19309,ASDHRa,ChapterA_ArtificialMaterials,splib07a_Oil23_Water77_DWH10-3_.025mm_ASDHRa_AREF.txt,0.001237,0.999830,1.000000,0.001380,0.996512,1.000000,0.001491,0.999215,1.000000
"Oil23_Water77 DWH10-3 0.05mm",19315,ASDHRa,ChapterA_ArtificialMaterials,splib07a_Oil23_Water77_DWH10-3_0.05mm_ASDHRa_AREF.txt,0.001214,0.999875,1.000000,0.001554,0.994687,1.000000,0.001908,0.999276,1.000000
"Oil23_Water77 DWH10-3 0.1 mm",19321,ASDHRa,ChapterA_ArtificialMaterials,splib07a_Oil23_Water77_DWH10-3_0.1_mm_ASDHRa_AREF.txt,0.001482,0.999845,1.000000,0.001745,0.990225,1.000000,0.002361,0.999277,1.000000
"Oil23_Water77 DWH10-3 0.5 mm",19327,ASDHRa,ChapterA_ArtificialMaterials,splib07a_Oil23_Water77_DWH10-3_0.5_mm_ASDHRa_AREF.txt,0.002145,0.999696,1.000000,0.002672,0.985212,1.000000,0.003994,0.999207,1.000000
"Oil23_Water77 DWH10-3 1.85mm",19333,ASDHRa,ChapterA_ArtificialMaterials,splib07a_Oil23_Water77_DWH10-3_1.85mm_ASDHRa_AREF.txt,0.002695,0.999573,1.000000,0.001927,0.997961,1.000000,0.004027,0.999432,1.000000
"Oil23_Water77 DWH10-3 4 mm",19339,ASDHRa,ChapterA_ArtificialMaterials,splib07a_Oil23_Water77_DWH10-3_4_mm_ASDHRa_AREF.txt,0.002501,0.999614,1.000000,0.001986,0.997795,1.000000,0.004161,0.999346,1.000000
"Oil23_Water77 DWH10-3 8 mm",19345,ASDHRa,ChapterA_ArtificialMaterials,splib07a_Oil23_Water77_DWH10-3_8_mm_ASDHRa_AREF.txt,0.002708,0.999593,1.000000,0.001937,0.997851,1.000000,0.004297,0.999335,1.000000
"Oil40_Water60 DWH10-3 0.05mm",19355,ASDHRa,ChapterA_ArtificialMaterials,splib07a_Oil40_Water60_DWH10-3_0.05mm_ASDHRa_AREF.txt,0.001513,0.999774,1.000000,0.001053,0.990850,1.000000,0.001650,0.999148,1.000000
"Oil40_Water60 DWH10-3 0.1 mm",19361,ASDHRa,ChapterA_ArtificialMaterials,splib07a_Oil40_Water60_DWH10-3_0.1_mm_ASDHRa_AREF.txt,0.001864,0.999772,1.000000,0.001645,0.871063,1.000000,0.003334,0.998938,1.000000
"Oil40_Water60 DWH10-3 0.5 mm",19367,ASDHRa,ChapterA_ArtificialMaterials,splib07a_Oil40_Water60_DWH10-3_0.5_mm_ASDHRa_AREF.txt,0.002677,0.999605,1.000000,0.002372,0.995698,1.000000,0.004797,0.999090,1.000000
"Oil40_Water60 DWH10-3 1.85mm",19373,ASDHRa,ChapterA_ArtificialMaterials,splib07a_Oil40_Water60_DWH10-3_1.85mm_ASDHRa_AREF.txt,0.003204,0.999476,1.000000,0.002047,0.998601,1.000000,0.005203,0.999200,1.000000
"Oil40_Water60 DWH10-3 4 mm",19379,ASDHRa,ChapterA_ArtificialMaterials,splib07a_Oil40_Water60_DWH10-3_4_mm_ASDHRa_AREF.txt,0.003116,0.999493,1.000000,0.001918,0.998676,1.000000,0.004893,0.999288,1.000000
"Oil40_Water60 DWH10-3 8 mm",19385,ASDHRa,ChapterA_ArtificialMaterials,splib07a_Oil40_Water60_DWH10-3_8_mm_ASDHRa_AREF.txt,0.003002,0.999541,1.000000,0.002196,0.998376,1.000000,0.005163,0.999196,1.000000
"Oil60_Water40 DWH10-3 .025mm",19395,ASDHRa,ChapterA_ArtificialMaterials,splib07a_Oil60_Water40_DWH10-3_.025mm_ASDHRa_AREF.txt,0.001223,0.998925,1.000000,0.000414,0.908625,1.000000,0.000816,0.994891,1.000000
"Oil60_Water40 DWH10-3 0.05mm",19401,ASDHRa,ChapterA_ArtificialMaterials,splib07a_Oil60_Water40_DWH10-3_0.05mm_ASDHRa_AREF.txt,0.001530,0.999161,1.000000,0.000733,0.922236,1.000000,0.001538,0.996686,1.000000
"Oil60_Water40 DWH10-3 0.1 mm",19407,ASDHRa,ChapterA_ArtificialMaterials,splib07a_Oil60_Water40_DWH10-3_0.1_mm_ASDHRa_AREF.txt,0.002170,0.998706,1.000000,0.001045,0.989991,1.000000,0.002741,0.997205,1.000000
"Oil60_Water40 DWH10-3 0.5 mm",19413,ASDHRa,ChapterA_ArtificialMaterials,splib07a_Oil60_Water40_DWH10-3_0.5_mm_ASDHRa_AREF.txt,0.002515,0.998214,1.000000,0.001386,0.999062,1.000000,0.005529,0.997003,1.000000
"Oil60_Water40 DWH10-3 1.85mm",19419,ASDHRa,ChapterA_ArtificialMaterials,splib07a_Oil60_Water40_DWH10-3_1.85mm_ASDHRa_AREF.txt,0.002633,0.997911,1.000000,0.001711,0.999220,1.000000,0.007193,0.996283,1.000000
"Oil60_Water40 DWH10-3 4 mm",19425,ASDHRa,ChapterA_ArtificialMaterials,splib07a_Oil60_Water40_DWH10-3_4_mm_ASDHRa_AREF.txt,0.003299,0.997738,1.000000,0.002017,0.999252,1.000000,0.008242,0.996692,1.000000
"Oil60_Water40 DWH10-3 8 mm",19431,ASDHRa,ChapterA_ArtificialMaterials,splib07a_Oil60_Water40_DWH10-3_8_mm_ASDHRa_AREF.txt,0.003191,0.998174,1.000000,0.001944,0.999266,1.000000,0.007914,0.997026,1.000000
"Oil75_Water25 DWH10-3 8 mm",19441,ASDHRa,ChapterA_ArtificialMaterials,splib07a_Oil75_Water25_DWH10-3_8_mm_ASDHRa_AREF.txt,0.001646,0.999393,1.000000,0.001189,0.999278,1.000000,0.007896,0.995688,1.000000
"Oil92_Water08 DWH10-3 0.05mm",19451,ASDHRa,ChapterA_ArtificialMaterials,splib07a_Oil92_Water08_DWH10-3_0.05mm_ASDHRa_AREF.txt,0.000196,0.998935,1.000000,0.000089,1.000000,1.000000,0.000233,0.978743,1.000000
"Oil92_Water08 DWH10-3 0.1 mm",19457,ASDHRa,ChapterA_ArtificialMaterials,splib07a_Oil92_Water08_DWH10-3_0.1_mm_ASDHRa_AREF.txt,0.000529,0.994244,1.000000,0.000194,0.995841,1.000000,0.000495,0.993400,1.000000
"Oil92_Water08 DWH10-3 0.5 mm",19463,ASDHRa,ChapterA_ArtificialMaterials,splib07a_Oil92_Water08_DWH10-3_0.5_mm_ASDHRa_AREF.txt,0.000284,0.986102,1.000000,0.001661,0.990631,1.000000,0.002097,0.993273,1.000000
"Oil92_Water08 DWH10-3 1.85mm",19469,ASDHRa,ChapterA_ArtificialMaterials,splib07a_Oil92_Water08_DWH10-3_1.85mm_ASDHRa_AREF.txt,0.000063,0.996836,1.000000,0.001780,0.975346,1.000000,0.005257,0.971447,1.000000
"Oil92_Water08 DWH10-3 4 mm",19475,ASDHRa,ChapterA_ArtificialMaterials,splib07a_Oil92_Water08_DWH10-3_4_mm_ASDHRa_AREF.txt,0.000102,0.997411,1.000000,0.000450,0.994471,1.000000,0.003803,0.965340,1.000000
"Oil_BlackPoolonBeach DWO-06b",19135,ASDFRa,ChapterA_ArtificialMaterials,splib07a_Oil_BlackPoolonBeach_DWO-06b_ASDFRa_AREF.txt,0.002072,0.856937,1.000000,0.000653,0.998030,1.000000,0.009887,0.944770,1.000000
"Oil_Water_Benzene10 DWH10-3",19485,ASDHRa,ChapterA_ArtificialMaterials,splib07a_Oil_Water_Benzene10_DWH10-3_ASDHRa_AREF.txt,0.003212,0.997588,1.000000,0.001987,0.999239,1.000000,0.007873,0.996524,1.000000
"Oil_Water_Benzene17 DWH10-3",19491,ASDHRa,ChapterA_ArtificialMaterials,splib07a_Oil_Water_Benzene17_DWH10-3_ASDHRa_AREF.txt,0.003218,0.997454,1.000000,0.001998,0.999252,1.000000,0.008359,0.996021,1.000000
"Oil_waterEmuls. DWO-3-BAT-09",19145,ASDFRa,ChapterA_ArtificialMaterials,splib07a_Oil_waterEmuls._DWO-3-BAT-09_ASDFRa_AREF.txt,0.007576,0.741058,1.000000,0.001224,0.982946,1.000000,0.007588,0.961885,1.000000
"OiledMarshPlant DWO-2-BAT-08",19185,ASDFRa,ChapterA_ArtificialMaterials,splib07a_OiledMarshPlant_DWO-2-BAT-08_ASDFRa_AREF.txt,0.001133,0.998838,1.000000,0.000849,0.998556,1.000000,0.001963,0.998896,1.000000
"OiledMarshPlant DWO-2-BAT-09",19195,ASDFRa,ChapterA_ArtificialMaterials,splib07a_OiledMarshPlant_DWO-2-BAT-09_ASDFRa_AREF.txt,0.001788,0.998890,1.000000,0.001570,0.997516,1.000000,0.002071,0.999444,1.000000
"OiledMarshPlant DWO-2-DEL-04",19205,ASDFRa,ChapterA_ArtificialMaterials,splib07a_OiledMarshPlant_DWO-2-DEL-04_ASDFRa_AREF.txt,0.001694,0.999398,1.000000,0.001496,0.997868,1.000000,0.002891,0.999200,1.000000
"Oiled_P.austral. DWO-3-DEL-1",19215,ASDFRa,ChapterA_ArtificialMaterials,splib07a_Oiled_P.austral._DWO-3-DEL-1_ASDFRa_AREF.txt,0.016465,0.946422,1.000000,0.001683,0.998575,1.000000,0.020255,0.985077,1.000000
"Oiled_S.altern. DWO-3-BAT-06",19231,ASDFRa,ChapterA_ArtificialMaterials,splib07a_Oiled_S.altern._DWO-3-BAT-06_ASDFRa_AREF.txt,0.007284,0.785207,1.000000,0.000557,0.996936,1.000000,0.007250,0.986102,1.000000
"Oiled_marsh DWO-3-BAT-06",19155,ASDFRa,ChapterA_ArtificialMaterials,splib07a_Oiled_marsh_DWO-3-BAT-06_ASDFRa_AREF.txt,0.000950,0.997838,1.000000,0.001390,0.998386,1.000000,0.021693,0.939860,1.000000
"Oiled_marsh DWO-3-BAT-09",19165,ASDFRa,ChapterA_ArtificialMaterials,splib07a_Oiled_marsh_DWO-3-BAT-09_ASDFRa_AREF.txt,0.005068,0.897586,1.000000,0.001165,0.998391,1.000000,0.010233,0.975948,1.000000
"Oiled_marsh_dry DWO-3-BAT-09",19175,ASDFRa,ChapterA_ArtificialMaterials,splib07a_Oiled_marsh_dry_DWO-3-BAT-09_ASDFRa_AREF.txt,0.001086,0.998764,1.000000,0.001922,0.997978,1.000000,0.020161,0.966930,1.000000
"Oiled_sand_area GrndIsle",19246,ASDFRa,ChapterA_ArtificialMaterials,splib07a_Oiled_sand_area_GrndIsle_ASDFRa_AREF.txt,0.004548,0.880349,1.000000,0.000562,0.997759,1.000000,0.009394,0.974791,1.000000
"Oiled_sand_brown GrndIsle",19277,ASDFRa,ChapterA_ArtificialMaterials,splib07a_Oiled_sand_brown_GrndIsle_ASDFRa_AREF.txt,0.005415,0.929182,1.000000,0.000691,0.997127,1.000000,0.016061,0.961785,1.000000
"Oiled_sand_dark GrndIsle",19262,ASDFRa,ChapterA_ArtificialMaterials,splib07a_Oiled_sand_dark_GrndIsle_ASDFRa_AREF.txt,0.006212,0.917390,1.000000,0.000606,0.996784,1.000000,0.013816,0.969476,1.000000
"Oxide_of_chromium GDS795",19500,ASDFRa,ChapterA_ArtificialMaterials,splib07a_Oxide_of_chromium_GDS795_ASDFRa_AREF.txt,0.014448,0.957030,1.000000,0.002615,0.825031,1.000000,0.001223,0.994318,1.000000
"Painted_Aluminum GDS333 LgGr",19509,ASDFRa,ChapterA_ArtificialMaterials,splib07a_Painted_Aluminum_GDS333_LgGr_ASDFRa_AREF.txt,0.006792,0.997584,1.000000,0.002074,0.993799,1.000000,0.003164,0.992738,1.000000
"Paper_Cotton_Bond PAPR1 100%",19518,ASDFRa,ChapterA_ArtificialMaterials,splib07a_Paper_Cotton_Bond_PAPR1_100%_ASDFRa_AREF.txt,0.074885,0.960530,1.000000,0.065493,0.965749,1.000000,0.007261,0.995693,1.000000
"Particle_Board GDS364 Fn Gr",19527,ASDFRa,ChapterA_ArtificialMaterials,splib07a_Particle_Board_GDS364_Fn_Gr_ASDFRa_AREF.txt,0.002045,0.999804,1.000000,0.002742,0.996142,1.000000,0.004396,0.999053,1.000000
"PhosphoricAcid SA-466123 80K",19536,ASDFRa,ChapterA_ArtificialMaterials,splib07a_PhosphoricAcid_SA-466123_80K_ASDFRa_AREF.txt,0.003085,0.992124,1.000000,0.002579,0.979802,1.000000,0.008059,0.998163,1.000000
"Phthalocyaninie_blue GDS799",19545,ASDFRa,ChapterA_ArtificialMaterials,splib07a_Phthalocyaninie_blue_GDS799_ASDFRa_AREF.txt,0.009081,0.859637,1.000000,0.012818,0.981871,1.000000,0.014372,0.939278,1.000000
"Plastic_ABS GDS341 BlackPipe",19559,ASDFRa,ChapterA_ArtificialMaterials,splib07a_Plastic_ABS_GDS341_BlackPipe_ASDFRa_AREF.txt,0.000117,0.994816,1.000000,0.000087,1.000000,1.000000,0.001113,0.877967,1.000000
"Plastic_HDPE GDS351 BlkSheet",19568,ASDFRa,ChapterA_ArtificialMaterials,splib07a_Plastic_HDPE_GDS351_BlkSheet_ASDFRa_AREF.txt,0.000493,0.996534,1.000000,0.000440,0.976561,1.000000,0.000669,0.993055,1.000000
"Plastic_HDPE GDS373 Grey Bag",19595,ASDFRa,ChapterA_ArtificialMaterials,splib07a_Plastic_HDPE_GDS373_Grey_Bag_ASDFRa_AREF.txt,0.003289,0.998319,1.000000,0.001335,0.842143,1.000000,0.003980,0.943628,1.000000
"Plastic_HDPE GDS384 Wht Opaq",19604,ASDFRa,ChapterA_ArtificialMaterials,splib07a_Plastic_HDPE_GDS384_Wht_Opaq_ASDFRa_AREF.txt,0.009766,0.997717,1.000000,0.004581,0.958790,1.000000,0.012203,0.996459,1.000000
"Plastic_HDPE GDS385 WhTransl",19613,ASDFRa,ChapterA_ArtificialMaterials,splib07a_Plastic_HDPE_GDS385_WhTransl_ASDFRa_AREF.txt,0.012727,0.993311,1.000000,0.004371,0.980565,1.000000,0.018398,0.988288,1.000000
"Plastic_HDPE GDS386 Yelopaqu",19622,ASDFRa,ChapterA_ArtificialMaterials,splib07a_Plastic_HDPE_GDS386_Yelopaqu_ASDFRa_AREF.txt,0.008235,0.998512,1.000000,0.003841,0.986205,1.000000,0.012180,0.995042,1.000000
"Plastic_HDPE GDS387 WhTransl",19631,ASDFRa,ChapterA_ArtificialMaterials,splib07a_Plastic_HDPE_GDS387_WhTransl_ASDFRa_AREF.txt,0.006716,0.997393,1.000000,0.001605,0.995038,1.000000,0.008152,0.995011,1.000000
"Plastic_HDPE GDS389 WhTransl",19640,ASDFRa,ChapterA_ArtificialMaterials,splib07a_Plastic_HDPE_GDS389_WhTransl_ASDFRa_AREF.txt,0.002940,0.996627,1.000000,0.001660,0.990894,1.000000,0.003777,0.994338,1.000000
"Plastic_HDPE GDS390 Transpar",19649,ASDFRa,ChapterA_ArtificialMaterials,splib07a_Plastic_HDPE_GDS390_Transpar_ASDFRa_AREF.txt,0.001806,0.000000,1.000000,0.001015,0.000000,1.000000,0.003709,0.935908,1.000000
"Plastic_HDPE GDS391 Blu-Grn",19577,ASDFRa,ChapterA_ArtificialMaterials,splib07a_Plastic_HDPE_GDS391_Blu-Grn_ASDFRa_AREF.txt,0.010822,0.975406,1.000000,0.005148,0.979294,1.000000,0.004366,0.935473,1.000000
"Plastic_HDPE GDS392 WhTransl",19658,ASDFRa,ChapterA_ArtificialMaterials,splib07a_Plastic_HDPE_GDS392_WhTransl_ASDFRa_AREF.txt,0.005085,0.997982,1.000000,0.001180,0.978801,1.000000,0.004017,0.968263,1.000000
"Plastic_HDPE GDS393 GlosWhTr",19586,ASDFRa,ChapterA_ArtificialMaterials,splib07a_Plastic_HDPE_GDS393_GlosWhTr_ASDFRa_AREF.txt,0.007519,0.996962,1.000000,0.001120,0.993391,1.000000,0.005422,0.981814,1.000000
"Plastic_HDPE GDS394 LgryTrns",19667,ASDFRa,ChapterA_ArtificialMaterials,splib07a_Plastic_HDPE_GDS394_LgryTrns_ASDFRa_AREF.txt,0.003118,0.998245,1.000000,0.001398,0.000000,1.000000,0.004325,0.935883,1.000000
"Plastic_HDPE GDS400 WhTrnslu",19676,ASDFRa,ChapterA_ArtificialMaterials,splib07a_Plastic_HDPE_GDS400_WhTrnslu_ASDFRa_AREF.txt,0.002367,0.990640,1.000000,0.002352,0.983015,1.000000,0.016046,0.987928,1.000000
"Plastic_LDPE GDS401 Clr film",19703,ASDFRa,ChapterA_ArtificialMaterials,splib07a_Plastic_LDPE_GDS401_Clr_film_ASDFRa_AREF.txt,0.001606,-1.000000,1.000000,0.001239,0.000000,1.000000,0.002101,0.962467,1.000000
"Plastic_LDPE GDS402 Clr film",19685,ASDFRa,ChapterA_ArtificialMaterials,splib07a_Plastic_LDPE_GDS402_Clr_film_ASDFRa_AREF.txt,0.002225,0.299661,1.000000,0.001259,0.000000,1.000000,0.008958,0.971952,1.000000
"Plastic_LDPE GDS404 WhTrnslu",19712,ASDFRa,ChapterA_ArtificialMaterials,splib07a_Plastic_LDPE_GDS404_WhTrnslu_ASDFRa_AREF.txt,0.011503,0.996417,1.000000,0.002155,0.959537,1.000000,0.009644,0.994875,1.000000
"Plastic_LDPE GDS405 Black",19694,ASDFRa,ChapterA_ArtificialMaterials,splib07a_Plastic_LDPE_GDS405_Black_ASDFRa_AREF.txt,0.000134,0.985922,1.000000,0.000057,1.000000,1.000000,0.000815,0.862130,1.000000
"Plastic_LDPE GDS406 WhTrnslu",19721,ASDFRa,ChapterA_ArtificialMaterials,splib07a_Plastic_LDPE_GDS406_WhTrnslu_ASDFRa_AREF.txt,0.011525,0.997576,1.000000,0.003074,0.981220,1.000000,0.013241,0.996769,1.000000
"Plastic_PETE GDS379 TrnslBrn",19730,ASDFRa,ChapterA_ArtificialMaterials,splib07a_Plastic_PETE_GDS379_TrnslBrn_ASDFRa_AREF.txt,0.009870,0.993900,1.000000,0.001338,0.368237,1.000000,0.014769,0.987094,1.000000
"Plastic_PETE GDS380 Clear",19739,ASDFRa,ChapterA_ArtificialMaterials,splib07a_Plastic_PETE_GDS380_Clear_ASDFRa_AREF.txt,0.004128,0.993976,1.000000,0.001313,0.589934,1.000000,0.022012,0.984771,1.000000
"Plastic_PETE GDS381 Clr-prpl",19748,ASDFRa,ChapterA_ArtificialMaterials,splib07a_Plastic_PETE_GDS381_Clr-prpl_ASDFRa_AREF.txt,0.008415,0.992129,1.000000,0.002652,0.768826,1.000000,0.017548,0.987874,1.000000
"Plastic_PETE GDS382 Black",19757,ASDFRa,ChapterA_ArtificialMaterials,splib07a_Plastic_PETE_GDS382_Black_ASDFRa_AREF.txt,0.000486,0.987048,1.000000,0.000262,1.000000,1.000000,0.000352,0.997895,1.000000
"Plastic_PETE GDS383 Clrbluis",19766,ASDFRa,ChapterA_ArtificialMaterials,splib07a_Plastic_PETE_GDS383_Clrbluis_ASDFRa_AREF.txt,0.017711,0.962385,1.000000,0.001137,0.425243,1.000000,0.015831,0.987610,1.000000
"Plastic_PVC GDS338 White",19775,ASDFRa,ChapterA_ArtificialMaterials,splib07a_Plastic_PVC_GDS338_White_ASDFRa_AREF.txt,0.007088,0.998376,1.000000,0.003337,0.945878,1.000000,0.011553,0.996825,1.000000
"Plastic_Pipe GDS342 Black",19784,ASDFRa,ChapterA_ArtificialMaterials,splib07a_Plastic_Pipe_GDS342_Black_ASDFRa_AREF.txt,0.000145,1.000000,1.000000,0.000141,1.000000,1.000000,0.002534,0.819570,1.000000
"Plastic_Pipe GDS344 Blue",19793,ASDFRa,ChapterA_ArtificialMaterials,splib07a_Plastic_Pipe_GDS344_Blue_ASDFRa_AREF.txt,0.017680,0.984952,1.000000,0.004969,0.893752,1.000000,0.013179,0.995971,1.000000
"Plastic_Tarp GDS339 Green",19802,ASDFRa,ChapterA_ArtificialMaterials,splib07a_Plastic_Tarp_GDS339_Green_ASDFRa_AREF.txt,0.045347,0.849398,1.000000,0.003572,0.898221,1.000000,0.013085,0.992176,1.000000
"Plastic_Tarp GDS340 Blu_Wovn",19811,ASDFRa,ChapterA_ArtificialMaterials,splib07a_Plastic_Tarp_GDS340_Blu_Wovn_ASDFRa_AREF.txt,0.013649,0.978871,1.000000,0.017446,0.951489,1.000000,0.011562,0.993232,1.000000
"Plastic_Tyvek GDS369 White",19820,ASDFRa,ChapterA_ArtificialMaterials,splib07a_Plastic_Tyvek_GDS369_White_ASDFRa_AREF.txt,0.002472,0.971968,1.000000,0.001164,0.986803,1.000000,0.010772,0.988186,1.000000
"Plastic_Vinyl GDS372 White",19829,ASDFRa,ChapterA_ArtificialMaterials,splib07a_Plastic_Vinyl_GDS372_White_ASDFRa_AREF.txt,0.010518,0.997465,1.000000,0.001446,0.992328,1.000000,0.006699,0.997824,1.000000
"Plastic_Vinyl GDS395 Clr1mm",19838,ASDFRa,ChapterA_ArtificialMaterials,splib07a_Plastic_Vinyl_GDS395_Clr1mm_ASDFRa_AREF.txt,0.005248,0.991024,1.000000,0.001226,0.908432,1.000000,0.013591,0.993202,1.000000
"Plastic_Vinyl GDS396 Clr1mm",19847,ASDFRa,ChapterA_ArtificialMaterials,splib07a_Plastic_Vinyl_GDS396_Clr1mm_ASDFRa_AREF.txt,0.004195,0.988811,1.000000,0.001197,0.785762,1.000000,0.013195,0.992940,1.000000
"Plastic_Vinyl GDS397 Cl0.4mm",19856,ASDFRa,ChapterA_ArtificialMaterials,splib07a_Plastic_Vinyl_GDS397_Cl0.4mm_ASDFRa_AREF.txt,0.003145,0.996728,1.000000,0.001582,-0.591277,1.000000,0.010178,0.993521,1.000000
"Plastic_Vinyl GDS398 Red Toy",19865,ASDFRa,ChapterA_ArtificialMaterials,splib07a_Plastic_Vinyl_GDS398_Red_Toy_ASDFRa_AREF.txt,0.029334,0.989297,1.000000,0.006620,0.965302,1.000000,0.014438,0.990621,1.000000
"Plastic_Visqueen GDS370 Clr",19874,ASDFRa,ChapterA_ArtificialMaterials,splib07a_Plastic_Visqueen_GDS370_Clr_ASDFRa_AREF.txt,0.001855,0.955455,1.000000,0.000672,0.835974,1.000000,0.010886,0.985518,1.000000
"Plywood GDS365 Fresh Pine",19883,ASDFRa,ChapterA_ArtificialMaterials,splib07a_Plywood_GDS365_Fresh_Pine_ASDFRa_AREF.txt,0.002959,0.999818,1.000000,0.001998,0.993440,1.000000,0.004788,0.998913,1.000000
"Polyester_Pile GDS434 Blk",19892,ASDFRa,ChapterA_ArtificialMaterials,splib07a_Polyester_Pile_GDS434_Blk_ASDFRa_AREF.txt,0.020053,0.986462,1.000000,0.004996,0.870797,1.000000,0.013294,0.992415,1.000000
"Polyester_Pile GDS435 DkGrn",19901,ASDFRa,ChapterA_ArtificialMaterials,splib07a_Polyester_Pile_GDS435_DkGrn_ASDFRa_AREF.txt,0.013222,0.992610,1.000000,0.002412,0.754517,1.000000,0.011139,0.991335,1.000000
"Polyester_Webbing GDS429 Blk",19910,ASDFRa,ChapterA_ArtificialMaterials,splib07a_Polyester_Webbing_GDS429_Blk_ASDFRa_AREF.txt,0.016834,0.974622,1.000000,0.002791,0.994748,1.000000,0.011982,0.993051,1.000000
"Polystyrene GDS345 BluInsul",19919,ASDFRa,ChapterA_ArtificialMaterials,splib07a_Polystyrene_GDS345_BluInsul_ASDFRa_AREF.txt,0.017899,0.974082,1.000000,0.002598,0.902471,1.000000,0.014989,0.987246,1.000000
"Potassium_Sulfate JT1-3282",19928,ASDHRa,ChapterA_ArtificialMaterials,splib07a_Potassium_Sulfate_JT1-3282_ASDHRa_AREF.txt,0.001534,0.995299,1.000000,0.000775,0.541663,1.000000,0.001717,0.982296,1.000000
"Praseodymium_Chloride_39386",19937,ASDFRa,ChapterA_ArtificialMaterials,splib07a_Praseodymium_Chloride_39386_ASDFRa_AREF.txt,0.051145,0.914884,1.000000,0.025066,0.946676,1.000000,0.021705,0.992302,1.000000
"Praseodymium_Nitrate_Hexahyd",19946,ASDFRa,ChapterA_ArtificialMaterials,splib07a_Praseodymium_Nitrate_Hexahyd_ASDFRa_AREF.txt,0.049564,0.933755,1.000000,0.006844,0.995811,1.000000,0.011230,0.994255,1.000000
"Praseodymium_Oxide GDS35",19961,ASDFRc,ChapterA_ArtificialMaterials,splib07a_Praseodymium_Oxide_GDS35_ASDFRc_AREF.txt,0.000996,0.982180,1.000000,0.001830,0.995161,1.000000,0.014669,0.987508,1.000000
"Praseodymium_Oxide PR62 SPEX",19983,ASDFRc,ChapterA_ArtificialMaterials,splib07a_Praseodymium_Oxide_PR62_SPEX_ASDFRc_AREF.txt,0.000562,0.989749,1.000000,0.001307,0.996163,1.000000,0.015580,0.982644,1.000000
"Prussian_blue GDS802",19992,ASDFRa,ChapterA_ArtificialMaterials,splib07a_Prussian_blue_GDS802_ASDFRa_AREF.txt,0.000752,0.957570,1.000000,0.000119,0.991355,1.000000,0.011041,0.980141,1.000000
"Roofing_Felt GDS377 Black",20015,ASDFRa,ChapterA_ArtificialMaterials,splib07a_Roofing_Felt_GDS377_Black_ASDFRa_AREF.txt,0.000167,0.996390,1.000000,0.000242,0.998765,1.000000,0.001138,0.996739,1.000000
"Rusted_Tin_Can GDS378 MV99-6",20024,ASDFRa,ChapterA_ArtificialMaterials,splib07a_Rusted_Tin_Can_GDS378_MV99-6_ASDFRa_AREF.txt,0.000598,0.999844,1.000000,0.000521,0.993720,1.000000,0.001376,0.995557,1.000000
"Samarium_Oxide B-5 SPEX",20060,ASDFRa,ChapterA_ArtificialMaterials,splib07a_Samarium_Oxide_B-5_SPEX_ASDFRa_AREF.txt,0.035733,0.917331,1.000000,0.015739,0.985285,1.000000,0.024061,0.958832,1.000000
"Samarium_Oxide GDS36",20038,ASDFRa,ChapterA_ArtificialMaterials,splib07a_Samarium_Oxide_GDS36_ASDFRa_AREF.txt,0.041165,0.906393,1.000000,0.016202,0.987055,1.000000,0.024695,0.959177,1.000000
"Scandium_Oxide J.M. 300 S575",20069,ASDFRa,ChapterA_ArtificialMaterials,splib07a_Scandium_Oxide_J.M._300_S575_ASDFRa_AREF.txt,0.001192,0.999297,1.000000,0.000642,0.875065,1.000000,0.002928,0.997726,1.000000
"Sheet_Metal GDS352 crg Galvn",20078,ASDFRa,ChapterA_ArtificialMaterials,splib07a_Sheet_Metal_GDS352_crg_Galvn_ASDFRa_AREF.txt,0.000891,0.997499,1.000000,0.002070,0.989582,1.000000,0.003825,0.992467,1.000000
"Sodium_Sulfate JT1-3989",20088,ASDHRc,ChapterA_ArtificialMaterials,splib07a_Sodium_Sulfate_JT1-3989_ASDHRc_AREF.txt,0.001505,0.993916,1.000000,0.000661,0.845050,1.000000,0.001716,0.960687,1.000000
"Spectralon99WhiteRef LSPHERE",20097,ASDFRa,ChapterA_ArtificialMaterials,splib07a_Spectralon99WhiteRef_LSPHERE_ASDFRa_AREF.txt,0.001922,-1.000000,1.000000,0.000785,1.000000,1.000000,0.002132,0.983062,1.000000
"Strand_Board GDS362 Oriented",20106,ASDFRa,ChapterA_ArtificialMaterials,splib07a_Strand_Board_GDS362_Oriented_ASDFRa_AREF.txt,0.001750,0.999538,1.000000,0.000911,0.998181,1.000000,0.002499,0.998051,1.000000
"Tar_Paper GDS285A New Blk",20115,ASDFRa,ChapterA_ArtificialMaterials,splib07a_Tar_Paper_GDS285A_New_Blk_ASDFRa_AREF.txt,0.000153,0.977747,1.000000,0.000149,0.997132,1.000000,0.000809,0.996419,1.000000
"Tar_Paper GDS285B Weath Blk",20124,ASDFRa,ChapterA_ArtificialMaterials,splib07a_Tar_Paper_GDS285B_Weath_Blk_ASDFRa_AREF.txt,0.000283,0.999201,1.000000,0.000485,0.998720,1.000000,0.002274,0.994522,1.000000
"Terbium_(III)_Chloride 35798",20133,ASDFRa,ChapterA_ArtificialMaterials,splib07a_Terbium_(III)_Chloride_35798_ASDFRa_AREF.txt,0.023075,0.910918,1.000000,0.000683,0.889811,1.000000,0.017989,0.994046,1.000000
"Terbium_Oxide 10917 G17T013",20142,ASDFRa,ChapterA_ArtificialMaterials,splib07a_Terbium_Oxide_10917_G17T013_ASDFRa_AREF.txt,0.000710,0.996464,1.000000,0.001417,0.998020,1.000000,0.004177,0.999066,1.000000
"Terra_Pozzuoli GDS806",20151,ASDFRa,ChapterA_ArtificialMaterials,splib07a_Terra_Pozzuoli_GDS806_ASDFRa_AREF.txt,0.003692,0.999063,1.000000,0.002394,0.996270,1.000000,0.004573,0.987889,1.000000
"Terrycloth_Fabric GDS537 Yel",20160,ASDFRa,ChapterA_ArtificialMaterials,splib07a_Terrycloth_Fabric_GDS537_Yel_ASDFRa_AREF.txt,0.004493,0.998841,1.000000,0.001879,0.744973,1.000000,0.005797,0.997119,1.000000
"Thulium_Oxide J.M. 318 S4939",20169,ASDFRa,ChapterA_ArtificialMaterials,splib07a_Thulium_Oxide_J.M._318_S4939_ASDFRa_AREF.txt,0.042896,0.805979,1.000000,0.018016,0.968808,1.000000,0.015757,0.964319,1.000000
"Titanium_dioxide GDS798 TiO2",20178,ASDFRa,ChapterA_ArtificialMaterials,splib07a_Titanium_dioxide_GDS798_TiO2_ASDFRa_AREF.txt,0.007653,0.998017,1.000000,0.000693,0.934545,1.000000,0.001631,0.998951,1.000000
"Ultramarine GDS791 sy vdark",20187,ASDFRa,ChapterA_ArtificialMaterials,splib07a_Ultramarine_GDS791_sy_vdark_ASDFRa_AREF.txt,0.018909,0.952772,1.000000,0.001425,0.999497,1.000000,0.003080,0.941740,1.000000
"Venetian_red GDS783",20196,ASDFRa,ChapterA_ArtificialMaterials,splib07a_Venetian_red_GDS783_ASDFRa_AREF.txt,0.003598,0.998613,1.000000,0.002616,0.997394,1.000000,0.006339,0.985019,1.000000
"Verdigris GDS789",20205,ASDFRa,ChapterA_ArtificialMaterials,splib07a_Verdigris_GDS789_ASDFRa_AREF.txt,0.010998,0.938453,1.000000,0.000621,0.991009,1.000000,0.017958,0.977960,1.000000
"Vermiculite+0wt%amph. GDS327",20740,ASDFRb,ChapterA_ArtificialMaterials,splib07a_Vermiculite+0wt%amph._GDS327_ASDFRb_AREF.txt,0.001323,0.999417,1.000000,0.001278,0.977715,1.000000,0.002783,0.997067,1.000000
"Vermiculite+1wt%amph. GDS451",20746,ASDFRb,ChapterA_ArtificialMaterials,splib07a_Vermiculite+1wt%amph._GDS451_ASDFRb_AREF.txt,0.001743,0.999299,1.000000,0.001488,0.976040,1.000000,0.003091,0.997485,1.000000
"Vermiculite+5wt%amph. GDS454",20752,ASDFRb,ChapterA_ArtificialMaterials,splib07a_Vermiculite+5wt%amph._GDS454_ASDFRb_AREF.txt,0.001518,0.999124,1.000000,0.001288,0.966592,1.000000,0.002697,0.997211,1.000000
"Vermiculite ALB006CH01 exOre",20216,ASDFRb,ChapterA_ArtificialMaterials,splib07a_Vermiculite_ALB006CH01_exOre_ASDFRb_AREF.txt,0.002367,0.999509,1.000000,0.001755,0.952382,1.000000,0.002743,0.996390,1.000000
"Vermiculite ALB22SC00 expOre",20226,ASDFRb,ChapterA_ArtificialMaterials,splib07a_Vermiculite_ALB22SC00_expOre_ASDFRb_AREF.txt,0.002737,0.999297,1.000000,0.002347,0.933112,1.000000,0.003084,0.995485,1.000000
"Vermiculite ALB23SC00 expOre",20236,ASDFRb,ChapterA_ArtificialMaterials,splib07a_Vermiculite_ALB23SC00_expOre_ASDFRb_AREF.txt,0.002322,0.999259,1.000000,0.001234,0.985542,1.000000,0.003119,0.997449,1.000000
"Vermiculite GDS327 expandOre",20266,ASDFRb,ChapterA_ArtificialMaterials,splib07a_Vermiculite_GDS327_expandOre_ASDFRb_AREF.txt,0.002330,0.999476,1.000000,0.002137,0.975411,1.000000,0.002965,0.998589,1.000000
"Vermiculite GDS332 expandOre",20276,ASDFRb,ChapterA_ArtificialMaterials,splib07a_Vermiculite_GDS332_expandOre_ASDFRb_AREF.txt,0.001847,0.999556,1.000000,0.001508,0.963061,1.000000,0.001557,0.998709,1.000000
"Vermiculite GDS445 expandOre",20286,ASDFRb,ChapterA_ArtificialMaterials,splib07a_Vermiculite_GDS445_expandOre_ASDFRb_AREF.txt,0.002690,0.999455,1.000000,0.001299,0.985129,1.000000,0.004330,0.997730,1.000000
"Vermiculite GDS450 expandOre",20296,ASDFRb,ChapterA_ArtificialMaterials,splib07a_Vermiculite_GDS450_expandOre_ASDFRb_AREF.txt,0.002974,0.999258,1.000000,0.001663,0.967407,1.000000,0.003001,0.997791,1.000000
"Vermiculite GDS453 expandOre",20306,ASDFRb,ChapterA_ArtificialMaterials,splib07a_Vermiculite_GDS453_expandOre_ASDFRb_AREF.txt,0.002808,0.999351,1.000000,0.001830,0.969573,1.000000,0.003512,0.998059,1.000000
"Vermiculite GDS455 expandOre",20316,ASDFRb,ChapterA_ArtificialMaterials,splib07a_Vermiculite_GDS455_expandOre_ASDFRb_AREF.txt,0.001772,0.999194,1.000000,0.001381,0.991555,1.000000,0.001740,0.999235,1.000000
"Vermiculite GDS460 expandOre",20326,ASDFRb,ChapterA_ArtificialMaterials,splib07a_Vermiculite_GDS460_expandOre_ASDFRb_AREF.txt,0.002366,0.999461,1.000000,0.002014,0.963110,1.000000,0.003007,0.998281,1.000000
"Vermiculite GDS626 expandOre",20336,ASDFRb,ChapterA_ArtificialMaterials,splib07a_Vermiculite_GDS626_expandOre_ASDFRb_AREF.txt,0.002330,0.999393,1.000000,0.002147,0.959759,1.000000,0.003071,0.998499,1.000000
"Vermiculite GDS627 expandOre",20346,ASDFRb,ChapterA_ArtificialMaterials,splib07a_Vermiculite_GDS627_expandOre_ASDFRb_AREF.txt,0.002598,0.998750,1.000000,0.001698,0.979423,1.000000,0.002012,0.998951,1.000000
"Vermiculite GDS628 expandOre",20356,ASDFRb,ChapterA_ArtificialMaterials,splib07a_Vermiculite_GDS628_expandOre_ASDFRb_AREF.txt,0.002028,0.999263,1.000000,0.001535,0.993205,1.000000,0.002086,0.999201,1.000000
"Vermiculite GDS629 expandOre",20367,ASDFRb,ChapterA_ArtificialMaterials,splib07a_Vermiculite_GDS629_expandOre_ASDFRb_AREF.txt,0.002545,0.999450,1.000000,0.002052,0.877239,1.000000,0.002226,0.996599,1.000000
"Vermiculite GDS631 expandOre",20377,ASDFRb,ChapterA_ArtificialMaterials,splib07a_Vermiculite_GDS631_expandOre_ASDFRb_AREF.txt,0.001772,0.999194,1.000000,0.001381,0.991555,1.000000,0.001740,0.999235,1.000000
"Vermiculite GDS649 expandOre",20387,ASDFRb,ChapterA_ArtificialMaterials,splib07a_Vermiculite_GDS649_expandOre_ASDFRb_AREF.txt,0.001848,0.999498,1.000000,0.001233,0.775285,1.000000,0.001728,0.997905,1.000000
"Vermiculite GDS650 expandOre",20398,ASDFRb,ChapterA_ArtificialMaterials,splib07a_Vermiculite_GDS650_expandOre_ASDFRb_AREF.txt,0.002904,0.999363,1.000000,0.001357,0.973331,1.000000,0.003760,0.997492,1.000000
"Vermiculite GDS651 expandOre",20409,ASDFRb,ChapterA_ArtificialMaterials,splib07a_Vermiculite_GDS651_expandOre_ASDFRb_AREF.txt,0.001090,0.999467,1.000000,0.001028,0.989617,1.000000,0.001085,0.999412,1.000000
"Vermiculite GDS652 expandOre",20419,ASDFRb,ChapterA_ArtificialMaterials,splib07a_Vermiculite_GDS652_expandOre_ASDFRb_AREF.txt,0.002138,0.999476,1.000000,0.001051,0.981086,1.000000,0.002427,0.998318,1.000000
"Vermiculite GDS653 expandOre",20429,ASDFRb,ChapterA_ArtificialMaterials,splib07a_Vermiculite_GDS653_expandOre_ASDFRb_AREF.txt,0.002015,0.999459,1.000000,0.001376,0.964341,1.000000,0.002350,0.998527,1.000000
"Vermiculite GDS663 expandOre",20439,ASDFRb,ChapterA_ArtificialMaterials,splib07a_Vermiculite_GDS663_expandOre_ASDFRb_AREF.txt,0.002481,0.999433,1.000000,0.002571,-0.325455,1.000000,0.002893,0.996241,1.000000
"Vermiculite GDS700 expandOre",20449,ASDFRb,ChapterA_ArtificialMaterials,splib07a_Vermiculite_GDS700_expandOre_ASDFRb_AREF.txt,0.002924,0.999333,1.000000,0.002091,0.920805,1.000000,0.003406,0.997475,1.000000
"Vermiculite GDS701 expandOre",20459,ASDFRb,ChapterA_ArtificialMaterials,splib07a_Vermiculite_GDS701_expandOre_ASDFRb_AREF.txt,0.002310,0.999286,1.000000,0.001004,0.773568,1.000000,0.002020,0.998695,1.000000
"Vermiculite GDS823 expandOre",20469,ASDFRb,ChapterA_ArtificialMaterials,splib07a_Vermiculite_GDS823_expandOre_ASDFRb_AREF.txt,0.002155,0.999174,1.000000,0.001197,0.984189,1.000000,0.001444,0.999109,1.000000
"Vermiculite GDS836 expandOre",20479,ASDFRb,ChapterA_ArtificialMaterials,splib07a_Vermiculite_GDS836_expandOre_ASDFRb_AREF.txt,0.003508,0.998179,1.000000,0.001650,0.913092,1.000000,0.003843,0.997691,1.000000
"Vermiculite GDS847 expandOre",20489,ASDFRb,ChapterA_ArtificialMaterials,splib07a_Vermiculite_GDS847_expandOre_ASDFRb_AREF.txt,0.002012,0.999233,1.000000,0.001245,0.988684,1.000000,0.002454,0.998409,1.000000
"Vermiculite GDS850 expandOre",20499,ASDFRb,ChapterA_ArtificialMaterials,splib07a_Vermiculite_GDS850_expandOre_ASDFRb_AREF.txt,0.001305,0.999697,1.000000,0.001209,0.986005,1.000000,0.001625,0.999156,1.000000
"Vermiculite GDS876 expandOre",20510,ASDFRb,ChapterA_ArtificialMaterials,splib07a_Vermiculite_GDS876_expandOre_ASDFRb_AREF.txt,0.002138,0.999476,1.000000,0.001051,0.981086,1.000000,0.002427,0.998318,1.000000
"Vermiculite GDS886 expandOre",20520,ASDFRb,ChapterA_ArtificialMaterials,splib07a_Vermiculite_GDS886_expandOre_ASDFRb_AREF.txt,0.001983,0.999509,1.000000,0.001013,0.843913,1.000000,0.002472,0.997952,1.000000
"Vermiculite GDS887 expandOre",20530,ASDFRb,ChapterA_ArtificialMaterials,splib07a_Vermiculite_GDS887_expandOre_ASDFRb_AREF.txt,0.002176,0.999313,1.000000,0.001808,0.982950,1.000000,0.002277,0.998803,1.000000
"Vermiculite GDS906 expandOre",20540,ASDFRb,ChapterA_ArtificialMaterials,splib07a_Vermiculite_GDS906_expandOre_ASDFRb_AREF.txt,0.002488,0.999438,1.000000,0.001962,0.924816,1.000000,0.003011,0.997712,1.000000
"Vermiculite GDS907 expandOre",20550,ASDFRb,ChapterA_ArtificialMaterials,splib07a_Vermiculite_GDS907_expandOre_ASDFRb_AREF.txt,0.002415,0.999052,1.000000,0.001875,0.979657,1.000000,0.003154,0.998654,1.000000
"Vermiculite GDS908 expandOre",20560,ASDFRb,ChapterA_ArtificialMaterials,splib07a_Vermiculite_GDS908_expandOre_ASDFRb_AREF.txt,0.002053,0.999547,1.000000,0.001649,0.977686,1.000000,0.001993,0.998726,1.000000
"Vermiculite GDS909 expandOre",20570,ASDFRb,ChapterA_ArtificialMaterials,splib07a_Vermiculite_GDS909_expandOre_ASDFRb_AREF.txt,0.002024,0.999496,1.000000,0.001517,0.786535,1.000000,0.002152,0.998293,1.000000
"Vermiculite GDS910 expandOre",20580,ASDFRb,ChapterA_ArtificialMaterials,splib07a_Vermiculite_GDS910_expandOre_ASDFRb_AREF.txt,0.002654,0.999282,1.000000,0.001839,0.971519,1.000000,0.003605,0.998291,1.000000
"Vermiculite GDS911 expandOre",20590,ASDFRb,ChapterA_ArtificialMaterials,splib07a_Vermiculite_GDS911_expandOre_ASDFRb_AREF.txt,0.002505,0.999169,1.000000,0.001902,0.973631,1.000000,0.003003,0.998683,1.000000
"Vermiculite GDS912 expandOre",20600,ASDFRb,ChapterA_ArtificialMaterials,splib07a_Vermiculite_GDS912_expandOre_ASDFRb_AREF.txt,0.001222,0.999372,1.000000,0.000982,0.996842,1.000000,0.001820,0.999563,1.000000
"Vermiculite GDS913 expandOre",20610,ASDFRb,ChapterA_ArtificialMaterials,splib07a_Vermiculite_GDS913_expandOre_ASDFRb_AREF.txt,0.002310,0.999027,1.000000,0.001648,0.991001,1.000000,0.002312,0.998976,1.000000
"Vermiculite GDS914 expandOre",20620,ASDFRb,ChapterA_ArtificialMaterials,splib07a_Vermiculite_GDS914_expandOre_ASDFRb_AREF.txt,0.001868,0.999215,1.000000,0.001469,0.990397,1.000000,0.001828,0.999425,1.000000
"Vermiculite GDS915 expandOre",20630,ASDFRb,ChapterA_ArtificialMaterials,splib07a_Vermiculite_GDS915_expandOre_ASDFRb_AREF.txt,0.002536,0.999170,1.000000,0.001635,0.886640,1.000000,0.001854,0.998997,1.000000
"Vermiculite GDS916 expandOre",20640,ASDFRb,ChapterA_ArtificialMaterials,splib07a_Vermiculite_GDS916_expandOre_ASDFRb_AREF.txt,0.002770,0.999216,1.000000,0.001239,0.926648,1.000000,0.002291,0.998634,1.000000
"Vermiculite GDS917 expandOre",20650,ASDFRb,ChapterA_ArtificialMaterials,splib07a_Vermiculite_GDS917_expandOre_ASDFRb_AREF.txt,0.002476,0.999264,1.000000,0.001857,0.970493,1.000000,0.002750,0.998742,1.000000
"Vermiculite GDS918 expandOre",20660,ASDFRb,ChapterA_ArtificialMaterials,splib07a_Vermiculite_GDS918_expandOre_ASDFRb_AREF.txt,0.003009,0.999060,1.000000,0.002137,0.945429,1.000000,0.003063,0.998417,1.000000
"Vermiculite GDS919 expandOre",20670,ASDFRb,ChapterA_ArtificialMaterials,splib07a_Vermiculite_GDS919_expandOre_ASDFRb_AREF.txt,0.002495,0.999063,1.000000,0.001332,0.889010,1.000000,0.002410,0.998486,1.000000
"Vermiculite GDS920 expandOre",20680,ASDFRb,ChapterA_ArtificialMaterials,splib07a_Vermiculite_GDS920_expandOre_ASDFRb_AREF.txt,0.002467,0.999195,1.000000,0.001518,0.804718,1.000000,0.001739,0.998981,1.000000
"Vermiculite GDS921 expandOre",20690,ASDFRb,ChapterA_ArtificialMaterials,splib07a_Vermiculite_GDS921_expandOre_ASDFRb_AREF.txt,0.002429,0.999169,1.000000,0.001422,0.905814,1.000000,0.001661,0.999049,1.000000
"Vermiculite GDS922 expandOre",20700,ASDFRb,ChapterA_ArtificialMaterials,splib07a_Vermiculite_GDS922_expandOre_ASDFRb_AREF.txt,0.002046,0.999460,1.000000,0.000816,0.933286,1.000000,0.001826,0.998787,1.000000
"Vermiculite GDS923 expandOre",20710,ASDFRb,ChapterA_ArtificialMaterials,splib07a_Vermiculite_GDS923_expandOre_ASDFRb_AREF.txt,0.001530,0.999504,1.000000,0.000596,0.988553,1.000000,0.001880,0.998345,1.000000
"Vermiculite GDS924 expandOre",20720,ASDFRb,ChapterA_ArtificialMaterials,splib07a_Vermiculite_GDS924_expandOre_ASDFRb_AREF.txt,0.002265,0.999542,1.000000,0.001509,0.904472,1.000000,0.002397,0.998096,1.000000
"Vermiculite GDS925 expandOre",20730,ASDFRb,ChapterA_ArtificialMaterials,splib07a_Vermiculite_GDS925_expandOre_ASDFRb_AREF.txt,0.001928,0.999574,1.000000,0.000777,0.980188,1.000000,0.001913,0.998608,1.000000
"Vermiculite Li2UI expand Ore",20256,ASDFRb,ChapterA_ArtificialMaterials,splib07a_Vermiculite_Li2UI_expand_Ore_ASDFRb_AREF.txt,0.002495,0.998771,1.000000,0.001160,0.966548,1.000000,0.002653,0.998360,1.000000
"Vermiculite at1UI expand Ore",20246,ASDFRb,ChapterA_ArtificialMaterials,splib07a_Vermiculite_at1UI_expand_Ore_ASDFRb_AREF.txt,0.002308,0.998580,1.000000,0.000713,0.972781,1.000000,0.002183,0.998780,1.000000
"Vermillion_GDS779",20761,ASDFRa,ChapterA_ArtificialMaterials,splib07a_Vermillion_GDS779_ASDFRa_AREF.txt,0.009235,0.996216,1.000000,0.001187,0.963739,1.000000,0.002057,0.998143,1.000000
"Viridian GDS800",20770,ASDFRa,ChapterA_ArtificialMaterials,splib07a_Viridian_GDS800_ASDFRa_AREF.txt,0.014184,0.956658,1.000000,0.008930,0.949589,1.000000,0.002226,0.996083,1.000000
"WTC_Dust_Debris WTC01-28",20801,ASDFRa,ChapterA_ArtificialMaterials,splib07a_WTC_Dust_Debris_WTC01-28_ASDFRa_AREF.txt,0.001027,0.999449,1.000000,0.000809,0.967432,1.000000,0.002502,0.973553,1.000000
"WTC_Dust_Debris WTC01-2",20790,ASDFRa,ChapterA_ArtificialMaterials,splib07a_WTC_Dust_Debris_WTC01-2_ASDFRa_AREF.txt,0.000871,0.999449,1.000000,0.000686,0.908633,1.000000,0.001407,0.981048,1.000000
"Wood_Beam GDS363 Nw Pine 2X4",20779,ASDFRa,ChapterA_ArtificialMaterials,splib07a_Wood_Beam_GDS363_Nw_Pine_2X4_ASDFRa_AREF.txt,0.002208,0.999800,1.000000,0.001849,0.994367,1.000000,0.004017,0.998890,1.000000
"Yellow_ochre GDS794 Germany",20810,ASDFRa,ChapterA_ArtificialMaterials,splib07a_Yellow_ochre_GDS794_Germany_ASDFRa_AREF.txt,0.004039,0.998658,1.000000,0.001276,0.994859,1.000000,0.003219,0.994246,1.000000
"Ytterbium_Oxide J.M. 319",20819,ASDFRa,ChapterA_ArtificialMaterials,splib07a_Ytterbium_Oxide_J.M._319_ASDFRa_AREF.txt,0.002163,0.998590,1.000000,0.042993,0.931138,1.000000,0.003467,0.997808,1.000000
"Yttrium_Oxide 5-9s SPEX",20837,ASDFRa,ChapterA_ArtificialMaterials,splib07a_Yttrium_Oxide_5-9s_SPEX_ASDFRa_AREF.txt,0.001252,0.997997,1.000000,0.000584,1.000000,1.000000,0.002806,0.994009,1.000000
"Yttrium_Oxide J.M. 301",20828,ASDFRa,ChapterA_ArtificialMaterials,splib07a_Yttrium_Oxide_J.M._301_ASDFRa_AREF.txt,0.001672,0.999601,1.000000,0.001542,0.887266,1.000000,0.004138,0.998242,1.000000
"Zinc_oxide GDS807 (ZnO)",20846,ASDFRa,ChapterA_ArtificialMaterials,splib07a_Zinc_oxide_GDS807_(ZnO)_ASDFRa_AREF.txt,0.014786,0.994731,1.000000,0.001014,0.948457,1.000000,0.002501,0.990541,1.000000
"Melting_snow mSnw01a+0.5_veg",13588,ASDFRa,ChapterL_Liquids,splib07a_Melting_snow_mSnw01a+0.5_veg_ASDFRa_AREF.txt,0.003225,0.997810,1.000000,0.003051,0.996916,1.000000,0.006930,0.997354,1.000000
"Melting_snow mSnw01a",13518,ASDFRa,ChapterL_Liquids,splib07a_Melting_snow_mSnw01a_ASDFRa_AREF.txt,0.002698,0.946527,1.000000,0.005909,0.996191,1.000000,0.016997,0.984500,1.000000
"Melting_snow mSnw03+0.5_veg",13594,ASDFRa,ChapterL_Liquids,splib07a_Melting_snow_mSnw03+0.5_veg_ASDFRa_AREF.txt,0.002931,0.998131,1.000000,0.003347,0.996421,1.000000,0.006585,0.996812,1.000000
"Melting_snow mSnw03",13524,ASDFRa,ChapterL_Liquids,splib07a_Melting_snow_mSnw03_ASDFRa_AREF.txt,0.002493,0.953628,1.000000,0.006017,0.996159,1.000000,0.014469,0.979101,1.000000
"Melting_snow mSnw04",13530,ASDFRa,ChapterL_Liquids,splib07a_Melting_snow_mSnw04_ASDFRa_AREF.txt,0.002608,0.952122,1.000000,0.005448,0.996312,1.000000,0.012967,0.980067,1.000000
"Melting_snow mSnw05",13536,ASDFRa,ChapterL_Liquids,splib07a_Melting_snow_mSnw05_ASDFRa_AREF.txt,0.002730,0.943374,1.000000,0.005214,0.996357,1.000000,0.012068,0.979495,1.000000
"Melting_snow mSnw08+0.5_veg",13600,ASDFRa,ChapterL_Liquids,splib07a_Melting_snow_mSnw08+0.5_veg_ASDFRa_AREF.txt,0.003396,0.997583,1.000000,0.004151,0.995495,1.000000,0.005619,0.996489,1.000000
"Melting_snow mSnw08",13542,ASDFRa,ChapterL_Liquids,splib07a_Melting_snow_mSnw08_ASDFRa_AREF.txt,0.002077,0.990733,1.000000,0.006107,0.996848,1.000000,0.012138,0.954611,1.000000
"Melting_snow mSnw09+0.5_veg",13606,ASDFRa,ChapterL_Liquids,splib07a_Melting_snow_mSnw09+0.5_veg_ASDFRa_AREF.txt,0.003312,0.997563,1.000000,0.004821,0.995097,1.000000,0.004776,0.996822,1.000000
"Melting_snow mSnw09 (slush)",13548,ASDFRa,ChapterL_Liquids,splib07a_Melting_snow_mSnw09_(slush)_ASDFRa_AREF.txt,0.002914,0.991612,1.000000,0.007112,0.996637,1.000000,0.010125,0.919320,1.000000
"Melting_snow mSnw12 (slush)",13554,ASDFRa,ChapterL_Liquids,splib07a_Melting_snow_mSnw12_(slush)_ASDFRa_AREF.txt,0.003361,0.991260,1.000000,0.006951,0.996509,1.000000,0.007905,0.922439,1.000000
"Melting_snow mSnw14 (slush)",13560,ASDFRa,ChapterL_Liquids,splib07a_Melting_snow_mSnw14_(slush)_ASDFRa_AREF.txt,0.003361,0.991443,1.000000,0.005895,0.996485,1.000000,0.006323,0.929420,1.000000
"Melting_snow mSnw15 (slush)",13566,ASDFRa,ChapterL_Liquids,splib07a_Melting_snow_mSnw15_(slush)_ASDFRa_AREF.txt,0.001228,0.995397,1.000000,0.002864,0.996720,1.000000,0.003758,0.916420,1.000000
"Melting_snow mSnw16+0.25_veg",13582,ASDFRa,ChapterL_Liquids,splib07a_Melting_snow_mSnw16+0.25_veg_ASDFRa_AREF.txt,0.001350,0.998126,1.000000,0.002502,0.994386,1.000000,0.001737,0.998012,1.000000
"Melting_snow mSnw16+0.5_veg",13612,ASDFRa,ChapterL_Liquids,splib07a_Melting_snow_mSnw16+0.5_veg_ASDFRa_AREF.txt,0.002792,0.998303,1.000000,0.003040,0.987751,1.000000,0.001858,0.999341,1.000000
"Melting_snow mSnw16 (slush)",13572,ASDFRa,ChapterL_Liquids,splib07a_Melting_snow_mSnw16_(slush)_ASDFRa_AREF.txt,0.001220,0.997145,1.000000,0.002519,0.995962,1.000000,0.002185,0.909341,1.000000
"Red_Coated_Algea_Water RCAW1",13621,ASDFRa,ChapterL_Liquids,splib07a_Red_Coated_Algea_Water_RCAW1_ASDFRa_AREF.txt,0.013209,0.986476,1.000000,0.006338,0.995788,1.000000,0.004961,0.932503,1.000000
"Water+Montmor SWy-2+0.50g/l",13641,ASDFRa,ChapterL_Liquids,splib07a_Water+Montmor_SWy-2+0.50g-l_ASDFRa_AREF.txt,0.001096,0.989671,1.000000,0.000728,0.995269,1.000000,0.000494,0.837363,1.000000
"Water+Montmor SWy-2+1.67g/l",13647,ASDFRa,ChapterL_Liquids,splib07a_Water+Montmor_SWy-2+1.67g-l_ASDFRa_AREF.txt,0.001323,0.997761,1.000000,0.003166,0.991795,1.000000,0.001295,0.745733,1.000000
"Water+Montmor SWy-2+16.5g/l",13659,ASDFRa,ChapterL_Liquids,splib07a_Water+Montmor_SWy-2+16.5g-l_ASDFRa_AREF.txt,0.001331,0.999718,1.000000,0.008529,0.984971,1.000000,0.010361,0.825810,1.000000
"Water+Montmor SWy-2+5.01g/l",13653,ASDFRa,ChapterL_Liquids,splib07a_Water+Montmor_SWy-2+5.01g-l_ASDFRa_AREF.txt,0.002176,0.998882,1.000000,0.007768,0.988399,1.000000,0.004845,0.661774,1.000000
"Actinolite HS116.1B",108,ASDFRb,ChapterM_Minerals,splib07a_Actinolite_HS116.1B_ASDFRb_AREF.txt,0.002137,0.998790,1.000000,0.003123,0.857799,1.000000,0.003117,0.996085,1.000000
"Actinolite HS116.2B",114,ASDFRb,ChapterM_Minerals,splib07a_Actinolite_HS116.2B_ASDFRb_AREF.txt,0.002541,0.998079,1.000000,0.002320,0.943459,1.000000,0.003760,0.998511,1.000000
"Actinolite HS116.3B",124,ASDFRb,ChapterM_Minerals,splib07a_Actinolite_HS116.3B_ASDFRb_AREF.txt,0.001923,0.996768,1.000000,0.002709,0.951375,1.000000,0.004875,0.998391,1.000000
"Actinolite HS116.4B",130,ASDFRb,ChapterM_Minerals,splib07a_Actinolite_HS116.4B_ASDFRb_AREF.txt,0.001165,0.997229,1.000000,0.001840,0.968804,1.000000,0.006286,0.997151,1.000000
"Actinolite HS22.1B",142,ASDFRb,ChapterM_Minerals,splib07a_Actinolite_HS22.1B_ASDFRb_AREF.txt,0.002563,0.997242,1.000000,0.002912,0.983895,1.000000,0.002690,0.996864,1.000000
"Actinolite HS22.2B",148,ASDFRb,ChapterM_Minerals,splib07a_Actinolite_HS22.2B_ASDFRb_AREF.txt,0.003095,0.995891,1.000000,0.003260,0.967074,1.000000,0.003966,0.997805,1.000000
"Actinolite HS22.3B",158,ASDFRb,ChapterM_Minerals,splib07a_Actinolite_HS22.3B_ASDFRb_AREF.txt,0.001807,0.995052,1.000000,0.002319,0.967332,1.000000,0.004172,0.998740,1.000000
"Actinolite HS22.4B",177,ASDFRb,ChapterM_Minerals,splib07a_Actinolite_HS22.4B_ASDFRb_AREF.txt,0.001032,0.993976,1.000000,0.001402,0.955325,1.000000,0.004268,0.998419,1.000000
"Actinolite HS315.1B",189,ASDFRb,ChapterM_Minerals,splib07a_Actinolite_HS315.1B_ASDFRb_AREF.txt,0.002626,0.998617,1.000000,0.003280,0.981857,1.000000,0.003420,0.994816,1.000000
"Actinolite HS315.2B",195,ASDFRb,ChapterM_Minerals,splib07a_Actinolite_HS315.2B_ASDFRb_AREF.txt,0.002545,0.998762,1.000000,0.005107,0.988518,1.000000,0.005236,0.996155,1.000000
"Actinolite HS315.4B",205,ASDFRb,ChapterM_Minerals,splib07a_Actinolite_HS315.4B_ASDFRb_AREF.txt,0.002872,0.997419,1.000000,0.005222,0.993133,1.000000,0.007323,0.997738,1.000000
"Albite HS143.1B Plagioclase",322,ASDFRb,ChapterM_Minerals,splib07a_Albite_HS143.1B_Plagioclase_ASDFRb_AREF.txt,0.003113,0.997211,1.000000,0.000921,0.933636,1.000000,0.002189,0.881968,1.000000
"Albite HS143.2B Plagioclase",328,ASDFRc,ChapterM_Minerals,splib07a_Albite_HS143.2B_Plagioclase_ASDFRc_AREF.txt,0.002643,0.997455,1.000000,0.001245,0.689840,1.000000,0.001543,0.975979,1.000000
"Albite HS143.3B Plagioclase",338,ASDFRc,ChapterM_Minerals,splib07a_Albite_HS143.3B_Plagioclase_ASDFRc_AREF.txt,0.002670,0.998630,1.000000,0.001419,0.942866,1.000000,0.001901,0.982835,1.000000
"Albite HS143.4B Plagioclase",357,ASDFRc,ChapterM_Minerals,splib07a_Albite_HS143.4B_Plagioclase_ASDFRc_AREF.txt,0.002185,0.999437,1.000000,0.001681,0.976230,1.000000,0.002812,0.984505,1.000000
"Albite HS143.6 Plagioclase",363,ASDFRd,ChapterM_Minerals,splib07a_Albite_HS143.6_Plagioclase_ASDFRd_AREF.txt,0.004794,0.998797,1.000000,0.002020,0.992353,1.000000,0.004732,0.992402,1.000000
"Albite HS324.1B Plagioclase",373,ASDFRc,ChapterM_Minerals,splib07a_Albite_HS324.1B_Plagioclase_ASDFRc_AREF.txt,0.000910,0.999849,1.000000,0.001341,0.905495,1.000000,0.002391,0.979848,1.000000
"Albite HS324.2B Plagioclase",379,ASDFRc,ChapterM_Minerals,splib07a_Albite_HS324.2B_Plagioclase_ASDFRc_AREF.txt,0.001390,0.997226,1.000000,0.001227,0.966473,1.000000,0.003811,0.964545,1.000000
"Albite HS324.3B Plagioclase",389,ASDFRc,ChapterM_Minerals,splib07a_Albite_HS324.3B_Plagioclase_ASDFRc_AREF.txt,0.003140,0.986640,1.000000,0.001242,0.984728,1.000000,0.004749,0.984894,1.000000
"Albite HS324.4B Plagioclase",408,ASDFRc,ChapterM_Minerals,splib07a_Albite_HS324.4B_Plagioclase_ASDFRc_AREF.txt,0.003303,0.990515,1.000000,0.002168,0.976095,1.000000,0.005448,0.990266,1.000000
"Albite HS66.1B Plagioclase",277,ASDFRc,ChapterM_Minerals,splib07a_Albite_HS66.1B_Plagioclase_ASDFRc_AREF.txt,0.002721,0.998591,1.000000,0.000687,0.967945,1.000000,0.001489,0.948754,1.000000
"Albite HS66.2B Plagioclase",283,ASDFRc,ChapterM_Minerals,splib07a_Albite_HS66.2B_Plagioclase_ASDFRc_AREF.txt,0.001179,0.999269,1.000000,0.001284,0.891304,1.000000,0.001740,0.986120,1.000000
"Albite HS66.4B Plagioclase",306,ASDFRc,ChapterM_Minerals,splib07a_Albite_HS66.4B_Plagioclase_ASDFRc_AREF.txt,0.001249,0.999202,1.000000,0.001258,0.871042,1.000000,0.002489,0.992167,1.000000
"Albite HS66.6 Plagioclase",312,ASDFRc,ChapterM_Minerals,splib07a_Albite_HS66.6_Plagioclase_ASDFRc_AREF.txt,0.002307,0.990535,1.000000,0.003368,0.922473,1.000000,0.002875,0.997687,1.000000
"Allanite HS293.1B",441,ASDFRb,ChapterM_Minerals,splib07a_Allanite_HS293.1B_ASDFRb_AREF.txt,0.000895,0.999580,1.000000,0.000485,0.999265,1.000000,0.001585,0.997310,1.000000
"Allanite HS293.2B",447,ASDFRb,ChapterM_Minerals,splib07a_Allanite_HS293.2B_ASDFRb_AREF.txt,0.000456,0.999460,1.000000,0.000393,0.998608,1.000000,0.001180,0.998810,1.000000
"Allanite HS293.3B",457,ASDFRb,ChapterM_Minerals,splib07a_Allanite_HS293.3B_ASDFRb_AREF.txt,0.000269,0.990884,1.000000,0.000166,1.000000,1.000000,0.000299,0.998720,1.000000
"Allanite HS293.4B",476,ASDFRb,ChapterM_Minerals,splib07a_Allanite_HS293.4B_ASDFRb_AREF.txt,0.000208,0.986573,1.000000,0.000134,1.000000,1.000000,0.000223,0.967770,1.000000
"Allanite HS293.6",482,ASDFRb,ChapterM_Minerals,splib07a_Allanite_HS293.6_ASDFRb_AREF.txt,0.000278,0.968066,1.000000,0.000287,1.000000,1.000000,0.000341,0.980858,1.000000
"Allanite_REE crystal WS532",491,ASDFRa,ChapterM_Minerals,splib07a_Allanite_REE_crystal_WS532_ASDFRa_AREF.txt,0.000538,0.912004,1.000000,0.000394,1.000000,1.000000,0.000482,0.987755,1.000000
"Almandine HS114.1B Garnet",503,ASDFRb,ChapterM_Minerals,splib07a_Almandine_HS114.1B_Garnet_ASDFRb_AREF.txt,0.002039,0.999579,1.000000,0.001745,0.974287,1.000000,0.003930,0.966183,1.000000
"Almandine HS114.2B Garnet",509,ASDFRb,ChapterM_Minerals,splib07a_Almandine_HS114.2B_Garnet_ASDFRb_AREF.txt,0.003702,0.998833,1.000000,0.002636,0.995073,1.000000,0.006932,0.944606,1.000000
"Almandine HS114.3B Garnet",519,ASDFRb,ChapterM_Minerals,splib07a_Almandine_HS114.3B_Garnet_ASDFRb_AREF.txt,0.007712,0.997302,1.000000,0.007799,0.995309,1.000000,0.008471,0.917801,1.000000
"Almandine HS114.4B Garnet",538,ASDFRb,ChapterM_Minerals,splib07a_Almandine_HS114.4B_Garnet_ASDFRb_AREF.txt,0.008724,0.995837,1.000000,0.012818,0.991594,1.000000,0.005551,0.898682,1.000000
"Almandine HS114.6 Garnet",544,ASDFRb,ChapterM_Minerals,splib07a_Almandine_HS114.6_Garnet_ASDFRb_AREF.txt,0.003474,0.957658,1.000000,0.004294,0.992152,1.000000,0.000397,0.979121,1.000000
"Alunite HS295.1B",821,ASDFRa,ChapterM_Minerals,splib07a_Alunite_HS295.1B_ASDFRa_AREF.txt,0.001876,0.999600,1.000000,0.002406,0.885812,1.000000,0.008233,0.996757,1.000000
"Alunite HS295.3B",837,ASDFRa,ChapterM_Minerals,splib07a_Alunite_HS295.3B_ASDFRa_AREF.txt,0.002672,0.999689,1.000000,0.005144,0.866021,1.000000,0.012458,0.997256,1.000000
"Alunite HS295.3B",843,ASDNGa,ChapterM_Minerals,splib07a_Alunite_HS295.3B_ASDNGa_AREF.txt,0.002655,0.999695,1.000000,0.004392,0.872085,1.000000,0.015026,0.995866,1.000000
"Alunite HS295.4B",868,ASDFRa,ChapterM_Minerals,splib07a_Alunite_HS295.4B_ASDFRa_AREF.txt,0.002556,0.999776,1.000000,0.006939,0.842407,1.000000,0.013442,0.996456,1.000000
"Alunite HS295.6",874,ASDFRb,ChapterM_Minerals,splib07a_Alunite_HS295.6_ASDFRb_AREF.txt,0.004233,0.998943,1.000000,0.005224,0.867210,1.000000,0.009984,0.997524,1.000000
"Alunite HS295",827,ASDFRa,ChapterM_Minerals,splib07a_Alunite_HS295_ASDFRa_AREF.txt,0.001473,0.999744,1.000000,0.002380,0.882455,1.000000,0.008352,0.996480,1.000000
"Alunite RES-9 Summitv (400C)",932,ASDNGb,ChapterM_Minerals,splib07a_Alunite_RES-9_Summitv_(400C)_ASDNGb_AREF.txt,0.001097,0.999264,1.000000,0.001278,0.995690,1.000000,0.009103,0.987812,1.000000
"Ancylite_REE WS321 Darby MT",1103,ASDFRc,ChapterM_Minerals,splib07a_Ancylite_REE_WS321_Darby_MT_ASDFRc_AREF.txt,0.007248,0.994975,1.000000,0.008089,0.972075,1.000000,0.006053,0.995993,1.000000
"Andesine HS142.1B",1148,ASDFRc,ChapterM_Minerals,splib07a_Andesine_HS142.1B_ASDFRc_AREF.txt,0.001897,0.999539,1.000000,0.001259,0.993342,1.000000,0.001734,0.996114,1.000000
"Andesine HS142.2B",1154,ASDFRc,ChapterM_Minerals,splib07a_Andesine_HS142.2B_ASDFRc_AREF.txt,0.002129,0.999471,1.000000,0.000897,0.997344,1.000000,0.002018,0.997196,1.000000
"Andesine HS142.3B",1164,ASDFRc,ChapterM_Minerals,splib07a_Andesine_HS142.3B_ASDFRc_AREF.txt,0.002346,0.999121,1.000000,0.001353,0.993954,1.000000,0.002351,0.997284,1.000000
"Andesine HS142.4B",1183,ASDFRc,ChapterM_Minerals,splib07a_Andesine_HS142.4B_ASDFRc_AREF.txt,0.002643,0.998549,1.000000,0.001320,0.993357,1.000000,0.002473,0.998192,1.000000
"Andradite HS111.1B Garnet",1215,ASDFRb,ChapterM_Minerals,splib07a_Andradite_HS111.1B_Garnet_ASDFRb_AREF.txt,0.003936,0.999541,1.000000,0.001195,0.998406,1.000000,0.003084,0.974520,1.000000
"Andradite HS111.2B Garnet",1221,ASDFRb,ChapterM_Minerals,splib07a_Andradite_HS111.2B_Garnet_ASDFRb_AREF.txt,0.004300,0.998997,1.000000,0.002246,0.997079,1.000000,0.003472,0.994836,1.000000
"Andradite HS111.3B Garnet",1231,ASDFRb,ChapterM_Minerals,splib07a_Andradite_HS111.3B_Garnet_ASDFRb_AREF.txt,0.004026,0.998764,1.000000,0.002962,0.996130,1.000000,0.005499,0.992679,1.000000
"Andradite HS111.4B Garnet",1250,ASDFRb,ChapterM_Minerals,splib07a_Andradite_HS111.4B_Garnet_ASDFRb_AREF.txt,0.003148,0.998519,1.000000,0.002907,0.995935,1.000000,0.006118,0.992501,1.000000
"Andradite HS111.6 Garnet",1256,ASDFRb,ChapterM_Minerals,splib07a_Andradite_HS111.6_Garnet_ASDFRb_AREF.txt,0.002237,0.998167,1.000000,0.002272,0.991273,1.000000,0.005147,0.994316,1.000000
"Anorthite HS349.1B Plagio",1424,ASDFRc,ChapterM_Minerals,splib07a_Anorthite_HS349.1B_Plagio_ASDFRc_AREF.txt,0.001341,0.999650,1.000000,0.000674,0.899850,1.000000,0.001846,0.982032,1.000000
"Anorthite HS349.2B Plagio",1430,ASDFRc,ChapterM_Minerals,splib07a_Anorthite_HS349.2B_Plagio_ASDFRc_AREF.txt,0.002066,0.998729,1.000000,0.001416,0.879028,1.000000,0.002144,0.993675,1.000000
"Anorthite HS349.3B Plagio",1440,ASDFRc,ChapterM_Minerals,splib07a_Anorthite_HS349.3B_Plagio_ASDFRc_AREF.txt,0.002970,0.997405,1.000000,0.002356,0.986741,1.000000,0.003314,0.993912,1.000000
"Anorthite HS349.4B Plagio",1459,ASDFRc,ChapterM_Minerals,splib07a_Anorthite_HS349.4B_Plagio_ASDFRc_AREF.txt,0.003210,0.994715,1.000000,0.001863,0.990454,1.000000,0.004082,0.994488,1.000000
"Anthophyllite HS286.1B",1470,ASDFRc,ChapterM_Minerals,splib07a_Anthophyllite_HS286.1B_ASDFRc_AREF.txt,0.003125,0.998803,1.000000,0.003693,0.992818,1.000000,0.002931,0.998071,1.000000
"Anthophyllite HS286.2B",1476,ASDFRc,ChapterM_Minerals,splib07a_Anthophyllite_HS286.2B_ASDFRc_AREF.txt,0.004304,0.999197,1.000000,0.007172,0.993930,1.000000,0.003613,0.999026,1.000000
"Anthophyllite HS286.3B",1486,ASDFRc,ChapterM_Minerals,splib07a_Anthophyllite_HS286.3B_ASDFRc_AREF.txt,0.004232,0.999201,1.000000,0.007506,0.993449,1.000000,0.004969,0.998885,1.000000
"Anthophyllite HS286.4B",1505,ASDFRc,ChapterM_Minerals,splib07a_Anthophyllite_HS286.4B_ASDFRc_AREF.txt,0.003574,0.999127,1.000000,0.006095,0.992419,1.000000,0.006639,0.998387,1.000000
"Antigorite NMNH96917.a >250",1613,ASDNGb,ChapterM_Minerals,splib07a_Antigorite_NMNH96917.a_gt250_ASDNGb_AREF.txt,0.002022,0.991887,1.000000,0.001271,0.893315,1.000000,0.008075,0.993858,1.000000
"Antigorite NMNH96917.b 165um",1584,ASDNGb,ChapterM_Minerals,splib07a_Antigorite_NMNH96917.b_165um_ASDNGb_AREF.txt,0.004051,0.991032,1.000000,0.002348,0.961570,1.000000,0.006972,0.995194,1.000000
"Aragonite GDS1073",1642,ASDNGc,ChapterM_Minerals,splib07a_Aragonite_GDS1073_ASDNGc_AREF.txt,0.003280,0.997682,1.000000,0.000613,0.885780,1.000000,0.003158,0.995925,1.000000
"Arsenopyrite HS262.1B",1658,ASDFRc,ChapterM_Minerals,splib07a_Arsenopyrite_HS262.1B_ASDFRc_AREF.txt,0.000401,0.990559,1.000000,0.000408,0.860853,1.000000,0.000554,0.998377,1.000000
"Arsenopyrite HS262.2B",1664,ASDFRc,ChapterM_Minerals,splib07a_Arsenopyrite_HS262.2B_ASDFRc_AREF.txt,0.000694,0.990684,1.000000,0.000583,0.921178,1.000000,0.000513,0.859240,1.000000
"Arsenopyrite HS262.3B",1674,ASDFRc,ChapterM_Minerals,splib07a_Arsenopyrite_HS262.3B_ASDFRc_AREF.txt,0.000722,0.987271,1.000000,0.000427,0.980936,1.000000,0.000432,0.993357,1.000000
"Arsenopyrite HS262.4B",1693,ASDFRc,ChapterM_Minerals,splib07a_Arsenopyrite_HS262.4B_ASDFRc_AREF.txt,0.003223,0.993200,1.000000,0.000523,0.966032,1.000000,0.000448,0.992134,1.000000
"Axinite HS342.1B",1754,ASDFRb,ChapterM_Minerals,splib07a_Axinite_HS342.1B_ASDFRb_AREF.txt,0.011884,0.998344,1.000000,0.007555,0.998257,1.000000,0.013038,0.990252,1.000000
"Axinite HS342.2B",1760,ASDFRb,ChapterM_Minerals,splib07a_Axinite_HS342.2B_ASDFRb_AREF.txt,0.011627,0.998058,1.000000,0.010600,0.998145,1.000000,0.014867,0.989162,1.000000
"Axinite HS342.3B",1770,ASDFRb,ChapterM_Minerals,splib07a_Axinite_HS342.3B_ASDFRb_AREF.txt,0.006684,0.997042,1.000000,0.021915,0.990079,1.000000,0.013284,0.973712,1.000000
"Axinite HS342.4B",1789,ASDFRb,ChapterM_Minerals,splib07a_Axinite_HS342.4B_ASDFRb_AREF.txt,0.004060,0.998372,1.000000,0.033405,0.951984,1.000000,0.002791,0.985195,1.000000
"Axinite HS342.6",1795,ASDFRb,ChapterM_Minerals,splib07a_Axinite_HS342.6_ASDFRb_AREF.txt,0.001953,0.997771,1.000000,0.002533,0.998173,1.000000,0.001082,0.990863,1.000000
"Bastnaesite_REE WS320 crystl",1852,ASDFRb,ChapterM_Minerals,splib07a_Bastnaesite_REE_WS320_crystl_ASDFRb_AREF.txt,0.022805,0.932491,1.000000,0.030789,0.911933,1.000000,0.018875,0.976180,1.000000
"Beidellite GDS124",1861,ASDFRb,ChapterM_Minerals,splib07a_Beidellite_GDS124_ASDFRb_AREF.txt,0.002053,0.999163,1.000000,0.002099,0.920678,1.000000,0.009711,0.995350,1.000000
"Beryl HS180.1B",1905,ASDFRa,ChapterM_Minerals,splib07a_Beryl_HS180.1B_ASDFRa_AREF.txt,0.002835,0.998200,1.000000,0.003755,0.993719,1.000000,0.010957,0.902113,1.000000
"Beryl HS180.2B",1911,ASDFRa,ChapterM_Minerals,splib07a_Beryl_HS180.2B_ASDFRa_AREF.txt,0.004649,0.991831,1.000000,0.005567,0.994618,1.000000,0.014801,0.937453,1.000000
"Beryl HS180.3B",1921,ASDFRa,ChapterM_Minerals,splib07a_Beryl_HS180.3B_ASDFRa_AREF.txt,0.007090,0.994239,1.000000,0.007965,0.995403,1.000000,0.017499,0.970336,1.000000
"Beryl HS180.4B",1940,ASDFRa,ChapterM_Minerals,splib07a_Beryl_HS180.4B_ASDFRa_AREF.txt,0.012308,0.991388,1.000000,0.010148,0.995196,1.000000,0.018086,0.984008,1.000000
"Beryl HS180.6",1946,ASDFRa,ChapterM_Minerals,splib07a_Beryl_HS180.6_ASDFRa_AREF.txt,0.014556,0.986748,1.000000,0.008521,0.994882,1.000000,0.015012,0.988763,1.000000
"Bronzite HS9.1B",2021,ASDFRb,ChapterM_Minerals,splib07a_Bronzite_HS9.1B_ASDFRb_AREF.txt,0.002997,0.998690,1.000000,0.006607,0.993246,1.000000,0.004025,0.994809,1.000000
"Bronzite HS9.2B",2027,ASDFRc,ChapterM_Minerals,splib07a_Bronzite_HS9.2B_ASDFRc_AREF.txt,0.005041,0.998080,1.000000,0.009225,0.990935,1.000000,0.006760,0.994182,1.000000
"Bronzite HS9.3B",2037,ASDFRc,ChapterM_Minerals,splib07a_Bronzite_HS9.3B_ASDFRc_AREF.txt,0.008276,0.991923,1.000000,0.011506,0.980223,1.000000,0.012876,0.986615,1.000000
"Bronzite HS9.4B",2056,ASDFRc,ChapterM_Minerals,splib07a_Bronzite_HS9.4B_ASDFRc_AREF.txt,0.006685,0.990115,1.000000,0.007377,0.986160,1.000000,0.013357,0.983184,1.000000
"Brookite HS443.2B",2069,ASDFRb,ChapterM_Minerals,splib07a_Brookite_HS443.2B_ASDFRb_AREF.txt,0.000537,0.990760,1.000000,0.000478,0.942525,1.000000,0.000474,0.969623,1.000000
"Brookite HS443.6",2088,ASDFRb,ChapterM_Minerals,splib07a_Brookite_HS443.6_ASDFRb_AREF.txt,0.002343,0.763917,1.000000,0.000282,1.000000,1.000000,0.000348,0.984338,1.000000
"Brucite HS247.1B",2099,ASDFRc,ChapterM_Minerals,splib07a_Brucite_HS247.1B_ASDFRc_AREF.txt,0.001677,0.999449,1.000000,0.004182,0.612189,1.000000,0.011800,0.992918,1.000000
"Brucite HS247.2B",2105,ASDFRc,ChapterM_Minerals,splib07a_Brucite_HS247.2B_ASDFRc_AREF.txt,0.001895,0.999468,1.000000,0.005954,0.615519,1.000000,0.014006,0.993633,1.000000
"Brucite HS247.3B",2115,ASDFRc,ChapterM_Minerals,splib07a_Brucite_HS247.3B_ASDFRc_AREF.txt,0.003215,0.999182,1.000000,0.012061,0.647685,1.000000,0.018177,0.993175,1.000000
"Brucite HS247.4B",2134,ASDFRc,ChapterM_Minerals,splib07a_Brucite_HS247.4B_ASDFRc_AREF.txt,0.004389,0.998707,1.000000,0.016492,0.732270,1.000000,0.016859,0.994422,1.000000
"Bytownite HS105.1B Plagio",2179,ASDFRb,ChapterM_Minerals,splib07a_Bytownite_HS105.1B_Plagio_ASDFRb_AREF.txt,0.002096,0.997334,1.000000,0.000638,0.953515,1.000000,0.002121,0.236409,1.000000
"Bytownite HS105.2B Plagio",2185,ASDFRb,ChapterM_Minerals,splib07a_Bytownite_HS105.2B_Plagio_ASDFRb_AREF.txt,0.001966,0.997253,1.000000,0.001335,0.922144,1.000000,0.001928,0.991528,1.000000
"Bytownite HS105.3B Plagio",2195,ASDFRb,ChapterM_Minerals,splib07a_Bytownite_HS105.3B_Plagio_ASDFRb_AREF.txt,0.001746,0.996611,1.000000,0.001542,0.700067,1.000000,0.001853,0.982415,1.000000
"Bytownite HS105.4B Plagio",2214,ASDFRb,ChapterM_Minerals,splib07a_Bytownite_HS105.4B_Plagio_ASDFRb_AREF.txt,0.001407,0.991813,1.000000,0.000862,0.967490,1.000000,0.000952,0.974646,1.000000
"Bytownite HS105.6 Plagio",2220,ASDFRb,ChapterM_Minerals,splib07a_Bytownite_HS105.6_Plagio_ASDFRb_AREF.txt,0.001349,0.975411,1.000000,0.000971,0.990281,1.000000,0.001107,0.991401,1.000000
"Calcite GDS304 75-150um",2257,ASDFRb,ChapterM_Minerals,splib07a_Calcite_GDS304_75-150um_ASDFRb_AREF.txt,0.001494,0.995370,1.000000,0.000804,0.642632,1.000000,0.012001,0.987664,1.000000
"Calcite_REE-bearing WS319a",2306,ASDFRb,ChapterM_Minerals,splib07a_Calcite_REE-bearing_WS319a_ASDFRb_AREF.txt,0.002889,0.999645,1.000000,0.003262,0.998214,1.000000,0.008742,0.991279,1.000000
"Calcite WS272",2278,ASDNGa,ChapterM_Minerals,splib07a_Calcite_WS272_ASDNGa_AREF.txt,0.001414,0.997760,1.000000,0.000678,1.000000,1.000000,0.007387,0.984337,1.000000
"Carbon_Black GDS68",2320,ASDFRa,ChapterM_Minerals,splib07a_Carbon_Black_GDS68_ASDFRa_AREF.txt,0.000206,1.000000,1.000000,0.000103,1.000000,1.000000,0.000126,0.987653,1.000000
"Carnallite HS430.1B",2331,ASDFRa,ChapterM_Minerals,splib07a_Carnallite_HS430.1B_ASDFRa_AREF.txt,0.002633,0.999537,1.000000,0.005082,0.949454,1.000000,0.017972,0.993443,1.000000
"Carnallite HS430.2B",2337,ASDFRa,ChapterM_Minerals,splib07a_Carnallite_HS430.2B_ASDFRa_AREF.txt,0.002466,0.999289,1.000000,0.004611,0.880960,1.000000,0.014442,0.994805,1.000000
"Carnallite HS430.3B",2343,ASDFRa,ChapterM_Minerals,splib07a_Carnallite_HS430.3B_ASDFRa_AREF.txt,0.002727,0.998901,1.000000,0.004066,0.927836,1.000000,0.018412,0.993925,1.000000
"Carnallite HS430.4B",2362,ASDFRa,ChapterM_Minerals,splib07a_Carnallite_HS430.4B_ASDFRa_AREF.txt,0.003177,0.999305,1.000000,0.007076,0.956839,1.000000,0.020130,0.990500,1.000000
"Carnallite HS430.6",2368,ASDFRa,ChapterM_Minerals,splib07a_Carnallite_HS430.6_ASDFRa_AREF.txt,0.004133,0.997649,1.000000,0.001246,0.944314,1.000000,0.003559,0.997549,1.000000
"Cassiterite HS279.1B",2399,ASDFRc,ChapterM_Minerals,splib07a_Cassiterite_HS279.1B_ASDFRc_AREF.txt,0.001548,0.999622,1.000000,0.000921,0.979355,1.000000,0.001249,0.990775,1.000000
"Cassiterite HS279.2B",2405,ASDFRc,ChapterM_Minerals,splib07a_Cassiterite_HS279.2B_ASDFRc_AREF.txt,0.000835,0.989730,1.000000,0.000324,0.991958,1.000000,0.000395,0.994059,1.000000
"Cassiterite HS279.3B",2415,ASDFRc,ChapterM_Minerals,splib07a_Cassiterite_HS279.3B_ASDFRc_AREF.txt,0.000786,0.991679,1.000000,0.000330,0.992214,1.000000,0.000415,0.993747,1.000000
"Cassiterite HS279.4B",2434,ASDFRc,ChapterM_Minerals,splib07a_Cassiterite_HS279.4B_ASDFRc_AREF.txt,0.000774,0.996797,1.000000,0.000353,0.988872,1.000000,0.000389,0.996256,1.000000
"Celestite HS251.1B Barite",2444,ASDFRb,ChapterM_Minerals,splib07a_Celestite_HS251.1B_Barite_ASDFRb_AREF.txt,0.001617,0.999072,1.000000,0.001175,0.932278,1.000000,0.002595,0.993208,1.000000
"Celestite HS251.2B Barite",2450,ASDFRb,ChapterM_Minerals,splib07a_Celestite_HS251.2B_Barite_ASDFRb_AREF.txt,0.002746,0.976856,1.000000,0.001145,0.962589,1.000000,0.002310,0.765546,1.000000
"Celestite HS251.3B Barite",2460,ASDFRb,ChapterM_Minerals,splib07a_Celestite_HS251.3B_Barite_ASDFRb_AREF.txt,0.004663,0.982551,1.000000,0.002953,0.958075,1.000000,0.001591,0.973746,1.000000
"Celestite HS251.4B Barite",2479,ASDFRb,ChapterM_Minerals,splib07a_Celestite_HS251.4B_Barite_ASDFRb_AREF.txt,0.005666,0.991129,1.000000,0.003401,0.984789,1.000000,0.003158,0.983611,1.000000
"Chalcedony CU91-6A",2492,ASDNGa,ChapterM_Minerals,splib07a_Chalcedony_CU91-6A_ASDNGa_AREF.txt,0.002476,0.999079,1.000000,0.000949,0.997006,1.000000,0.003131,0.997943,1.000000
"Chalcopyrite HS431.1B",2521,ASDFRb,ChapterM_Minerals,splib07a_Chalcopyrite_HS431.1B_ASDFRb_AREF.txt,0.000489,0.989017,1.000000,0.000140,0.989123,1.000000,0.000178,0.999019,1.000000
"Chalcopyrite HS431.2B",2527,ASDFRb,ChapterM_Minerals,splib07a_Chalcopyrite_HS431.2B_ASDFRb_AREF.txt,0.000600,0.998835,1.000000,0.000211,0.985267,1.000000,0.000244,1.000000,1.000000
"Chalcopyrite HS431.3B",2537,ASDFRb,ChapterM_Minerals,splib07a_Chalcopyrite_HS431.3B_ASDFRb_AREF.txt,0.000887,0.998905,1.000000,0.000297,0.993237,1.000000,0.000471,0.898476,1.000000
"Chalcopyrite HS431.4B",2556,ASDFRb,ChapterM_Minerals,splib07a_Chalcopyrite_HS431.4B_ASDFRb_AREF.txt,0.000742,0.999097,1.000000,0.000268,0.995224,1.000000,0.000358,0.984169,1.000000
"Chlorapatite_REE WS422 xtl",2577,ASDFRa,ChapterM_Minerals,splib07a_Chlorapatite_REE_WS422_xtl_ASDFRa_AREF.txt,0.003887,0.998355,1.000000,0.004471,0.914750,1.000000,0.005322,0.983891,1.000000
"Chlorapatite WS423",2591,ASDFRc,ChapterM_Minerals,splib07a_Chlorapatite_WS423_ASDFRc_AREF.txt,0.003831,0.997929,1.000000,0.006182,0.883609,1.000000,0.002636,0.989514,1.000000
"Chlorite HS179.1B",2614,ASDFRb,ChapterM_Minerals,splib07a_Chlorite_HS179.1B_ASDFRb_AREF.txt,0.002999,0.998258,1.000000,0.001296,0.995616,1.000000,0.004799,0.995836,1.000000
"Chlorite HS179.2B",2620,ASDFRb,ChapterM_Minerals,splib07a_Chlorite_HS179.2B_ASDFRb_AREF.txt,0.002543,0.998252,1.000000,0.000856,0.998381,1.000000,0.005967,0.996287,1.000000
"Chlorite HS179.3B",2626,ASDFRb,ChapterM_Minerals,splib07a_Chlorite_HS179.3B_ASDFRb_AREF.txt,0.002284,0.996274,1.000000,0.001383,0.992164,1.000000,0.007694,0.995186,1.000000
"Chlorite HS179.4B",2645,ASDFRb,ChapterM_Minerals,splib07a_Chlorite_HS179.4B_ASDFRb_AREF.txt,0.002198,0.990879,1.000000,0.000697,0.994936,1.000000,0.007999,0.994052,1.000000
"Chlorite HS179.6",2651,ASDFRb,ChapterM_Minerals,splib07a_Chlorite_HS179.6_ASDFRb_AREF.txt,0.001280,0.972558,1.000000,0.000547,0.991733,1.000000,0.002570,0.989842,1.000000
"Chromite HS281.1B",2768,ASDFRc,ChapterM_Minerals,splib07a_Chromite_HS281.1B_ASDFRc_AREF.txt,0.001456,0.998206,1.000000,0.003060,0.998720,1.000000,0.004531,0.999019,1.000000
"Chromite HS281.2B",2774,ASDFRc,ChapterM_Minerals,splib07a_Chromite_HS281.2B_ASDFRc_AREF.txt,0.001062,0.998807,1.000000,0.001596,0.999237,1.000000,0.003943,0.998836,1.000000
"Chromite HS281.3B",2780,ASDFRc,ChapterM_Minerals,splib07a_Chromite_HS281.3B_ASDFRc_AREF.txt,0.000812,0.998504,1.000000,0.000401,0.997929,1.000000,0.001215,0.998460,1.000000
"Chromite HS281.4B",2799,ASDFRc,ChapterM_Minerals,splib07a_Chromite_HS281.4B_ASDFRc_AREF.txt,0.000953,0.998135,1.000000,0.000389,0.995600,1.000000,0.001004,0.998640,1.000000
"Chrysocolla HS297.1B",2809,ASDFRb,ChapterM_Minerals,splib07a_Chrysocolla_HS297.1B_ASDFRb_AREF.txt,0.005058,0.998799,1.000000,0.001434,0.999584,1.000000,0.006086,0.994390,1.000000
"Chrysocolla HS297.2B",2815,ASDFRb,ChapterM_Minerals,splib07a_Chrysocolla_HS297.2B_ASDFRb_AREF.txt,0.013671,0.996440,1.000000,0.003401,0.998407,1.000000,0.010814,0.989748,1.000000
"Chrysocolla HS297.3B",2821,ASDFRb,ChapterM_Minerals,splib07a_Chrysocolla_HS297.3B_ASDFRb_AREF.txt,0.021743,0.988745,1.000000,0.002815,0.995143,1.000000,0.016626,0.982229,1.000000
"Chrysocolla HS297.4B",2840,ASDFRb,ChapterM_Minerals,splib07a_Chrysocolla_HS297.4B_ASDFRb_AREF.txt,0.013943,0.990262,1.000000,0.000754,0.997157,1.000000,0.012087,0.980717,1.000000
"Chrysotile HS323.1B",2853,ASDNGa,ChapterM_Minerals,splib07a_Chrysotile_HS323.1B_ASDNGa_AREF.txt,0.047679,0.956145,1.000000,0.001361,-0.272781,1.000000,0.009263,0.980360,1.000000
"Chrysotile ML99-12A Coar Fib",2869,ASDFRb,ChapterM_Minerals,splib07a_Chrysotile_ML99-12A_Coar_Fib_ASDFRb_AREF.txt,0.004737,0.991325,1.000000,0.001244,0.996209,1.000000,0.007233,0.991273,1.000000
"Chrysotile ML99-12C Fine Fib",2878,ASDFRb,ChapterM_Minerals,splib07a_Chrysotile_ML99-12C_Fine_Fib_ASDFRb_AREF.txt,0.001164,0.996040,1.000000,0.000534,0.902800,1.000000,0.001810,0.990406,1.000000
"Clinochlore_Fe GDS157.b",3004,ASDFRa,ChapterM_Minerals,splib07a_Clinochlore_Fe_GDS157.b_ASDFRa_AREF.txt,0.001143,0.993162,1.000000,0.000520,0.993365,1.000000,0.004306,0.998318,1.000000
"Clinochlore GDS158 Flagstaff",2914,ASDNGb,ChapterM_Minerals,splib07a_Clinochlore_GDS158_Flagstaff_ASDNGb_AREF.txt,0.002816,0.993606,1.000000,0.000831,0.994239,1.000000,0.005907,0.997112,1.000000
"Corundum HS283.1B",3282,ASDFRc,ChapterM_Minerals,splib07a_Corundum_HS283.1B_ASDFRc_AREF.txt,0.003057,0.998434,1.000000,0.001279,0.989874,1.000000,0.002424,0.997374,1.000000
"Corundum HS283.2B",3288,ASDFRc,ChapterM_Minerals,splib07a_Corundum_HS283.2B_ASDFRc_AREF.txt,0.005349,0.986563,1.000000,0.001596,0.991321,1.000000,0.003370,0.999105,1.000000
"Corundum HS283.4B",3298,ASDFRc,ChapterM_Minerals,splib07a_Corundum_HS283.4B_ASDFRc_AREF.txt,0.009938,0.958845,1.000000,0.002663,0.996286,1.000000,0.007521,0.998545,1.000000
"Cummingtonite HS294.1B",3328,ASDFRc,ChapterM_Minerals,splib07a_Cummingtonite_HS294.1B_ASDFRc_AREF.txt,0.002498,0.998211,1.000000,0.003099,0.986618,1.000000,0.001490,0.998566,1.000000
"Cummingtonite HS294.2B",3334,ASDFRc,ChapterM_Minerals,splib07a_Cummingtonite_HS294.2B_ASDFRc_AREF.txt,0.001462,0.997286,1.000000,0.001454,0.994160,1.000000,0.001286,0.999037,1.000000
"Cummingtonite HS294.3B",3344,ASDFRc,ChapterM_Minerals,splib07a_Cummingtonite_HS294.3B_ASDFRc_AREF.txt,0.001006,0.991677,1.000000,0.000387,0.998234,1.000000,0.000720,0.999097,1.000000
"Cummingtonite HS294.4B",3363,ASDFRc,ChapterM_Minerals,splib07a_Cummingtonite_HS294.4B_ASDFRc_AREF.txt,0.001175,0.977836,1.000000,0.000301,0.998053,1.000000,0.000503,0.998476,1.000000
"Cummingtonite HS294.6",3369,ASDFRc,ChapterM_Minerals,splib07a_Cummingtonite_HS294.6_ASDFRc_AREF.txt,0.001155,0.989971,1.000000,0.000867,0.996911,1.000000,0.000619,0.997071,1.000000
"Cuprite HS127.2B",3379,ASDFRb,ChapterM_Minerals,splib07a_Cuprite_HS127.2B_ASDFRb_AREF.txt,0.001311,0.985051,1.000000,0.003122,0.997909,1.000000,0.001282,0.997991,1.000000
"Cuprite HS127.3B",3389,ASDFRb,ChapterM_Minerals,splib07a_Cuprite_HS127.3B_ASDFRb_AREF.txt,0.000972,0.991054,1.000000,0.001471,0.998228,1.000000,0.000928,0.995542,1.000000
"Cuprite HS127.4B",3408,ASDFRb,ChapterM_Minerals,splib07a_Cuprite_HS127.4B_ASDFRb_AREF.txt,0.001013,0.989130,1.000000,0.001366,0.997847,1.000000,0.000814,0.989191,1.000000
"Datolite HS442.1B",3419,ASDFRb,ChapterM_Minerals,splib07a_Datolite_HS442.1B_ASDFRb_AREF.txt,0.002707,0.994463,1.000000,0.001023,0.986027,1.000000,0.014092,0.981253,1.000000
"Datolite HS442.2B",3425,ASDFRb,ChapterM_Minerals,splib07a_Datolite_HS442.2B_ASDFRb_AREF.txt,0.002443,0.997620,1.000000,0.002980,0.875802,1.000000,0.020493,0.985136,1.000000
"Datolite HS442.4B",3448,ASDFRb,ChapterM_Minerals,splib07a_Datolite_HS442.4B_ASDFRb_AREF.txt,0.002052,0.999176,1.000000,0.007137,0.774369,1.000000,0.022455,0.990354,1.000000
"Diaspore HS416.1B",3465,ASDFRb,ChapterM_Minerals,splib07a_Diaspore_HS416.1B_ASDFRb_AREF.txt,0.002066,0.999694,1.000000,0.002944,0.980828,1.000000,0.003344,0.999207,1.000000
"Diaspore HS416.2B",3471,ASDFRb,ChapterM_Minerals,splib07a_Diaspore_HS416.2B_ASDFRb_AREF.txt,0.002250,0.999716,1.000000,0.001641,0.997442,1.000000,0.004306,0.999238,1.000000
"Diaspore HS416.3B",3481,ASDFRb,ChapterM_Minerals,splib07a_Diaspore_HS416.3B_ASDFRb_AREF.txt,0.002927,0.999016,1.000000,0.001194,0.999274,1.000000,0.005630,0.999157,1.000000
"Diaspore HS416.4B",3500,ASDFRb,ChapterM_Minerals,splib07a_Diaspore_HS416.4B_ASDFRb_AREF.txt,0.002707,0.998968,1.000000,0.001058,0.999075,1.000000,0.005038,0.999049,1.000000
"Diaspore HS416.6",3506,ASDFRb,ChapterM_Minerals,splib07a_Diaspore_HS416.6_ASDFRb_AREF.txt,0.002793,0.999192,1.000000,0.001567,0.998253,1.000000,0.004911,0.999228,1.000000
"Dickite NMNH106242",3519,ASDNGb,ChapterM_Minerals,splib07a_Dickite_NMNH106242_ASDNGb_AREF.txt,0.002568,0.999491,1.000000,0.003782,0.917159,1.000000,0.025117,0.985812,1.000000
"Diopside HS15.1B pyroxene",3568,ASDFRc,ChapterM_Minerals,splib07a_Diopside_HS15.1B_pyroxene_ASDFRc_AREF.txt,0.002159,0.998435,1.000000,0.001253,0.930060,1.000000,0.001706,0.998603,1.000000
"Diopside HS15.2B pyroxene",3574,ASDFRc,ChapterM_Minerals,splib07a_Diopside_HS15.2B_pyroxene_ASDFRc_AREF.txt,0.002702,0.997608,1.000000,0.002233,0.939464,1.000000,0.001599,0.999538,1.000000
"Diopside HS15.3B pyroxene",3584,ASDFRc,ChapterM_Minerals,splib07a_Diopside_HS15.3B_pyroxene_ASDFRc_AREF.txt,0.003859,0.995730,1.000000,0.002353,0.965302,1.000000,0.002054,0.999569,1.000000
"Diopside HS15.4B pyroxene",3603,ASDFRc,ChapterM_Minerals,splib07a_Diopside_HS15.4B_pyroxene_ASDFRc_AREF.txt,0.003220,0.994796,1.000000,0.001671,0.973307,1.000000,0.001560,0.999677,1.000000
"Diopside HS15.8 pyroxene",3609,ASDFRc,ChapterM_Minerals,splib07a_Diopside_HS15.8_pyroxene_ASDFRc_AREF.txt,0.002549,0.989604,1.000000,0.001100,0.992015,1.000000,0.000932,0.997750,1.000000
"Diopside HS317.1B (Cr)Pyx",3619,ASDFRc,ChapterM_Minerals,splib07a_Diopside_HS317.1B_(Cr)Pyx_ASDFRc_AREF.txt,0.002864,0.913044,1.000000,0.001311,0.954170,1.000000,0.002622,0.983525,1.000000
"Diopside HS317.2B (Cr)Pyx",3625,ASDFRc,ChapterM_Minerals,splib07a_Diopside_HS317.2B_(Cr)Pyx_ASDFRc_AREF.txt,0.001830,0.997262,1.000000,0.001468,0.993036,1.000000,0.001826,0.987527,1.000000
"Diopside HS317.3B (Cr)Pyx",3635,ASDFRc,ChapterM_Minerals,splib07a_Diopside_HS317.3B_(Cr)Pyx_ASDFRc_AREF.txt,0.004785,0.993403,1.000000,0.001939,0.998658,1.000000,0.003280,0.996719,1.000000
"Diopside HS317.4B (Cr)Pyx",3654,ASDFRc,ChapterM_Minerals,splib07a_Diopside_HS317.4B_(Cr)Pyx_ASDFRc_AREF.txt,0.004100,0.992238,1.000000,0.001703,0.998719,1.000000,0.003151,0.997583,1.000000
"Diopside HS317.6 (Cr)Pyx",3660,ASDFRc,ChapterM_Minerals,splib07a_Diopside_HS317.6_(Cr)Pyx_ASDFRc_AREF.txt,0.001901,0.993577,1.000000,0.000986,0.998844,1.000000,0.002390,0.996835,1.000000
"Dolomite HS102.1B",3708,ASDNGb,ChapterM_Minerals,splib07a_Dolomite_HS102.1B_ASDNGb_AREF.txt,0.002169,0.998030,1.000000,0.000579,1.000000,1.000000,0.003475,0.955823,1.000000
"Dolomite HS102.3B",3724,ASDNGb,ChapterM_Minerals,splib07a_Dolomite_HS102.3B_ASDNGb_AREF.txt,0.002694,0.947083,1.000000,0.002531,0.928433,1.000000,0.010180,0.981130,1.000000
"Dolomite HS102.4B",3749,ASDNGb,ChapterM_Minerals,splib07a_Dolomite_HS102.4B_ASDNGb_AREF.txt,0.002555,0.949491,1.000000,0.002042,0.973513,1.000000,0.010688,0.981631,1.000000
"Dolomite ML97-3 Ferroan",3764,ASDFRb,ChapterM_Minerals,splib07a_Dolomite_ML97-3_Ferroan_ASDFRb_AREF.txt,0.005782,0.990996,1.000000,0.004627,0.997494,1.000000,0.013585,0.984769,1.000000
"Epidote GDS26.a 75-200um",3892,ASDNGb,ChapterM_Minerals,splib07a_Epidote_GDS26.a_75-200um_ASDNGb_AREF.txt,0.007158,0.990654,1.000000,0.002897,0.951231,1.000000,0.014496,0.989363,1.000000
"Epidote GDS26.b <75um",3921,ASDNGb,ChapterM_Minerals,splib07a_Epidote_GDS26.b_lt75um_ASDNGb_AREF.txt,0.011062,0.995916,1.000000,0.002070,0.949474,1.000000,0.010261,0.980972,1.000000
"Epidote GDS301 75-150um",3936,ASDFRb,ChapterM_Minerals,splib07a_Epidote_GDS301_75-150um_ASDFRb_AREF.txt,0.008895,0.991975,1.000000,0.002927,0.965705,1.000000,0.011612,0.990741,1.000000
"Fluorapatite_REE WS418 xtl",4060,ASDFRc,ChapterM_Minerals,splib07a_Fluorapatite_REE_WS418_xtl_ASDFRc_AREF.txt,0.003268,0.991088,1.000000,0.007911,0.979143,1.000000,0.005331,0.986665,1.000000
"Fluorapatite_REE WS420 xtl",4069,ASDFRb,ChapterM_Minerals,splib07a_Fluorapatite_REE_WS420_xtl_ASDFRb_AREF.txt,0.003415,0.999381,1.000000,0.005324,0.992320,1.000000,0.005231,0.984726,1.000000
"Fluorapatite WS416 xtl",4038,ASDFRa,ChapterM_Minerals,splib07a_Fluorapatite_WS416_xtl_ASDFRa_AREF.txt,0.005167,0.990736,1.000000,0.008161,0.803613,1.000000,0.001640,0.986597,1.000000
"Forsterite_REE AZ-01 ASU",4078,ASDFRa,ChapterM_Minerals,splib07a_Forsterite_REE_AZ-01_ASU_ASDFRa_AREF.txt,0.005075,0.995719,1.000000,0.004339,0.996170,1.000000,0.004748,0.999333,1.000000
"Galena HS37.3",4088,ASDFRb,ChapterM_Minerals,splib07a_Galena_HS37.3_ASDFRb_AREF.txt,0.000721,0.931045,1.000000,0.000137,0.997402,1.000000,0.000344,0.997420,1.000000
"Galena HS37.3fg",4113,ASDFRb,ChapterM_Minerals,splib07a_Galena_HS37.3fg_ASDFRb_AREF.txt,0.000723,0.875551,1.000000,0.000089,0.997491,1.000000,0.000244,0.997069,1.000000
"Gibbsite HS423.1B",4194,ASDFRb,ChapterM_Minerals,splib07a_Gibbsite_HS423.1B_ASDFRb_AREF.txt,0.002310,0.999556,1.000000,0.001368,0.994834,1.000000,0.009704,0.995552,1.000000
"Gibbsite HS423.2B",4200,ASDFRb,ChapterM_Minerals,splib07a_Gibbsite_HS423.2B_ASDFRb_AREF.txt,0.002151,0.999605,1.000000,0.001423,0.993759,1.000000,0.012405,0.994237,1.000000
"Gibbsite HS423.3B",4210,ASDFRb,ChapterM_Minerals,splib07a_Gibbsite_HS423.3B_ASDFRb_AREF.txt,0.002012,0.999644,1.000000,0.001970,0.983070,1.000000,0.019470,0.991464,1.000000
"Gibbsite HS423.4B",4229,ASDFRb,ChapterM_Minerals,splib07a_Gibbsite_HS423.4B_ASDFRb_AREF.txt,0.002767,0.999395,1.000000,0.002332,0.979474,1.000000,0.015009,0.992248,1.000000
"Gibbsite HS423.6",4235,ASDFRb,ChapterM_Minerals,splib07a_Gibbsite_HS423.6_ASDFRb_AREF.txt,0.002747,0.998982,1.000000,0.004723,0.962309,1.000000,0.013603,0.991483,1.000000
"Glauconite HS313.1B",4252,ASDFRc,ChapterM_Minerals,splib07a_Glauconite_HS313.1B_ASDFRc_AREF.txt,0.003449,0.995073,1.000000,0.001157,0.906705,1.000000,0.002418,0.999315,1.000000
"Glauconite HS313.3B",4262,ASDFRc,ChapterM_Minerals,splib07a_Glauconite_HS313.3B_ASDFRc_AREF.txt,0.002076,0.992451,1.000000,0.000547,0.986095,1.000000,0.004491,0.995514,1.000000
"Glauconite HS313.4B",4281,ASDFRc,ChapterM_Minerals,splib07a_Glauconite_HS313.4B_ASDFRc_AREF.txt,0.001548,0.970446,1.000000,0.000222,0.991574,1.000000,0.001970,0.992656,1.000000
"Glauconite HS313.6",4287,ASDFRc,ChapterM_Minerals,splib07a_Glauconite_HS313.6_ASDFRc_AREF.txt,0.000921,0.962088,1.000000,0.000236,0.985125,1.000000,0.002112,0.994080,1.000000
"Glaucophane HS426.1B",4297,ASDFRc,ChapterM_Minerals,splib07a_Glaucophane_HS426.1B_ASDFRc_AREF.txt,0.002711,0.997392,1.000000,0.001829,0.995905,1.000000,0.003081,0.996281,1.000000
"Glaucophane HS426.2B",4303,ASDFRc,ChapterM_Minerals,splib07a_Glaucophane_HS426.2B_ASDFRc_AREF.txt,0.002514,0.995840,1.000000,0.001255,0.998237,1.000000,0.005124,0.996202,1.000000
"Glaucophane HS426.3B",4313,ASDFRc,ChapterM_Minerals,splib07a_Glaucophane_HS426.3B_ASDFRc_AREF.txt,0.001966,0.973034,1.000000,0.000885,0.997626,1.000000,0.006096,0.996318,1.000000
"Glaucophane HS426.4B",4332,ASDFRc,ChapterM_Minerals,splib07a_Glaucophane_HS426.4B_ASDFRc_AREF.txt,0.002028,0.958406,1.000000,0.000564,0.997077,1.000000,0.005212,0.996470,1.000000
"Glaucophane HS426.6",4338,ASDFRc,ChapterM_Minerals,splib07a_Glaucophane_HS426.6_ASDFRc_AREF.txt,0.002244,0.967188,1.000000,0.000440,0.980149,1.000000,0.001782,0.996645,1.000000
"Goethite GDS134",4347,ASDFRb,ChapterM_Minerals,splib07a_Goethite_GDS134_ASDFRb_AREF.txt,0.001984,0.998680,1.000000,0.001337,0.993111,1.000000,0.005073,0.982429,1.000000
"Gypsum HS333.1B (Selenite)",4558,ASDFRa,ChapterM_Minerals,splib07a_Gypsum_HS333.1B_(Selenite)_ASDFRa_AREF.txt,0.001354,0.999415,1.000000,0.002449,0.868472,1.000000,0.010857,0.994499,1.000000
"Gypsum HS333.2B (Selenite)",4564,ASDFRa,ChapterM_Minerals,splib07a_Gypsum_HS333.2B_(Selenite)_ASDFRa_AREF.txt,0.002000,0.983662,1.000000,0.001709,0.957102,1.000000,0.013503,0.995325,1.000000
"Gypsum HS333.3B (Selenite)",4574,ASDFRa,ChapterM_Minerals,splib07a_Gypsum_HS333.3B_(Selenite)_ASDFRa_AREF.txt,0.001463,0.996423,1.000000,0.003348,0.955456,1.000000,0.011955,0.996794,1.000000
"Gypsum HS333.3B (Selenite)",4580,ASDNGa,ChapterM_Minerals,splib07a_Gypsum_HS333.3B_(Selenite)_ASDNGa_AREF.txt,0.001490,0.996162,1.000000,0.004309,0.951613,1.000000,0.013076,0.996624,1.000000
"Gypsum HS333.4B (Selenite)",4605,ASDFRa,ChapterM_Minerals,splib07a_Gypsum_HS333.4B_(Selenite)_ASDFRa_AREF.txt,0.001799,0.992299,1.000000,0.006561,0.949576,1.000000,0.012376,0.996767,1.000000
"Halite HS433.1B",4623,ASDFRa,ChapterM_Minerals,splib07a_Halite_HS433.1B_ASDFRa_AREF.txt,0.002414,0.999702,1.000000,0.001070,0.992337,1.000000,0.002256,0.846971,1.000000
"Halite HS433.2B",4629,ASDFRa,ChapterM_Minerals,splib07a_Halite_HS433.2B_ASDFRa_AREF.txt,0.002223,0.997261,1.000000,0.000879,0.992636,1.000000,0.002190,0.910342,1.000000
"Halite HS433.3B",4639,ASDFRa,ChapterM_Minerals,splib07a_Halite_HS433.3B_ASDFRa_AREF.txt,0.001385,0.998650,1.000000,0.000834,0.991532,1.000000,0.002562,0.926083,1.000000
"Halite HS433.4B",4658,ASDFRa,ChapterM_Minerals,splib07a_Halite_HS433.4B_ASDFRa_AREF.txt,0.001562,0.999012,1.000000,0.000967,0.993315,1.000000,0.002700,0.978715,1.000000
"Halite HS433.6",4664,ASDFRa,ChapterM_Minerals,splib07a_Halite_HS433.6_ASDFRa_AREF.txt,0.001069,0.994856,1.000000,0.001246,0.365923,1.000000,0.001049,0.684706,1.000000
"Halloysite NMNH106237",4713,ASDNGa,ChapterM_Minerals,splib07a_Halloysite_NMNH106237_ASDNGa_AREF.txt,0.001717,0.999531,1.000000,0.003715,0.969616,1.000000,0.012126,0.997220,1.000000
"Hectorite SHCa-1",4760,ASDNGc,ChapterM_Minerals,splib07a_Hectorite_SHCa-1_ASDNGc_AREF.txt,0.001227,0.999650,1.000000,0.000741,0.946175,1.000000,0.008958,0.982732,1.000000
"Hedenbergite HS10.1B",4794,ASDFRc,ChapterM_Minerals,splib07a_Hedenbergite_HS10.1B_ASDFRc_AREF.txt,0.001470,0.999588,1.000000,0.001470,0.990982,1.000000,0.002314,0.999339,1.000000
"Hedenbergite HS10.2B",4800,ASDFRc,ChapterM_Minerals,splib07a_Hedenbergite_HS10.2B_ASDFRc_AREF.txt,0.000948,0.999541,1.000000,0.001065,0.990692,1.000000,0.002295,0.999454,1.000000
"Hedenbergite HS10.3B",4810,ASDFRc,ChapterM_Minerals,splib07a_Hedenbergite_HS10.3B_ASDFRc_AREF.txt,0.000679,0.998465,1.000000,0.000562,0.891666,1.000000,0.002189,0.999004,1.000000
"Hedenbergite HS10.4B",4829,ASDFRc,ChapterM_Minerals,splib07a_Hedenbergite_HS10.4B_ASDFRc_AREF.txt,0.000393,0.998546,1.000000,0.000320,0.913080,1.000000,0.001683,0.997932,1.000000
"Hematite HS45.3",5001,ASDFRb,ChapterM_Minerals,splib07a_Hematite_HS45.3_ASDFRb_AREF.txt,0.001092,0.998165,1.000000,0.001276,0.997022,1.000000,0.000908,0.980717,1.000000
"Hornblende HS16.2B",5072,ASDFRb,ChapterM_Minerals,splib07a_Hornblende_HS16.2B_ASDFRb_AREF.txt,0.000730,0.997489,1.000000,0.000944,0.998242,1.000000,0.003201,0.999424,1.000000
"Hornblende HS16.3B",5082,ASDFRb,ChapterM_Minerals,splib07a_Hornblende_HS16.3B_ASDFRb_AREF.txt,0.000314,0.986006,1.000000,0.000233,0.994646,1.000000,0.006686,0.997158,1.000000
"Hornblende HS16.4B",5101,ASDFRb,ChapterM_Minerals,splib07a_Hornblende_HS16.4B_ASDFRb_AREF.txt,0.000285,0.983237,1.000000,0.000183,0.987677,1.000000,0.005885,0.994131,1.000000
"Hornblende HS16.6",5107,ASDFRb,ChapterM_Minerals,splib07a_Hornblende_HS16.6_ASDFRb_AREF.txt,0.000506,0.995263,1.000000,0.000481,0.996063,1.000000,0.001401,0.997890,1.000000
"Hornblende HS177.1B",5119,ASDFRc,ChapterM_Minerals,splib07a_Hornblende_HS177.1B_ASDFRc_AREF.txt,0.002692,0.998247,1.000000,0.001213,0.996411,1.000000,0.002051,0.998963,1.000000
"Hornblende HS177.3B",5129,ASDFRc,ChapterM_Minerals,splib07a_Hornblende_HS177.3B_ASDFRc_AREF.txt,0.002419,0.904047,1.000000,0.000350,0.977341,1.000000,0.001791,0.999233,1.000000
"Hornblende HS177.4B",5148,ASDFRc,ChapterM_Minerals,splib07a_Hornblende_HS177.4B_ASDFRc_AREF.txt,0.001967,0.572212,1.000000,0.000319,0.950334,1.000000,0.001089,0.998813,1.000000
"Hornblende HS177.6",5154,ASDFRc,ChapterM_Minerals,splib07a_Hornblende_HS177.6_ASDFRc_AREF.txt,0.001261,0.986374,1.000000,0.000389,0.978185,1.000000,0.000619,0.995831,1.000000
"Illite GDS4.2 Marblehead",5461,ASDNGb,ChapterM_Minerals,splib07a_Illite_GDS4.2_Marblehead_ASDNGb_AREF.txt,0.001372,0.999013,1.000000,0.000946,0.998398,1.000000,0.006265,0.986304,1.000000
"Illite GDS4 Marblehead",5436,ASDNGb,ChapterM_Minerals,splib07a_Illite_GDS4_Marblehead_ASDNGb_AREF.txt,0.000865,0.997906,1.000000,0.000640,0.996610,1.000000,0.006359,0.984147,1.000000
"Illite IMt-1.a",5496,ASDNGb,ChapterM_Minerals,splib07a_Illite_IMt-1.a_ASDNGb_AREF.txt,0.002392,0.996273,1.000000,0.001235,0.939383,1.000000,0.004003,0.997421,1.000000
"Illite IMt-1.b <2um",5525,ASDNGa,ChapterM_Minerals,splib07a_Illite_IMt-1.b_lt2um_ASDNGa_AREF.txt,0.003494,0.997723,1.000000,0.001591,0.991472,1.000000,0.003356,0.997418,1.000000
"Ilmenite HS231.2B",5555,ASDFRb,ChapterM_Minerals,splib07a_Ilmenite_HS231.2B_ASDFRb_AREF.txt,0.001516,0.640581,1.000000,0.000300,0.970352,1.000000,0.000385,0.995772,1.000000
"Ilmenite HS231.3B",5565,ASDFRb,ChapterM_Minerals,splib07a_Ilmenite_HS231.3B_ASDFRb_AREF.txt,0.000854,0.872802,1.000000,0.000322,1.000000,1.000000,0.000375,0.986867,1.000000
"Ilmenite HS231.4B",5584,ASDFRb,ChapterM_Minerals,splib07a_Ilmenite_HS231.4B_ASDFRb_AREF.txt,0.000783,0.872923,1.000000,0.000303,1.000000,1.000000,0.000368,0.982666,1.000000
"Jadeite HS343.1B",5594,ASDFRb,ChapterM_Minerals,splib07a_Jadeite_HS343.1B_ASDFRb_AREF.txt,0.001793,0.997435,1.000000,0.001879,0.960859,1.000000,0.001513,0.995452,1.000000
"Jadeite HS343.2B",5600,ASDFRb,ChapterM_Minerals,splib07a_Jadeite_HS343.2B_ASDFRb_AREF.txt,0.001947,0.996948,1.000000,0.001594,0.980475,1.000000,0.001372,0.998820,1.000000
"Jadeite HS343.3B",5610,ASDFRb,ChapterM_Minerals,splib07a_Jadeite_HS343.3B_ASDFRb_AREF.txt,0.002044,0.994994,1.000000,0.001273,0.974185,1.000000,0.001868,0.998503,1.000000
"Jadeite HS343.4B",5629,ASDFRb,ChapterM_Minerals,splib07a_Jadeite_HS343.4B_ASDFRb_AREF.txt,0.001023,0.994171,1.000000,0.000613,0.874564,1.000000,0.000983,0.997103,1.000000
"Jadeite HS343.6",5635,ASDFRb,ChapterM_Minerals,splib07a_Jadeite_HS343.6_ASDFRb_AREF.txt,0.002546,0.978155,1.000000,0.000497,0.967760,1.000000,0.000812,0.993905,1.000000
"Jarosite GDS635 Na Cyprus",5773,ASDNGa,ChapterM_Minerals,splib07a_Jarosite_GDS635_Na_Cyprus_ASDNGa_AREF.txt,0.013178,0.994391,1.000000,0.006112,0.981563,1.000000,0.018900,0.979408,1.000000
"Jarosite GDS636 K Pena<325um",5789,ASDNGa,ChapterM_Minerals,splib07a_Jarosite_GDS636_K_Penalt325um_ASDNGa_AREF.txt,0.011810,0.997601,1.000000,0.005231,0.982542,1.000000,0.008906,0.981579,1.000000
"Jarosite GDS732 K 200CSyn6hr",5805,ASDNGb,ChapterM_Minerals,splib07a_Jarosite_GDS732_K_200CSyn6hr_ASDNGb_AREF.txt,0.012666,0.997297,1.000000,0.005868,0.981305,1.000000,0.010262,0.987881,1.000000
"Kaolinite CM9",5980,ASDNGb,ChapterM_Minerals,splib07a_Kaolinite_CM9_ASDNGb_AREF.txt,0.002937,0.998733,1.000000,0.001792,0.900758,1.000000,0.011144,0.996282,1.000000
"Kaolinite KGa-1 (wxl)",6047,ASDNGb,ChapterM_Minerals,splib07a_Kaolinite_KGa-1_(wxl)_ASDNGb_AREF.txt,0.003278,0.998905,1.000000,0.002002,0.862424,1.000000,0.010299,0.994925,1.000000
"Kaolinite KGa-2 (pxl)",6081,ASDNGb,ChapterM_Minerals,splib07a_Kaolinite_KGa-2_(pxl)_ASDNGb_AREF.txt,0.004590,0.999178,1.000000,0.001078,0.984887,1.000000,0.009573,0.995806,1.000000
"Karpatite GDS978",6129,ASDHRb,ChapterM_Minerals,splib07a_Karpatite_GDS978_ASDHRb_AREF.txt,0.018048,0.993144,1.000000,0.003059,0.707088,1.000000,0.011399,0.995763,1.000000
"Kieserite KIEDE1.a crse gr",6164,ASDFRc,ChapterM_Minerals,splib07a_Kieserite_KIEDE1.a_crse_gr_ASDFRc_AREF.txt,0.001971,0.999447,1.000000,0.001454,0.917155,1.000000,0.005458,0.999337,1.000000
"Kieserite KIEDE1.b fine gr",6183,ASDFRc,ChapterM_Minerals,splib07a_Kieserite_KIEDE1.b_fine_gr_ASDFRc_AREF.txt,0.001106,0.999570,1.000000,0.001167,0.817373,1.000000,0.010379,0.997372,1.000000
"Knebelite HS419.1B",6194,ASDFRb,ChapterM_Minerals,splib07a_Knebelite_HS419.1B_ASDFRb_AREF.txt,0.002297,0.999186,1.000000,0.001307,0.879037,1.000000,0.002168,0.977257,1.000000
"Knebelite HS419.2B",6200,ASDFRb,ChapterM_Minerals,splib07a_Knebelite_HS419.2B_ASDFRb_AREF.txt,0.002648,0.998933,1.000000,0.001446,0.991348,1.000000,0.002203,0.995306,1.000000
"Knebelite HS419.3B",6210,ASDFRc,ChapterM_Minerals,splib07a_Knebelite_HS419.3B_ASDFRc_AREF.txt,0.003548,0.996704,1.000000,0.001718,0.995748,1.000000,0.002347,0.998711,1.000000
"Knebelite HS419.4B",6229,ASDFRc,ChapterM_Minerals,splib07a_Knebelite_HS419.4B_ASDFRc_AREF.txt,0.003058,0.992602,1.000000,0.001446,0.991611,1.000000,0.001948,0.998025,1.000000
"Knebelite HS419.6",6235,ASDFRc,ChapterM_Minerals,splib07a_Knebelite_HS419.6_ASDFRc_AREF.txt,0.003053,0.992436,1.000000,0.000770,0.998661,1.000000,0.001689,0.995546,1.000000
"Labradorite HS17.1B",6245,ASDFRc,ChapterM_Minerals,splib07a_Labradorite_HS17.1B_ASDFRc_AREF.txt,0.002066,0.997922,1.000000,0.001849,0.801143,1.000000,0.002068,0.968985,1.000000
"Labradorite HS17.2B",6251,ASDFRc,ChapterM_Minerals,splib07a_Labradorite_HS17.2B_ASDFRc_AREF.txt,0.001975,0.996634,1.000000,0.001415,0.929589,1.000000,0.001770,0.972925,1.000000
"Labradorite HS17.3B",6261,ASDFRc,ChapterM_Minerals,splib07a_Labradorite_HS17.3B_ASDFRc_AREF.txt,0.001439,0.995760,1.000000,0.001010,0.971989,1.000000,0.001523,0.986606,1.000000
"Labradorite HS17.4B",6280,ASDFRc,ChapterM_Minerals,splib07a_Labradorite_HS17.4B_ASDFRc_AREF.txt,0.000912,0.994992,1.000000,0.000961,0.952775,1.000000,0.000890,0.988396,1.000000
"Lazurite HS418.1B",6310,ASDFRb,ChapterM_Minerals,splib07a_Lazurite_HS418.1B_ASDFRb_AREF.txt,0.008442,0.969887,1.000000,0.001356,0.994890,1.000000,0.002215,0.991501,1.000000
"Lazurite HS418.2B",6316,ASDFRb,ChapterM_Minerals,splib07a_Lazurite_HS418.2B_ASDFRb_AREF.txt,0.014036,0.985862,1.000000,0.000989,0.998082,1.000000,0.002686,0.992142,1.000000
"Lazurite HS418.3B",6326,ASDFRb,ChapterM_Minerals,splib07a_Lazurite_HS418.3B_ASDFRb_AREF.txt,0.007289,0.993929,1.000000,0.001008,0.999145,1.000000,0.004667,0.994103,1.000000
"Lazurite HS418.4B",6345,ASDFRb,ChapterM_Minerals,splib07a_Lazurite_HS418.4B_ASDFRb_AREF.txt,0.004727,0.994345,1.000000,0.001729,0.996675,1.000000,0.003402,0.996611,1.000000
"Lepidolite HS167.1B",6377,ASDFRb,ChapterM_Minerals,splib07a_Lepidolite_HS167.1B_ASDFRb_AREF.txt,0.002391,0.999154,1.000000,0.000805,0.989704,1.000000,0.003732,0.989364,1.000000
"Lepidolite HS167.2B",6383,ASDFRb,ChapterM_Minerals,splib07a_Lepidolite_HS167.2B_ASDFRb_AREF.txt,0.003801,0.970503,1.000000,0.000916,0.995511,1.000000,0.005468,0.988294,1.000000
"Lepidolite HS167.3B",6393,ASDFRb,ChapterM_Minerals,splib07a_Lepidolite_HS167.3B_ASDFRb_AREF.txt,0.002553,0.990677,1.000000,0.001674,0.995721,1.000000,0.010576,0.987363,1.000000
"Lepidolite HS167.4B",6412,ASDFRb,ChapterM_Minerals,splib07a_Lepidolite_HS167.4B_ASDFRb_AREF.txt,0.004228,0.986659,1.000000,0.002344,0.997039,1.000000,0.014306,0.990898,1.000000
"Lepidolite HS167.6",6418,ASDFRb,ChapterM_Minerals,splib07a_Lepidolite_HS167.6_ASDFRb_AREF.txt,0.003076,0.964977,1.000000,0.001742,0.997481,1.000000,0.012678,0.994219,1.000000
"Magnetite HS195.1B",6598,ASDFRb,ChapterM_Minerals,splib07a_Magnetite_HS195.1B_ASDFRb_AREF.txt,0.000227,0.991548,1.000000,0.000197,0.991396,1.000000,0.000213,0.999301,1.000000
"Magnetite HS195.2B",6604,ASDFRb,ChapterM_Minerals,splib07a_Magnetite_HS195.2B_ASDFRb_AREF.txt,0.000266,0.994056,1.000000,0.000303,0.992457,1.000000,0.000311,0.999641,1.000000
"Magnetite HS195.3B",6614,ASDFRb,ChapterM_Minerals,splib07a_Magnetite_HS195.3B_ASDFRb_AREF.txt,0.002937,0.637986,1.000000,0.000297,0.989406,1.000000,0.000331,0.999567,1.000000
"Magnetite HS195.4B",6633,ASDFRb,ChapterM_Minerals,splib07a_Magnetite_HS195.4B_ASDFRb_AREF.txt,0.003276,0.986571,1.000000,0.000378,0.989121,1.000000,0.000372,0.999635,1.000000
"Magnetite HS78.1B",6644,ASDFRb,ChapterM_Minerals,splib07a_Magnetite_HS78.1B_ASDFRb_AREF.txt,0.000740,0.537880,1.000000,0.000177,0.978159,1.000000,0.000137,0.997217,1.000000
"Magnetite HS78.2B",6650,ASDFRb,ChapterM_Minerals,splib07a_Magnetite_HS78.2B_ASDFRb_AREF.txt,0.000981,0.663500,1.000000,0.000237,0.978313,1.000000,0.000300,0.993400,1.000000
"Magnetite HS78.3B",6660,ASDFRb,ChapterM_Minerals,splib07a_Magnetite_HS78.3B_ASDFRb_AREF.txt,0.000601,0.731378,1.000000,0.000226,0.984693,1.000000,0.000190,0.998633,1.000000
"Magnetite HS78.4B",6679,ASDFRb,ChapterM_Minerals,splib07a_Magnetite_HS78.4B_ASDFRb_AREF.txt,0.000568,1.000000,1.000000,0.000228,0.982752,1.000000,0.000195,0.997876,1.000000
"Malachite HS254.1B",6689,ASDFRb,ChapterM_Minerals,splib07a_Malachite_HS254.1B_ASDFRb_AREF.txt,0.003271,0.998355,1.000000,0.001573,0.999119,1.000000,0.006265,0.996243,1.000000
"Malachite HS254.2B",6695,ASDFRb,ChapterM_Minerals,splib07a_Malachite_HS254.2B_ASDFRb_AREF.txt,0.002305,0.998917,1.000000,0.001704,0.997929,1.000000,0.007098,0.996702,1.000000
"Malachite HS254.3B",6705,ASDFRb,ChapterM_Minerals,splib07a_Malachite_HS254.3B_ASDFRb_AREF.txt,0.001616,0.999071,1.000000,0.000751,0.998503,1.000000,0.006425,0.993052,1.000000
"Malachite HS254.4B",6724,ASDFRb,ChapterM_Minerals,splib07a_Malachite_HS254.4B_ASDFRb_AREF.txt,0.001647,0.998562,1.000000,0.000621,0.998498,1.000000,0.003941,0.993866,1.000000
"Microcline HS103.1B Feldspar",6844,ASDFRc,ChapterM_Minerals,splib07a_Microcline_HS103.1B_Feldspar_ASDFRc_AREF.txt,0.003125,0.997075,1.000000,0.000833,0.766367,1.000000,0.002095,0.942660,1.000000
"Microcline HS103.2B Feldspar",6850,ASDFRc,ChapterM_Minerals,splib07a_Microcline_HS103.2B_Feldspar_ASDFRc_AREF.txt,0.002927,0.996990,1.000000,0.001235,0.976458,1.000000,0.002276,0.973070,1.000000
"Microcline HS103.3B Feldspar",6860,ASDFRc,ChapterM_Minerals,splib07a_Microcline_HS103.3B_Feldspar_ASDFRc_AREF.txt,0.005200,0.994984,1.000000,0.001765,0.993203,1.000000,0.002877,0.989975,1.000000
"Microcline HS103.4B Feldspar",6879,ASDFRc,ChapterM_Minerals,splib07a_Microcline_HS103.4B_Feldspar_ASDFRc_AREF.txt,0.006470,0.994248,1.000000,0.001561,0.998309,1.000000,0.003234,0.992498,1.000000
"Microcline HS103.6 Feldspar",6885,ASDFRc,ChapterM_Minerals,splib07a_Microcline_HS103.6_Feldspar_ASDFRc_AREF.txt,0.003888,0.998765,1.000000,0.002583,0.998209,1.000000,0.004623,0.983283,1.000000
"Microcline HS151.1B Feldspar",6916,ASDFRc,ChapterM_Minerals,splib07a_Microcline_HS151.1B_Feldspar_ASDFRc_AREF.txt,0.001908,0.999091,1.000000,0.000889,0.966072,1.000000,0.002044,0.906503,1.000000
"Microcline HS151.2B Feldspar",6922,ASDFRc,ChapterM_Minerals,splib07a_Microcline_HS151.2B_Feldspar_ASDFRc_AREF.txt,0.002193,0.998395,1.000000,0.000818,0.987784,1.000000,0.001659,0.961425,1.000000
"Microcline HS151.3B Feldspar",6932,ASDFRc,ChapterM_Minerals,splib07a_Microcline_HS151.3B_Feldspar_ASDFRc_AREF.txt,0.002707,0.998920,1.000000,0.000801,0.991568,1.000000,0.001676,0.989058,1.000000
"Microcline HS151.4B Feldspar",6951,ASDFRc,ChapterM_Minerals,splib07a_Microcline_HS151.4B_Feldspar_ASDFRc_AREF.txt,0.002278,0.999427,1.000000,0.001300,0.984261,1.000000,0.002643,0.987710,1.000000
"Microcline HS151.6 Feldspar",6957,ASDFRc,ChapterM_Minerals,splib07a_Microcline_HS151.6_Feldspar_ASDFRc_AREF.txt,0.002268,0.999344,1.000000,0.001147,0.898622,1.000000,0.002472,0.996265,1.000000
"Monazite HS255.1B",7058,ASDFRb,ChapterM_Minerals,splib07a_Monazite_HS255.1B_ASDFRb_AREF.txt,0.008425,0.997162,1.000000,0.008890,0.963963,1.000000,0.006948,0.960684,1.000000
"Monazite HS255.2B",7064,ASDFRb,ChapterM_Minerals,splib07a_Monazite_HS255.2B_ASDFRb_AREF.txt,0.012737,0.993947,1.000000,0.012130,0.964414,1.000000,0.010735,0.961619,1.000000
"Monazite HS255.3B",7074,ASDFRb,ChapterM_Minerals,splib07a_Monazite_HS255.3B_ASDFRb_AREF.txt,0.023435,0.966665,1.000000,0.014003,0.973164,1.000000,0.016263,0.961850,1.000000
"Monazite HS255.4B",7093,ASDFRb,ChapterM_Minerals,splib07a_Monazite_HS255.4B_ASDFRb_AREF.txt,0.013679,0.965018,1.000000,0.008213,0.974400,1.000000,0.012140,0.961680,1.000000
"Monazite_REE GDS947 Calif",7102,ASDFRb,ChapterM_Minerals,splib07a_Monazite_REE_GDS947_Calif_ASDFRb_AREF.txt,0.014483,0.991333,1.000000,0.013670,0.969264,1.000000,0.011531,0.962316,1.000000
"Monazite_REE GDS955 Iveland",7111,ASDFRb,ChapterM_Minerals,splib07a_Monazite_REE_GDS955_Iveland_ASDFRb_AREF.txt,0.010142,0.983999,1.000000,0.011254,0.968980,1.000000,0.012409,0.962340,1.000000
"Monazite_REE GDS957 New Mex",7120,ASDFRb,ChapterM_Minerals,splib07a_Monazite_REE_GDS957_New_Mex_ASDFRb_AREF.txt,0.009966,0.993231,1.000000,0.009007,0.966432,1.000000,0.007839,0.964662,1.000000
"Monazite_REE WS385 crystal",7129,ASDFRb,ChapterM_Minerals,splib07a_Monazite_REE_WS385_crystal_ASDFRb_AREF.txt,0.015880,0.982901,1.000000,0.010868,0.971698,1.000000,0.014293,0.965555,1.000000
"Monticellite HS339.1B",7139,ASDFRb,ChapterM_Minerals,splib07a_Monticellite_HS339.1B_ASDFRb_AREF.txt,0.002293,0.998005,1.000000,0.000699,0.974334,1.000000,0.002034,0.979008,1.000000
"Monticellite HS339.2B",7145,ASDFRb,ChapterM_Minerals,splib07a_Monticellite_HS339.2B_ASDFRb_AREF.txt,0.001989,0.989114,1.000000,0.000482,0.991292,1.000000,0.001535,0.978033,1.000000
"Monticellite HS339.3B",7155,ASDFRc,ChapterM_Minerals,splib07a_Monticellite_HS339.3B_ASDFRc_AREF.txt,0.002148,0.984835,1.000000,0.001290,0.972749,1.000000,0.001466,0.977603,1.000000
"Monticellite HS339.4B",7174,ASDFRc,ChapterM_Minerals,splib07a_Monticellite_HS339.4B_ASDFRc_AREF.txt,0.001248,0.948769,1.000000,0.000573,0.987738,1.000000,0.000749,0.994904,1.000000
"Montmorillonite SAz-1",7255,ASDNGb,ChapterM_Minerals,splib07a_Montmorillonite_SAz-1_ASDNGb_AREF.txt,0.002251,0.999052,1.000000,0.000960,0.984428,1.000000,0.009890,0.994878,1.000000
"Montmorillonite SWy-1",7337,ASDNGb,ChapterM_Minerals,splib07a_Montmorillonite_SWy-1_ASDNGb_AREF.txt,0.002115,0.999641,1.000000,0.000783,0.985508,1.000000,0.009161,0.989614,1.000000
"Muscovite GDS113 Ruby",7471,ASDNGa,ChapterM_Minerals,splib07a_Muscovite_GDS113_Ruby_ASDNGa_AREF.txt,0.001950,0.999485,1.000000,0.001694,0.951955,1.000000,0.010794,0.989448,1.000000
"Muscovite GDS113a Ruby",7483,ASDNGa,ChapterM_Minerals,splib07a_Muscovite_GDS113a_Ruby_ASDNGa_AREF.txt,0.002009,0.999520,1.000000,0.001587,0.956873,1.000000,0.011188,0.989102,1.000000
"Muscovite GDS116 Tanzania",7551,ASDNGa,ChapterM_Minerals,splib07a_Muscovite_GDS116_Tanzania_ASDNGa_AREF.txt,0.002365,0.999043,1.000000,0.001184,0.995227,1.000000,0.008581,0.993786,1.000000
"Muscovite GDS116a Tanzania",7539,ASDNGa,ChapterM_Minerals,splib07a_Muscovite_GDS116a_Tanzania_ASDNGa_AREF.txt,0.002382,0.998962,1.000000,0.001207,0.995395,1.000000,0.008537,0.994078,1.000000
"Muscovite HS146.1B",7668,ASDFRa,ChapterM_Minerals,splib07a_Muscovite_HS146.1B_ASDFRa_AREF.txt,0.002053,0.999134,1.000000,0.000901,0.995233,1.000000,0.004769,0.994706,1.000000
"Muscovite HS146.3B",7678,ASDFRa,ChapterM_Minerals,splib07a_Muscovite_HS146.3B_ASDFRa_AREF.txt,0.002751,0.997457,1.000000,0.001750,0.991452,1.000000,0.007024,0.996227,1.000000
"Muscovite HS146.4B",7697,ASDFRa,ChapterM_Minerals,splib07a_Muscovite_HS146.4B_ASDFRa_AREF.txt,0.002428,0.997540,1.000000,0.001872,0.990117,1.000000,0.007178,0.996281,1.000000
"Natrolite HS169.1B Zeolite",7747,ASDFRb,ChapterM_Minerals,splib07a_Natrolite_HS169.1B_Zeolite_ASDFRb_AREF.txt,0.002845,0.998400,1.000000,0.000650,0.987791,1.000000,0.014998,0.974498,1.000000
"Natrolite HS169.2B Zeolite",7753,ASDFRb,ChapterM_Minerals,splib07a_Natrolite_HS169.2B_Zeolite_ASDFRb_AREF.txt,0.002218,0.997581,1.000000,0.000723,0.992506,1.000000,0.017828,0.979946,1.000000
"Natrolite HS169.3B Zeolite",7763,ASDFRb,ChapterM_Minerals,splib07a_Natrolite_HS169.3B_Zeolite_ASDFRb_AREF.txt,0.002618,0.995722,1.000000,0.001177,0.977950,1.000000,0.016763,0.991322,1.000000
"Natrolite HS169.4B Zeolite",7782,ASDFRb,ChapterM_Minerals,splib07a_Natrolite_HS169.4B_Zeolite_ASDFRb_AREF.txt,0.001342,0.999179,1.000000,0.001510,0.978165,1.000000,0.016052,0.993454,1.000000
"Nepheline HS19.1B",7812,ASDFRc,ChapterM_Minerals,splib07a_Nepheline_HS19.1B_ASDFRc_AREF.txt,0.001348,0.999276,1.000000,0.000631,0.905661,1.000000,0.002388,0.982027,1.000000
"Nephrite HS296.1B",7839,ASDFRc,ChapterM_Minerals,splib07a_Nephrite_HS296.1B_ASDFRc_AREF.txt,0.001982,0.992329,1.000000,0.001192,0.936631,1.000000,0.002004,0.992409,1.000000
"Nephrite HS296.3B",7849,ASDFRc,ChapterM_Minerals,splib07a_Nephrite_HS296.3B_ASDFRc_AREF.txt,0.002569,0.990353,1.000000,0.001324,0.936573,1.000000,0.004885,0.993003,1.000000
"Nephrite HS296.4B",7868,ASDFRc,ChapterM_Minerals,splib07a_Nephrite_HS296.4B_ASDFRc_AREF.txt,0.001697,0.986376,1.000000,0.000685,0.980216,1.000000,0.002367,0.993901,1.000000
"Nontronite NG-1.a",7903,ASDNGb,ChapterM_Minerals,splib07a_Nontronite_NG-1.a_ASDNGb_AREF.txt,0.004495,0.998756,1.000000,0.001752,0.994572,1.000000,0.010175,0.975880,1.000000
"Olivine GDS70.e Fo89 <30um",8078,ASDNGb,ChapterM_Minerals,splib07a_Olivine_GDS70.e_Fo89_lt30um_ASDNGb_AREF.txt,0.003599,0.998228,1.000000,0.003397,0.996565,1.000000,0.004242,0.999239,1.000000
"Olivine HS285.2B Fo80",8159,ASDFRb,ChapterM_Minerals,splib07a_Olivine_HS285.2B_Fo80_ASDFRb_AREF.txt,0.003082,0.998778,1.000000,0.003689,0.996518,1.000000,0.003712,0.999322,1.000000
"Olivine HS285.4B Fo80",8169,ASDFRb,ChapterM_Minerals,splib07a_Olivine_HS285.4B_Fo80_ASDFRb_AREF.txt,0.007718,0.992968,1.000000,0.003318,0.983708,1.000000,0.014799,0.997596,1.000000
"Olivine HS420.1B",8192,ASDFRc,ChapterM_Minerals,splib07a_Olivine_HS420.1B_ASDFRc_AREF.txt,0.001798,0.999008,1.000000,0.001691,0.992745,1.000000,0.002746,0.995023,1.000000
"Olivine HS420.2B",8198,ASDFRc,ChapterM_Minerals,splib07a_Olivine_HS420.2B_ASDFRc_AREF.txt,0.002718,0.994691,1.000000,0.002458,0.996855,1.000000,0.002006,0.997962,1.000000
"Olivine HS420.3B",8208,ASDFRc,ChapterM_Minerals,splib07a_Olivine_HS420.3B_ASDFRc_AREF.txt,0.003922,0.991666,1.000000,0.003174,0.996866,1.000000,0.002050,0.999529,1.000000
"Olivine HS420.4B",8227,ASDFRc,ChapterM_Minerals,splib07a_Olivine_HS420.4B_ASDFRc_AREF.txt,0.003845,0.990748,1.000000,0.003031,0.996681,1.000000,0.001853,0.999485,1.000000
"Opal TM8896 (Hyalite)",8403,ASDNGa,ChapterM_Minerals,splib07a_Opal_TM8896_(Hyalite)_ASDNGa_AREF.txt,0.001451,0.999326,1.000000,0.001075,0.941706,1.000000,0.011417,0.992218,1.000000
"Parisite_REE WS319 crystal",8490,ASDFRa,ChapterM_Minerals,splib07a_Parisite_REE_WS319_crystal_ASDFRa_AREF.txt,0.006372,0.957887,1.000000,0.008436,0.960866,1.000000,0.011184,0.965807,1.000000
"Perthite HS415.1B",8539,ASDFRc,ChapterM_Minerals,splib07a_Perthite_HS415.1B_ASDFRc_AREF.txt,0.001991,0.999497,1.000000,0.000714,0.990231,1.000000,0.002699,0.961588,1.000000
"Perthite HS415.2B",8545,ASDFRc,ChapterM_Minerals,splib07a_Perthite_HS415.2B_ASDFRc_AREF.txt,0.002231,0.999507,1.000000,0.000909,0.993851,1.000000,0.001574,0.965645,1.000000
"Perthite HS415.3B",8555,ASDFRc,ChapterM_Minerals,splib07a_Perthite_HS415.3B_ASDFRc_AREF.txt,0.003949,0.999273,1.000000,0.001778,0.987927,1.000000,0.001753,0.986118,1.000000
"Perthite HS415.4B",8574,ASDFRc,ChapterM_Minerals,splib07a_Perthite_HS415.4B_ASDFRc_AREF.txt,0.004041,0.999317,1.000000,0.002203,0.987481,1.000000,0.002267,0.993716,1.000000
"Perthite HS415.6",8580,ASDFRc,ChapterM_Minerals,splib07a_Perthite_HS415.6_ASDFRc_AREF.txt,0.004061,0.999089,1.000000,0.002174,0.994598,1.000000,0.002709,0.995663,1.000000
"Phlogopite HS23.1B",8614,ASDFRa,ChapterM_Minerals,splib07a_Phlogopite_HS23.1B_ASDFRa_AREF.txt,0.003061,0.999339,1.000000,0.000827,0.997760,1.000000,0.005213,0.990493,1.000000
"Phlogopite HS23.2B",8620,ASDFRa,ChapterM_Minerals,splib07a_Phlogopite_HS23.2B_ASDFRa_AREF.txt,0.002422,0.999510,1.000000,0.000890,0.998285,1.000000,0.007411,0.991244,1.000000
"Phlogopite HS23.3B",8630,ASDFRa,ChapterM_Minerals,splib07a_Phlogopite_HS23.3B_ASDFRa_AREF.txt,0.002236,0.999438,1.000000,0.001620,0.993724,1.000000,0.008273,0.990469,1.000000
"Phlogopite HS23.4B",8649,ASDFRc,ChapterM_Minerals,splib07a_Phlogopite_HS23.4B_ASDFRc_AREF.txt,0.002201,0.999393,1.000000,0.002579,0.986716,1.000000,0.008092,0.991306,1.000000
"Pigeonite HS199.1B",8702,ASDFRb,ChapterM_Minerals,splib07a_Pigeonite_HS199.1B_ASDFRb_AREF.txt,0.002216,0.996649,1.000000,0.001108,0.993531,1.000000,0.001253,0.960182,1.000000
"Pigeonite HS199.2B",8708,ASDFRc,ChapterM_Minerals,splib07a_Pigeonite_HS199.2B_ASDFRc_AREF.txt,0.002332,0.996731,1.000000,0.001352,0.991321,1.000000,0.001578,0.983933,1.000000
"Pigeonite HS199.3B",8718,ASDFRc,ChapterM_Minerals,splib07a_Pigeonite_HS199.3B_ASDFRc_AREF.txt,0.001619,0.994281,1.000000,0.000601,0.993718,1.000000,0.001087,0.989611,1.000000
"Pigeonite HS199.4B",8737,ASDFRd,ChapterM_Minerals,splib07a_Pigeonite_HS199.4B_ASDFRd_AREF.txt,0.001759,0.979180,1.000000,0.000437,0.993251,1.000000,0.000596,0.992049,1.000000
"Portlandite GDS525 Ca(OH)2",8793,ASDFRa,ChapterM_Minerals,splib07a_Portlandite_GDS525_Ca(OH)2_ASDFRa_AREF.txt,0.001992,0.997646,1.000000,0.004799,0.710550,1.000000,0.012580,0.981430,1.000000
"Prehnite GDS613.a <60um",8802,ASDFRa,ChapterM_Minerals,splib07a_Prehnite_GDS613.a_lt60um_ASDFRa_AREF.txt,0.001945,0.998798,1.000000,0.001173,0.959537,1.000000,0.011206,0.982936,1.000000
"Prehnite GDS613.b >60um",8821,ASDFRa,ChapterM_Minerals,splib07a_Prehnite_GDS613.b_gt60um_ASDFRa_AREF.txt,0.003304,0.999291,1.000000,0.001711,0.918557,1.000000,0.021158,0.982119,1.000000
"Psilomelane HS139.1B",8927,ASDFRb,ChapterM_Minerals,splib07a_Psilomelane_HS139.1B_ASDFRb_AREF.txt,0.002860,0.907046,1.000000,0.000158,1.000000,1.000000,0.000299,0.998576,1.000000
"Psilomelane HS139.2B",8933,ASDFRb,ChapterM_Minerals,splib07a_Psilomelane_HS139.2B_ASDFRb_AREF.txt,0.004647,0.908097,1.000000,0.000217,1.000000,1.000000,0.000267,0.999108,1.000000
"Psilomelane HS139.3B",8943,ASDFRb,ChapterM_Minerals,splib07a_Psilomelane_HS139.3B_ASDFRb_AREF.txt,0.004040,0.909649,1.000000,0.000200,1.000000,1.000000,0.000241,0.999173,1.000000
"Psilomelane HS139.4B",8962,ASDFRb,ChapterM_Minerals,splib07a_Psilomelane_HS139.4B_ASDFRb_AREF.txt,0.003787,0.908225,1.000000,0.000179,1.000000,1.000000,0.000240,0.999184,1.000000
"Pyrite GDS483.c 30-60um",8972,ASDFRc,ChapterM_Minerals,splib07a_Pyrite_GDS483.c_30-60um_ASDFRc_AREF.txt,0.000333,0.997101,1.000000,0.000143,0.989855,1.000000,0.000568,0.997321,1.000000
"Pyrolusite HS138.3B",9056,ASDFRb,ChapterM_Minerals,splib07a_Pyrolusite_HS138.3B_ASDFRb_AREF.txt,0.000318,0.990697,1.000000,0.000246,0.997324,1.000000,0.000637,0.991083,1.000000
"Pyromorphite_REE WS427 xtl",9078,ASDFRa,ChapterM_Minerals,splib07a_Pyromorphite_REE_WS427_xtl_ASDFRa_AREF.txt,0.004690,0.997625,1.000000,0.007080,0.981573,1.000000,0.002767,0.998746,1.000000
"Pyrophyllite PYS1A >250um",9089,ASDNGa,ChapterM_Minerals,splib07a_Pyrophyllite_PYS1A_gt250um_ASDNGa_AREF.txt,0.003807,0.998356,1.000000,0.008132,0.969121,1.000000,0.019315,0.992697,1.000000
"Pyrophyllite PYS1A <5um",9160,ASDNGa,ChapterM_Minerals,splib07a_Pyrophyllite_PYS1A_lt5um_ASDNGa_AREF.txt,0.002047,0.999305,1.000000,0.001459,0.980817,1.000000,0.014592,0.976728,1.000000
"Pyrophyllite PYS1A <850um",9105,ASDNGa,ChapterM_Minerals,splib07a_Pyrophyllite_PYS1A_lt850um_ASDNGa_AREF.txt,0.003507,0.998294,1.000000,0.005742,0.957443,1.000000,0.017429,0.990049,1.000000
"Pyroxene HS119.1B",9184,ASDFRc,ChapterM_Minerals,splib07a_Pyroxene_HS119.1B_ASDFRc_AREF.txt,0.002686,0.997174,1.000000,0.001412,0.972698,1.000000,0.001588,0.999575,1.000000
"Pyroxene HS119.2B",9190,ASDFRc,ChapterM_Minerals,splib07a_Pyroxene_HS119.2B_ASDFRc_AREF.txt,0.002706,0.995755,1.000000,0.001569,0.942591,1.000000,0.002218,0.999616,1.000000
"Pyroxene HS119.3B",9200,ASDFRc,ChapterM_Minerals,splib07a_Pyroxene_HS119.3B_ASDFRc_AREF.txt,0.002246,0.984137,1.000000,0.000562,0.907294,1.000000,0.004559,0.997739,1.000000
"Pyroxene HS119.4B",9219,ASDFRc,ChapterM_Minerals,splib07a_Pyroxene_HS119.4B_ASDFRc_AREF.txt,0.002109,0.953131,1.000000,0.000419,0.973693,1.000000,0.003857,0.995067,1.000000
"Pyrrhotite HS269.1B",9250,ASDFRb,ChapterM_Minerals,splib07a_Pyrrhotite_HS269.1B_ASDFRb_AREF.txt,0.000694,0.998720,1.000000,0.000306,1.000000,1.000000,0.000344,0.997359,1.000000
"Pyrrhotite HS269.2B",9256,ASDFRb,ChapterM_Minerals,splib07a_Pyrrhotite_HS269.2B_ASDFRb_AREF.txt,0.001357,0.998817,1.000000,0.000343,0.987849,1.000000,0.000515,0.961634,1.000000
"Pyrrhotite HS269.3B",9266,ASDFRc,ChapterM_Minerals,splib07a_Pyrrhotite_HS269.3B_ASDFRc_AREF.txt,0.001134,0.997145,1.000000,0.000346,0.964656,1.000000,0.000427,0.994669,1.000000
"Pyrrhotite HS269.4B",9285,ASDFRc,ChapterM_Minerals,splib07a_Pyrrhotite_HS269.4B_ASDFRc_AREF.txt,0.001214,0.996704,1.000000,0.000359,0.964320,1.000000,0.000436,0.997610,1.000000
"Quartz HS32.1B",9332,ASDFRc,ChapterM_Minerals,splib07a_Quartz_HS32.1B_ASDFRc_AREF.txt,0.002586,0.999184,1.000000,0.001110,0.986437,1.000000,0.001566,0.976721,1.000000
"Quartz HS32.2B",9338,ASDFRc,ChapterM_Minerals,splib07a_Quartz_HS32.2B_ASDFRc_AREF.txt,0.001462,0.998442,1.000000,0.000811,0.986861,1.000000,0.002263,0.873430,1.000000
"Quartz HS32.3B",9344,ASDFRc,ChapterM_Minerals,splib07a_Quartz_HS32.3B_ASDFRc_AREF.txt,0.002038,0.997319,1.000000,0.000790,0.989436,1.000000,0.001929,0.868212,1.000000
"Rhodochrosite HS338.6",9425,ASDFRb,ChapterM_Minerals,splib07a_Rhodochrosite_HS338.6_ASDFRb_AREF.txt,0.024644,0.972119,1.000000,0.001491,0.998614,1.000000,0.012243,0.986742,1.000000
"Richterite HS336.1B Amphibol",9457,ASDFRc,ChapterM_Minerals,splib07a_Richterite_HS336.1B_Amphibol_ASDFRc_AREF.txt,0.001271,0.998129,1.000000,0.000630,0.969794,1.000000,0.001169,0.977221,1.000000
"Richterite HS336.2B Amphibol",9463,ASDFRc,ChapterM_Minerals,splib07a_Richterite_HS336.2B_Amphibol_ASDFRc_AREF.txt,0.001212,0.999379,1.000000,0.000650,0.976977,1.000000,0.001523,0.946423,1.000000
"Richterite HS336.3B Amphibol",9473,ASDFRc,ChapterM_Minerals,splib07a_Richterite_HS336.3B_Amphibol_ASDFRc_AREF.txt,0.001118,0.999626,1.000000,0.000901,0.988666,1.000000,0.002794,0.958787,1.000000
"Richterite HS336.4B Amphibol",9492,ASDFRc,ChapterM_Minerals,splib07a_Richterite_HS336.4B_Amphibol_ASDFRc_AREF.txt,0.000572,0.999587,1.000000,0.000527,0.993950,1.000000,0.002319,0.981122,1.000000
"Richterite HS336.6 Amphibol",9498,ASDFRc,ChapterM_Minerals,splib07a_Richterite_HS336.6_Amphibol_ASDFRc_AREF.txt,0.000837,0.998685,1.000000,0.000867,0.929497,1.000000,0.000962,0.997175,1.000000
"Serpentine HS318.1B",9767,ASDFRc,ChapterM_Minerals,splib07a_Serpentine_HS318.1B_ASDFRc_AREF.txt,0.002383,0.990878,1.000000,0.001139,0.985445,1.000000,0.001356,0.996805,1.000000
"Serpentine HS318.2B",9773,ASDFRc,ChapterM_Minerals,splib07a_Serpentine_HS318.2B_ASDFRc_AREF.txt,0.006011,0.994610,1.000000,0.001576,0.952090,1.000000,0.004615,0.983723,1.000000
"Serpentine HS318.3B",9779,ASDFRc,ChapterM_Minerals,splib07a_Serpentine_HS318.3B_ASDFRc_AREF.txt,0.004966,0.994686,1.000000,0.001204,0.981021,1.000000,0.006077,0.987790,1.000000
"Serpentine HS318.4B",9789,ASDFRc,ChapterM_Minerals,splib07a_Serpentine_HS318.4B_ASDFRc_AREF.txt,0.002886,0.992217,1.000000,0.000627,0.995623,1.000000,0.003625,0.989796,1.000000
"Serpentine HS318.6",9795,ASDFRc,ChapterM_Minerals,splib07a_Serpentine_HS318.6_ASDFRc_AREF.txt,0.003373,0.988071,1.000000,0.000632,0.998394,1.000000,0.001909,0.994413,1.000000
"Serpentine HS8.1B",9805,ASDFRc,ChapterM_Minerals,splib07a_Serpentine_HS8.1B_ASDFRc_AREF.txt,0.001305,0.987691,1.000000,0.001318,0.952649,1.000000,0.001667,0.993422,1.000000
"Serpentine HS8.2B",9811,ASDFRc,ChapterM_Minerals,splib07a_Serpentine_HS8.2B_ASDFRc_AREF.txt,0.002365,0.989602,1.000000,0.001261,0.893212,1.000000,0.003088,0.986095,1.000000
"Serpentine HS8.3B",9821,ASDFRc,ChapterM_Minerals,splib07a_Serpentine_HS8.3B_ASDFRc_AREF.txt,0.001748,0.988706,1.000000,0.000832,0.968742,1.000000,0.002539,0.990782,1.000000
"Serpentine HS8.4B",9840,ASDFRc,ChapterM_Minerals,splib07a_Serpentine_HS8.4B_ASDFRc_AREF.txt,0.001034,0.993447,1.000000,0.000549,0.983489,1.000000,0.001821,0.993075,1.000000
"Serpentine HS8.6",9846,ASDFRc,ChapterM_Minerals,splib07a_Serpentine_HS8.6_ASDFRc_AREF.txt,0.001402,0.997773,1.000000,0.000588,0.997670,1.000000,0.000834,0.997022,1.000000
"Siderite HS271.1B",9856,ASDFRa,ChapterM_Minerals,splib07a_Siderite_HS271.1B_ASDFRa_AREF.txt,0.002053,0.999620,1.000000,0.001467,0.983150,1.000000,0.003135,0.998269,1.000000
"Siderite HS271.2B",9862,ASDFRa,ChapterM_Minerals,splib07a_Siderite_HS271.2B_ASDFRa_AREF.txt,0.001395,0.999477,1.000000,0.001765,0.954628,1.000000,0.004203,0.999189,1.000000
"Siderite HS271.3B",9872,ASDFRa,ChapterM_Minerals,splib07a_Siderite_HS271.3B_ASDFRa_AREF.txt,0.000887,0.999604,1.000000,0.001129,0.997959,1.000000,0.007742,0.997800,1.000000
"Siderite HS271.3B",9878,ASDNGa,ChapterM_Minerals,splib07a_Siderite_HS271.3B_ASDNGa_AREF.txt,0.000852,0.999554,1.000000,0.001053,0.997578,1.000000,0.007761,0.997671,1.000000
"Siderite HS271.4B",9903,ASDFRa,ChapterM_Minerals,splib07a_Siderite_HS271.4B_ASDFRa_AREF.txt,0.000683,0.999431,1.000000,0.000536,0.997692,1.000000,0.006425,0.996430,1.000000
"Smaragdite HS290.1B Amphibol",9935,ASDFRb,ChapterM_Minerals,splib07a_Smaragdite_HS290.1B_Amphibol_ASDFRb_AREF.txt,0.002848,0.997342,1.000000,0.001119,0.994017,1.000000,0.003545,0.996095,1.000000
"Smaragdite HS290.2B Amphibol",9941,ASDFRb,ChapterM_Minerals,splib07a_Smaragdite_HS290.2B_Amphibol_ASDFRb_AREF.txt,0.002874,0.995604,1.000000,0.001624,0.991900,1.000000,0.005533,0.996586,1.000000
"Smaragdite HS290.3B Amphibol",9951,ASDFRb,ChapterM_Minerals,splib07a_Smaragdite_HS290.3B_Amphibol_ASDFRb_AREF.txt,0.001758,0.993174,1.000000,0.001207,0.992219,1.000000,0.007395,0.997237,1.000000
"Smaragdite HS290.4B Amphibol",9970,ASDFRb,ChapterM_Minerals,splib07a_Smaragdite_HS290.4B_Amphibol_ASDFRb_AREF.txt,0.001405,0.980190,1.000000,0.000877,0.984152,1.000000,0.007312,0.997369,1.000000
"Smaragdite HS290.6 Amphibol",9976,ASDFRb,ChapterM_Minerals,splib07a_Smaragdite_HS290.6_Amphibol_ASDFRb_AREF.txt,0.000844,0.990780,1.000000,0.000358,0.994667,1.000000,0.006528,0.991811,1.000000
"Sphalerite HS136.6",10107,ASDFRb,ChapterM_Minerals,splib07a_Sphalerite_HS136.6_ASDFRb_AREF.txt,0.001405,0.992842,1.000000,0.000560,0.922265,1.000000,0.001339,0.996739,1.000000
"Spodumene HS210.1B",10170,ASDFRc,ChapterM_Minerals,splib07a_Spodumene_HS210.1B_ASDFRc_AREF.txt,0.001768,0.999625,1.000000,0.000825,0.943851,1.000000,0.002121,0.946533,1.000000
"Spodumene HS210.2B",10176,ASDFRc,ChapterM_Minerals,splib07a_Spodumene_HS210.2B_ASDFRc_AREF.txt,0.001909,0.999030,1.000000,0.001634,0.892677,1.000000,0.002973,0.978878,1.000000
"Spodumene HS210.3B",10186,ASDFRc,ChapterM_Minerals,splib07a_Spodumene_HS210.3B_ASDFRc_AREF.txt,0.002340,0.999066,1.000000,0.001501,0.971681,1.000000,0.003646,0.984388,1.000000
"Spodumene HS210.4B",10205,ASDFRc,ChapterM_Minerals,splib07a_Spodumene_HS210.4B_ASDFRc_AREF.txt,0.002900,0.998978,1.000000,0.001530,0.992071,1.000000,0.005572,0.984385,1.000000
"Staurolite HS188.1B",10215,ASDFRb,ChapterM_Minerals,splib07a_Staurolite_HS188.1B_ASDFRb_AREF.txt,0.002186,0.999182,1.000000,0.001111,0.979122,1.000000,0.002435,0.998715,1.000000
"Staurolite HS188.2B",10221,ASDFRb,ChapterM_Minerals,splib07a_Staurolite_HS188.2B_ASDFRb_AREF.txt,0.002173,0.999337,1.000000,0.001470,0.779432,1.000000,0.002006,0.999117,1.000000
"Staurolite HS188.3B",10231,ASDFRc,ChapterM_Minerals,splib07a_Staurolite_HS188.3B_ASDFRc_AREF.txt,0.001542,0.998827,1.000000,0.000980,0.803293,1.000000,0.001523,0.997504,1.000000
"Staurolite HS188.4B",10250,ASDFRc,ChapterM_Minerals,splib07a_Staurolite_HS188.4B_ASDFRc_AREF.txt,0.001630,0.996706,1.000000,0.000567,0.965409,1.000000,0.000889,0.997782,1.000000
"Stilbite HS482.1B Zeolite",10281,ASDFRb,ChapterM_Minerals,splib07a_Stilbite_HS482.1B_Zeolite_ASDFRb_AREF.txt,0.012623,0.997588,1.000000,0.002177,0.883113,1.000000,0.006037,0.997036,1.000000
"Stilbite HS482.2B Zeolite",10287,ASDFRb,ChapterM_Minerals,splib07a_Stilbite_HS482.2B_Zeolite_ASDFRb_AREF.txt,0.012687,0.997801,1.000000,0.001903,0.959640,1.000000,0.007456,0.997938,1.000000
"Stilbite HS482.3B Zeolite",10297,ASDFRb,ChapterM_Minerals,splib07a_Stilbite_HS482.3B_Zeolite_ASDFRb_AREF.txt,0.008892,0.998904,1.000000,0.004182,0.948595,1.000000,0.006877,0.998968,1.000000
"Stilbite HS482.4B Zeolite",10316,ASDFRb,ChapterM_Minerals,splib07a_Stilbite_HS482.4B_Zeolite_ASDFRb_AREF.txt,0.013967,0.996981,1.000000,0.006715,0.944463,1.000000,0.006315,0.999019,1.000000
"Stilbite HS482.6 Zeolite",10322,ASDFRb,ChapterM_Minerals,splib07a_Stilbite_HS482.6_Zeolite_ASDFRb_AREF.txt,0.003659,0.999310,1.000000,0.007048,0.940837,1.000000,0.005561,0.998338,1.000000
"Strontianite HS272.1B",10332,ASDFRb,ChapterM_Minerals,splib07a_Strontianite_HS272.1B_ASDFRb_AREF.txt,0.001047,0.999545,1.000000,0.001390,0.864839,1.000000,0.003413,0.977674,1.000000
"Strontianite HS272.2B",10338,ASDFRb,ChapterM_Minerals,splib07a_Strontianite_HS272.2B_ASDFRb_AREF.txt,0.001694,0.996117,1.000000,0.000866,0.973156,1.000000,0.005611,0.981707,1.000000
"Strontianite HS272.3B",10348,ASDFRb,ChapterM_Minerals,splib07a_Strontianite_HS272.3B_ASDFRb_AREF.txt,0.002725,0.997757,1.000000,0.000878,0.966830,1.000000,0.009939,0.989269,1.000000
"Strontianite HS272.4B",10367,ASDFRb,ChapterM_Minerals,splib07a_Strontianite_HS272.4B_ASDFRb_AREF.txt,0.002157,0.999461,1.000000,0.001945,0.818770,1.000000,0.014187,0.991860,1.000000
"Talc GDS23",10417,ASDNGa,ChapterM_Minerals,splib07a_Talc_GDS23_ASDNGa_AREF.txt,0.001829,0.999689,1.000000,0.004352,0.779155,1.000000,0.018368,0.989207,1.000000
"Talc HS21.1B",10452,ASDFRb,ChapterM_Minerals,splib07a_Talc_HS21.1B_ASDFRb_AREF.txt,0.003185,0.995395,1.000000,0.001910,0.897668,1.000000,0.004682,0.996526,1.000000
"Talc HS21.2B",10458,ASDFRb,ChapterM_Minerals,splib07a_Talc_HS21.2B_ASDFRb_AREF.txt,0.002388,0.998000,1.000000,0.002423,0.900912,1.000000,0.006439,0.995798,1.000000
"Talc HS21.3B",10468,ASDFRb,ChapterM_Minerals,splib07a_Talc_HS21.3B_ASDFRb_AREF.txt,0.003028,0.997787,1.000000,0.003222,0.901142,1.000000,0.007341,0.996827,1.000000
"Talc HS21.4B",10487,ASDFRb,ChapterM_Minerals,splib07a_Talc_HS21.4B_ASDFRb_AREF.txt,0.002512,0.998968,1.000000,0.005006,0.873592,1.000000,0.010435,0.996193,1.000000
"Thenardite HS450.1B",10547,ASDFRc,ChapterM_Minerals,splib07a_Thenardite_HS450.1B_ASDFRc_AREF.txt,0.001974,0.999579,1.000000,0.000694,0.988674,1.000000,0.001825,0.884811,1.000000
"Thenardite HS450.2B",10553,ASDFRc,ChapterM_Minerals,splib07a_Thenardite_HS450.2B_ASDFRc_AREF.txt,0.001384,0.998187,1.000000,0.000648,0.965743,1.000000,0.001969,0.793192,1.000000
"Thenardite HS450.3B",10563,ASDFRc,ChapterM_Minerals,splib07a_Thenardite_HS450.3B_ASDFRc_AREF.txt,0.001283,0.999255,1.000000,0.000605,0.976519,1.000000,0.001982,0.927796,1.000000
"Thenardite HS450.4B",10569,ASDFRc,ChapterM_Minerals,splib07a_Thenardite_HS450.4B_ASDFRc_AREF.txt,0.012511,0.997416,1.000000,0.000638,0.988994,1.000000,0.002319,0.978562,1.000000
"Topaz HS184.1B",10815,ASDFRb,ChapterM_Minerals,splib07a_Topaz_HS184.1B_ASDFRb_AREF.txt,0.002644,0.998601,1.000000,0.001393,0.910442,1.000000,0.006062,0.981081,1.000000
"Topaz HS184.1B",10821,ASDNGb,ChapterM_Minerals,splib07a_Topaz_HS184.1B_ASDNGb_AREF.txt,0.001549,0.999377,1.000000,0.000658,0.913723,1.000000,0.007726,0.957616,1.000000
"Topaz HS184.2B",10833,ASDFRb,ChapterM_Minerals,splib07a_Topaz_HS184.2B_ASDFRb_AREF.txt,0.003380,0.990894,1.000000,0.001386,0.961150,1.000000,0.008009,0.988209,1.000000
"Topaz HS184.3B",10843,ASDFRb,ChapterM_Minerals,splib07a_Topaz_HS184.3B_ASDFRb_AREF.txt,0.002772,0.995238,1.000000,0.001839,0.946751,1.000000,0.010259,0.993639,1.000000
"Topaz HS184.3B",10849,ASDNGb,ChapterM_Minerals,splib07a_Topaz_HS184.3B_ASDNGb_AREF.txt,0.001177,0.999275,1.000000,0.001935,0.953514,1.000000,0.015554,0.986581,1.000000
"Topaz HS184.4B",10874,ASDFRb,ChapterM_Minerals,splib07a_Topaz_HS184.4B_ASDFRb_AREF.txt,0.002782,0.997421,1.000000,0.002589,0.916574,1.000000,0.011697,0.994579,1.000000
"Topaz HS184.4B",10880,ASDNGb,ChapterM_Minerals,splib07a_Topaz_HS184.4B_ASDNGb_AREF.txt,0.001362,0.999606,1.000000,0.002575,0.930118,1.000000,0.017092,0.991059,1.000000
"Tremolite HS18.1B",11114,ASDFRc,ChapterM_Minerals,splib07a_Tremolite_HS18.1B_ASDFRc_AREF.txt,0.002624,0.997018,1.000000,0.002000,0.978931,1.000000,0.003441,0.994412,1.000000
"Tremolite HS18.2B",11120,ASDFRc,ChapterM_Minerals,splib07a_Tremolite_HS18.2B_ASDFRc_AREF.txt,0.002273,0.995984,1.000000,0.003652,0.983271,1.000000,0.005770,0.994679,1.000000
"Tremolite HS18.3B",11130,ASDFRc,ChapterM_Minerals,splib07a_Tremolite_HS18.3B_ASDFRc_AREF.txt,0.002103,0.998400,1.000000,0.004653,0.990508,1.000000,0.009419,0.994182,1.000000
"Tremolite HS18.4B",11149,ASDFRc,ChapterM_Minerals,splib07a_Tremolite_HS18.4B_ASDFRc_AREF.txt,0.001975,0.998566,1.000000,0.005235,0.992198,1.000000,0.012203,0.993365,1.000000
"Ulexite HS441.1B",11221,ASDFRa,ChapterM_Minerals,splib07a_Ulexite_HS441.1B_ASDFRa_AREF.txt,0.001216,0.999559,1.000000,0.001636,0.913679,1.000000,0.010486,0.995721,1.000000
"Ulexite HS441.2B",11227,ASDFRa,ChapterM_Minerals,splib07a_Ulexite_HS441.2B_ASDFRa_AREF.txt,0.001610,0.995010,1.000000,0.002308,0.923879,1.000000,0.012332,0.996314,1.000000
"Ulexite HS441.3B",11237,ASDFRa,ChapterM_Minerals,splib07a_Ulexite_HS441.3B_ASDFRa_AREF.txt,0.001407,0.998246,1.000000,0.004298,0.959852,1.000000,0.009578,0.998322,1.000000
"Ulexite HS441.4B",11256,ASDFRa,ChapterM_Minerals,splib07a_Ulexite_HS441.4B_ASDFRa_AREF.txt,0.002374,0.998180,1.000000,0.006257,0.974018,1.000000,0.005599,0.999128,1.000000
"Uralite HS345.1B",11266,ASDFRb,ChapterM_Minerals,splib07a_Uralite_HS345.1B_ASDFRb_AREF.txt,0.002504,0.998208,1.000000,0.001506,0.881747,1.000000,0.002739,0.996014,1.000000
"Uralite HS345.2B",11272,ASDFRb,ChapterM_Minerals,splib07a_Uralite_HS345.2B_ASDFRb_AREF.txt,0.002806,0.997845,1.000000,0.001368,0.969948,1.000000,0.004392,0.996574,1.000000
"Uralite HS345.3B",11282,ASDFRb,ChapterM_Minerals,splib07a_Uralite_HS345.3B_ASDFRb_AREF.txt,0.002785,0.996362,1.000000,0.001661,0.977679,1.000000,0.004931,0.997692,1.000000
"Uralite HS345.4B",11301,ASDFRb,ChapterM_Minerals,splib07a_Uralite_HS345.4B_ASDFRb_AREF.txt,0.002409,0.994793,1.000000,0.001195,0.986002,1.000000,0.005666,0.996922,1.000000
"Uralite HS345.6",11307,ASDFRb,ChapterM_Minerals,splib07a_Uralite_HS345.6_ASDFRb_AREF.txt,0.002672,0.990774,1.000000,0.001307,0.990226,1.000000,0.004199,0.996461,1.000000
"Vesuvianite HS446.1B Idocras",11384,ASDFRa,ChapterM_Minerals,splib07a_Vesuvianite_HS446.1B_Idocras_ASDFRa_AREF.txt,0.009655,0.998027,1.000000,0.001485,0.965772,1.000000,0.002907,0.997537,1.000000
"Vesuvianite HS446.2B Idocras",11390,ASDFRa,ChapterM_Minerals,splib07a_Vesuvianite_HS446.2B_Idocras_ASDFRa_AREF.txt,0.013445,0.995866,1.000000,0.001881,0.983293,1.000000,0.004814,0.997051,1.000000
"Vesuvianite HS446.3B Idocras",11400,ASDFRa,ChapterM_Minerals,splib07a_Vesuvianite_HS446.3B_Idocras_ASDFRa_AREF.txt,0.018786,0.990199,1.000000,0.003488,0.968232,1.000000,0.007960,0.996193,1.000000
"Vesuvianite HS446.4B Idocras",11419,ASDFRa,ChapterM_Minerals,splib07a_Vesuvianite_HS446.4B_Idocras_ASDFRa_AREF.txt,0.012984,0.989293,1.000000,0.004013,0.964229,1.000000,0.008274,0.995717,1.000000
"Vesuvianite HS446.6 Idocras",11425,ASDFRa,ChapterM_Minerals,splib07a_Vesuvianite_HS446.6_Idocras_ASDFRa_AREF.txt,0.003449,0.997986,1.000000,0.007422,0.952782,1.000000,0.009803,0.992869,1.000000
"Witherite HS273.1B",11435,ASDFRa,ChapterM_Minerals,splib07a_Witherite_HS273.1B_ASDFRa_AREF.txt,0.000932,0.999788,1.000000,0.000654,0.974210,1.000000,0.003600,0.970795,1.000000
"Witherite HS273.2B",11441,ASDFRa,ChapterM_Minerals,splib07a_Witherite_HS273.2B_ASDFRa_AREF.txt,0.001289,0.998036,1.000000,0.000642,0.952624,1.000000,0.006598,0.963843,1.000000
"Witherite HS273.3B",11451,ASDFRa,ChapterM_Minerals,splib07a_Witherite_HS273.3B_ASDFRa_AREF.txt,0.001477,0.999210,1.000000,0.001029,0.907601,1.000000,0.012016,0.967064,1.000000
"Witherite HS273.4B",11470,ASDFRa,ChapterM_Minerals,splib07a_Witherite_HS273.4B_ASDFRa_AREF.txt,0.001738,0.999771,1.000000,0.000990,0.994346,1.000000,0.018520,0.984347,1.000000
"Wollastonite HS348.1B",11481,ASDFRc,ChapterM_Minerals,splib07a_Wollastonite_HS348.1B_ASDFRc_AREF.txt,0.002427,0.994946,1.000000,0.000659,0.983352,1.000000,0.002365,0.970893,1.000000
"Wollastonite HS348.2B",11487,ASDFRc,ChapterM_Minerals,splib07a_Wollastonite_HS348.2B_ASDFRc_AREF.txt,0.001515,0.994564,1.000000,0.001231,0.919242,1.000000,0.001555,0.958215,1.000000
"Wollastonite HS348.3B",11497,ASDFRc,ChapterM_Minerals,splib07a_Wollastonite_HS348.3B_ASDFRc_AREF.txt,0.001569,0.996624,1.000000,0.001376,0.931188,1.000000,0.001801,0.979038,1.000000
"Wollastonite HS348.4B",11516,ASDFRb,ChapterM_Minerals,splib07a_Wollastonite_HS348.4B_ASDFRb_AREF.txt,0.015711,0.995372,1.000000,0.002679,0.968442,1.000000,0.002207,0.990103,1.000000
"Xenotime GDS966 Iveland REE",11525,ASDFRa,ChapterM_Minerals,splib07a_Xenotime_GDS966_Iveland_REE_ASDFRa_AREF.txt,0.003320,0.994765,1.000000,0.006958,0.726694,1.000000,0.003045,0.972035,1.000000
"Zoisite HS347.1B",11542,ASDFRb,ChapterM_Minerals,splib07a_Zoisite_HS347.1B_ASDFRb_AREF.txt,0.013676,0.982310,1.000000,0.001683,0.999385,1.000000,0.006121,0.978708,1.000000
"Zoisite HS347.2B",11548,ASDFRb,ChapterM_Minerals,splib07a_Zoisite_HS347.2B_ASDFRb_AREF.txt,0.022908,0.965007,1.000000,0.002971,0.999246,1.000000,0.010549,0.982454,1.000000
"Zoisite HS347.3B",11558,ASDFRb,ChapterM_Minerals,splib07a_Zoisite_HS347.3B_ASDFRb_AREF.txt,0.021956,0.961889,1.000000,0.003003,0.999421,1.000000,0.011694,0.988953,1.000000
"Zoisite HS347.4B",11577,ASDFRb,ChapterM_Minerals,splib07a_Zoisite_HS347.4B_ASDFRb_AREF.txt,0.018040,0.949583,1.000000,0.003864,0.998726,1.000000,0.010775,0.993056,1.000000
"Zoisite HS347.6",11583,ASDFRc,ChapterM_Minerals,splib07a_Zoisite_HS347.6_ASDFRc_AREF.txt,0.016571,0.942007,1.000000,0.002003,0.999134,1.000000,0.008298,0.996269,1.000000
"1-2-3-Trimethylbenzene 85K",16666,ASDHRb,ChapterO_OrganicCompounds,splib07a_1-2-3-Trimethylbenzene_85K_ASDHRb_AREF.txt,0.003011,0.998814,1.000000,0.004779,0.880932,1.000000,0.018691,0.991311,1.000000
"2-4-Diaminopyrimidine 468231",14617,ASDHRa,ChapterO_OrganicCompounds,splib07a_2-4-Diaminopyrimidine_468231_ASDHRa_AREF.txt,0.012704,0.997129,1.000000,0.003849,0.929474,1.000000,0.014596,0.992180,1.000000
"2-4-Diaminopyrimidine 85K",14636,ASDHRa,ChapterO_OrganicCompounds,splib07a_2-4-Diaminopyrimidine_85K_ASDHRa_AREF.txt,0.002175,0.999157,1.000000,0.006887,0.721389,1.000000,0.016716,0.987820,1.000000
"2-4Diamino6hydroxypyrim 85K",14554,ASDHRa,ChapterO_OrganicCompounds,splib07a_2-4Diamino6hydroxypyrim_85K_ASDHRa_AREF.txt,0.006505,0.998188,1.000000,0.002049,0.959962,1.000000,0.011779,0.995326,1.000000
"2-4Diamino6hydroxypyrimidine",14535,ASDHRa,ChapterO_OrganicCompounds,splib07a_2-4Diamino6hydroxypyrimidine_ASDHRa_AREF.txt,0.006184,0.998938,1.000000,0.002581,0.985726,1.000000,0.011113,0.996654,1.000000
"2-6-Diaminopurine 247847 85K",14595,ASDHRa,ChapterO_OrganicCompounds,splib07a_2-6-Diaminopurine_247847_85K_ASDHRa_AREF.txt,0.002645,0.999081,1.000000,0.007534,0.877184,1.000000,0.020383,0.991656,1.000000
"2-6-Diaminopurine 247847",14576,ASDHRa,ChapterO_OrganicCompounds,splib07a_2-6-Diaminopurine_247847_ASDHRa_AREF.txt,0.003110,0.999262,1.000000,0.009503,0.951609,1.000000,0.021416,0.992856,1.000000
"2-Aminopurine SA-A3509 85K",13913,ASDHRa,ChapterO_OrganicCompounds,splib07a_2-Aminopurine_SA-A3509_85K_ASDHRa_AREF.txt,0.015761,0.984700,1.000000,0.002617,0.974325,1.000000,0.011191,0.997160,1.000000
"2-Aminopurine SA-A3509",13894,ASDHRa,ChapterO_OrganicCompounds,splib07a_2-Aminopurine_SA-A3509_ASDHRa_AREF.txt,0.019964,0.987246,1.000000,0.001592,0.980927,1.000000,0.010566,0.996997,1.000000
"2-Methylnaptha SA-442359 85K",15444,ASDHRa,ChapterO_OrganicCompounds,splib07a_2-Methylnaptha_SA-442359_85K_ASDHRa_AREF.txt,0.004371,0.995054,1.000000,0.003955,0.939917,1.000000,0.018490,0.991113,1.000000
"2-Methylnapthalen SA-442359",15425,ASDHRa,ChapterO_OrganicCompounds,splib07a_2-Methylnapthalen_SA-442359_ASDHRa_AREF.txt,0.002989,0.997328,1.000000,0.002410,0.989413,1.000000,0.016078,0.991612,1.000000
"4-3H-Pyrimidin SA-858064 85K",16304,ASDHRa,ChapterO_OrganicCompounds,splib07a_4-3H-Pyrimidin_SA-858064_85K_ASDHRa_AREF.txt,0.001496,0.998877,1.000000,0.002169,0.975062,1.000000,0.009127,0.997833,1.000000
"4-3H-Pyrimidinone SA-858064",16285,ASDHRa,ChapterO_OrganicCompounds,splib07a_4-3H-Pyrimidinone_SA-858064_ASDHRa_AREF.txt,0.001431,0.999439,1.000000,0.002254,0.950835,1.000000,0.009375,0.998467,1.000000
"5-Aminoorotic SA-191213 85K",13872,ASDHRa,ChapterO_OrganicCompounds,splib07a_5-Aminoorotic_SA-191213_85K_ASDHRa_AREF.txt,0.009406,0.998069,1.000000,0.004019,0.977135,1.000000,0.016397,0.992234,1.000000
"5-Aminoorotic_acid SA-191213",13853,ASDHRa,ChapterO_OrganicCompounds,splib07a_5-Aminoorotic_acid_SA-191213_ASDHRa_AREF.txt,0.012326,0.997141,1.000000,0.003623,0.933514,1.000000,0.014342,0.992444,1.000000
"5-Aminouracil SA-855286 85K",13954,ASDHRa,ChapterO_OrganicCompounds,splib07a_5-Aminouracil_SA-855286_85K_ASDHRa_AREF.txt,0.012266,0.994009,1.000000,0.004525,0.927447,1.000000,0.016591,0.983528,1.000000
"5-Aminouracil SA-855286",13935,ASDHRa,ChapterO_OrganicCompounds,splib07a_5-Aminouracil_SA-855286_ASDHRa_AREF.txt,0.013238,0.995962,1.000000,0.004753,0.820130,1.000000,0.018028,0.986600,1.000000
"5-Hydroxymethyluracil 85K",15199,ASDHRa,ChapterO_OrganicCompounds,splib07a_5-Hydroxymethyluracil_85K_ASDHRa_AREF.txt,0.003130,0.991256,1.000000,0.004716,0.883302,1.000000,0.023178,0.979842,1.000000
"5-Hydroxymethyluracil",15180,ASDHRa,ChapterO_OrganicCompounds,splib07a_5-Hydroxymethyluracil_ASDHRa_AREF.txt,0.002529,0.993381,1.000000,0.003801,0.897717,1.000000,0.019007,0.987120,1.000000
"5-Phenyl-1H-Tetrazole 347744",15938,ASDHRa,ChapterO_OrganicCompounds,splib07a_5-Phenyl-1H-Tetrazole_347744_ASDHRa_AREF.txt,0.001450,0.995280,1.000000,0.002927,0.944505,1.000000,0.009901,0.998424,1.000000
"5-Phenyl-1H-Tetrz 347744 85K",15957,ASDHRa,ChapterO_OrganicCompounds,splib07a_5-Phenyl-1H-Tetrz_347744_85K_ASDHRa_AREF.txt,0.007954,0.974340,1.000000,0.009811,0.903827,1.000000,0.014733,0.996420,1.000000
"6-Cyanopurine SA-852503 85K",14415,ASDHRa,ChapterO_OrganicCompounds,splib07a_6-Cyanopurine_SA-852503_85K_ASDHRa_AREF.txt,0.002202,0.999314,1.000000,0.003040,0.992428,1.000000,0.008390,0.992994,1.000000
"6-Cyanopurine SA-852503",14396,ASDHRa,ChapterO_OrganicCompounds,splib07a_6-Cyanopurine_SA-852503_ASDHRa_AREF.txt,0.004002,0.999470,1.000000,0.002118,0.975202,1.000000,0.013792,0.990760,1.000000
"7-8-Benzoquino SA-123617 75K",14230,ASDHRa,ChapterO_OrganicCompounds,splib07a_7-8-Benzoquino_SA-123617_75K_ASDHRa_AREF.txt,0.022221,0.977166,1.000000,0.003968,0.998169,1.000000,0.014019,0.997179,1.000000
"7-8-Benzoquinoline SA-123617",14211,ASDHRa,ChapterO_OrganicCompounds,splib07a_7-8-Benzoquinoline_SA-123617_ASDHRa_AREF.txt,0.008753,0.996967,1.000000,0.004851,0.997609,1.000000,0.013170,0.997621,1.000000
"9-Anthronitrile SA-152765",14061,ASDHRa,ChapterO_OrganicCompounds,splib07a_9-Anthronitrile_SA-152765_ASDHRa_AREF.txt,0.005552,0.998466,1.000000,0.001206,0.999542,1.000000,0.011468,0.983854,1.000000
"9Anthronitrile SA-152765 75K",14080,ASDHRa,ChapterO_OrganicCompounds,splib07a_9Anthronitrile_SA-152765_75K_ASDHRa_AREF.txt,0.008482,0.997664,1.000000,0.002265,0.984463,1.000000,0.016733,0.987475,1.000000
"Acetylene MTG 80K",13675,ASDFRb,ChapterO_OrganicCompounds,splib07a_Acetylene_MTG_80K_ASDFRb_AREF.txt,0.002893,0.966425,1.000000,0.015844,0.875683,1.000000,0.033685,0.964155,1.000000
"Acridine SA-A23609",13690,ASDHRa,ChapterO_OrganicCompounds,splib07a_Acridine_SA-A23609_ASDHRa_AREF.txt,0.010151,0.997943,1.000000,0.005296,0.991117,1.000000,0.008686,0.997448,1.000000
"Adenine SA-A8626",13725,ASDHRa,ChapterO_OrganicCompounds,splib07a_Adenine_SA-A8626_ASDHRa_AREF.txt,0.003817,0.999090,1.000000,0.001959,0.899907,1.000000,0.013719,0.994993,1.000000
"Allylbenzene SA-A29402 75K",13831,ASDHRa,ChapterO_OrganicCompounds,splib07a_Allylbenzene_SA-A29402_75K_ASDHRa_AREF.txt,0.003863,0.992020,1.000000,0.004298,0.899067,1.000000,0.025752,0.981637,1.000000
"Amylose_potato SA-A0512",13976,ASDHRc,ChapterO_OrganicCompounds,splib07a_Amylose_potato_SA-A0512_ASDHRc_AREF.txt,0.001804,0.999811,1.000000,0.002516,0.981725,1.000000,0.006030,0.998960,1.000000
"Anthrone SA-A1631 75K",14039,ASDHRa,ChapterO_OrganicCompounds,splib07a_Anthrone_SA-A1631_75K_ASDHRa_AREF.txt,0.008482,0.997664,1.000000,0.002265,0.984463,1.000000,0.016733,0.987475,1.000000
"Anthrone SA-A1631",14020,ASDHRa,ChapterO_OrganicCompounds,splib07a_Anthrone_SA-A1631_ASDHRa_AREF.txt,0.012139,0.997701,1.000000,0.002404,0.964584,1.000000,0.018514,0.991108,1.000000
"Antipyrine SA-A5882 75K",14122,ASDHRa,ChapterO_OrganicCompounds,splib07a_Antipyrine_SA-A5882_75K_ASDHRa_AREF.txt,0.008482,0.997664,1.000000,0.002265,0.984463,1.000000,0.016733,0.987475,1.000000
"Antipyrine SA-A5882",14103,ASDHRa,ChapterO_OrganicCompounds,splib07a_Antipyrine_SA-A5882_ASDHRa_AREF.txt,0.002702,0.999154,1.000000,0.006365,0.857103,1.000000,0.019150,0.994090,1.000000
"Benzene JTB-9155 T~84K",14161,ASDFRa,ChapterO_OrganicCompounds,splib07a_Benzene_JTB-9155_T~84K_ASDFRa_AREF.txt,0.002243,0.987916,1.000000,0.007465,0.899418,1.000000,0.041714,0.967047,1.000000
"Benzopyrene SA-B1760 75K",14189,ASDHRa,ChapterO_OrganicCompounds,splib07a_Benzopyrene_SA-B1760_75K_ASDHRa_AREF.txt,0.026565,0.989787,1.000000,0.003324,0.991257,1.000000,0.012290,0.997035,1.000000
"Benzopyrene SA-B1760",14170,ASDHRa,ChapterO_OrganicCompounds,splib07a_Benzopyrene_SA-B1760_ASDHRa_AREF.txt,0.013240,0.996139,1.000000,0.002301,0.995889,1.000000,0.010858,0.995800,1.000000
"Biphenyl SA-B34656 75K",14271,ASDHRa,ChapterO_OrganicCompounds,splib07a_Biphenyl_SA-B34656_75K_ASDHRa_AREF.txt,0.004178,0.733932,1.000000,0.006000,0.939458,1.000000,0.015117,0.996393,1.000000
"Biphenyl SA-B34656",14252,ASDHRa,ChapterO_OrganicCompounds,splib07a_Biphenyl_SA-B34656_ASDHRa_AREF.txt,0.005065,0.642019,1.000000,0.006872,0.935322,1.000000,0.017370,0.995266,1.000000
"Butane Camco frost 83K",14294,ASDFRb,ChapterO_OrganicCompounds,splib07a_Butane_Camco_frost_83K_ASDFRb_AREF.txt,0.001995,0.877207,1.000000,0.007574,0.909036,1.000000,0.017906,0.983329,1.000000
"Camphene SA-456055",14322,ASDHRa,ChapterO_OrganicCompounds,splib07a_Camphene_SA-456055_ASDHRa_AREF.txt,0.002522,0.997894,1.000000,0.019021,0.878952,1.000000,0.025886,0.976458,1.000000
"Cellulose SA-C6288",14339,ASDHRa,ChapterO_OrganicCompounds,splib07a_Cellulose_SA-C6288_ASDHRa_AREF.txt,0.001577,0.998962,1.000000,0.002905,0.952903,1.000000,0.010388,0.996473,1.000000
"Coronene SA-C84801 75K",14373,ASDHRb,ChapterO_OrganicCompounds,splib07a_Coronene_SA-C84801_75K_ASDHRb_AREF.txt,0.020303,0.994612,1.000000,0.001785,0.973320,1.000000,0.014880,0.988504,1.000000
"Coronene SA-C84801",14354,ASDHRb,ChapterO_OrganicCompounds,splib07a_Coronene_SA-C84801_ASDHRb_AREF.txt,0.010659,0.998438,1.000000,0.002200,0.977932,1.000000,0.013225,0.989502,1.000000
"Cytosine SA-C3506",14478,ASDHRa,ChapterO_OrganicCompounds,splib07a_Cytosine_SA-C3506_ASDHRa_AREF.txt,0.010931,0.990322,1.000000,0.002191,0.968091,1.000000,0.010021,0.997143,1.000000
"DL-Alanine SA-A7502",13760,ASDHRa,ChapterO_OrganicCompounds,splib07a_DL-Alanine_SA-A7502_ASDHRa_AREF.txt,0.004625,0.942449,1.000000,0.005664,0.933858,1.000000,0.009505,0.998792,1.000000
"Decane SA-30550 T~76K",14513,ASDFRa,ChapterO_OrganicCompounds,splib07a_Decane_SA-30550_T~76K_ASDFRa_AREF.txt,0.046981,0.961076,1.000000,0.000813,1.000000,1.000000,0.014213,0.994396,1.000000
"Dibenzothiophene SA-D32202",14658,ASDHRa,ChapterO_OrganicCompounds,splib07a_Dibenzothiophene_SA-D32202_ASDHRa_AREF.txt,0.015263,0.984854,1.000000,0.005273,0.934166,1.000000,0.021104,0.991745,1.000000
"Dibenzothiophn SA-D32202 75K",14677,ASDHRa,ChapterO_OrganicCompounds,splib07a_Dibenzothiophn_SA-D32202_75K_ASDHRa_AREF.txt,0.005100,0.986643,1.000000,0.004044,0.934734,1.000000,0.020746,0.988607,1.000000
"Dihydrouracil SA-D7628 85K",14718,ASDHRa,ChapterO_OrganicCompounds,splib07a_Dihydrouracil_SA-D7628_85K_ASDHRa_AREF.txt,0.003037,0.998699,1.000000,0.001629,0.975595,1.000000,0.011129,0.995667,1.000000
"Dihydrouracil SA-D7628",14699,ASDHRa,ChapterO_OrganicCompounds,splib07a_Dihydrouracil_SA-D7628_ASDHRa_AREF.txt,0.001684,0.999755,1.000000,0.002701,0.894415,1.000000,0.011489,0.996769,1.000000
"Ellagic_Acid SA-E2250",14756,ASDHRa,ChapterO_OrganicCompounds,splib07a_Ellagic_Acid_SA-E2250_ASDHRa_AREF.txt,0.009705,0.998232,1.000000,0.002305,0.996408,1.000000,0.016237,0.988151,1.000000
"Ethane MTG T~76K",14772,ASDFRa,ChapterO_OrganicCompounds,splib07a_Ethane_MTG_T~76K_ASDFRa_AREF.txt,0.002287,0.974721,1.000000,0.004546,0.921228,1.000000,0.037408,0.959557,1.000000
"Ethylene MTG ice block 80K",14812,ASDFRa,ChapterO_OrganicCompounds,splib07a_Ethylene_MTG_ice_block_80K_ASDFRa_AREF.txt,0.002748,0.951885,1.000000,0.016668,0.750856,1.000000,0.043631,0.961341,1.000000
"Flavone SA-F2003",14827,ASDHRa,ChapterO_OrganicCompounds,splib07a_Flavone_SA-F2003_ASDHRa_AREF.txt,0.023346,0.984933,1.000000,0.002744,0.912490,1.000000,0.015522,0.994165,1.000000
"Flouranthene SA-423947 75K",14861,ASDHRa,ChapterO_OrganicCompounds,splib07a_Flouranthene_SA-423947_75K_ASDHRa_AREF.txt,0.028521,0.981983,1.000000,0.002801,0.980227,1.000000,0.013533,0.996084,1.000000
"Fluoranthene SA-423947",14842,ASDHRa,ChapterO_OrganicCompounds,splib07a_Fluoranthene_SA-423947_ASDHRa_AREF.txt,0.024248,0.988258,1.000000,0.002341,0.989486,1.000000,0.012428,0.996455,1.000000
"Fluorene SA-128333 75K",14902,ASDHRa,ChapterO_OrganicCompounds,splib07a_Fluorene_SA-128333_75K_ASDHRa_AREF.txt,0.028849,0.911909,1.000000,0.008801,0.815486,1.000000,0.022903,0.990620,1.000000
"Fluorene SA-128333",14883,ASDHRa,ChapterO_OrganicCompounds,splib07a_Fluorene_SA-128333_ASDHRa_AREF.txt,0.017687,0.982396,1.000000,0.007343,0.871458,1.000000,0.020531,0.992831,1.000000
"Gallic_Acid SA-G7384",14924,ASDHRa,ChapterO_OrganicCompounds,splib07a_Gallic_Acid_SA-G7384_ASDHRa_AREF.txt,0.003196,0.999374,1.000000,0.008826,0.855527,1.000000,0.020187,0.989576,1.000000
"Glucose SA-G8270",14939,ASDHRa,ChapterO_OrganicCompounds,splib07a_Glucose_SA-G8270_ASDHRa_AREF.txt,0.001968,0.915397,1.000000,0.004886,0.988770,1.000000,0.017681,0.993729,1.000000
"Glycine SA-G7126",14989,ASDHRb,ChapterO_OrganicCompounds,splib07a_Glycine_SA-G7126_ASDHRb_AREF.txt,0.005671,0.988816,1.000000,0.008542,0.967483,1.000000,0.011022,0.997828,1.000000
"Guanine SA-G11950 75K",15043,ASDHRa,ChapterO_OrganicCompounds,splib07a_Guanine_SA-G11950_75K_ASDHRa_AREF.txt,0.005587,0.993571,1.000000,0.002015,0.893642,1.000000,0.011703,0.995777,1.000000
"Guanine SA-G11950",15024,ASDHRa,ChapterO_OrganicCompounds,splib07a_Guanine_SA-G11950_ASDHRa_AREF.txt,0.001726,0.999472,1.000000,0.001622,0.915128,1.000000,0.009907,0.996142,1.000000
"Heptane SA-H2198 MedFrost85K",15066,ASDFRa,ChapterO_OrganicCompounds,splib07a_Heptane_SA-H2198_MedFrost85K_ASDFRa_AREF.txt,0.003159,0.418867,1.000000,0.006577,0.928095,1.000000,0.009750,0.996566,1.000000
"Hexane SA-139386 CrsFrost85K",15095,ASDFRa,ChapterO_OrganicCompounds,splib07a_Hexane_SA-139386_CrsFrost85K_ASDFRa_AREF.txt,0.002855,0.613276,1.000000,0.007843,0.912208,1.000000,0.010876,0.996239,1.000000
"Hypoxanthine SA-H9377 93K",15240,ASDHRa,ChapterO_OrganicCompounds,splib07a_Hypoxanthine_SA-H9377_93K_ASDHRa_AREF.txt,0.008126,0.993091,1.000000,0.003587,0.894046,1.000000,0.014828,0.995837,1.000000
"Hypoxanthine SA-H9377",15221,ASDHRa,ChapterO_OrganicCompounds,splib07a_Hypoxanthine_SA-H9377_ASDHRa_AREF.txt,0.001458,0.999843,1.000000,0.002925,0.930201,1.000000,0.014556,0.996021,1.000000
"Indole SA-I3408 75K",15281,ASDHRa,ChapterO_OrganicCompounds,splib07a_Indole_SA-I3408_75K_ASDHRa_AREF.txt,0.005675,0.996968,1.000000,0.016811,0.741044,1.000000,0.029373,0.978674,1.000000
"Indole SA-I3408",15262,ASDHRa,ChapterO_OrganicCompounds,splib07a_Indole_SA-I3408_ASDHRa_AREF.txt,0.004515,0.998759,1.000000,0.016758,0.804228,1.000000,0.035729,0.976112,1.000000
"Isocytosine SA-I2127 85K",15322,ASDHRa,ChapterO_OrganicCompounds,splib07a_Isocytosine_SA-I2127_85K_ASDHRa_AREF.txt,0.003115,0.998593,1.000000,0.003632,0.814241,1.000000,0.009419,0.997510,1.000000
"Isocytosine SA-I2127",15303,ASDHRa,ChapterO_OrganicCompounds,splib07a_Isocytosine_SA-I2127_ASDHRa_AREF.txt,0.005151,0.998028,1.000000,0.003863,0.964534,1.000000,0.010890,0.997564,1.000000
"L-Alanine SA-26802",13796,ASDHRa,ChapterO_OrganicCompounds,splib07a_L-Alanine_SA-26802_ASDHRa_AREF.txt,0.005892,0.891626,1.000000,0.006888,0.892197,1.000000,0.010092,0.998374,1.000000
"L-Cysteine SA-W326305 85K",14456,ASDHRb,ChapterO_OrganicCompounds,splib07a_L-Cysteine_SA-W326305_85K_ASDHRb_AREF.txt,0.007643,0.974843,1.000000,0.015836,0.939541,1.000000,0.016608,0.991302,1.000000
"L-Cysteine SA-W326305",14437,ASDHRb,ChapterO_OrganicCompounds,splib07a_L-Cysteine_SA-W326305_ASDHRb_AREF.txt,0.002225,0.991627,1.000000,0.006999,0.950966,1.000000,0.014252,0.997069,1.000000
"L-Glutamine NF",14954,ASDHRb,ChapterO_OrganicCompounds,splib07a_L-Glutamine_NF_ASDHRb_AREF.txt,0.001612,0.999141,1.000000,0.004873,0.972650,1.000000,0.013643,0.996742,1.000000
"L-Histidine SA-H8000 85K",15158,ASDHRa,ChapterO_OrganicCompounds,splib07a_L-Histidine_SA-H8000_85K_ASDHRa_AREF.txt,0.008914,0.968952,1.000000,0.013007,0.902681,1.000000,0.014657,0.995297,1.000000
"L-Histidine SA-H8000",15139,ASDHRa,ChapterO_OrganicCompounds,splib07a_L-Histidine_SA-H8000_ASDHRa_AREF.txt,0.002427,0.995232,1.000000,0.007426,0.866231,1.000000,0.013894,0.997075,1.000000
"L-Lysine SA-L5501 85K",15380,ASDHRa,ChapterO_OrganicCompounds,splib07a_L-Lysine_SA-L5501_85K_ASDHRa_AREF.txt,0.007652,0.986328,1.000000,0.011738,0.927563,1.000000,0.014395,0.993956,1.000000
"L-Lysine SA-L5501",15361,ASDHRa,ChapterO_OrganicCompounds,splib07a_L-Lysine_SA-L5501_ASDHRa_AREF.txt,0.002535,0.999267,1.000000,0.013438,0.905647,1.000000,0.013554,0.995570,1.000000
"L-Proline SA-P0380 85K",15998,ASDHRa,ChapterO_OrganicCompounds,splib07a_L-Proline_SA-P0380_85K_ASDHRa_AREF.txt,0.008312,0.350816,1.000000,0.006570,0.932068,1.000000,0.008729,0.996507,1.000000
"L-Proline SA-P0380",15979,ASDHRa,ChapterO_OrganicCompounds,splib07a_L-Proline_SA-P0380_ASDHRa_AREF.txt,0.001997,0.883713,1.000000,0.004722,0.910430,1.000000,0.009187,0.998569,1.000000
"L-Tyrosine NF",16723,ASDHRb,ChapterO_OrganicCompounds,splib07a_L-Tyrosine_NF_ASDHRb_AREF.txt,0.005915,0.996775,1.000000,0.002203,0.967043,1.000000,0.012874,0.996256,1.000000
"Lignin_alkali SA-370959",15345,ASDHRa,ChapterO_OrganicCompounds,splib07a_Lignin_alkali_SA-370959_ASDHRa_AREF.txt,0.001539,0.997685,1.000000,0.010508,0.994126,1.000000,0.007530,0.996643,1.000000
"Methane XCEL liquid T~77K",15403,ASDFRa,ChapterO_OrganicCompounds,splib07a_Methane_XCEL_liquid_T~77K_ASDFRa_AREF.txt,0.002337,0.872818,1.000000,0.003059,0.861049,1.000000,0.029464,0.983335,1.000000
"Naphthalene ENOZ 75K",15519,ASDHRa,ChapterO_OrganicCompounds,splib07a_Naphthalene_ENOZ_75K_ASDHRa_AREF.txt,0.004800,0.898672,1.000000,0.004716,0.940884,1.000000,0.022059,0.989792,1.000000
"Naphthalene ENOZ",15488,ASDHRa,ChapterO_OrganicCompounds,splib07a_Naphthalene_ENOZ_ASDHRa_AREF.txt,0.002375,0.997421,1.000000,0.005706,0.897604,1.000000,0.017401,0.993878,1.000000
"Naphthalene ENOZ cgr 89K",15507,ASDFRa,ChapterO_OrganicCompounds,splib07a_Naphthalene_ENOZ_cgr_89K_ASDFRa_AREF.txt,0.003338,0.997249,1.000000,0.009084,0.908691,1.000000,0.019751,0.992897,1.000000
"Naringenin SA-N5893",15541,ASDHRa,ChapterO_OrganicCompounds,splib07a_Naringenin_SA-N5893_ASDHRa_AREF.txt,0.011686,0.997848,1.000000,0.001258,0.984729,1.000000,0.007582,0.997493,1.000000
"Nonane fine frost 84K",15590,ASDFRa,ChapterO_OrganicCompounds,splib07a_Nonane_fine_frost_84K_ASDFRa_AREF.txt,0.002900,0.517566,1.000000,0.008386,0.935660,1.000000,0.009596,0.997151,1.000000
"Octane SA-74822 medfrost 85K",15619,ASDFRa,ChapterO_OrganicCompounds,splib07a_Octane_SA-74822_medfrost_85K_ASDFRa_AREF.txt,0.002886,0.414763,1.000000,0.005431,0.925374,1.000000,0.010124,0.996565,1.000000
"Paraffin gfwax T~85K",15660,ASDFRa,ChapterO_OrganicCompounds,splib07a_Paraffin_gfwax_T~85K_ASDFRa_AREF.txt,0.003034,0.996531,1.000000,0.003576,0.956200,1.000000,0.015665,0.995491,1.000000
"Pentacene SA-P1802 75K",15688,ASDHRa,ChapterO_OrganicCompounds,splib07a_Pentacene_SA-P1802_75K_ASDHRa_AREF.txt,0.040719,0.891583,1.000000,0.005903,0.992476,1.000000,0.015678,0.989216,1.000000
"Pentacene SA-P1802",15669,ASDHRa,ChapterO_OrganicCompounds,splib07a_Pentacene_SA-P1802_ASDHRa_AREF.txt,0.030737,0.859932,1.000000,0.011229,0.971666,1.000000,0.014525,0.989390,1.000000
"Pentane SA-76878 fine gr 85K",15711,ASDFRa,ChapterO_OrganicCompounds,splib07a_Pentane_SA-76878_fine_gr_85K_ASDFRa_AREF.txt,0.002096,0.807710,1.000000,0.004088,0.891314,1.000000,0.014696,0.992575,1.000000
"Peptidogylcan SA-69554",15740,ASDFRa,ChapterO_OrganicCompounds,splib07a_Peptidogylcan_SA-69554_ASDFRa_AREF.txt,0.002609,0.999127,1.000000,0.000787,0.971526,1.000000,0.003811,0.998706,1.000000
"Perylene SA-P11204 75K",15768,ASDHRa,ChapterO_OrganicCompounds,splib07a_Perylene_SA-P11204_75K_ASDHRa_AREF.txt,0.024698,0.992230,1.000000,0.004031,0.951849,1.000000,0.013135,0.990997,1.000000
"Perylene SA-P11204",15749,ASDHRa,ChapterO_OrganicCompounds,splib07a_Perylene_SA-P11204_ASDHRa_AREF.txt,0.015095,0.996414,1.000000,0.004564,0.974264,1.000000,0.012077,0.990945,1.000000
"Phenanthraquin SA-275034 75K",15809,ASDHRa,ChapterO_OrganicCompounds,splib07a_Phenanthraquin_SA-275034_75K_ASDHRa_AREF.txt,0.007352,0.997381,1.000000,0.001556,0.991293,1.000000,0.006116,0.948208,1.000000
"Phenanthraquinone SA-275034",15790,ASDHRa,ChapterO_OrganicCompounds,splib07a_Phenanthraquinone_SA-275034_ASDHRa_AREF.txt,0.016660,0.995405,1.000000,0.002027,0.982349,1.000000,0.007783,0.977823,1.000000
"Phenanthrene SA-P11409 75K",15850,ASDHRa,ChapterO_OrganicCompounds,splib07a_Phenanthrene_SA-P11409_75K_ASDHRa_AREF.txt,0.010760,0.986568,1.000000,0.002363,0.984434,1.000000,0.007859,0.996682,1.000000
"Phenanthrene SA-P11409",15831,ASDHRa,ChapterO_OrganicCompounds,splib07a_Phenanthrene_SA-P11409_ASDHRa_AREF.txt,0.011401,0.995087,1.000000,0.003990,0.981461,1.000000,0.011994,0.997191,1.000000
"Phenazine SA-P13207",15872,ASDHRa,ChapterO_OrganicCompounds,splib07a_Phenazine_SA-P13207_ASDHRa_AREF.txt,0.005309,0.999253,1.000000,0.004066,0.989097,1.000000,0.011790,0.997223,1.000000
"Phenol SA-P5566",15907,ASDHRa,ChapterO_OrganicCompounds,splib07a_Phenol_SA-P5566_ASDHRa_AREF.txt,0.002491,0.715230,1.000000,0.009874,0.944818,1.000000,0.027234,0.984315,1.000000
"Propane SA-536172 78K ground",16021,ASDFRa,ChapterO_OrganicCompounds,splib07a_Propane_SA-536172_78K_ground_ASDFRa_AREF.txt,0.002914,0.946499,1.000000,0.008518,0.910747,1.000000,0.016128,0.988844,1.000000
"Propene SA-295663 ice 77K",16030,ASDFRa,ChapterO_OrganicCompounds,splib07a_Propene_SA-295663_ice_77K_ASDFRa_AREF.txt,0.003402,0.986812,1.000000,0.006215,0.995364,1.000000,0.034987,0.951179,1.000000
"Propyne SA-295493 Frost 80K",16045,ASDFRa,ChapterO_OrganicCompounds,splib07a_Propyne_SA-295493_Frost_80K_ASDFRa_AREF.txt,0.001686,0.982883,1.000000,0.003588,0.995448,1.000000,0.023155,0.939295,1.000000
"Protein soy_powder NC2",16062,ASDHRa,ChapterO_OrganicCompounds,splib07a_Protein_soy_powder_NC2_ASDHRa_AREF.txt,0.003399,0.999710,1.000000,0.001077,0.969862,1.000000,0.006089,0.998805,1.000000
"Protein veg_powder NC1",16079,ASDHRa,ChapterO_OrganicCompounds,splib07a_Protein_veg_powder_NC1_ASDHRa_AREF.txt,0.002939,0.999761,1.000000,0.001126,0.960665,1.000000,0.005825,0.998841,1.000000
"Purine SA-P55805 85K",16113,ASDHRa,ChapterO_OrganicCompounds,splib07a_Purine_SA-P55805_85K_ASDHRa_AREF.txt,0.012035,0.996707,1.000000,0.002191,0.991690,1.000000,0.011934,0.995960,1.000000
"Purine SA-P55805",16094,ASDHRa,ChapterO_OrganicCompounds,splib07a_Purine_SA-P55805_ASDHRa_AREF.txt,0.008968,0.998837,1.000000,0.001847,0.859017,1.000000,0.010542,0.997496,1.000000
"Pyrazine SA-W401501",16136,ASDHRa,ChapterO_OrganicCompounds,splib07a_Pyrazine_SA-W401501_ASDHRa_AREF.txt,0.014979,0.984747,1.000000,0.026205,0.708146,1.000000,0.025320,0.988473,1.000000
"Pyrene AA-L08162 75K",16190,ASDHRa,ChapterO_OrganicCompounds,splib07a_Pyrene_AA-L08162_75K_ASDHRa_AREF.txt,0.006080,0.999047,1.000000,0.002245,0.998635,1.000000,0.015299,0.994419,1.000000
"Pyrene AA-L08162",16171,ASDHRa,ChapterO_OrganicCompounds,splib07a_Pyrene_AA-L08162_ASDHRa_AREF.txt,0.003625,0.999585,1.000000,0.002386,0.998567,1.000000,0.015846,0.995283,1.000000
"Pyrimidine SA-131695 85K",16263,ASDHRa,ChapterO_OrganicCompounds,splib07a_Pyrimidine_SA-131695_85K_ASDHRa_AREF.txt,0.002126,0.991189,1.000000,0.006079,0.835495,1.000000,0.011111,0.990407,1.000000
"Pyrimidine SA-131695",16244,ASDHRa,ChapterO_OrganicCompounds,splib07a_Pyrimidine_SA-131695_ASDHRa_AREF.txt,0.002284,0.996534,1.000000,0.003302,0.995514,1.000000,0.022593,0.986604,1.000000
"Pyrogallol SA-16040",16326,ASDHRa,ChapterO_OrganicCompounds,splib07a_Pyrogallol_SA-16040_ASDHRa_AREF.txt,0.002435,0.999650,1.000000,0.006002,0.976806,1.000000,0.022763,0.992531,1.000000
"Quercetin SA-Q4951",16341,ASDHRa,ChapterO_OrganicCompounds,splib07a_Quercetin_SA-Q4951_ASDHRa_AREF.txt,0.013926,0.996884,1.000000,0.001810,0.997794,1.000000,0.008257,0.996661,1.000000
"Starch_corn_Argo GDS549",16357,ASDHRa,ChapterO_OrganicCompounds,splib07a_Starch_corn_Argo_GDS549_ASDHRa_AREF.txt,0.001371,0.998718,1.000000,0.001762,0.988563,1.000000,0.007423,0.997880,1.000000
"Starch_potato SA-33615",16372,ASDHRa,ChapterO_OrganicCompounds,splib07a_Starch_potato_SA-33615_ASDHRa_AREF.txt,0.002639,0.998832,1.000000,0.002773,0.990696,1.000000,0.007212,0.998540,1.000000
"Tannic_Acid SA-403040",16426,ASDHRa,ChapterO_OrganicCompounds,splib07a_Tannic_Acid_SA-403040_ASDHRa_AREF.txt,0.003509,0.999692,1.000000,0.002991,0.992130,1.000000,0.010563,0.997449,1.000000
"Taurine NF",16441,ASDHRa,ChapterO_OrganicCompounds,splib07a_Taurine_NF_ASDHRa_AREF.txt,0.006811,0.707526,1.000000,0.006657,0.944296,1.000000,0.015398,0.995794,1.000000
"Tetracene SA-B2403 75K",16536,ASDHRa,ChapterO_OrganicCompounds,splib07a_Tetracene_SA-B2403_75K_ASDHRa_AREF.txt,0.020637,0.993657,1.000000,0.005579,0.992125,1.000000,0.015045,0.992310,1.000000
"Tetracene SA-B2403",16517,ASDHRa,ChapterO_OrganicCompounds,splib07a_Tetracene_SA-B2403_ASDHRa_AREF.txt,0.012706,0.997493,1.000000,0.003835,0.996429,1.000000,0.014346,0.992906,1.000000
"Theobromine SA-T4500 85K",16593,ASDHRa,ChapterO_OrganicCompounds,splib07a_Theobromine_SA-T4500_85K_ASDHRa_AREF.txt,0.004057,0.997559,1.000000,0.002822,0.860938,1.000000,0.015335,0.992736,1.000000
"Theobromine SA-T4500",16574,ASDHRa,ChapterO_OrganicCompounds,splib07a_Theobromine_SA-T4500_ASDHRa_AREF.txt,0.002787,0.998921,1.000000,0.002736,0.657054,1.000000,0.014092,0.994283,1.000000
"Thymine SA-T0376",16616,ASDHRa,ChapterO_OrganicCompounds,splib07a_Thymine_SA-T0376_ASDHRa_AREF.txt,0.002162,0.998724,1.000000,0.001295,0.927098,1.000000,0.012663,0.993431,1.000000
"Toluene SA-244511 frost 84K",16651,ASDFRa,ChapterO_OrganicCompounds,splib07a_Toluene_SA-244511_frost_84K_ASDFRa_AREF.txt,0.001624,0.945662,1.000000,0.003880,0.851485,1.000000,0.017645,0.990345,1.000000
"Triphenylene SA-T82600",16688,ASDHRa,ChapterO_OrganicCompounds,splib07a_Triphenylene_SA-T82600_ASDHRa_AREF.txt,0.008347,0.998571,1.000000,0.001364,0.966510,1.000000,0.009112,0.995128,1.000000
"Uracil SA-U0750 75K",16777,ASDHRa,ChapterO_OrganicCompounds,splib07a_Uracil_SA-U0750_75K_ASDHRa_AREF.txt,0.005464,0.883178,1.000000,0.001865,0.639896,1.000000,0.017109,0.983946,1.000000
"Uracil SA-U0750",16758,ASDHRa,ChapterO_OrganicCompounds,splib07a_Uracil_SA-U0750_ASDHRa_AREF.txt,0.002147,0.987179,1.000000,0.001747,0.840711,1.000000,0.012530,0.990871,1.000000
"Violanthrone79 SA-641790 75K",16818,ASDHRa,ChapterO_OrganicCompounds,splib07a_Violanthrone79_SA-641790_75K_ASDHRa_AREF.txt,0.019002,0.442773,1.000000,0.003945,0.988175,1.000000,0.004815,0.995106,1.000000
"Violanthrone79 SA-641790",16799,ASDHRa,ChapterO_OrganicCompounds,splib07a_Violanthrone79_SA-641790_ASDHRa_AREF.txt,0.000680,0.980952,1.000000,0.003720,0.990140,1.000000,0.004139,0.996685,1.000000
"Xanthine SA-X0626 85K",16860,ASDHRa,ChapterO_OrganicCompounds,splib07a_Xanthine_SA-X0626_85K_ASDHRa_AREF.txt,0.004567,0.998887,1.000000,0.003328,0.880783,1.000000,0.014903,0.991098,1.000000
"Xanthine SA-X0626",16841,ASDHRa,ChapterO_OrganicCompounds,splib07a_Xanthine_SA-X0626_ASDHRa_AREF.txt,0.004931,0.999086,1.000000,0.003157,0.841332,1.000000,0.013534,0.994600,1.000000
"Xylene(s) ice 77K",16883,ASDFRa,ChapterO_OrganicCompounds,splib07a_Xylene(s)_ice_77K_ASDFRa_AREF.txt,0.002826,0.966992,1.000000,0.005752,0.821562,1.000000,0.015710,0.992930,1.000000
"cis-Stilbene SA-S4808 75K",16388,ASDHRa,ChapterO_OrganicCompounds,splib07a_cis-Stilbene_SA-S4808_75K_ASDHRa_AREF.txt,0.008801,0.995019,1.000000,0.004779,0.945852,1.000000,0.015766,0.995315,1.000000
"o-Terphenyl SA-T2800 75K",16495,ASDHRa,ChapterO_OrganicCompounds,splib07a_o-Terphenyl_SA-T2800_75K_ASDHRa_AREF.txt,0.001945,0.908538,1.000000,0.004404,0.971875,1.000000,0.015165,0.996051,1.000000
"o-Terphenyl SA-T2800",16476,ASDHRa,ChapterO_OrganicCompounds,splib07a_o-Terphenyl_SA-T2800_ASDHRa_AREF.txt,0.002577,0.935371,1.000000,0.003721,0.943776,1.000000,0.011339,0.996470,1.000000
"trans-beta-Methylstyrene 85K",15466,ASDHRa,ChapterO_OrganicCompounds,splib07a_trans-beta-Methylstyrene_85K_ASDHRa_AREF.txt,0.002941,0.998100,1.000000,0.003187,0.840862,1.000000,0.012305,0.989938,1.000000
"Acid_Mine_Dr Assemb1-Fe3+",11602,ASDFRb,ChapterS_SoilsAndMixtures,splib07a_Acid_Mine_Dr_Assemb1-Fe3+_ASDFRb_AREF.txt,0.002227,0.999631,1.000000,0.001258,0.993530,1.000000,0.050283,0.941775,1.000000
"Acid_Mine_Dr Assemb2-Fe3+",11611,ASDFRb,ChapterS_SoilsAndMixtures,splib07a_Acid_Mine_Dr_Assemb2-Fe3+_ASDFRb_AREF.txt,0.005916,0.999102,1.000000,0.003564,0.990161,1.000000,0.005891,0.993941,1.000000
"Alun.33+Kaol.33+Musc.33 AMX2",11647,ASDNGa,ChapterS_SoilsAndMixtures,splib07a_Alun.33+Kaol.33+Musc.33_AMX2_ASDNGa_AREF.txt,0.002163,0.999661,1.000000,0.002351,0.857464,1.000000,0.005031,0.998697,1.000000
"Alun_Na+Kaol+Hemat MV00-11a",11669,ASDFRc,ChapterS_SoilsAndMixtures,splib07a_Alun_Na+Kaol+Hemat_MV00-11a_ASDFRc_AREF.txt,0.002618,0.999420,1.000000,0.003900,0.995344,1.000000,0.006965,0.996773,1.000000
"Alunite+Dickite MV99-6-26b",11696,ASDFRc,ChapterS_SoilsAndMixtures,splib07a_Alunite+Dickite_MV99-6-26b_ASDFRc_AREF.txt,0.002498,0.999522,1.000000,0.001129,0.995062,1.000000,0.008633,0.995858,1.000000
"Alunite-K CU91-217G1 HiTemp",11686,ASDFRb,ChapterS_SoilsAndMixtures,splib07a_Alunite-K_CU91-217G1_HiTemp_ASDFRb_AREF.txt,0.003061,0.998838,1.000000,0.001987,0.653842,1.000000,0.009018,0.994454,1.000000
"Alunite.5+MuscCU91-250A AMX4",11709,ASDNGa,ChapterS_SoilsAndMixtures,splib07a_Alunite.5+MuscCU91-250A_AMX4_ASDNGa_AREF.txt,0.001895,0.999787,1.000000,0.002185,0.922913,1.000000,0.007131,0.997583,1.000000
"Alunite0.35K+.65Na CU91-217H",11719,ASDFRb,ChapterS_SoilsAndMixtures,splib07a_Alunite0.35K+.65Na_CU91-217H_ASDFRb_AREF.txt,0.002750,0.998785,1.000000,0.001771,0.979116,1.000000,0.010783,0.994518,1.000000
"Alunite0.5+Kaol_KGa-1 AMX3",11745,ASDNGb,ChapterS_SoilsAndMixtures,splib07a_Alunite0.5+Kaol_KGa-1_AMX3_ASDNGb_AREF.txt,0.003373,0.999259,1.000000,0.001862,0.918894,1.000000,0.007916,0.998029,1.000000
"Alunite_K-Na CU91-217H1 LowT",11811,ASDFRb,ChapterS_SoilsAndMixtures,splib07a_Alunite_K-Na_CU91-217H1_LowT_ASDFRb_AREF.txt,0.002750,0.998785,1.000000,0.001771,0.979116,1.000000,0.010783,0.994518,1.000000
"Alunite_K CU98-5C MedTemp",11801,ASDFRb,ChapterS_SoilsAndMixtures,splib07a_Alunite_K_CU98-5C_MedTemp_ASDFRb_AREF.txt,0.003703,0.999310,1.000000,0.002113,0.898522,1.000000,0.007542,0.997687,1.000000
"Alunite_NH4+Jaro NMNH145596A",11825,ASDFRb,ChapterS_SoilsAndMixtures,splib07a_Alunite_NH4+Jaro_NMNH145596A_ASDFRb_AREF.txt,0.008020,0.997427,1.000000,0.001636,0.991437,1.000000,0.013935,0.990268,1.000000
"Beidellite+Montmor GDS123",11863,ASDFRb,ChapterS_SoilsAndMixtures,splib07a_Beidellite+Montmor_GDS123_ASDFRb_AREF.txt,0.002092,0.999449,1.000000,0.001352,0.946965,1.000000,0.008751,0.996251,1.000000
"BurnArea_TopSurface WRF00-02",11928,ASDFRb,ChapterS_SoilsAndMixtures,splib07a_BurnArea_TopSurface_WRF00-02_ASDFRb_AREF.txt,0.000117,0.999086,1.000000,0.000203,0.998855,1.000000,0.018929,0.891380,1.000000
"BurnArea_Traverse WRF00-01",11918,ASDFRb,ChapterS_SoilsAndMixtures,splib07a_BurnArea_Traverse_WRF00-01_ASDFRb_AREF.txt,0.000213,0.999383,1.000000,0.000337,0.998793,1.000000,0.037406,0.776816,1.000000
"Calc.25+Dolo.25+Ca-Mont AMX7",11939,ASDNGb,ChapterS_SoilsAndMixtures,splib07a_Calc.25+Dolo.25+Ca-Mont_AMX7_ASDNGb_AREF.txt,0.001480,0.998979,1.000000,0.000708,0.919828,1.000000,0.005984,0.995916,1.000000
"Calc.25+Dolo.25+Na-Mon AMX18",11950,ASDNGb,ChapterS_SoilsAndMixtures,splib07a_Calc.25+Dolo.25+Na-Mon_AMX18_ASDNGb_AREF.txt,0.002126,0.998966,1.000000,0.000631,0.927212,1.000000,0.006121,0.992744,1.000000
"Calcite+Talc PC99-1G",11995,ASDFRc,ChapterS_SoilsAndMixtures,splib07a_Calcite+Talc_PC99-1G_ASDFRc_AREF.txt,0.001396,0.995489,1.000000,0.001279,0.940634,1.000000,0.003522,0.996969,1.000000
"Calcite.33+Ca-Mont.67 AMX19",12006,ASDNGb,ChapterS_SoilsAndMixtures,splib07a_Calcite.33+Ca-Mont.67_AMX19_ASDNGb_AREF.txt,0.001493,0.999345,1.000000,0.000819,0.976745,1.000000,0.007010,0.995675,1.000000
"Calcite.33+Epidote.67 GDS311",12025,ASDFRa,ChapterS_SoilsAndMixtures,splib07a_Calcite.33+Epidote.67_GDS311_ASDFRa_AREF.txt,0.007645,0.993945,1.000000,0.002149,0.969895,1.000000,0.007676,0.994500,1.000000
"Calcite.33+Na-Mont.67 AMX44",12015,ASDNGb,ChapterS_SoilsAndMixtures,splib07a_Calcite.33+Na-Mont.67_AMX44_ASDNGb_AREF.txt,0.001396,0.999728,1.000000,0.000682,0.977663,1.000000,0.007075,0.991161,1.000000
"Calcite.5+.Ca-Mont.5 AMX6",11966,ASDNGb,ChapterS_SoilsAndMixtures,splib07a_Calcite.5+.Ca-Mont.5_AMX6_ASDNGb_AREF.txt,0.001326,0.999318,1.000000,0.000798,0.963336,1.000000,0.006171,0.995451,1.000000
"Calcite.5+.Na-Mont.5 AMX43",11975,ASDNGb,ChapterS_SoilsAndMixtures,splib07a_Calcite.5+.Na-Mont.5_AMX43_ASDNGb_AREF.txt,0.001842,0.999322,1.000000,0.000738,0.957006,1.000000,0.006208,0.991910,1.000000
"Calcite.5+Dolomite.5 AMX8",11986,ASDNGb,ChapterS_SoilsAndMixtures,splib07a_Calcite.5+Dolomite.5_AMX8_ASDNGb_AREF.txt,0.001109,0.997112,1.000000,0.000528,0.985837,1.000000,0.007012,0.988487,1.000000
"Calcite.67+Epidote.33 GDS310",12031,ASDFRa,ChapterS_SoilsAndMixtures,splib07a_Calcite.67+Epidote.33_GDS310_ASDFRa_AREF.txt,0.006999,0.994516,1.000000,0.002385,0.957143,1.000000,0.005812,0.995931,1.000000
"Calcite.7+Kaolin-wxl.3 AMX9",12042,ASDNGa,ChapterS_SoilsAndMixtures,splib07a_Calcite.7+Kaolin-wxl.3_AMX9_ASDNGa_AREF.txt,0.003365,0.995526,1.000000,0.001639,0.350086,1.000000,0.006670,0.993090,1.000000
"Calcite.80+Mont_Swy-1 GDS212",12058,ASDNGa,ChapterS_SoilsAndMixtures,splib07a_Calcite.80+Mont_Swy-1_GDS212_ASDNGa_AREF.txt,0.001682,0.999547,1.000000,0.000649,0.991848,1.000000,0.006651,0.985537,1.000000
"Calcite.80wt+Kaol_CM9 GDS213",12075,ASDNGa,ChapterS_SoilsAndMixtures,splib07a_Calcite.80wt+Kaol_CM9_GDS213_ASDNGa_AREF.txt,0.001822,0.998525,1.000000,0.001411,0.920590,1.000000,0.006541,0.993728,1.000000
"Chabazite+Thom+Wair HS193.3B",12095,ASDFRb,ChapterS_SoilsAndMixtures,splib07a_Chabazite+Thom+Wair_HS193.3B_ASDFRb_AREF.txt,0.002506,0.998328,1.000000,0.002803,0.877381,1.000000,0.005334,0.999034,1.000000
"Chl.33+Epid.33+Cal.33 GDS319",12118,ASDFRa,ChapterS_SoilsAndMixtures,splib07a_Chl.33+Epid.33+Cal.33_GDS319_ASDFRa_AREF.txt,0.001567,0.996115,1.000000,0.000895,0.973561,1.000000,0.003690,0.998922,1.000000
"Chlor.2+Epid.2+Calc.6 GDS314",12133,ASDFRa,ChapterS_SoilsAndMixtures,splib07a_Chlor.2+Epid.2+Calc.6_GDS314_ASDFRa_AREF.txt,0.001357,0.996765,1.000000,0.000930,0.974960,1.000000,0.003420,0.998907,1.000000
"Chlor.2+Epid.6+Calc.2 GDS312",12139,ASDFRa,ChapterS_SoilsAndMixtures,splib07a_Chlor.2+Epid.6+Calc.2_GDS312_ASDFRa_AREF.txt,0.002019,0.996712,1.000000,0.000988,0.929367,1.000000,0.004899,0.997934,1.000000
"Chlor.6+Epid.2+Calc.2 GDS313",12145,ASDFRa,ChapterS_SoilsAndMixtures,splib07a_Chlor.6+Epid.2+Calc.2_GDS313_ASDFRa_AREF.txt,0.001337,0.993466,1.000000,0.000665,0.984653,1.000000,0.003782,0.998744,1.000000
"Chlorit.33+Calcite.67 GDS315",12155,ASDFRa,ChapterS_SoilsAndMixtures,splib07a_Chlorit.33+Calcite.67_GDS315_ASDFRa_AREF.txt,0.001639,0.990874,1.000000,0.000786,0.984074,1.000000,0.003465,0.998791,1.000000
"Chlorite+Muscovite CU93-65A",12166,ASDNGa,ChapterS_SoilsAndMixtures,splib07a_Chlorite+Muscovite_CU93-65A_ASDNGa_AREF.txt,0.001568,0.994018,1.000000,0.000615,0.963140,1.000000,0.006432,0.989977,1.000000
"Chlorite.33+Epidot.67 GDS318",12182,ASDFRa,ChapterS_SoilsAndMixtures,splib07a_Chlorite.33+Epidot.67_GDS318_ASDFRa_AREF.txt,0.001557,0.996805,1.000000,0.000959,0.958119,1.000000,0.004890,0.997911,1.000000
"Chlorite.67+Calcit.33 GDS316",12192,ASDFRa,ChapterS_SoilsAndMixtures,splib07a_Chlorite.67+Calcit.33_GDS316_ASDFRa_AREF.txt,0.001380,0.992359,1.000000,0.000740,0.978438,1.000000,0.003404,0.998781,1.000000
"Chlorite.67+Epidot.33 GDS317",12202,ASDFRa,ChapterS_SoilsAndMixtures,splib07a_Chlorite.67+Epidot.33_GDS317_ASDFRa_AREF.txt,0.001305,0.994836,1.000000,0.000748,0.980959,1.000000,0.004154,0.998551,1.000000
"ClinozoisiteEpidote HS299.1B",12224,ASDFRb,ChapterS_SoilsAndMixtures,splib07a_ClinozoisiteEpidote_HS299.1B_ASDFRb_AREF.txt,0.005102,0.998830,1.000000,0.002093,0.977973,1.000000,0.004957,0.984495,1.000000
"ClinozoisiteEpidote HS299.2B",12234,ASDFRb,ChapterS_SoilsAndMixtures,splib07a_ClinozoisiteEpidote_HS299.2B_ASDFRb_AREF.txt,0.004945,0.998581,1.000000,0.002023,0.987939,1.000000,0.007663,0.984557,1.000000
"ClinozoisiteEpidote HS299.4B",12253,ASDFRb,ChapterS_SoilsAndMixtures,splib07a_ClinozoisiteEpidote_HS299.4B_ASDFRb_AREF.txt,0.002681,0.998874,1.000000,0.001578,0.981383,1.000000,0.010433,0.992899,1.000000
"ClinozoisiteEpidote HS299.6",12259,ASDFRb,ChapterS_SoilsAndMixtures,splib07a_ClinozoisiteEpidote_HS299.6_ASDFRb_AREF.txt,0.002994,0.996834,1.000000,0.001224,0.893822,1.000000,0.015012,0.984985,1.000000
"Cordierite-QtzMus HS346.1B",12269,ASDFRc,ChapterS_SoilsAndMixtures,splib07a_Cordierite-QtzMus_HS346.1B_ASDFRc_AREF.txt,0.001467,0.998378,1.000000,0.001469,0.304178,1.000000,0.001525,0.962653,1.000000
"Cordierite-QtzMus HS346.2B",12275,ASDFRc,ChapterS_SoilsAndMixtures,splib07a_Cordierite-QtzMus_HS346.2B_ASDFRc_AREF.txt,0.001884,0.998558,1.000000,0.001096,0.986707,1.000000,0.001955,0.992565,1.000000
"Cordierite-QtzMus HS346.3B",12285,ASDFRc,ChapterS_SoilsAndMixtures,splib07a_Cordierite-QtzMus_HS346.3B_ASDFRc_AREF.txt,0.001995,0.997090,1.000000,0.000858,0.990411,1.000000,0.001772,0.996693,1.000000
"Cordierite-QtzMus HS346.4B",12304,ASDFRc,ChapterS_SoilsAndMixtures,splib07a_Cordierite-QtzMus_HS346.4B_ASDFRc_AREF.txt,0.001426,0.996284,1.000000,0.000838,0.989122,1.000000,0.001354,0.998239,1.000000
"Covellite-Pyrite HS477.2B",12318,ASDNGb,ChapterS_SoilsAndMixtures,splib07a_Covellite-Pyrite_HS477.2B_ASDNGb_AREF.txt,0.000822,0.989254,1.000000,0.000201,0.997444,1.000000,0.000402,0.966471,1.000000
"Covellite-Pyrite HS477.4B",12343,ASDFRb,ChapterS_SoilsAndMixtures,splib07a_Covellite-Pyrite_HS477.4B_ASDFRb_AREF.txt,0.001524,0.991351,1.000000,0.000525,0.997171,1.000000,0.000616,0.994549,1.000000
"Covellite-Pyrite HS477.6",12349,ASDFRb,ChapterS_SoilsAndMixtures,splib07a_Covellite-Pyrite_HS477.6_ASDFRb_AREF.txt,0.003307,0.987323,1.000000,0.001401,0.998251,1.000000,0.001760,0.997253,1.000000
"Dolomit+Calcite+Talc PC99-1E",12380,ASDFRc,ChapterS_SoilsAndMixtures,splib07a_Dolomit+Calcite+Talc_PC99-1E_ASDFRc_AREF.txt,0.001616,0.998389,1.000000,0.001361,0.888656,1.000000,0.002643,0.996802,1.000000
"Dolomite.5+Ca-Mont.5 AMX10",12391,ASDNGb,ChapterS_SoilsAndMixtures,splib07a_Dolomite.5+Ca-Mont.5_AMX10_ASDNGb_AREF.txt,0.002684,0.995878,1.000000,0.000759,0.925957,1.000000,0.006944,0.994801,1.000000
"Dolomite.5+Na-Mont.5 AMX21",12402,ASDNGb,ChapterS_SoilsAndMixtures,splib07a_Dolomite.5+Na-Mont.5_AMX21_ASDNGb_AREF.txt,0.001046,0.999712,1.000000,0.002309,0.512610,1.000000,0.006599,0.992324,1.000000
"Goethite_Phyllite CU91-236A",12468,ASDFRb,ChapterS_SoilsAndMixtures,splib07a_Goethite_Phyllite_CU91-236A_ASDFRb_AREF.txt,0.005467,0.997961,1.000000,0.003138,0.989806,1.000000,0.009793,0.989476,1.000000
"Gyp+jar+ill BRCM1 Marysvale",12478,ASDFRb,ChapterS_SoilsAndMixtures,splib07a_Gyp+jar+ill_BRCM1_Marysvale_ASDFRb_AREF.txt,0.006414,0.998418,1.000000,0.003204,0.987544,1.000000,0.006207,0.996957,1.000000
"Halloysite CU91-242D",12505,ASDFRb,ChapterS_SoilsAndMixtures,splib07a_Halloysite_CU91-242D_ASDFRb_AREF.txt,0.001532,0.999721,1.000000,0.001300,0.994229,1.000000,0.002962,0.998621,1.000000
"Hematitic_Alt._Tuff CU91-223",12543,ASDFRb,ChapterS_SoilsAndMixtures,splib07a_Hematitic_Alt._Tuff_CU91-223_ASDFRb_AREF.txt,0.003654,0.998881,1.000000,0.004431,0.997155,1.000000,0.005687,0.996794,1.000000
"Hydrated_Volc_Tuff CU01-4A",12553,ASDFRc,ChapterS_SoilsAndMixtures,splib07a_Hydrated_Volc_Tuff_CU01-4A_ASDFRc_AREF.txt,0.002442,0.999060,1.000000,0.000589,0.857700,1.000000,0.005230,0.994488,1.000000
"Illite CU00-5B Hi-Al+Quartz",12563,ASDFRa,ChapterS_SoilsAndMixtures,splib07a_Illite_CU00-5B_Hi-Al+Quartz_ASDFRa_AREF.txt,0.001729,0.997606,1.000000,0.001978,0.780308,1.000000,0.006776,0.996639,1.000000
"Kalun+kaol+gth mv2-ar3",12578,ASDFRb,ChapterS_SoilsAndMixtures,splib07a_Kalun+kaol+gth_mv2-ar3_ASDFRb_AREF.txt,0.002887,0.999668,1.000000,0.004203,0.995518,1.000000,0.011166,0.997016,1.000000
"Kaol+Muscov_intimate CU93-5C",12589,ASDNGa,ChapterS_SoilsAndMixtures,splib07a_Kaol+Muscov_intimate_CU93-5C_ASDNGa_AREF.txt,0.001893,0.999688,1.000000,0.001034,0.940511,1.000000,0.004691,0.997196,1.000000
"Kaol.5+MuscCU91-250A AMX13",12606,ASDNGb,ChapterS_SoilsAndMixtures,splib07a_Kaol.5+MuscCU91-250A_AMX13_ASDNGb_AREF.txt,0.002119,0.999579,1.000000,0.000773,0.988968,1.000000,0.005337,0.997686,1.000000
"Kaol_Wxl+0.5Musc_Ruby AMX12",12630,ASDNGa,ChapterS_SoilsAndMixtures,splib07a_Kaol_Wxl+0.5Musc_Ruby_AMX12_ASDNGa_AREF.txt,0.001703,0.999579,1.000000,0.001628,0.924219,1.000000,0.008792,0.996150,1.000000
"Kaol_wxl+others CU00-19A",12653,ASDFRb,ChapterS_SoilsAndMixtures,splib07a_Kaol_wxl+others_CU00-19A_ASDFRb_AREF.txt,0.002092,0.999379,1.000000,0.001741,0.990747,1.000000,0.003928,0.997465,1.000000
"Kaol_wxl+others CU91-200A",12663,ASDFRb,ChapterS_SoilsAndMixtures,splib07a_Kaol_wxl+others_CU91-200A_ASDFRb_AREF.txt,0.001589,0.999727,1.000000,0.001078,0.996285,1.000000,0.005114,0.996911,1.000000
"Kaolwxl.75+Alun_HS295 AMX14",12761,ASDNGb,ChapterS_SoilsAndMixtures,splib07a_Kaolwxl.75+Alun_HS295_AMX14_ASDNGb_AREF.txt,0.002795,0.999171,1.000000,0.001254,0.943406,1.000000,0.008318,0.997999,1.000000
"Limestone CU02-11A",12770,ASDFRa,ChapterS_SoilsAndMixtures,splib07a_Limestone_CU02-11A_ASDFRa_AREF.txt,0.001272,0.998717,1.000000,0.000940,0.993784,1.000000,0.004350,0.982672,1.000000
"Magnesite+Hydromag HS47.1B",12781,ASDFRa,ChapterS_SoilsAndMixtures,splib07a_Magnesite+Hydromag_HS47.1B_ASDFRa_AREF.txt,0.001574,0.997835,1.000000,0.001471,-0.404608,1.000000,0.002916,0.996974,1.000000
"Magnesite+Hydromag HS47.2B",12787,ASDFRa,ChapterS_SoilsAndMixtures,splib07a_Magnesite+Hydromag_HS47.2B_ASDFRa_AREF.txt,0.001218,0.999570,1.000000,0.001138,0.390376,1.000000,0.003656,0.997212,1.000000
"Magnesite+Hydromag HS47.3B",12797,ASDFRa,ChapterS_SoilsAndMixtures,splib07a_Magnesite+Hydromag_HS47.3B_ASDFRa_AREF.txt,0.001619,0.999482,1.000000,0.001194,0.830340,1.000000,0.004939,0.997774,1.000000
"Magnesite+Hydromag HS47.4B",12816,ASDFRa,ChapterS_SoilsAndMixtures,splib07a_Magnesite+Hydromag_HS47.4B_ASDFRa_AREF.txt,0.001917,0.999356,1.000000,0.001022,0.977770,1.000000,0.005310,0.998548,1.000000
"Muscov+Jaros CU93-314 coatng",12919,ASDNGb,ChapterS_SoilsAndMixtures,splib07a_Muscov+Jaros_CU93-314_coatng_ASDNGb_AREF.txt,0.005550,0.998305,1.000000,0.003366,0.985365,1.000000,0.005771,0.996606,1.000000
"Muscovite+Pyrophyl JH_PYRP1",12951,ASDFRb,ChapterS_SoilsAndMixtures,splib07a_Muscovite+Pyrophyl_JH_PYRP1_ASDFRb_AREF.txt,0.002657,0.998739,1.000000,0.001865,0.994107,1.000000,0.008916,0.990618,1.000000
"Muscovite-low-Al CU98-8H",12960,ASDFRb,ChapterS_SoilsAndMixtures,splib07a_Muscovite-low-Al_CU98-8H_ASDFRb_AREF.txt,0.003965,0.999090,1.000000,0.000947,0.994440,1.000000,0.002734,0.998053,1.000000
"Muscovite-medhi-Al CU91-252D",13004,ASDFRc,ChapterS_SoilsAndMixtures,splib07a_Muscovite-medhi-Al_CU91-252D_ASDFRc_AREF.txt,0.002640,0.997936,1.000000,0.000703,0.993402,1.000000,0.002481,0.998146,1.000000
"Muscovite-medhi-Al CU91-252D",13010,ASDNGc,ChapterS_SoilsAndMixtures,splib07a_Muscovite-medhi-Al_CU91-252D_ASDNGc_AREF.txt,0.005928,0.998806,1.000000,0.001135,0.990712,1.000000,0.003748,0.995072,1.000000
"Muscovite-medlowAl CU91-250A",12969,ASDFRb,ChapterS_SoilsAndMixtures,splib07a_Muscovite-medlowAl_CU91-250A_ASDFRb_AREF.txt,0.001355,0.999685,1.000000,0.001559,0.923069,1.000000,0.002565,0.999095,1.000000
"Muscovite-medlowAl CU91-250A",12975,ASDNGb,ChapterS_SoilsAndMixtures,splib07a_Muscovite-medlowAl_CU91-250A_ASDNGb_AREF.txt,0.002576,0.999442,1.000000,0.001177,0.986013,1.000000,0.004096,0.997469,1.000000
"Natrolite+Zeolite HS168.1B",13036,ASDFRb,ChapterS_SoilsAndMixtures,splib07a_Natrolite+Zeolite_HS168.1B_ASDFRb_AREF.txt,0.001980,0.999347,1.000000,0.000769,0.875944,1.000000,0.006045,0.994908,1.000000
"Natrolite+Zeolite HS168.2B",13042,ASDFRb,ChapterS_SoilsAndMixtures,splib07a_Natrolite+Zeolite_HS168.2B_ASDFRb_AREF.txt,0.002269,0.998681,1.000000,0.000926,0.919356,1.000000,0.008107,0.996247,1.000000
"Natrolite+Zeolite HS168.3B",13048,ASDFRb,ChapterS_SoilsAndMixtures,splib07a_Natrolite+Zeolite_HS168.3B_ASDFRb_AREF.txt,0.001404,0.999285,1.000000,0.003259,0.807581,1.000000,0.007936,0.998045,1.000000
"Natrolite+Zeolite HS168.4B",13067,ASDFRb,ChapterS_SoilsAndMixtures,splib07a_Natrolite+Zeolite_HS168.4B_ASDFRb_AREF.txt,0.002447,0.994723,1.000000,0.005354,0.900620,1.000000,0.008141,0.998439,1.000000
"Nontronite+others CU00-13A",13026,ASDFRb,ChapterS_SoilsAndMixtures,splib07a_Nontronite+others_CU00-13A_ASDFRb_AREF.txt,0.003314,0.998083,1.000000,0.000818,0.994044,1.000000,0.004505,0.983765,1.000000
"Opalized Tuff CU00-15E",13077,ASDFRb,ChapterS_SoilsAndMixtures,splib07a_Opalized_Tuff_CU00-15E_ASDFRb_AREF.txt,0.004463,0.998777,1.000000,0.000778,0.994884,1.000000,0.009595,0.987812,1.000000
"Pyrophyl+Muscovite JH_PYRM1",13099,ASDFRb,ChapterS_SoilsAndMixtures,splib07a_Pyrophyl+Muscovite_JH_PYRM1_ASDFRb_AREF.txt,0.001679,0.999224,1.000000,0.001074,0.851908,1.000000,0.005712,0.994555,1.000000
"Pyrophyl.25+wxlKaol.75 AMX17",13110,ASDNGb,ChapterS_SoilsAndMixtures,splib07a_Pyrophyl.25+wxlKaol.75_AMX17_ASDNGb_AREF.txt,0.001710,0.999527,1.000000,0.003300,0.964287,1.000000,0.010504,0.994621,1.000000
"Pyrophyl.50+Ca-Mont.50 AMX16",13136,ASDNGa,ChapterS_SoilsAndMixtures,splib07a_Pyrophyl.50+Ca-Mont.50_AMX16_ASDNGa_AREF.txt,0.001710,0.999527,1.000000,0.003300,0.964287,1.000000,0.010504,0.994621,1.000000
"Pyroxene_Basalt CU01-20A",13145,ASDFRa,ChapterS_SoilsAndMixtures,splib07a_Pyroxene_Basalt_CU01-20A_ASDFRa_AREF.txt,0.000953,0.998798,1.000000,0.000709,0.979199,1.000000,0.001024,0.995658,1.000000
"Sand DWO-3-DEL2a no vis.oil",13155,ASDFRa,ChapterS_SoilsAndMixtures,splib07a_Sand_DWO-3-DEL2a_no_vis.oil_ASDFRa_AREF.txt,0.014969,0.939677,1.000000,0.000994,0.998750,1.000000,0.017582,0.987068,1.000000
"Sand DWO-3-DEL2ar1 no oil",13218,ASDFRa,ChapterS_SoilsAndMixtures,splib07a_Sand_DWO-3-DEL2ar1_no_oil_ASDFRa_AREF.txt,0.001647,0.999157,1.000000,0.001133,0.990916,1.000000,0.010695,0.899082,1.000000
"Sand DWO-3-DEL2ar2 wet noOil",13234,ASDFRa,ChapterS_SoilsAndMixtures,splib07a_Sand_DWO-3-DEL2ar2_wet_noOil_ASDFRa_AREF.txt,0.000897,0.998516,1.000000,0.000561,0.983811,1.000000,0.002727,0.994130,1.000000
"Sand DWO-3-DEL2b wet no oil",13170,ASDFRa,ChapterS_SoilsAndMixtures,splib07a_Sand_DWO-3-DEL2b_wet_no_oil_ASDFRa_AREF.txt,0.013584,0.948178,1.000000,0.001315,0.997133,1.000000,0.013581,0.988659,1.000000
"Sand DWO-3-DEL2c no vis.oil",13186,ASDFRa,ChapterS_SoilsAndMixtures,splib07a_Sand_DWO-3-DEL2c_no_vis.oil_ASDFRa_AREF.txt,0.012860,0.938066,1.000000,0.000728,0.996180,1.000000,0.014771,0.985656,1.000000
"Sand DWO-3-DEL2d wet no oil",13202,ASDFRa,ChapterS_SoilsAndMixtures,splib07a_Sand_DWO-3-DEL2d_wet_no_oil_ASDFRa_AREF.txt,0.008208,0.930497,1.000000,0.000681,0.994215,1.000000,0.007693,0.987428,1.000000
"Sand GrndIsle1 no oil",13249,ASDFRa,ChapterS_SoilsAndMixtures,splib07a_Sand_GrndIsle1_no_oil_ASDFRa_AREF.txt,0.018623,0.914948,1.000000,0.000904,0.993991,1.000000,0.028943,0.977151,1.000000
"Sand GrndIsle2 no visibl oil",13264,ASDFRa,ChapterS_SoilsAndMixtures,splib07a_Sand_GrndIsle2_no_visibl_oil_ASDFRa_AREF.txt,0.011402,0.929618,1.000000,0.000565,0.995702,1.000000,0.015107,0.984042,1.000000
"Stonewall_Playa_Dry_Mud 2001",13304,ASDFRa,ChapterS_SoilsAndMixtures,splib07a_Stonewall_Playa_Dry_Mud_2001_ASDFRa_AREF.txt,0.002931,0.999513,1.000000,0.001003,0.976566,1.000000,0.002660,0.996470,1.000000
"Talc+Clinochlore HS327.3B",13315,ASDFRa,ChapterS_SoilsAndMixtures,splib07a_Talc+Clinochlore_HS327.3B_ASDFRa_AREF.txt,0.002723,0.994104,1.000000,0.001068,0.991541,1.000000,0.005073,0.997241,1.000000
"White_Crust LV30 starkeyite",13358,ASDFRc,ChapterS_SoilsAndMixtures,splib07a_White_Crust_LV30_starkeyite_ASDFRc_AREF.txt,0.001984,0.999369,1.000000,0.000916,0.994966,1.000000,0.005673,0.998224,1.000000
"Xenotime+Monazite_REE WS384",13367,ASDFRa,ChapterS_SoilsAndMixtures,splib07a_Xenotime+Monazite_REE_WS384_ASDFRa_AREF.txt,0.005202,0.981559,1.000000,0.024049,0.585320,1.000000,0.013680,0.888137,1.000000
"Zincite+Franklin HS147.1B",13377,ASDFRb,ChapterS_SoilsAndMixtures,splib07a_Zincite+Franklin_HS147.1B_ASDFRb_AREF.txt,0.001467,0.999546,1.000000,0.001739,0.998046,1.000000,0.002522,0.999483,1.000000
"Zincite+Franklin HS147.2B",13383,ASDFRb,ChapterS_SoilsAndMixtures,splib07a_Zincite+Franklin_HS147.2B_ASDFRb_AREF.txt,0.001037,0.999601,1.000000,0.001293,0.995843,1.000000,0.003863,0.998997,1.000000
"Zincite+Franklin HS147.3B",13393,ASDFRb,ChapterS_SoilsAndMixtures,splib07a_Zincite+Franklin_HS147.3B_ASDFRb_AREF.txt,0.001330,0.998703,1.000000,0.000607,0.994780,1.000000,0.002056,0.999041,1.000000
"Zincite+Franklin HS147.4B",13412,ASDFRb,ChapterS_SoilsAndMixtures,splib07a_Zincite+Franklin_HS147.4B_ASDFRb_AREF.txt,0.001410,0.997293,1.000000,0.000756,0.993292,1.000000,0.000952,0.998862,1.000000
"Antigorite+.2DryGrass AMX26",24145,ASDFRa,ChapterV_Vegetation,splib07a_Antigorite+.2DryGrass_AMX26_ASDFRa_AREF.txt,0.000672,0.998389,1.000000,0.000685,0.965909,1.000000,0.001042,0.998353,1.000000
"Antigorite+.33DryGrass AMX25",24154,ASDFRa,ChapterV_Vegetation,splib07a_Antigorite+.33DryGrass_AMX25_ASDFRa_AREF.txt,0.000786,0.999159,1.000000,0.000720,1.000000,1.000000,0.001420,0.997973,1.000000
"Aspen Aspen-1 green-top",20865,ASDFRa,ChapterV_Vegetation,splib07a_Aspen_Aspen-1_green-top_ASDFRa_AREF.txt,0.012362,0.992364,1.000000,0.010081,0.997156,1.000000,0.024646,0.967855,1.000000
"Aspen Aspen-2 green-bottom",20874,ASDFRa,ChapterV_Vegetation,splib07a_Aspen_Aspen-2_green-bottom_ASDFRa_AREF.txt,0.017352,0.985447,1.000000,0.011210,0.997040,1.000000,0.036630,0.919679,1.000000
"Aspen Aspen-3 yellowGreenTop",20883,ASDFRa,ChapterV_Vegetation,splib07a_Aspen_Aspen-3_yellowGreenTop_ASDFRa_AREF.txt,0.022762,0.982726,1.000000,0.011505,0.996962,1.000000,0.029661,0.960338,1.000000
"Aspen Aspen-4 yellow-top",20892,ASDFRa,ChapterV_Vegetation,splib07a_Aspen_Aspen-4_yellow-top_ASDFRa_AREF.txt,0.012649,0.996074,1.000000,0.010339,0.997035,1.000000,0.028074,0.958061,1.000000
"Buckbrush CA01-CECU-1 bush 1",20938,ASDFRa,ChapterV_Vegetation,splib07a_Buckbrush_CA01-CECU-1_bush_1_ASDFRa_AREF.txt,0.008553,0.937763,1.000000,0.001397,0.999160,1.000000,0.012033,0.970965,1.000000
"Buckbrush CA01-CECU-2 bush 2",20954,ASDFRa,ChapterV_Vegetation,splib07a_Buckbrush_CA01-CECU-2_bush_2_ASDFRa_AREF.txt,0.009677,0.943846,1.000000,0.001698,0.999011,1.000000,0.011685,0.976062,1.000000
"Buckbrush CA01-CECU-3 bush 3",20970,ASDFRa,ChapterV_Vegetation,splib07a_Buckbrush_CA01-CECU-3_bush_3_ASDFRa_AREF.txt,0.009078,0.921611,1.000000,0.001452,0.999140,1.000000,0.015083,0.962413,1.000000
"Cactus Opuntia-1 purple_pad",20985,ASDFRa,ChapterV_Vegetation,splib07a_Cactus_Opuntia-1_purple_pad_ASDFRa_AREF.txt,0.023480,0.993776,1.000000,0.034603,0.992926,1.000000,0.030379,0.977024,1.000000
"Chamise CA01-ADFA-1 bush 1",20999,ASDFRa,ChapterV_Vegetation,splib07a_Chamise_CA01-ADFA-1_bush_1_ASDFRa_AREF.txt,0.011996,0.953168,1.000000,0.004184,0.997020,1.000000,0.012670,0.983955,1.000000
"Chamise CA01-ADFA-2 bush 2",21015,ASDFRa,ChapterV_Vegetation,splib07a_Chamise_CA01-ADFA-2_bush_2_ASDFRa_AREF.txt,0.010295,0.956682,1.000000,0.003228,0.997604,1.000000,0.011073,0.983981,1.000000
"Cheatgrass ANPC1 field calib",21037,ASDFRa,ChapterV_Vegetation,splib07a_Cheatgrass_ANPC1_field_calib_ASDFRa_AREF.txt,0.000766,0.999679,1.000000,0.005016,0.997187,1.000000,0.053487,0.840247,1.000000
"D.spicata DWV6-0511 dryNPV.a",21051,ASDFRa,ChapterV_Vegetation,splib07a_D.spicata_DWV6-0511_dryNPV.a_ASDFRa_AREF.txt,0.008854,0.990707,1.000000,0.001900,0.998353,1.000000,0.003222,0.999255,1.000000
"Engelmann-Spruce ES-Needls-1",21072,ASDFRa,ChapterV_Vegetation,splib07a_Engelmann-Spruce_ES-Needls-1_ASDFRa_AREF.txt,0.009064,0.997003,1.000000,0.003402,0.974866,1.000000,0.004636,0.999191,1.000000
"Flower Geranium-1 Red-Orange",21102,ASDFRa,ChapterV_Vegetation,splib07a_Flower_Geranium-1_Red-Orange_ASDFRa_AREF.txt,0.027610,0.992049,1.000000,0.017201,0.997111,1.000000,0.044044,0.968122,1.000000
"Flower Pansy-1 Yellow",21111,ASDFRa,ChapterV_Vegetation,splib07a_Flower_Pansy-1_Yellow_ASDFRa_AREF.txt,0.019298,0.995986,1.000000,0.016619,0.997159,1.000000,0.037910,0.971077,1.000000
"Flower Petunia-1 Pink",21120,ASDFRa,ChapterV_Vegetation,splib07a_Flower_Petunia-1_Pink_ASDFRa_AREF.txt,0.017398,0.992508,1.000000,0.002172,0.966928,1.000000,0.027797,0.967350,1.000000
"Flower Petunia-2 Purple",21129,ASDFRa,ChapterV_Vegetation,splib07a_Flower_Petunia-2_Purple_ASDFRa_AREF.txt,0.037915,0.966640,1.000000,0.012978,0.997442,1.000000,0.031720,0.968074,1.000000
"Flower Petunia-3 White",21138,ASDFRa,ChapterV_Vegetation,splib07a_Flower_Petunia-3_White_ASDFRa_AREF.txt,0.007484,0.995828,1.000000,0.027315,0.992243,1.000000,0.047084,0.948791,1.000000
"Flower Platycodon-1 Purple",21147,ASDFRa,ChapterV_Vegetation,splib07a_Flower_Platycodon-1_Purple_ASDFRa_AREF.txt,0.026763,0.985606,1.000000,0.003790,0.976692,1.000000,0.065805,0.906642,1.000000
"Flower Platycodon-2 White",21156,ASDFRa,ChapterV_Vegetation,splib07a_Flower_Platycodon-2_White_ASDFRa_AREF.txt,0.004563,0.999009,1.000000,0.016289,0.997111,1.000000,0.036211,0.967873,1.000000
"Grass_AETR70 CA01-AETR-2 NPV",21182,ASDFRa,ChapterV_Vegetation,splib07a_Grass_AETR70_CA01-AETR-2_NPV_ASDFRa_AREF.txt,0.012704,0.935272,1.000000,0.002112,0.998670,1.000000,0.023264,0.950206,1.000000
"Grass_AETR95 CA01-AETR-1 NPV",21166,ASDFRa,ChapterV_Vegetation,splib07a_Grass_AETR95_CA01-AETR-1_NPV_ASDFRa_AREF.txt,0.011886,0.949832,1.000000,0.001828,0.998956,1.000000,0.022691,0.953294,1.000000
"Grass CA01-TACA-1 meadow NPV",21198,ASDFRa,ChapterV_Vegetation,splib07a_Grass_CA01-TACA-1_meadow_NPV_ASDFRa_AREF.txt,0.022074,0.956819,1.000000,0.003352,0.998922,1.000000,0.029913,0.964016,1.000000
"Grass_Golden_Dry GDS480",21213,ASDFRa,ChapterV_Vegetation,splib07a_Grass_Golden_Dry_GDS480_ASDFRa_AREF.txt,0.000975,0.999864,1.000000,0.001177,0.994593,1.000000,0.002734,0.998032,1.000000
"Gray-Pine CA01-PISA-1 branch",21247,ASDFRa,ChapterV_Vegetation,splib07a_Gray-Pine_CA01-PISA-1_branch_ASDFRa_AREF.txt,0.017292,0.954823,1.000000,0.003839,0.998044,1.000000,0.010584,0.990349,1.000000
"Gray-Pine CA01-PISA-2 branch",21263,ASDFRa,ChapterV_Vegetation,splib07a_Gray-Pine_CA01-PISA-2_branch_ASDFRa_AREF.txt,0.018560,0.948430,1.000000,0.004201,0.997745,1.000000,0.009849,0.991684,1.000000
"Gray-Pine CA01-PISA-3 needls",21279,ASDFRa,ChapterV_Vegetation,splib07a_Gray-Pine_CA01-PISA-3_needls_ASDFRa_AREF.txt,0.032379,0.946911,1.000000,0.009057,0.995775,1.000000,0.012867,0.993169,1.000000
"Hyacinth DWO-3-DEL-2 leaf.a",21295,ASDFRa,ChapterV_Vegetation,splib07a_Hyacinth_DWO-3-DEL-2_leaf.a_ASDFRa_AREF.txt,0.009032,0.998138,1.000000,0.004354,0.972304,1.000000,0.005776,0.999193,1.000000
"J.roemer. DWV1-0511a gr.a",21311,ASDFRa,ChapterV_Vegetation,splib07a_J.roemer._DWV1-0511a_gr.a_ASDFRa_AREF.txt,0.012372,0.995437,1.000000,0.002316,0.982529,1.000000,0.004229,0.999509,1.000000
"J.roemer. DWV1-0511b dkgrn.a",21321,ASDFRa,ChapterV_Vegetation,splib07a_J.roemer._DWV1-0511b_dkgrn.a_ASDFRa_AREF.txt,0.010591,0.996042,1.000000,0.002831,0.971637,1.000000,0.003831,0.999491,1.000000
"J.roemer. DWV1-0511c grbrn.a",21331,ASDFRa,ChapterV_Vegetation,splib07a_J.roemer._DWV1-0511c_grbrn.a_ASDFRa_AREF.txt,0.005162,0.997540,1.000000,0.001887,0.997451,1.000000,0.002573,0.999661,1.000000
"J.roemer. DWV1-0511d NPV.a",21341,ASDFRa,ChapterV_Vegetation,splib07a_J.roemer._DWV1-0511d_NPV.a_ASDFRa_AREF.txt,0.008368,0.979969,1.000000,0.001542,0.998870,1.000000,0.003037,0.999209,1.000000
"J.roemer. DWV6a2-0511 NPV.a",21357,ASDFRa,ChapterV_Vegetation,splib07a_J.roemer._DWV6a2-0511_NPV.a_ASDFRa_AREF.txt,0.010591,0.970273,1.000000,0.001480,0.998598,1.000000,0.003556,0.998263,1.000000
"LeafySpurge Spurge-A1-Jul98",21381,ASDFRa,ChapterV_Vegetation,splib07a_LeafySpurge_Spurge-A1-Jul98_ASDFRa_AREF.txt,0.003879,0.998751,1.000000,0.009503,0.995637,1.000000,0.013626,0.988322,1.000000
"LeafySpurge Spurge-A1-Jun98",21391,ASDFRa,ChapterV_Vegetation,splib07a_LeafySpurge_Spurge-A1-Jun98_ASDFRa_AREF.txt,0.007456,0.998243,1.000000,0.013503,0.995853,1.000000,0.019275,0.987063,1.000000
"LeafySpurge Spurge-A1-Oct97",21401,ASDFRa,ChapterV_Vegetation,splib07a_LeafySpurge_Spurge-A1-Oct97_ASDFRa_AREF.txt,0.003793,0.998293,1.000000,0.024701,0.978377,1.000000,0.021184,0.973676,1.000000
"LeafySpurge Spurge-A1-Sep97",21411,ASDFRa,ChapterV_Vegetation,splib07a_LeafySpurge_Spurge-A1-Sep97_ASDFRa_AREF.txt,0.009957,0.994499,1.000000,0.037932,0.966825,1.000000,0.022015,0.980462,1.000000
"LeafySpurge Spurge-A2-Jun98",21421,ASDFRa,ChapterV_Vegetation,splib07a_LeafySpurge_Spurge-A2-Jun98_ASDFRa_AREF.txt,0.011251,0.996850,1.000000,0.016617,0.994711,1.000000,0.019595,0.987662,1.000000
"LeafySpurge Spurge-B1-Jul98",21431,ASDFRa,ChapterV_Vegetation,splib07a_LeafySpurge_Spurge-B1-Jul98_ASDFRa_AREF.txt,0.005020,0.997894,1.000000,0.008419,0.996025,1.000000,0.013728,0.987003,1.000000
"LeafySpurge Spurge-B1-Oct97",21441,ASDFRa,ChapterV_Vegetation,splib07a_LeafySpurge_Spurge-B1-Oct97_ASDFRa_AREF.txt,0.003435,0.997743,1.000000,0.019778,0.976180,1.000000,0.019190,0.965425,1.000000
"LeafySpurge Spurge-B2-Jul98",21450,ASDFRa,ChapterV_Vegetation,splib07a_LeafySpurge_Spurge-B2-Jul98_ASDFRa_AREF.txt,0.018739,0.990169,1.000000,0.013671,0.995671,1.000000,0.020452,0.987066,1.000000
"LeafySpurge Spurge-B3-Jul98",21459,ASDFRa,ChapterV_Vegetation,splib07a_LeafySpurge_Spurge-B3-Jul98_ASDFRa_AREF.txt,0.009874,0.997113,1.000000,0.014016,0.995751,1.000000,0.021225,0.987387,1.000000
"LeafySpurge Spurge-C1-Oct97",21469,ASDFRa,ChapterV_Vegetation,splib07a_LeafySpurge_Spurge-C1-Oct97_ASDFRa_AREF.txt,0.003845,0.997490,1.000000,0.020478,0.977555,1.000000,0.018906,0.969442,1.000000
"Lichen Acarospora-1",21478,ASDFRb,ChapterV_Vegetation,splib07a_Lichen_Acarospora-1_ASDFRb_AREF.txt,0.011974,0.994823,1.000000,0.024054,0.987705,1.000000,0.018967,0.988383,1.000000
"Lichen Licedea-1",21487,ASDFRb,ChapterV_Vegetation,splib07a_Lichen_Licedea-1_ASDFRb_AREF.txt,0.002639,0.998094,1.000000,0.026435,0.984859,1.000000,0.025851,0.983203,1.000000
"Lichen Licedea-2",21496,ASDFRb,ChapterV_Vegetation,splib07a_Lichen_Licedea-2_ASDFRb_AREF.txt,0.001535,0.998420,1.000000,0.012516,0.987131,1.000000,0.013884,0.989033,1.000000
"Lichen Xanthoparmelia-1",21505,ASDFRb,ChapterV_Vegetation,splib07a_Lichen_Xanthoparmelia-1_ASDFRb_AREF.txt,0.008548,0.994885,1.000000,0.022001,0.988061,1.000000,0.015024,0.991923,1.000000
"Lichen Xanthoparmelia-2",21514,ASDFRb,ChapterV_Vegetation,splib07a_Lichen_Xanthoparmelia-2_ASDFRb_AREF.txt,0.011427,0.990768,1.000000,0.029893,0.974051,1.000000,0.015680,0.990636,1.000000
"Lichen Xanthoria-1",21523,ASDFRb,ChapterV_Vegetation,splib07a_Lichen_Xanthoria-1_ASDFRb_AREF.txt,0.010555,0.995878,1.000000,0.022186,0.987829,1.000000,0.016732,0.988124,1.000000
"Lodgepole-Pine LP-Needles-1",21532,ASDFRa,ChapterV_Vegetation,splib07a_Lodgepole-Pine_LP-Needles-1_ASDFRa_AREF.txt,0.005708,0.998183,1.000000,0.002202,0.994989,1.000000,0.004357,0.999222,1.000000
"Lodgepole-Pine LP-Needles-2",21548,ASDFRa,ChapterV_Vegetation,splib07a_Lodgepole-Pine_LP-Needles-2_ASDFRa_AREF.txt,0.004599,0.998670,1.000000,0.002641,0.998045,1.000000,0.005461,0.998949,1.000000
"Lodgepole-Pine LP-Needles-3",21563,ASDFRa,ChapterV_Vegetation,splib07a_Lodgepole-Pine_LP-Needles-3_ASDFRa_AREF.txt,0.006803,0.998659,1.000000,0.002585,0.979615,1.000000,0.003659,0.999588,1.000000
"Lythr.lineare CRMS326v59 grn",21635,ASDFRa,ChapterV_Vegetation,splib07a_Lythr.lineare_CRMS326v59_grn_ASDFRa_AREF.txt,0.026564,0.957750,1.000000,0.003495,0.985302,1.000000,0.024273,0.976456,1.000000
"Manzanita CA01-ARVI-1 bush 1",21651,ASDFRa,ChapterV_Vegetation,splib07a_Manzanita_CA01-ARVI-1_bush_1_ASDFRa_AREF.txt,0.012900,0.954894,1.000000,0.004306,0.996751,1.000000,0.008684,0.990953,1.000000
"Manzanita CA01-ARVI-2 bush 2",21667,ASDFRa,ChapterV_Vegetation,splib07a_Manzanita_CA01-ARVI-2_bush_2_ASDFRa_AREF.txt,0.012787,0.957553,1.000000,0.003994,0.997284,1.000000,0.009614,0.989941,1.000000
"Manzanita CA01-ARVI-3 bush 3",21683,ASDFRa,ChapterV_Vegetation,splib07a_Manzanita_CA01-ARVI-3_bush_3_ASDFRa_AREF.txt,0.014044,0.954481,1.000000,0.004439,0.996878,1.000000,0.008558,0.991949,1.000000
"Manzanita CA01-ARVI-4 bush 4",21699,ASDFRa,ChapterV_Vegetation,splib07a_Manzanita_CA01-ARVI-4_bush_4_ASDFRa_AREF.txt,0.010979,0.951834,1.000000,0.004087,0.996652,1.000000,0.010966,0.985042,1.000000
"Manzanita CA01-ARVI-5 bush 5",21715,ASDFRa,ChapterV_Vegetation,splib07a_Manzanita_CA01-ARVI-5_bush_5_ASDFRa_AREF.txt,0.014110,0.957477,1.000000,0.004151,0.997386,1.000000,0.009451,0.990852,1.000000
"Manzanita CA01-ARVI-6 bush 6",21731,ASDFRa,ChapterV_Vegetation,splib07a_Manzanita_CA01-ARVI-6_bush_6_ASDFRa_AREF.txt,0.014548,0.954808,1.000000,0.004508,0.997183,1.000000,0.010676,0.989553,1.000000
"Manzanita CA01-ARVI-7 leaves",21747,ASDFRa,ChapterV_Vegetation,splib07a_Manzanita_CA01-ARVI-7_leaves_ASDFRa_AREF.txt,0.034664,0.953401,1.000000,0.009041,0.996469,1.000000,0.017075,0.991129,1.000000
"MarshWater CRMS121v69-NoGlnt",22939,ASDFRa,ChapterV_Vegetation,splib07a_MarshWater_CRMS121v69-NoGlnt_ASDFRa_AREF.txt,0.002098,0.869994,1.000000,0.000645,0.989026,1.000000,0.000766,0.974158,1.000000
"Marsh DISP60%.... CRMS326v59",22548,ASDFRa,ChapterV_Vegetation,splib07a_Marsh_DISP60%...._CRMS326v59_ASDFRa_AREF.txt,0.013828,0.960555,1.000000,0.002007,0.992754,1.000000,0.012832,0.985501,1.000000
"Marsh DISP65%...a CRMS326v84",22642,ASDFRa,ChapterV_Vegetation,splib07a_Marsh_DISP65%...a_CRMS326v84_ASDFRa_AREF.txt,0.004206,0.999077,1.000000,0.001934,0.980247,1.000000,0.003211,0.999452,1.000000
"Marsh DISP80%... CRMS326v64",22567,ASDFRa,ChapterV_Vegetation,splib07a_Marsh_DISP80%..._CRMS326v64_ASDFRa_AREF.txt,0.013592,0.961662,1.000000,0.001747,0.994599,1.000000,0.012710,0.987222,1.000000
"Marsh PHAU 100% DWO-3-DEL-2",22846,ASDFRa,ChapterV_Vegetation,splib07a_Marsh_PHAU_100%_DWO-3-DEL-2_ASDFRa_AREF.txt,0.013430,0.940531,1.000000,0.002346,0.967090,1.000000,0.009872,0.983863,1.000000
"Marsh SCAM/DISP..CRMS326v48a",22491,ASDFRa,ChapterV_Vegetation,splib07a_Marsh_SCAM-DISP..CRMS326v48a_ASDFRa_AREF.txt,0.013081,0.960078,1.000000,0.002385,0.988543,1.000000,0.011724,0.985509,1.000000
"Marsh SCAM/DISP..CRMS326v50a",22529,ASDFRa,ChapterV_Vegetation,splib07a_Marsh_SCAM-DISP..CRMS326v50a_ASDFRa_AREF.txt,0.014409,0.961235,1.000000,0.002422,0.989177,1.000000,0.013199,0.984595,1.000000
"Marsh SCAM/DISP..CRMS326v71a",22604,ASDFRa,ChapterV_Vegetation,splib07a_Marsh_SCAM-DISP..CRMS326v71a_ASDFRa_AREF.txt,0.014637,0.958832,1.000000,0.001988,0.992718,1.000000,0.013276,0.985584,1.000000
"Marsh SCAM42%.... CRMS326v50",22510,ASDFRa,ChapterV_Vegetation,splib07a_Marsh_SCAM42%...._CRMS326v50_ASDFRa_AREF.txt,0.017207,0.961412,1.000000,0.002595,0.986047,1.000000,0.016242,0.980255,1.000000
"Marsh SCAM45%... CRMS121v28",22679,ASDFRa,ChapterV_Vegetation,splib07a_Marsh_SCAM45%..._CRMS121v28_ASDFRa_AREF.txt,0.016509,0.957286,1.000000,0.002419,0.977566,1.000000,0.014691,0.979555,1.000000
"Marsh SCAM50%.... CRMS326v48",22472,ASDFRa,ChapterV_Vegetation,splib07a_Marsh_SCAM50%...._CRMS326v48_ASDFRa_AREF.txt,0.014472,0.964268,1.000000,0.002572,0.986884,1.000000,0.013794,0.982937,1.000000
"Marsh SCAM50%... CRMS121v32",22698,ASDFRa,ChapterV_Vegetation,splib07a_Marsh_SCAM50%..._CRMS121v32_ASDFRa_AREF.txt,0.018142,0.955946,1.000000,0.002766,0.982202,1.000000,0.016686,0.977114,1.000000
"Marsh SCAM60%.... CRMS326v71",22585,ASDFRa,ChapterV_Vegetation,splib07a_Marsh_SCAM60%...._CRMS326v71_ASDFRa_AREF.txt,0.013991,0.959766,1.000000,0.002006,0.992708,1.000000,0.012777,0.986452,1.000000
"Marsh SCAM66%... CRMS121v38",22774,ASDFRa,ChapterV_Vegetation,splib07a_Marsh_SCAM66%..._CRMS121v38_ASDFRa_AREF.txt,0.016925,0.961784,1.000000,0.002738,0.980624,1.000000,0.016568,0.977796,1.000000
"Marsh SCAM71%... CRMS121v49",22811,ASDFRa,ChapterV_Vegetation,splib07a_Marsh_SCAM71%..._CRMS121v49_ASDFRa_AREF.txt,0.017078,0.961726,1.000000,0.003197,0.954523,1.000000,0.015224,0.977599,1.000000
"Marsh SCAM72%... CRMS121v33",22717,ASDFRa,ChapterV_Vegetation,splib07a_Marsh_SCAM72%..._CRMS121v33_ASDFRa_AREF.txt,0.017637,0.958989,1.000000,0.002756,0.974711,1.000000,0.016364,0.976651,1.000000
"Marsh SCAM77%... CRMS121v34",22736,ASDFRa,ChapterV_Vegetation,splib07a_Marsh_SCAM77%..._CRMS121v34_ASDFRa_AREF.txt,0.013486,0.958107,1.000000,0.002296,0.980271,1.000000,0.012527,0.980352,1.000000
"Marsh SCAM81%... CRMS121v37",22755,ASDFRa,ChapterV_Vegetation,splib07a_Marsh_SCAM81%..._CRMS121v37_ASDFRa_AREF.txt,0.017427,0.965097,1.000000,0.002775,0.971137,1.000000,0.016696,0.978595,1.000000
"Marsh SPAL50%... CRMS322v52",22272,ASDFRa,ChapterV_Vegetation,splib07a_Marsh_SPAL50%..._CRMS322v52_ASDFRa_AREF.txt,0.009744,0.958119,1.000000,0.001141,0.996512,1.000000,0.009073,0.988681,1.000000
"Marsh SPAL50%...a CRMS322v52",22290,ASDFRa,ChapterV_Vegetation,splib07a_Marsh_SPAL50%...a_CRMS322v52_ASDFRa_AREF.txt,0.004799,0.999172,1.000000,0.002260,0.984191,1.000000,0.003941,0.999463,1.000000
"Marsh SPAL55%...a CRMS322v25",22254,ASDFRa,ChapterV_Vegetation,splib07a_Marsh_SPAL55%...a_CRMS322v25_ASDFRa_AREF.txt,0.004094,0.999145,1.000000,0.001915,0.993663,1.000000,0.003929,0.999395,1.000000
"Marsh SPAL60%...a CRMS322v55",22308,ASDFRa,ChapterV_Vegetation,splib07a_Marsh_SPAL60%...a_CRMS322v55_ASDFRa_AREF.txt,0.004310,0.999183,1.000000,0.001546,0.995332,1.000000,0.003570,0.999551,1.000000
"Marsh SPAL70%...a CRMS322v16",22236,ASDFRa,ChapterV_Vegetation,splib07a_Marsh_SPAL70%...a_CRMS322v16_ASDFRa_AREF.txt,0.003544,0.999161,1.000000,0.001731,0.994274,1.000000,0.003763,0.999274,1.000000
"Marsh SPAL70%...a CRMS322v79",22362,ASDFRa,ChapterV_Vegetation,splib07a_Marsh_SPAL70%...a_CRMS322v79_ASDFRa_AREF.txt,0.004044,0.999244,1.000000,0.001598,0.993877,1.000000,0.003712,0.999462,1.000000
"Marsh SPAL77%... CRMS322v83",22380,ASDFRa,ChapterV_Vegetation,splib07a_Marsh_SPAL77%..._CRMS322v83_ASDFRa_AREF.txt,0.009626,0.956677,1.000000,0.001344,0.990923,1.000000,0.008043,0.987599,1.000000
"Marsh SPAL80%...a CRMS322v06",22218,ASDFRa,ChapterV_Vegetation,splib07a_Marsh_SPAL80%...a_CRMS322v06_ASDFRa_AREF.txt,0.003987,0.999221,1.000000,0.001608,0.993289,1.000000,0.003384,0.999536,1.000000
"Marsh SPAL92%...a CRMS322v78",22344,ASDFRa,ChapterV_Vegetation,splib07a_Marsh_SPAL92%...a_CRMS322v78_ASDFRa_AREF.txt,0.003876,0.999368,1.000000,0.001748,0.992777,1.000000,0.003802,0.999460,1.000000
"Marsh SPAL95%...a CRMS322v68",22326,ASDFRa,ChapterV_Vegetation,splib07a_Marsh_SPAL95%...a_CRMS322v68_ASDFRa_AREF.txt,0.005583,0.998771,1.000000,0.002174,0.987539,1.000000,0.003772,0.999512,1.000000
"Marsh SPPA35%...a CRMS326v81",22623,ASDFRa,ChapterV_Vegetation,splib07a_Marsh_SPPA35%...a_CRMS326v81_ASDFRa_AREF.txt,0.004550,0.998913,1.000000,0.001531,0.990366,1.000000,0.003664,0.999313,1.000000
"Marsh SPPA49%...a CRMS326v06",22435,ASDFRa,ChapterV_Vegetation,splib07a_Marsh_SPPA49%...a_CRMS326v06_ASDFRa_AREF.txt,0.002995,0.998965,1.000000,0.000991,0.995151,1.000000,0.002776,0.999198,1.000000
"Marsh SPPA55%...a CRMS326v02",22416,ASDFRa,ChapterV_Vegetation,splib07a_Marsh_SPPA55%...a_CRMS326v02_ASDFRa_AREF.txt,0.004579,0.998695,1.000000,0.001904,0.991555,1.000000,0.004007,0.999060,1.000000
"Marsh SPPA67%...a CRMS326v10",22454,ASDFRa,ChapterV_Vegetation,splib07a_Marsh_SPPA67%...a_CRMS326v10_ASDFRa_AREF.txt,0.004648,0.998913,1.000000,0.001602,0.993268,1.000000,0.003860,0.999281,1.000000
"Marsh sediment DWV3-0511 dry",22862,ASDFRa,ChapterV_Vegetation,splib07a_Marsh_sediment_DWV3-0511_dry_ASDFRa_AREF.txt,0.013881,0.915701,1.000000,0.000858,0.996968,1.000000,0.016795,0.984621,1.000000
"Marsh water40%... CRMS121v69",22830,ASDFRa,ChapterV_Vegetation,splib07a_Marsh_water40%..._CRMS121v69_ASDFRa_AREF.txt,0.012365,0.956021,1.000000,0.002394,0.945037,1.000000,0.010688,0.974293,1.000000
"Marsh water55%... CRMS121v47",22792,ASDFRa,ChapterV_Vegetation,splib07a_Marsh_water55%..._CRMS121v47_ASDFRa_AREF.txt,0.006775,0.961763,1.000000,0.001464,0.965398,1.000000,0.005921,0.983825,1.000000
"Marsh water75%... CRMS322v84",22398,ASDFRa,ChapterV_Vegetation,splib07a_Marsh_water75%..._CRMS322v84_ASDFRa_AREF.txt,0.005544,0.947179,1.000000,0.000741,0.996637,1.000000,0.005026,0.989256,1.000000
"Marsh water80%... CRMS121v23",22660,ASDFRa,ChapterV_Vegetation,splib07a_Marsh_water80%..._CRMS121v23_ASDFRa_AREF.txt,0.009607,0.959580,1.000000,0.001793,0.972220,1.000000,0.009122,0.976814,1.000000
"Marsh water CRMS121v69-glint",22922,ASDFRa,ChapterV_Vegetation,splib07a_Marsh_water_CRMS121v69-glint_ASDFRa_AREF.txt,0.007691,0.836330,1.000000,0.001184,0.938380,1.000000,0.007971,0.964387,1.000000
"Marsh water CRMS322v84a sunl",22905,ASDFRa,ChapterV_Vegetation,splib07a_Marsh_water_CRMS322v84a_sunl_ASDFRa_AREF.txt,0.002684,0.942854,1.000000,0.001251,0.984330,1.000000,0.000817,0.982751,1.000000
"Marsh wrack DWV1-0511 NPV.a",22878,ASDFRa,ChapterV_Vegetation,splib07a_Marsh_wrack_DWV1-0511_NPV.a_ASDFRa_AREF.txt,0.006664,0.995598,1.000000,0.001469,0.999272,1.000000,0.003574,0.998924,1.000000
"Marsh wrack DWV3-0511 dryNPV",22888,ASDFRa,ChapterV_Vegetation,splib07a_Marsh_wrack_DWV3-0511_dryNPV_ASDFRa_AREF.txt,0.011486,0.942946,1.000000,0.000932,0.999160,1.000000,0.017628,0.983799,1.000000
"Oak Oak-Leaf-1 fresh",21769,ASDFRa,ChapterV_Vegetation,splib07a_Oak_Oak-Leaf-1_fresh_ASDFRa_AREF.txt,0.013134,0.996168,1.000000,0.002094,0.978144,1.000000,0.003816,0.999693,1.000000
"Oak Oak-Leaf-2 dried",21778,ASDFRa,ChapterV_Vegetation,splib07a_Oak_Oak-Leaf-2_dried_ASDFRa_AREF.txt,0.009288,0.997218,1.000000,0.014747,0.997323,1.000000,0.004171,0.999309,1.000000
"Oak QUDU CA01-QUDU-1 bush 1",21788,ASDFRa,ChapterV_Vegetation,splib07a_Oak_QUDU_CA01-QUDU-1_bush_1_ASDFRa_AREF.txt,0.015467,0.956896,1.000000,0.002885,0.998837,1.000000,0.013013,0.987258,1.000000
"Oak QUDU CA01-QUDU-2 bush 2",21804,ASDFRa,ChapterV_Vegetation,splib07a_Oak_QUDU_CA01-QUDU-2_bush_2_ASDFRa_AREF.txt,0.017543,0.949950,1.000000,0.003436,0.998592,1.000000,0.012775,0.988881,1.000000
"Oak QUDU CA01-QUDU-3 bush 3",21820,ASDFRa,ChapterV_Vegetation,splib07a_Oak_QUDU_CA01-QUDU-3_bush_3_ASDFRa_AREF.txt,0.015107,0.956939,1.000000,0.002949,0.998862,1.000000,0.014854,0.984928,1.000000
"P.aus. DWO-3-DEL-2d dryNPV.a",21895,ASDFRa,ChapterV_Vegetation,splib07a_P.aus._DWO-3-DEL-2d_dryNPV.a_ASDFRa_AREF.txt,0.004283,0.999128,1.000000,0.002606,0.998934,1.000000,0.013364,0.992088,1.000000
"P.austr. DWO-3-DEL-2a stems",21847,ASDFRa,ChapterV_Vegetation,splib07a_P.austr._DWO-3-DEL-2a_stems_ASDFRa_AREF.txt,0.015650,0.943486,1.000000,0.001418,0.999198,1.000000,0.020659,0.985875,1.000000
"P.austr. DWO-3-DEL-2b grn.a",21863,ASDFRa,ChapterV_Vegetation,splib07a_P.austr._DWO-3-DEL-2b_grn.a_ASDFRa_AREF.txt,0.007313,0.998357,1.000000,0.002397,0.972001,1.000000,0.004370,0.999611,1.000000
"P.austr. DWO-3-DEL-2c stem.a",21879,ASDFRa,ChapterV_Vegetation,splib07a_P.austr._DWO-3-DEL-2c_stem.a_ASDFRa_AREF.txt,0.003078,0.999611,1.000000,0.002096,0.998643,1.000000,0.009065,0.996465,1.000000
"P.australis CRMS-0153 dryNPV",21837,ASDFRa,ChapterV_Vegetation,splib07a_P.australis_CRMS-0153_dryNPV_ASDFRa_AREF.txt,0.000000,1.000000,1.000000,0.078946,0.934955,1.000000,0.011852,0.986303,1.000000
"Rangeland C03-004 S08% G27%",22959,ASDFRa,ChapterV_Vegetation,splib07a_Rangeland_C03-004_S08%_G27%_ASDFRa_AREF.txt,0.009948,0.958423,1.000000,0.003616,0.995269,1.000000,0.004816,0.997021,1.000000
"Rangeland C03-005 S25% G24%",22972,ASDFRa,ChapterV_Vegetation,splib07a_Rangeland_C03-005_S25%_G24%_ASDFRa_AREF.txt,0.008390,0.949403,1.000000,0.003010,0.995149,1.000000,0.004251,0.997718,1.000000
"Rangeland C03-006 S01% G39%",22985,ASDFRa,ChapterV_Vegetation,splib07a_Rangeland_C03-006_S01%_G39%_ASDFRa_AREF.txt,0.009082,0.960106,1.000000,0.003398,0.995200,1.000000,0.005185,0.997274,1.000000
"Rangeland C03-010 S12% G15%",22998,ASDFRa,ChapterV_Vegetation,splib07a_Rangeland_C03-010_S12%_G15%_ASDFRa_AREF.txt,0.009080,0.957468,1.000000,0.003384,0.995611,1.000000,0.004179,0.998318,1.000000
"Rangeland C03-013 S06% G08%",23011,ASDFRa,ChapterV_Vegetation,splib07a_Rangeland_C03-013_S06%_G08%_ASDFRa_AREF.txt,0.009869,0.961575,1.000000,0.003893,0.995761,1.000000,0.005185,0.998097,1.000000
"Rangeland C03-014 S26% G25%",23024,ASDFRa,ChapterV_Vegetation,splib07a_Rangeland_C03-014_S26%_G25%_ASDFRa_AREF.txt,0.010038,0.955343,1.000000,0.003638,0.995489,1.000000,0.003083,0.998983,1.000000
"Rangeland C03-017 S20% G19%",23038,ASDFRa,ChapterV_Vegetation,splib07a_Rangeland_C03-017_S20%_G19%_ASDFRa_AREF.txt,0.009516,0.959211,1.000000,0.003592,0.995673,1.000000,0.004089,0.998147,1.000000
"Rangeland C03-019 S20% G14%",23051,ASDFRa,ChapterV_Vegetation,splib07a_Rangeland_C03-019_S20%_G14%_ASDFRa_AREF.txt,0.008794,0.952823,1.000000,0.003172,0.995245,1.000000,0.001877,0.999537,1.000000
"Rangeland C03-021 S11% G07%",23064,ASDFRa,ChapterV_Vegetation,splib07a_Rangeland_C03-021_S11%_G07%_ASDFRa_AREF.txt,0.008441,0.960249,1.000000,0.003222,0.995959,1.000000,0.002197,0.999488,1.000000
"Rangeland C03-022 S12% G22%",23077,ASDFRa,ChapterV_Vegetation,splib07a_Rangeland_C03-022_S12%_G22%_ASDFRa_AREF.txt,0.010431,0.954126,1.000000,0.003812,0.995420,1.000000,0.001917,0.999697,1.000000
"Rangeland C03-027 S27% G19%",23090,ASDFRa,ChapterV_Vegetation,splib07a_Rangeland_C03-027_S27%_G19%_ASDFRa_AREF.txt,0.009890,0.953649,1.000000,0.003641,0.995284,1.000000,0.002424,0.999352,1.000000
"Rangeland C03-031 S15% G14%",23104,ASDFRa,ChapterV_Vegetation,splib07a_Rangeland_C03-031_S15%_G14%_ASDFRa_AREF.txt,0.008818,0.956596,1.000000,0.003234,0.995552,1.000000,0.002504,0.999192,1.000000
"Rangeland C03-032 S34% G15%",23117,ASDFRa,ChapterV_Vegetation,splib07a_Rangeland_C03-032_S34%_G15%_ASDFRa_AREF.txt,0.007826,0.951355,1.000000,0.002862,0.995670,1.000000,0.004340,0.996945,1.000000
"Rangeland C03-037 S37% G13%",23130,ASDFRa,ChapterV_Vegetation,splib07a_Rangeland_C03-037_S37%_G13%_ASDFRa_AREF.txt,0.009583,0.953456,1.000000,0.003487,0.995364,1.000000,0.003036,0.998890,1.000000
"Rangeland C03-041 S15% G06%",23143,ASDFRa,ChapterV_Vegetation,splib07a_Rangeland_C03-041_S15%_G06%_ASDFRa_AREF.txt,0.010723,0.944261,1.000000,0.003766,0.995546,1.000000,0.005684,0.997695,1.000000
"Rangeland C03-047 S09% G12%",23157,ASDFRa,ChapterV_Vegetation,splib07a_Rangeland_C03-047_S09%_G12%_ASDFRa_AREF.txt,0.010698,0.959075,1.000000,0.004009,0.995763,1.000000,0.004773,0.998022,1.000000
"Rangeland C03-050 S18% G12%",23170,ASDFRa,ChapterV_Vegetation,splib07a_Rangeland_C03-050_S18%_G12%_ASDFRa_AREF.txt,0.010074,0.956438,1.000000,0.003708,0.994958,1.000000,0.003115,0.999014,1.000000
"Rangeland C03-052 S22% G24%",23183,ASDFRa,ChapterV_Vegetation,splib07a_Rangeland_C03-052_S22%_G24%_ASDFRa_AREF.txt,0.008718,0.952819,1.000000,0.003150,0.995159,1.000000,0.001596,0.999648,1.000000
"Rangeland C03-066 S11% G17%",23196,ASDFRa,ChapterV_Vegetation,splib07a_Rangeland_C03-066_S11%_G17%_ASDFRa_AREF.txt,0.007799,0.952243,1.000000,0.002996,0.996350,1.000000,0.003492,0.998801,1.000000
"Rangeland C03-068 S05% G43%",23209,ASDFRa,ChapterV_Vegetation,splib07a_Rangeland_C03-068_S05%_G43%_ASDFRa_AREF.txt,0.011233,0.960261,1.000000,0.004164,0.995298,1.000000,0.005486,0.997060,1.000000
"Rangeland C03-070 S02% G31%",23222,ASDFRa,ChapterV_Vegetation,splib07a_Rangeland_C03-070_S02%_G31%_ASDFRa_AREF.txt,0.009797,0.956512,1.000000,0.003501,0.995602,1.000000,0.004249,0.997960,1.000000
"Rangeland C03-073 S30% G24%",23236,ASDFRa,ChapterV_Vegetation,splib07a_Rangeland_C03-073_S30%_G24%_ASDFRa_AREF.txt,0.009651,0.953242,1.000000,0.003479,0.995564,1.000000,0.004050,0.998119,1.000000
"Rangeland C03-074 S24% G16%",23249,ASDFRa,ChapterV_Vegetation,splib07a_Rangeland_C03-074_S24%_G16%_ASDFRa_AREF.txt,0.009365,0.952999,1.000000,0.003418,0.995431,1.000000,0.002271,0.999384,1.000000
"Rangeland C03-076 S13% G13%",23262,ASDFRa,ChapterV_Vegetation,splib07a_Rangeland_C03-076_S13%_G13%_ASDFRa_AREF.txt,0.010297,0.957658,1.000000,0.003751,0.995615,1.000000,0.005107,0.998045,1.000000
"Rangeland C03-077 S09% G10%",23276,ASDFRa,ChapterV_Vegetation,splib07a_Rangeland_C03-077_S09%_G10%_ASDFRa_AREF.txt,0.007799,0.952243,1.000000,0.002996,0.996350,1.000000,0.003492,0.998801,1.000000
"Rangeland C03-080 S18% G15%",23289,ASDFRa,ChapterV_Vegetation,splib07a_Rangeland_C03-080_S18%_G15%_ASDFRa_AREF.txt,0.009586,0.955923,1.000000,0.003510,0.995486,1.000000,0.004529,0.997421,1.000000
"Rangeland C03-081 S07% G23%",23303,ASDFRa,ChapterV_Vegetation,splib07a_Rangeland_C03-081_S07%_G23%_ASDFRa_AREF.txt,0.010316,0.959083,1.000000,0.003820,0.995719,1.000000,0.003532,0.998856,1.000000
"Rangeland C03-085 S06% G24%",23317,ASDFRa,ChapterV_Vegetation,splib07a_Rangeland_C03-085_S06%_G24%_ASDFRa_AREF.txt,0.010391,0.958736,1.000000,0.003858,0.995581,1.000000,0.003855,0.998770,1.000000
"Rangeland C03-086 S29% G13%",23330,ASDFRa,ChapterV_Vegetation,splib07a_Rangeland_C03-086_S29%_G13%_ASDFRa_AREF.txt,0.008113,0.952746,1.000000,0.002946,0.995393,1.000000,0.002192,0.999339,1.000000
"Rangeland C03-089 S20% G21%",23344,ASDFRa,ChapterV_Vegetation,splib07a_Rangeland_C03-089_S20%_G21%_ASDFRa_AREF.txt,0.011095,0.956774,1.000000,0.004121,0.995504,1.000000,0.002722,0.999403,1.000000
"Rangeland C03-090 S14% G31%",23357,ASDFRa,ChapterV_Vegetation,splib07a_Rangeland_C03-090_S14%_G31%_ASDFRa_AREF.txt,0.010290,0.958792,1.000000,0.003854,0.995612,1.000000,0.003005,0.999185,1.000000
"Rangeland C03-091 S30% G17%",23370,ASDFRa,ChapterV_Vegetation,splib07a_Rangeland_C03-091_S30%_G17%_ASDFRa_AREF.txt,0.008157,0.949961,1.000000,0.002970,0.995733,1.000000,0.001773,0.999602,1.000000
"Rangeland C03-095 S09% G08%",23383,ASDFRa,ChapterV_Vegetation,splib07a_Rangeland_C03-095_S09%_G08%_ASDFRa_AREF.txt,0.008878,0.957734,1.000000,0.003283,0.995535,1.000000,0.002538,0.999304,1.000000
"Rangeland C03-097 S07% G21%",23397,ASDFRa,ChapterV_Vegetation,splib07a_Rangeland_C03-097_S07%_G21%_ASDFRa_AREF.txt,0.010247,0.958294,1.000000,0.003851,0.995815,1.000000,0.003343,0.999137,1.000000
"Rangeland C04-151 S29% G05%",23410,ASDFRa,ChapterV_Vegetation,splib07a_Rangeland_C04-151_S29%_G05%_ASDFRa_AREF.txt,0.008029,0.948271,1.000000,0.002897,0.995741,1.000000,0.001615,0.999660,1.000000
"Rangeland C04-153 S12% G16%",23424,ASDFRa,ChapterV_Vegetation,splib07a_Rangeland_C04-153_S12%_G16%_ASDFRa_AREF.txt,0.009924,0.955062,1.000000,0.003635,0.995455,1.000000,0.002758,0.999198,1.000000
"Rangeland C04-154 S12% G10%",23437,ASDFRa,ChapterV_Vegetation,splib07a_Rangeland_C04-154_S12%_G10%_ASDFRa_AREF.txt,0.009747,0.953017,1.000000,0.003527,0.995461,1.000000,0.001701,0.999721,1.000000
"Rangeland C04-155A S03% G38%",23451,ASDFRa,ChapterV_Vegetation,splib07a_Rangeland_C04-155A_S03%_G38%_ASDFRa_AREF.txt,0.010413,0.957893,1.000000,0.003878,0.995310,1.000000,0.003461,0.998786,1.000000
"Rangeland C04-166 S09% G10%",23464,ASDFRa,ChapterV_Vegetation,splib07a_Rangeland_C04-166_S09%_G10%_ASDFRa_AREF.txt,0.008349,0.956684,1.000000,0.003058,0.995660,1.000000,0.006115,0.996077,1.000000
"Rangeland C04-170 S30% G24%",23477,ASDFRa,ChapterV_Vegetation,splib07a_Rangeland_C04-170_S30%_G24%_ASDFRa_AREF.txt,0.011271,0.952598,1.000000,0.004021,0.994430,1.000000,0.008657,0.989217,1.000000
"Rangeland C04-175 S06% G23%",23490,ASDFRa,ChapterV_Vegetation,splib07a_Rangeland_C04-175_S06%_G23%_ASDFRa_AREF.txt,0.010164,0.957584,1.000000,0.003680,0.995635,1.000000,0.002629,0.999352,1.000000
"Rangeland C04-197 S17% G15%",23504,ASDFRa,ChapterV_Vegetation,splib07a_Rangeland_C04-197_S17%_G15%_ASDFRa_AREF.txt,0.008421,0.950166,1.000000,0.003030,0.995369,1.000000,0.001591,0.999652,1.000000
"Rangeland C04-200 S03% G17%",23517,ASDFRa,ChapterV_Vegetation,splib07a_Rangeland_C04-200_S03%_G17%_ASDFRa_AREF.txt,0.009323,0.956856,1.000000,0.003349,0.995337,1.000000,0.002745,0.999082,1.000000
"Rangeland C04-203 S21% G07%",23530,ASDFRa,ChapterV_Vegetation,splib07a_Rangeland_C04-203_S21%_G07%_ASDFRa_AREF.txt,0.009726,0.951482,1.000000,0.003591,0.995564,1.000000,0.002936,0.999208,1.000000
"Rangeland C04-204 S24% G06%",23543,ASDFRa,ChapterV_Vegetation,splib07a_Rangeland_C04-204_S24%_G06%_ASDFRa_AREF.txt,0.008593,0.948393,1.000000,0.003089,0.995388,1.000000,0.003291,0.998350,1.000000
"Rangeland C04-208 S15% G20%",23556,ASDFRa,ChapterV_Vegetation,splib07a_Rangeland_C04-208_S15%_G20%_ASDFRa_AREF.txt,0.009536,0.949364,1.000000,0.003432,0.995262,1.000000,0.002228,0.999408,1.000000
"Rangeland C04-209A S17% G04%",23569,ASDFRa,ChapterV_Vegetation,splib07a_Rangeland_C04-209A_S17%_G04%_ASDFRa_AREF.txt,0.009147,0.955128,1.000000,0.003346,0.995530,1.000000,0.002258,0.999428,1.000000
"Rangeland C04-211 S03% G16%",23582,ASDFRa,ChapterV_Vegetation,splib07a_Rangeland_C04-211_S03%_G16%_ASDFRa_AREF.txt,0.010381,0.957712,1.000000,0.003805,0.995424,1.000000,0.006189,0.997025,1.000000
"Rangeland C04-214 S03% G17%",23595,ASDFRa,ChapterV_Vegetation,splib07a_Rangeland_C04-214_S03%_G17%_ASDFRa_AREF.txt,0.011414,0.956486,1.000000,0.004099,0.995437,1.000000,0.005058,0.997688,1.000000
"Rangeland C04-226 S05% G25%",23608,ASDFRa,ChapterV_Vegetation,splib07a_Rangeland_C04-226_S05%_G25%_ASDFRa_AREF.txt,0.009785,0.956030,1.000000,0.003656,0.995755,1.000000,0.003021,0.999182,1.000000
"Rangeland C04-232 S23% G13%",23622,ASDFRa,ChapterV_Vegetation,splib07a_Rangeland_C04-232_S23%_G13%_ASDFRa_AREF.txt,0.009451,0.951730,1.000000,0.003400,0.994871,1.000000,0.005244,0.995519,1.000000
"Rangeland C04-233 S16% G06%",23635,ASDFRa,ChapterV_Vegetation,splib07a_Rangeland_C04-233_S16%_G06%_ASDFRa_AREF.txt,0.010090,0.957924,1.000000,0.003684,0.995646,1.000000,0.004465,0.997942,1.000000
"Rangeland C04-236 S20% G18%",23649,ASDFRa,ChapterV_Vegetation,splib07a_Rangeland_C04-236_S20%_G18%_ASDFRa_AREF.txt,0.009353,0.953737,1.000000,0.003451,0.995067,1.000000,0.004042,0.997688,1.000000
"Rangeland C04-237 S05% G25%",23662,ASDFRa,ChapterV_Vegetation,splib07a_Rangeland_C04-237_S05%_G25%_ASDFRa_AREF.txt,0.011422,0.958882,1.000000,0.004196,0.995316,1.000000,0.004094,0.998549,1.000000
"Rangeland C04-243A S05%G02%",23675,ASDFRa,ChapterV_Vegetation,splib07a_Rangeland_C04-243A_S05%G02%_ASDFRa_AREF.txt,0.010636,0.959377,1.000000,0.003940,0.995375,1.000000,0.003941,0.998460,1.000000
"Rangeland C04-251 S17% G07%",23688,ASDFRa,ChapterV_Vegetation,splib07a_Rangeland_C04-251_S17%_G07%_ASDFRa_AREF.txt,0.009261,0.954872,1.000000,0.003432,0.995332,1.000000,0.002115,0.999480,1.000000
"Rangeland C04-252 S08% G05%",23701,ASDFRa,ChapterV_Vegetation,splib07a_Rangeland_C04-252_S08%_G05%_ASDFRa_AREF.txt,0.009660,0.959760,1.000000,0.003588,0.995492,1.000000,0.003546,0.998700,1.000000
"Rangeland C04-253 S27% G21%",23714,ASDFRa,ChapterV_Vegetation,splib07a_Rangeland_C04-253_S27%_G21%_ASDFRa_AREF.txt,0.009854,0.950783,1.000000,0.003518,0.994842,1.000000,0.004896,0.996741,1.000000
"Rangeland C04-264 S09% G18%",23727,ASDFRa,ChapterV_Vegetation,splib07a_Rangeland_C04-264_S09%_G18%_ASDFRa_AREF.txt,0.009361,0.954743,1.000000,0.003437,0.995331,1.000000,0.003041,0.998910,1.000000
"Rangeland C04-272 S04% G36%",23740,ASDFRa,ChapterV_Vegetation,splib07a_Rangeland_C04-272_S04%_G36%_ASDFRa_AREF.txt,0.011942,0.958043,1.000000,0.004307,0.995554,1.000000,0.005623,0.997390,1.000000
"Rangeland C04-273 S25% G08%",23753,ASDFRa,ChapterV_Vegetation,splib07a_Rangeland_C04-273_S25%_G08%_ASDFRa_AREF.txt,0.008198,0.948813,1.000000,0.002914,0.995636,1.000000,0.002135,0.999301,1.000000
"Rangeland C04-288 S19% G34%",23766,ASDFRa,ChapterV_Vegetation,splib07a_Rangeland_C04-288_S19%_G34%_ASDFRa_AREF.txt,0.008907,0.952635,1.000000,0.003206,0.995197,1.000000,0.005297,0.995364,1.000000
"Rangeland C04-295 S17% G17%",23779,ASDFRa,ChapterV_Vegetation,splib07a_Rangeland_C04-295_S17%_G17%_ASDFRa_AREF.txt,0.008663,0.951898,1.000000,0.003181,0.995717,1.000000,0.002298,0.999387,1.000000
"Rangeland L02-005 S14% G16%",23792,ASDFRa,ChapterV_Vegetation,splib07a_Rangeland_L02-005_S14%_G16%_ASDFRa_AREF.txt,0.009343,0.944110,1.000000,0.003302,0.995718,1.000000,0.004846,0.997991,1.000000
"Rangeland L02-013 S00% G31%",23805,ASDFRa,ChapterV_Vegetation,splib07a_Rangeland_L02-013_S00%_G31%_ASDFRa_AREF.txt,0.006353,0.956563,1.000000,0.002596,0.996445,1.000000,0.011151,0.989465,1.000000
"Rangeland L02-015 S01% G35%",23818,ASDFRa,ChapterV_Vegetation,splib07a_Rangeland_L02-015_S01%_G35%_ASDFRa_AREF.txt,0.009730,0.956309,1.000000,0.003629,0.995745,1.000000,0.003345,0.999073,1.000000
"Rangeland L02-019 S01% G06%",23831,ASDFRa,ChapterV_Vegetation,splib07a_Rangeland_L02-019_S01%_G06%_ASDFRa_AREF.txt,0.011301,0.956535,1.000000,0.004198,0.995614,1.000000,0.004866,0.998736,1.000000
"Rangeland L02-022 S20% G09%",23845,ASDFRa,ChapterV_Vegetation,splib07a_Rangeland_L02-022_S20%_G09%_ASDFRa_AREF.txt,0.007946,0.950595,1.000000,0.002901,0.995957,1.000000,0.004651,0.997714,1.000000
"Rangeland L02-023 S01% G56%",23858,ASDFRa,ChapterV_Vegetation,splib07a_Rangeland_L02-023_S01%_G56%_ASDFRa_AREF.txt,0.009656,0.962690,1.000000,0.003825,0.995824,1.000000,0.005309,0.997940,1.000000
"Rangeland L02-025 S00% G21%",23871,ASDFRa,ChapterV_Vegetation,splib07a_Rangeland_L02-025_S00%_G21%_ASDFRa_AREF.txt,0.008284,0.963421,1.000000,0.003489,0.996044,1.000000,0.005042,0.998102,1.000000
"Rangeland L02-042 S01% G57%",23884,ASDFRa,ChapterV_Vegetation,splib07a_Rangeland_L02-042_S01%_G57%_ASDFRa_AREF.txt,0.010614,0.961699,1.000000,0.003987,0.995810,1.000000,0.009406,0.994998,1.000000
"Rangeland L02-043 S01% G07%",23897,ASDFRa,ChapterV_Vegetation,splib07a_Rangeland_L02-043_S01%_G07%_ASDFRa_AREF.txt,0.015803,0.963348,1.000000,0.006505,0.993103,1.000000,0.009490,0.996858,1.000000
"Rangeland L02-045 S01% G04%",23910,ASDFRa,ChapterV_Vegetation,splib07a_Rangeland_L02-045_S01%_G04%_ASDFRa_AREF.txt,0.012920,0.959543,1.000000,0.004960,0.994386,1.000000,0.004460,0.998820,1.000000
"Rangeland L02-046 S16% G20%",23924,ASDFRa,ChapterV_Vegetation,splib07a_Rangeland_L02-046_S16%_G20%_ASDFRa_AREF.txt,0.009507,0.950638,1.000000,0.003647,0.996176,1.000000,0.006634,0.997285,1.000000
"Rangeland L02-054 S00% G21%",23938,ASDFRa,ChapterV_Vegetation,splib07a_Rangeland_L02-054_S00%_G21%_ASDFRa_AREF.txt,0.009073,0.959085,1.000000,0.003556,0.995893,1.000000,0.005054,0.997771,1.000000
"Rangeland L02-057 S01% G47%",23951,ASDFRa,ChapterV_Vegetation,splib07a_Rangeland_L02-057_S01%_G47%_ASDFRa_AREF.txt,0.006628,0.959457,1.000000,0.002722,0.995727,1.000000,0.004664,0.996529,1.000000
"Rangeland L02-058 S00% G25%",23964,ASDFRa,ChapterV_Vegetation,splib07a_Rangeland_L02-058_S00%_G25%_ASDFRa_AREF.txt,0.009663,0.961195,1.000000,0.004028,0.995572,1.000000,0.006241,0.997390,1.000000
"Rangeland L02-060 S00% G13%",23977,ASDFRa,ChapterV_Vegetation,splib07a_Rangeland_L02-060_S00%_G13%_ASDFRa_AREF.txt,0.009447,0.959079,1.000000,0.003506,0.995747,1.000000,0.004201,0.998679,1.000000
"Rangeland L02-061 S00% G06%",23990,ASDFRa,ChapterV_Vegetation,splib07a_Rangeland_L02-061_S00%_G06%_ASDFRa_AREF.txt,0.005324,0.954298,1.000000,0.002312,0.996742,1.000000,0.015743,0.980209,1.000000
"Rangeland L02-068A S00% G38%",24003,ASDFRa,ChapterV_Vegetation,splib07a_Rangeland_L02-068A_S00%_G38%_ASDFRa_AREF.txt,0.008726,0.961265,1.000000,0.003581,0.996115,1.000000,0.007311,0.996669,1.000000
"Rangeland L02-069 S00% G99%",24017,ASDFRa,ChapterV_Vegetation,splib07a_Rangeland_L02-069_S00%_G99%_ASDFRa_AREF.txt,0.008462,0.958053,1.000000,0.003350,0.995591,1.000000,0.011854,0.981237,1.000000
"Rangeland L02-077 S00% G28%",24030,ASDFRa,ChapterV_Vegetation,splib07a_Rangeland_L02-077_S00%_G28%_ASDFRa_AREF.txt,0.008353,0.959046,1.000000,0.003454,0.995873,1.000000,0.003701,0.998911,1.000000
"Rangeland L04-035 S03% G54%",24043,ASDFRa,ChapterV_Vegetation,splib07a_Rangeland_L04-035_S03%_G54%_ASDFRa_AREF.txt,0.008936,0.952186,1.000000,0.003124,0.995867,1.000000,0.008963,0.990236,1.000000
"Rangeland L04-047 S00% G47%",24057,ASDFRa,ChapterV_Vegetation,splib07a_Rangeland_L04-047_S00%_G47%_ASDFRa_AREF.txt,0.012970,0.950356,1.000000,0.004468,0.993492,1.000000,0.015955,0.956354,1.000000
"Rangeland L04-058 S34% G25%",24070,ASDFRa,ChapterV_Vegetation,splib07a_Rangeland_L04-058_S34%_G25%_ASDFRa_AREF.txt,0.008251,0.948196,1.000000,0.002921,0.996018,1.000000,0.004521,0.997675,1.000000
"Rangeland L04-072 S30% G21%",24083,ASDFRa,ChapterV_Vegetation,splib07a_Rangeland_L04-072_S30%_G21%_ASDFRa_AREF.txt,0.007901,0.950667,1.000000,0.002860,0.995430,1.000000,0.008022,0.989351,1.000000
"Rangeland L04-075A S00% G49%",24096,ASDFRa,ChapterV_Vegetation,splib07a_Rangeland_L04-075A_S00%_G49%_ASDFRa_AREF.txt,0.009734,0.954334,1.000000,0.003511,0.995357,1.000000,0.008165,0.993230,1.000000
"Rangeland L04-091 S10% G11%",24110,ASDFRa,ChapterV_Vegetation,splib07a_Rangeland_L04-091_S10%_G11%_ASDFRa_AREF.txt,0.011803,0.949827,1.000000,0.004275,0.995517,1.000000,0.005347,0.997915,1.000000
"Rangeland L04-095 S01% G51%",24123,ASDFRa,ChapterV_Vegetation,splib07a_Rangeland_L04-095_S01%_G51%_ASDFRa_AREF.txt,0.011720,0.954540,1.000000,0.004064,0.995481,1.000000,0.014606,0.981110,1.000000
"Rangeland L04-096 S00% G45%",24136,ASDFRa,ChapterV_Vegetation,splib07a_Rangeland_L04-096_S00%_G45%_ASDFRa_AREF.txt,0.008592,0.956198,1.000000,0.003247,0.996088,1.000000,0.007695,0.994257,1.000000
"S.altern. DWV1-0511 NPV.a",21958,ASDFRa,ChapterV_Vegetation,splib07a_S.altern._DWV1-0511_NPV.a_ASDFRa_AREF.txt,0.007432,0.988350,1.000000,0.001311,0.999375,1.000000,0.003904,0.998739,1.000000
"S.altern. DWV6a2-0511 stem.a",21974,ASDFRa,ChapterV_Vegetation,splib07a_S.altern._DWV6a2-0511_stem.a_ASDFRa_AREF.txt,0.005142,0.997242,1.000000,0.001472,0.999319,1.000000,0.004579,0.998962,1.000000
"S.altern. DWV6a4-0511 gray.a",21990,ASDFRa,ChapterV_Vegetation,splib07a_S.altern._DWV6a4-0511_gray.a_ASDFRa_AREF.txt,0.005633,0.976057,1.000000,0.000950,0.999553,1.000000,0.003276,0.994533,1.000000
"S.altern. DWV6b3-0511 NPV.a",22000,ASDFRa,ChapterV_Vegetation,splib07a_S.altern._DWV6b3-0511_NPV.a_ASDFRa_AREF.txt,0.005128,0.998139,1.000000,0.001431,0.998137,1.000000,0.003713,0.999029,1.000000
"S.alternif. CRMS322v06 grn.a",21931,ASDFRa,ChapterV_Vegetation,splib07a_S.alternif._CRMS322v06_grn.a_ASDFRa_AREF.txt,0.006409,0.998824,1.000000,0.003865,0.976231,1.000000,0.005191,0.999133,1.000000
"S.alterniflora CRMS322 NPV",21948,ASDFRa,ChapterV_Vegetation,splib07a_S.alterniflora_CRMS322_NPV_ASDFRa_AREF.txt,0.002737,0.999500,1.000000,0.001645,0.998968,1.000000,0.009868,0.994416,1.000000
"S.america. CRMS121v38 yellow",22034,ASDFRa,ChapterV_Vegetation,splib07a_S.america._CRMS121v38_yellow_ASDFRa_AREF.txt,0.012980,0.962442,1.000000,0.002069,0.996244,1.000000,0.013972,0.988442,1.000000
"S.americanus CRMS326v06 gr.a",22017,ASDFRa,ChapterV_Vegetation,splib07a_S.americanus_CRMS326v06_gr.a_ASDFRa_AREF.txt,0.005608,0.998140,1.000000,0.004439,0.931864,1.000000,0.003056,0.999279,1.000000
"Sagebrush Sage-Leaves-1 dry",22056,ASDFRa,ChapterV_Vegetation,splib07a_Sagebrush_Sage-Leaves-1_dry_ASDFRa_AREF.txt,0.006062,0.998331,1.000000,0.002424,0.993945,1.000000,0.004933,0.999038,1.000000
"Spar.patens CRMS322v06 grn.a",22104,ASDFRa,ChapterV_Vegetation,splib07a_Spar.patens_CRMS322v06_grn.a_ASDFRa_AREF.txt,0.008229,0.997778,1.000000,0.001823,0.989636,1.000000,0.003642,0.999604,1.000000
"Toyon CA01-HEAR-1 bush",22121,ASDFRa,ChapterV_Vegetation,splib07a_Toyon_CA01-HEAR-1_bush_ASDFRa_AREF.txt,0.017791,0.962249,1.000000,0.003926,0.998267,1.000000,0.011963,0.990009,1.000000
"Willow_Dead FluvTailSite_A",24205,ASDFRa,ChapterV_Vegetation,splib07a_Willow_Dead_FluvTailSite_A_ASDFRa_AREF.txt,0.003843,0.998447,1.000000,0.002085,0.998360,1.000000,0.002178,0.999122,1.000000
"Willow Willow-Leaves-1 dry",22166,ASDFRa,ChapterV_Vegetation,splib07a_Willow_Willow-Leaves-1_dry_ASDFRa_AREF.txt,0.008383,0.991396,1.000000,0.001611,0.999506,1.000000,0.005206,0.998766,1.000000
"Yerba Santa CA01-ERCA-1 bush",22184,ASDFRa,ChapterV_Vegetation,splib07a_Yerba_Santa_CA01-ERCA-1_bush_ASDFRa_AREF.txt,0.019896,0.950985,1.000000,0.004140,0.998100,1.000000,0.011675,0.990303,1.000000
"Yerba Santa CA01-ERCA-2 bush",22200,ASDFRa,ChapterV_Vegetation,splib07a_Yerba_Santa_CA01-ERCA-2_bush_ASDFRa_AREF.txt,0.021622,0.949974,1.000000,0.004445,0.998098,1.000000,0.012350,0.990615,1.000000
"Alunite HS295.3B",843,ASDNGa,,errorbars_for_splib07a_Alunite_HS295.3B_ASDNGa_AREF.txt,0.000055,1.000000,1.000000,0.000008,1.000000,1.000000,0.000087,1.000000,1.000000
"Alunite RES-9 Summitv (400C)",932,ASDNGb,,errorbars_for_splib07a_Alunite_RES-9_Summitv_(400C)_ASDNGb_AREF.txt,0.000012,1.000000,1.000000,0.000033,1.000000,1.000000,0.000076,1.000000,1.000000
"Amylose_potato SA-A0512",13976,ASDHRc,,errorbars_for_splib07a_Amylose_potato_SA-A0512_ASDHRc_AREF.txt,0.000008,1.000000,1.000000,0.000015,1.000000,1.000000,0.000018,1.000000,1.000000
"Antigorite NMNH96917.a >250",1613,ASDNGb,,errorbars_for_splib07a_Antigorite_NMNH96917.a_gt250_ASDNGb_AREF.txt,0.000005,1.000000,1.000000,0.000006,1.000000,1.000000,0.000037,1.000000,1.000000
"Antigorite NMNH96917.b 165um",1584,ASDNGb,,errorbars_for_splib07a_Antigorite_NMNH96917.b_165um_ASDNGb_AREF.txt,0.000025,1.000000,1.000000,0.000006,1.000000,1.000000,0.000046,1.000000,1.000000
"Aragonite GDS1073",1642,ASDNGc,,errorbars_for_splib07a_Aragonite_GDS1073_ASDNGc_AREF.txt,0.000006,1.000000,1.000000,0.000006,1.000000,1.000000,0.000025,1.000000,1.000000
"Buckbrush CA01-CECU-1 bush 1",20938,ASDFRa,,errorbars_for_splib07a_Buckbrush_CA01-CECU-1_bush_1_ASDFRa_AREF.txt,0.000249,1.000000,1.000000,0.000042,0.998750,1.000000,0.000377,0.954038,1.000000
"Buckbrush CA01-CECU-2 bush 2",20954,ASDFRa,,errorbars_for_splib07a_Buckbrush_CA01-CECU-2_bush_2_ASDFRa_AREF.txt,0.000311,0.926503,1.000000,0.000059,0.998310,1.000000,0.000599,0.931219,1.000000
"Buckbrush CA01-CECU-3 bush 3",20970,ASDFRa,,errorbars_for_splib07a_Buckbrush_CA01-CECU-3_bush_3_ASDFRa_AREF.txt,0.000276,0.933298,1.000000,0.000054,0.998402,1.000000,0.000401,0.953707,1.000000
"Butane Camco frost 83K",14294,ASDFRb,,errorbars_for_splib07a_Butane_Camco_frost_83K_ASDFRb_AREF.txt,0.000053,1.000000,1.000000,0.000106,1.000000,1.000000,0.000400,0.850977,1.000000
"Calcite.80+Mont_Swy-1 GDS212",12058,ASDNGa,,errorbars_for_splib07a_Calcite.80+Mont_Swy-1_GDS212_ASDNGa_AREF.txt,0.000011,1.000000,1.000000,0.000012,1.000000,1.000000,0.000073,1.000000,1.000000
"Calcite.80wt+Kaol_CM9 GDS213",12075,ASDNGa,,errorbars_for_splib07a_Calcite.80wt+Kaol_CM9_GDS213_ASDNGa_AREF.txt,0.000015,1.000000,1.000000,0.000013,1.000000,1.000000,0.000171,0.973092,1.000000
"Calcite WS272",2278,ASDNGa,,errorbars_for_splib07a_Calcite_WS272_ASDNGa_AREF.txt,0.000010,1.000000,1.000000,0.000011,1.000000,1.000000,0.000045,1.000000,1.000000
"Camphene SA-456055",14322,ASDHRa,,errorbars_for_splib07a_Camphene_SA-456055_ASDHRa_AREF.txt,0.000016,1.000000,1.000000,0.000023,1.000000,1.000000,0.000141,1.000000,1.000000
"Cellulose SA-C6288",14339,ASDHRa,,errorbars_for_splib07a_Cellulose_SA-C6288_ASDHRa_AREF.txt,0.000008,1.000000,1.000000,0.000015,1.000000,1.000000,0.000026,1.000000,1.000000
"Chalcedony CU91-6A",2492,ASDNGa,,errorbars_for_splib07a_Chalcedony_CU91-6A_ASDNGa_AREF.txt,0.000046,1.000000,1.000000,0.000047,1.000000,1.000000,0.000115,0.997485,1.000000
"Chamise CA01-ADFA-1 bush 1",20999,ASDFRa,,errorbars_for_splib07a_Chamise_CA01-ADFA-1_bush_1_ASDFRa_AREF.txt,0.000340,0.953097,1.000000,0.000080,0.998061,1.000000,0.000490,0.965460,1.000000
"Chamise CA01-ADFA-2 bush 2",21015,ASDFRa,,errorbars_for_splib07a_Chamise_CA01-ADFA-2_bush_2_ASDFRa_AREF.txt,0.000268,0.949736,1.000000,0.000110,0.995716,1.000000,0.000356,0.973630,1.000000
"Chlorite+Muscovite CU93-65A",12166,ASDNGa,,errorbars_for_splib07a_Chlorite+Muscovite_CU93-65A_ASDNGa_AREF.txt,0.000011,1.000000,1.000000,0.000008,1.000000,1.000000,0.000057,1.000000,1.000000
"Chrysotile HS323.1B",2853,ASDNGa,,errorbars_for_splib07a_Chrysotile_HS323.1B_ASDNGa_AREF.txt,0.000158,1.000000,1.000000,0.000013,1.000000,1.000000,0.000028,1.000000,1.000000
"Clinochlore GDS158 Flagstaff",2914,ASDNGb,,errorbars_for_splib07a_Clinochlore_GDS158_Flagstaff_ASDNGb_AREF.txt,0.000010,1.000000,1.000000,0.000005,1.000000,1.000000,0.000012,1.000000,1.000000
"Covellite-Pyrite HS477.2B",12318,ASDNGb,,errorbars_for_splib07a_Covellite-Pyrite_HS477.2B_ASDNGb_AREF.txt,0.000029,1.000000,1.000000,0.000005,1.000000,1.000000,0.000044,1.000000,1.000000
"Dickite NMNH106242",3519,ASDNGb,,errorbars_for_splib07a_Dickite_NMNH106242_ASDNGb_AREF.txt,0.000004,1.000000,1.000000,0.000005,1.000000,1.000000,0.000014,1.000000,1.000000
"Dolomite HS102.1B",3708,ASDNGb,,errorbars_for_splib07a_Dolomite_HS102.1B_ASDNGb_AREF.txt,0.000006,1.000000,1.000000,0.000007,1.000000,1.000000,0.000035,1.000000,1.000000
"Dolomite HS102.3B",3724,ASDNGb,,errorbars_for_splib07a_Dolomite_HS102.3B_ASDNGb_AREF.txt,0.000008,1.000000,1.000000,0.000009,1.000000,1.000000,0.000025,1.000000,1.000000
"Dolomite HS102.4B",3749,ASDNGb,,errorbars_for_splib07a_Dolomite_HS102.4B_ASDNGb_AREF.txt,0.000021,1.000000,1.000000,0.000002,1.000000,1.000000,0.000022,1.000000,1.000000
"Ellagic_Acid SA-E2250",14756,ASDHRa,,errorbars_for_splib07a_Ellagic_Acid_SA-E2250_ASDHRa_AREF.txt,0.000068,1.000000,1.000000,0.000019,1.000000,1.000000,0.000025,1.000000,1.000000
"Epidote GDS26.a 75-200um",3892,ASDNGb,,errorbars_for_splib07a_Epidote_GDS26.a_75-200um_ASDNGb_AREF.txt,0.000046,1.000000,1.000000,0.000010,1.000000,1.000000,0.000049,1.000000,1.000000
"Epidote GDS26.b <75um",3921,ASDNGb,,errorbars_for_splib07a_Epidote_GDS26.b_lt75um_ASDNGb_AREF.txt,0.000022,1.000000,1.000000,0.000006,1.000000,1.000000,0.000038,1.000000,1.000000
"Ethylene MTG ice block 80K",14812,ASDFRa,,errorbars_for_splib07a_Ethylene_MTG_ice_block_80K_ASDFRa_AREF.txt,0.000060,1.000000,1.000000,0.000309,1.000000,1.000000,0.000355,0.943193,1.000000
"Flavone SA-F2003",14827,ASDHRa,,errorbars_for_splib07a_Flavone_SA-F2003_ASDHRa_AREF.txt,0.000071,1.000000,1.000000,0.000015,1.000000,1.000000,0.000101,1.000000,1.000000
"Galena HS37.3",4088,ASDFRb,,errorbars_for_splib07a_Galena_HS37.3_ASDFRb_AREF.txt,0.000030,1.000000,1.000000,0.000002,1.000000,1.000000,0.000027,1.000000,1.000000
"Galena HS37.3fg",4113,ASDFRb,,errorbars_for_splib07a_Galena_HS37.3fg_ASDFRb_AREF.txt,0.000022,1.000000,1.000000,0.000002,1.000000,1.000000,0.000032,1.000000,1.000000
"Gallic_Acid SA-G7384",14924,ASDHRa,,errorbars_for_splib07a_Gallic_Acid_SA-G7384_ASDHRa_AREF.txt,0.000019,1.000000,1.000000,0.000043,1.000000,1.000000,0.000068,1.000000,1.000000
"Glucose SA-G8270",14939,ASDHRa,,errorbars_for_splib07a_Glucose_SA-G8270_ASDHRa_AREF.txt,0.000006,1.000000,1.000000,0.000007,1.000000,1.000000,0.000049,1.000000,1.000000
"Grass_AETR70 CA01-AETR-2 NPV",21182,ASDFRa,,errorbars_for_splib07a_Grass_AETR70_CA01-AETR-2_NPV_ASDFRa_AREF.txt,0.000117,1.000000,1.000000,0.000067,1.000000,1.000000,0.000377,0.936950,1.000000
"Grass_AETR95 CA01-AETR-1 NPV",21166,ASDFRa,,errorbars_for_splib07a_Grass_AETR95_CA01-AETR-1_NPV_ASDFRa_AREF.txt,0.000194,1.000000,1.000000,0.000046,0.998066,1.000000,0.000366,0.931878,1.000000
"Grass CA01-TACA-1 meadow NPV",21198,ASDFRa,,errorbars_for_splib07a_Grass_CA01-TACA-1_meadow_NPV_ASDFRa_AREF.txt,0.000528,0.956751,1.000000,0.000109,0.997126,1.000000,0.000692,0.940132,1.000000
"Gray-Pine CA01-PISA-1 branch",21247,ASDFRa,,errorbars_for_splib07a_Gray-Pine_CA01-PISA-1_branch_ASDFRa_AREF.txt,0.000492,0.964727,1.000000,0.000144,0.996400,1.000000,0.000452,0.981611,1.000000
"Gray-Pine CA01-PISA-2 branch",21263,ASDFRa,,errorbars_for_splib07a_Gray-Pine_CA01-PISA-2_branch_ASDFRa_AREF.txt,0.000625,0.955138,1.000000,0.000181,0.995966,1.000000,0.000305,0.990775,1.000000
"Gray-Pine CA01-PISA-3 needls",21279,ASDFRa,,errorbars_for_splib07a_Gray-Pine_CA01-PISA-3_needls_ASDFRa_AREF.txt,0.000391,0.929249,1.000000,0.000073,0.995693,1.000000,0.000214,0.976847,1.000000
"Gypsum HS333.3B (Selenite)",4580,ASDNGa,,errorbars_for_splib07a_Gypsum_HS333.3B_(Selenite)_ASDNGa_AREF.txt,0.000013,1.000000,1.000000,0.000025,1.000000,1.000000,0.000060,1.000000,1.000000
"Halloysite NMNH106237",4713,ASDNGa,,errorbars_for_splib07a_Halloysite_NMNH106237_ASDNGa_AREF.txt,0.000006,1.000000,1.000000,0.000006,1.000000,1.000000,0.000023,1.000000,1.000000
"Hectorite SHCa-1",4760,ASDNGc,,errorbars_for_splib07a_Hectorite_SHCa-1_ASDNGc_AREF.txt,0.000011,1.000000,1.000000,0.000006,1.000000,1.000000,0.000044,1.000000,1.000000
"Heptane SA-H2198 MedFrost85K",15066,ASDFRa,,errorbars_for_splib07a_Heptane_SA-H2198_MedFrost85K_ASDFRa_AREF.txt,0.000077,1.000000,1.000000,0.000083,1.000000,1.000000,0.000089,0.996911,1.000000
"Hexane SA-139386 CrsFrost85K",15095,ASDFRa,,errorbars_for_splib07a_Hexane_SA-139386_CrsFrost85K_ASDFRa_AREF.txt,0.000097,1.000000,1.000000,0.000093,1.000000,1.000000,0.000126,0.992192,1.000000
"Hyacinth DWO-3-DEL-2 leaf.a",21295,ASDFRa,,errorbars_for_splib07a_Hyacinth_DWO-3-DEL-2_leaf.a_ASDFRa_AREF.txt,0.001220,0.742297,1.000000,0.000104,1.000000,1.000000,0.000138,0.993740,1.000000
"Illite GDS4.2 Marblehead",5461,ASDNGb,,errorbars_for_splib07a_Illite_GDS4.2_Marblehead_ASDNGb_AREF.txt,0.000019,1.000000,1.000000,0.000004,1.000000,1.000000,0.000126,1.000000,1.000000
"Illite GDS4 Marblehead",5436,ASDNGb,,errorbars_for_splib07a_Illite_GDS4_Marblehead_ASDNGb_AREF.txt,0.000015,1.000000,1.000000,0.000007,1.000000,1.000000,0.000134,1.000000,1.000000
"Illite IMt-1.a",5496,ASDNGb,,errorbars_for_splib07a_Illite_IMt-1.a_ASDNGb_AREF.txt,0.000010,1.000000,1.000000,0.000007,1.000000,1.000000,0.000022,1.000000,1.000000
"Illite IMt-1.b <2um",5525,ASDNGa,,errorbars_for_splib07a_Illite_IMt-1.b_lt2um_ASDNGa_AREF.txt,0.000013,1.000000,1.000000,0.000011,1.000000,1.000000,0.000033,1.000000,1.000000
"J.roemer. DWV1-0511d NPV.a",21341,ASDFRa,,errorbars_for_splib07a_J.roemer._DWV1-0511d_NPV.a_ASDFRa_AREF.txt,0.000399,0.933456,1.000000,0.000076,0.997423,1.000000,0.000073,0.996096,1.000000
"Jarosite GDS635 Na Cyprus",5773,ASDNGa,,errorbars_for_splib07a_Jarosite_GDS635_Na_Cyprus_ASDNGa_AREF.txt,0.000039,1.000000,1.000000,0.000023,1.000000,1.000000,0.000085,1.000000,1.000000
"Jarosite GDS636 K Pena<325um",5789,ASDNGa,,errorbars_for_splib07a_Jarosite_GDS636_K_Penalt325um_ASDNGa_AREF.txt,0.000027,1.000000,1.000000,0.000022,1.000000,1.000000,0.000066,1.000000,1.000000
"Jarosite GDS732 K 200CSyn6hr",5805,ASDNGb,,errorbars_for_splib07a_Jarosite_GDS732_K_200CSyn6hr_ASDNGb_AREF.txt,0.000045,1.000000,1.000000,0.000017,1.000000,1.000000,0.000055,1.000000,1.000000
"Kaol+Muscov_intimate CU93-5C",12589,ASDNGa,,errorbars_for_splib07a_Kaol+Muscov_intimate_CU93-5C_ASDNGa_AREF.txt,0.000026,1.000000,1.000000,0.000015,1.000000,1.000000,0.000045,1.000000,1.000000
"Kaolinite CM9",5980,ASDNGb,,errorbars_for_splib07a_Kaolinite_CM9_ASDNGb_AREF.txt,0.000003,1.000000,1.000000,0.000002,1.000000,1.000000,0.000028,1.000000,1.000000
"Kaolinite KGa-1 (wxl)",6047,ASDNGb,,errorbars_for_splib07a_Kaolinite_KGa-1_(wxl)_ASDNGb_AREF.txt,0.000013,1.000000,1.000000,0.000019,1.000000,1.000000,0.000048,1.000000,1.000000
"Kaolinite KGa-2 (pxl)",6081,ASDNGb,,errorbars_for_splib07a_Kaolinite_KGa-2_(pxl)_ASDNGb_AREF.txt,0.000056,1.000000,1.000000,0.000007,1.000000,1.000000,0.000028,1.000000,1.000000
"Lignin_alkali SA-370959",15345,ASDHRa,,errorbars_for_splib07a_Lignin_alkali_SA-370959_ASDHRa_AREF.txt,0.000013,1.000000,1.000000,0.000083,1.000000,1.000000,0.000026,1.000000,1.000000
"Lodgepole-Pine LP-Needles-1",21532,ASDFRa,,errorbars_for_splib07a_Lodgepole-Pine_LP-Needles-1_ASDFRa_AREF.txt,0.000462,0.996307,1.000000,0.000120,0.995652,1.000000,0.000383,0.997856,1.000000
"Lodgepole-Pine LP-Needles-2",21548,ASDFRa,,errorbars_for_splib07a_Lodgepole-Pine_LP-Needles-2_ASDFRa_AREF.txt,0.000087,0.998801,1.000000,0.000076,1.000000,1.000000,0.000083,0.996568,1.000000
"Lodgepole-Pine LP-Needles-3",21563,ASDFRa,,errorbars_for_splib07a_Lodgepole-Pine_LP-Needles-3_ASDFRa_AREF.txt,0.000603,0.976782,1.000000,0.000099,1.000000,1.000000,0.000071,0.998871,1.000000
"Lythr.lineare CRMS326v59 grn",21635,ASDFRa,,errorbars_for_splib07a_Lythr.lineare_CRMS326v59_grn_ASDFRa_AREF.txt,0.001014,0.955379,1.000000,0.000195,0.975305,1.000000,0.000999,0.972135,1.000000
"Manzanita CA01-ARVI-1 bush 1",21651,ASDFRa,,errorbars_for_splib07a_Manzanita_CA01-ARVI-1_bush_1_ASDFRa_AREF.txt,0.000158,1.000000,1.000000,0.000061,1.000000,1.000000,0.000353,1.000000,1.000000
"Manzanita CA01-ARVI-2 bush 2",21667,ASDFRa,,errorbars_for_splib07a_Manzanita_CA01-ARVI-2_bush_2_ASDFRa_AREF.txt,0.000228,0.959357,1.000000,0.000059,0.997580,1.000000,0.000313,0.952013,1.000000
"Manzanita CA01-ARVI-3 bush 3",21683,ASDFRa,,errorbars_for_splib07a_Manzanita_CA01-ARVI-3_bush_3_ASDFRa_AREF.txt,0.000228,0.950143,1.000000,0.000083,1.000000,1.000000,0.000400,1.000000,1.000000
"Manzanita CA01-ARVI-4 bush 4",21699,ASDFRa,,errorbars_for_splib07a_Manzanita_CA01-ARVI-4_bush_4_ASDFRa_AREF.txt,0.000225,1.000000,1.000000,0.000063,1.000000,1.000000,0.000349,0.911997,1.000000
"Manzanita CA01-ARVI-5 bush 5",21715,ASDFRa,,errorbars_for_splib07a_Manzanita_CA01-ARVI-5_bush_5_ASDFRa_AREF.txt,0.000257,0.963137,1.000000,0.000064,0.997101,1.000000,0.000626,0.901871,1.000000
"Manzanita CA01-ARVI-6 bush 6",21731,ASDFRa,,errorbars_for_splib07a_Manzanita_CA01-ARVI-6_bush_6_ASDFRa_AREF.txt,0.000730,0.943821,1.000000,0.000279,0.988600,1.000000,0.000949,0.850893,1.000000
"Manzanita CA01-ARVI-7 leaves",21747,ASDFRa,,errorbars_for_splib07a_Manzanita_CA01-ARVI-7_leaves_ASDFRa_AREF.txt,0.001098,0.923147,1.000000,0.000299,0.993673,1.000000,0.000624,0.982989,1.000000
"MarshWater CRMS121v69-NoGlnt",22939,ASDFRa,,errorbars_for_splib07a_MarshWater_CRMS121v69-NoGlnt_ASDFRa_AREF.txt,0.000031,1.000000,1.000000,0.000018,1.000000,1.000000,0.000127,1.000000,1.000000
"Marsh DISP60%.... CRMS326v59",22548,ASDFRa,,errorbars_for_splib07a_Marsh_DISP60%...._CRMS326v59_ASDFRa_AREF.txt,0.000344,0.957478,1.000000,0.000077,1.000000,1.000000,0.000298,0.964105,1.000000
"Marsh DISP65%...a CRMS326v84",22642,ASDFRa,,errorbars_for_splib07a_Marsh_DISP65%...a_CRMS326v84_ASDFRa_AREF.txt,0.000376,0.994974,1.000000,0.000256,0.942873,1.000000,0.000281,0.995715,1.000000
"Marsh DISP80%... CRMS326v64",22567,ASDFRa,,errorbars_for_splib07a_Marsh_DISP80%..._CRMS326v64_ASDFRa_AREF.txt,0.000288,0.944368,1.000000,0.000053,1.000000,1.000000,0.000247,0.982978,1.000000
"Marsh PHAU 100% DWO-3-DEL-2",22846,ASDFRa,,errorbars_for_splib07a_Marsh_PHAU_100%_DWO-3-DEL-2_ASDFRa_AREF.txt,0.001090,0.943475,1.000000,0.000151,0.985143,1.000000,0.000949,0.982260,1.000000
"Marsh SCAM/DISP..CRMS326v48a",22491,ASDFRa,,errorbars_for_splib07a_Marsh_SCAM-DISP..CRMS326v48a_ASDFRa_AREF.txt,0.000691,0.936861,1.000000,0.000162,1.000000,1.000000,0.000634,0.928995,1.000000
"Marsh SCAM/DISP..CRMS326v50a",22529,ASDFRa,,errorbars_for_splib07a_Marsh_SCAM-DISP..CRMS326v50a_ASDFRa_AREF.txt,0.000350,0.961259,1.000000,0.000108,1.000000,1.000000,0.000413,0.919949,1.000000
"Marsh SCAM/DISP..CRMS326v71a",22604,ASDFRa,,errorbars_for_splib07a_Marsh_SCAM-DISP..CRMS326v71a_ASDFRa_AREF.txt,0.000683,0.951400,1.000000,0.000102,1.000000,1.000000,0.000523,0.984398,1.000000
"Marsh SCAM42%.... CRMS326v50",22510,ASDFRa,,errorbars_for_splib07a_Marsh_SCAM42%...._CRMS326v50_ASDFRa_AREF.txt,0.000230,0.963631,1.000000,0.000049,1.000000,1.000000,0.000211,0.970308,1.000000
"Marsh SCAM45%... CRMS121v28",22679,ASDFRa,,errorbars_for_splib07a_Marsh_SCAM45%..._CRMS121v28_ASDFRa_AREF.txt,0.000301,0.960310,1.000000,0.000069,1.000000,1.000000,0.000276,0.981929,1.000000
"Marsh SCAM50%.... CRMS326v48",22472,ASDFRa,,errorbars_for_splib07a_Marsh_SCAM50%...._CRMS326v48_ASDFRa_AREF.txt,0.000136,1.000000,1.000000,0.000053,1.000000,1.000000,0.000199,0.973779,1.000000
"Marsh SCAM50%... CRMS121v32",22698,ASDFRa,,errorbars_for_splib07a_Marsh_SCAM50%..._CRMS121v32_ASDFRa_AREF.txt,0.000534,0.919713,1.000000,0.000140,1.000000,1.000000,0.000366,0.943898,1.000000
"Marsh SCAM60%.... CRMS326v71",22585,ASDFRa,,errorbars_for_splib07a_Marsh_SCAM60%...._CRMS326v71_ASDFRa_AREF.txt,0.000541,0.874123,1.000000,0.000119,1.000000,1.000000,0.000458,0.939166,1.000000
"Marsh SCAM66%... CRMS121v38",22774,ASDFRa,,errorbars_for_splib07a_Marsh_SCAM66%..._CRMS121v38_ASDFRa_AREF.txt,0.000470,0.961260,1.000000,0.000122,1.000000,1.000000,0.000501,0.970118,1.000000
"Marsh SCAM71%... CRMS121v49",22811,ASDFRa,,errorbars_for_splib07a_Marsh_SCAM71%..._CRMS121v49_ASDFRa_AREF.txt,0.000180,1.000000,1.000000,0.000042,1.000000,1.000000,0.000168,1.000000,1.000000
"Marsh SCAM72%... CRMS121v33",22717,ASDFRa,,errorbars_for_splib07a_Marsh_SCAM72%..._CRMS121v33_ASDFRa_AREF.txt,0.000247,0.966802,1.000000,0.000021,1.000000,1.000000,0.000193,0.984700,1.000000
"Marsh SCAM77%... CRMS121v34",22736,ASDFRa,,errorbars_for_splib07a_Marsh_SCAM77%..._CRMS121v34_ASDFRa_AREF.txt,0.000445,0.943129,1.000000,0.000092,1.000000,1.000000,0.000313,0.979691,1.000000
"Marsh SCAM81%... CRMS121v37",22755,ASDFRa,,errorbars_for_splib07a_Marsh_SCAM81%..._CRMS121v37_ASDFRa_AREF.txt,0.000189,1.000000,1.000000,0.000050,1.000000,1.000000,0.000225,0.973279,1.000000
"Marsh SPAL50%... CRMS322v52",22272,ASDFRa,,errorbars_for_splib07a_Marsh_SPAL50%..._CRMS322v52_ASDFRa_AREF.txt,0.000321,0.932280,1.000000,0.000073,1.000000,1.000000,0.000344,0.974114,1.000000
"Marsh SPAL50%...a CRMS322v52",22290,ASDFRa,,errorbars_for_splib07a_Marsh_SPAL50%...a_CRMS322v52_ASDFRa_AREF.txt,0.000903,0.964491,1.000000,0.000262,0.982788,1.000000,0.000476,0.918359,1.000000
"Marsh SPAL55%...a CRMS322v25",22254,ASDFRa,,errorbars_for_splib07a_Marsh_SPAL55%...a_CRMS322v25_ASDFRa_AREF.txt,0.001940,0.911714,1.000000,0.000415,0.979061,1.000000,0.001778,0.904718,1.000000
"Marsh SPAL60%...a CRMS322v55",22308,ASDFRa,,errorbars_for_splib07a_Marsh_SPAL60%...a_CRMS322v55_ASDFRa_AREF.txt,0.000377,0.987455,1.000000,0.000212,0.958486,1.000000,0.000561,0.882433,1.000000
"Marsh SPAL70%...a CRMS322v16",22236,ASDFRa,,errorbars_for_splib07a_Marsh_SPAL70%...a_CRMS322v16_ASDFRa_AREF.txt,0.001475,0.957864,1.000000,0.000406,0.981651,1.000000,0.001367,0.905613,1.000000
"Marsh SPAL70%...a CRMS322v79",22362,ASDFRa,,errorbars_for_splib07a_Marsh_SPAL70%...a_CRMS322v79_ASDFRa_AREF.txt,0.001173,0.930871,1.000000,0.000347,0.976501,1.000000,0.001203,0.868264,1.000000
"Marsh SPAL77%... CRMS322v83",22380,ASDFRa,,errorbars_for_splib07a_Marsh_SPAL77%..._CRMS322v83_ASDFRa_AREF.txt,0.000250,0.954208,1.000000,0.000044,1.000000,1.000000,0.000206,0.983460,1.000000
"Marsh SPAL80%...a CRMS322v06",22218,ASDFRa,,errorbars_for_splib07a_Marsh_SPAL80%...a_CRMS322v06_ASDFRa_AREF.txt,0.000993,0.951182,1.000000,0.000329,0.970130,1.000000,0.000753,0.954184,1.000000
"Marsh SPAL92%...a CRMS322v78",22344,ASDFRa,,errorbars_for_splib07a_Marsh_SPAL92%...a_CRMS322v78_ASDFRa_AREF.txt,0.001957,0.928222,1.000000,0.000510,0.982955,1.000000,0.002421,0.884995,1.000000
"Marsh SPAL95%...a CRMS322v68",22326,ASDFRa,,errorbars_for_splib07a_Marsh_SPAL95%...a_CRMS322v68_ASDFRa_AREF.txt,0.000680,0.974530,1.000000,0.000268,0.976873,1.000000,0.000941,0.914325,1.000000
"Marsh SPPA35%...a CRMS326v81",22623,ASDFRa,,errorbars_for_splib07a_Marsh_SPPA35%...a_CRMS326v81_ASDFRa_AREF.txt,0.000181,0.997235,1.000000,0.000339,0.978301,1.000000,0.000365,0.989195,1.000000
"Marsh SPPA49%...a CRMS326v06",22435,ASDFRa,,errorbars_for_splib07a_Marsh_SPPA49%...a_CRMS326v06_ASDFRa_AREF.txt,0.000553,0.967185,1.000000,0.000130,1.000000,1.000000,0.000299,0.954101,1.000000
"Marsh SPPA55%...a CRMS326v02",22416,ASDFRa,,errorbars_for_splib07a_Marsh_SPPA55%...a_CRMS326v02_ASDFRa_AREF.txt,0.000256,0.997963,1.000000,0.000546,0.972384,1.000000,0.000506,0.988837,1.000000
"Marsh SPPA67%...a CRMS326v10",22454,ASDFRa,,errorbars_for_splib07a_Marsh_SPPA67%...a_CRMS326v10_ASDFRa_AREF.txt,0.000276,0.995427,1.000000,0.000344,0.966788,1.000000,0.000430,0.989279,1.000000
"Marsh sediment DWV3-0511 dry",22862,ASDFRa,,errorbars_for_splib07a_Marsh_sediment_DWV3-0511_dry_ASDFRa_AREF.txt,0.000532,0.884030,1.000000,0.000062,1.000000,1.000000,0.000564,0.979131,1.000000
"Marsh water40%... CRMS121v69",22830,ASDFRa,,errorbars_for_splib07a_Marsh_water40%..._CRMS121v69_ASDFRa_AREF.txt,0.000258,1.000000,1.000000,0.000055,1.000000,1.000000,0.000247,0.957858,1.000000
"Marsh water55%... CRMS121v47",22792,ASDFRa,,errorbars_for_splib07a_Marsh_water55%..._CRMS121v47_ASDFRa_AREF.txt,0.000189,1.000000,1.000000,0.000057,1.000000,1.000000,0.000190,0.981966,1.000000
"Marsh water75%... CRMS322v84",22398,ASDFRa,,errorbars_for_splib07a_Marsh_water75%..._CRMS322v84_ASDFRa_AREF.txt,0.000783,0.916432,1.000000,0.000243,1.000000,1.000000,0.000537,0.982923,1.000000
"Marsh water80%... CRMS121v23",22660,ASDFRa,,errorbars_for_splib07a_Marsh_water80%..._CRMS121v23_ASDFRa_AREF.txt,0.001136,0.955277,1.000000,0.000267,0.937700,1.000000,0.000868,0.973592,1.000000
"Marsh water CRMS121v69-glint",22922,ASDFRa,,errorbars_for_splib07a_Marsh_water_CRMS121v69-glint_ASDFRa_AREF.txt,0.001789,0.861891,1.000000,0.000269,1.000000,1.000000,0.002885,0.954711,1.000000
"Marsh water CRMS322v84a sunl",22905,ASDFRa,,errorbars_for_splib07a_Marsh_water_CRMS322v84a_sunl_ASDFRa_AREF.txt,0.000072,1.000000,1.000000,0.000038,1.000000,1.000000,0.000183,1.000000,1.000000
"Marsh wrack DWV3-0511 dryNPV",22888,ASDFRa,,errorbars_for_splib07a_Marsh_wrack_DWV3-0511_dryNPV_ASDFRa_AREF.txt,0.000426,0.950775,1.000000,0.000051,0.997782,1.000000,0.000820,0.978308,1.000000
"Montmorillonite SAz-1",7255,ASDNGb,,errorbars_for_splib07a_Montmorillonite_SAz-1_ASDNGb_AREF.txt,0.000010,1.000000,1.000000,0.000002,1.000000,1.000000,0.000025,1.000000,1.000000
"Montmorillonite SWy-1",7337,ASDNGb,,errorbars_for_splib07a_Montmorillonite_SWy-1_ASDNGb_AREF.txt,0.000003,1.000000,1.000000,0.000003,1.000000,1.000000,0.000029,1.000000,1.000000
"Muscov+Jaros CU93-314 coatng",12919,ASDNGb,,errorbars_for_splib07a_Muscov+Jaros_CU93-314_coatng_ASDNGb_AREF.txt,0.000027,1.000000,1.000000,0.000028,1.000000,1.000000,0.000235,1.000000,1.000000
"Muscovite-medhi-Al CU91-252D",13010,ASDNGc,,errorbars_for_splib07a_Muscovite-medhi-Al_CU91-252D_ASDNGc_AREF.txt,0.000013,1.000000,1.000000,0.000007,1.000000,1.000000,0.000019,1.000000,1.000000
"Muscovite-medlowAl CU91-250A",12975,ASDNGb,,errorbars_for_splib07a_Muscovite-medlowAl_CU91-250A_ASDNGb_AREF.txt,0.000003,1.000000,1.000000,0.000003,1.000000,1.000000,0.000028,1.000000,1.000000
"Muscovite GDS113 Ruby",7471,ASDNGa,,errorbars_for_splib07a_Muscovite_GDS113_Ruby_ASDNGa_AREF.txt,0.000004,1.000000,1.000000,0.000004,1.000000,1.000000,0.000014,1.000000,1.000000
"Muscovite GDS113a Ruby",7483,ASDNGa,,errorbars_for_splib07a_Muscovite_GDS113a_Ruby_ASDNGa_AREF.txt,0.000064,1.000000,1.000000,0.000004,1.000000,1.000000,0.000044,1.000000,1.000000
"Muscovite GDS116 Tanzania",7551,ASDNGa,,errorbars_for_splib07a_Muscovite_GDS116_Tanzania_ASDNGa_AREF.txt,0.000015,1.000000,1.000000,0.000010,1.000000,1.000000,0.000018,1.000000,1.000000
"Muscovite GDS116a Tanzania",7539,ASDNGa,,errorbars_for_splib07a_Muscovite_GDS116a_Tanzania_ASDNGa_AREF.txt,0.000019,1.000000,1.000000,0.000013,1.000000,1.000000,0.000025,1.000000,1.000000
"Naphthalene ENOZ cgr 89K",15507,ASDFRa,,errorbars_for_splib07a_Naphthalene_ENOZ_cgr_89K_ASDFRa_AREF.txt,0.000047,1.000000,1.000000,0.000095,1.000000,1.000000,0.000237,0.987312,1.000000
"Naringenin SA-N5893",15541,ASDHRa,,errorbars_for_splib07a_Naringenin_SA-N5893_ASDHRa_AREF.txt,0.000024,0.999525,1.000000,0.000019,1.000000,1.000000,0.000041,1.000000,1.000000
"Nonane fine frost 84K",15590,ASDFRa,,errorbars_for_splib07a_Nonane_fine_frost_84K_ASDFRa_AREF.txt,0.000077,1.000000,1.000000,0.000155,1.000000,1.000000,0.000146,0.986673,1.000000
"Nontronite NG-1.a",7903,ASDNGb,,errorbars_for_splib07a_Nontronite_NG-1.a_ASDNGb_AREF.txt,0.000013,1.000000,1.000000,0.000006,1.000000,1.000000,0.000055,1.000000,1.000000
"Oak QUDU CA01-QUDU-1 bush 1",21788,ASDFRa,,errorbars_for_splib07a_Oak_QUDU_CA01-QUDU-1_bush_1_ASDFRa_AREF.txt,0.000446,0.952486,1.000000,0.000090,0.998150,1.000000,0.000279,0.988924,1.000000
"Oak QUDU CA01-QUDU-2 bush 2",21804,ASDFRa,,errorbars_for_splib07a_Oak_QUDU_CA01-QUDU-2_bush_2_ASDFRa_AREF.txt,0.000477,0.945379,1.000000,0.000101,0.997851,1.000000,0.000292,0.988532,1.000000
"Oak QUDU CA01-QUDU-3 bush 3",21820,ASDFRa,,errorbars_for_splib07a_Oak_QUDU_CA01-QUDU-3_bush_3_ASDFRa_AREF.txt,0.000489,0.953178,1.000000,0.000118,0.997980,1.000000,0.000434,0.981956,1.000000
"Octane SA-74822 medfrost 85K",15619,ASDFRa,,errorbars_for_splib07a_Octane_SA-74822_medfrost_85K_ASDFRa_AREF.txt,0.000265,1.000000,1.000000,0.000074,1.000000,1.000000,0.000128,0.995232,1.000000
"Oiled_P.austral. DWO-3-DEL-1",19215,ASDFRa,,errorbars_for_splib07a_Oiled_P.austral._DWO-3-DEL-1_ASDFRa_AREF.txt,0.003272,0.959144,1.000000,0.000396,0.995885,1.000000,0.004024,0.983096,1.000000
"Oiled_S.altern. DWO-3-BAT-06",19231,ASDFRa,,errorbars_for_splib07a_Oiled_S.altern._DWO-3-BAT-06_ASDFRa_AREF.txt,0.005021,0.770100,1.000000,0.000284,0.924562,1.000000,0.004200,0.978630,1.000000
"Oiled_sand_area GrndIsle",19246,ASDFRa,,errorbars_for_splib07a_Oiled_sand_area_GrndIsle_ASDFRa_AREF.txt,0.000224,1.000000,1.000000,0.000032,1.000000,1.000000,0.001048,0.936858,1.000000
"Oiled_sand_brown GrndIsle",19277,ASDFRa,,errorbars_for_splib07a_Oiled_sand_brown_GrndIsle_ASDFRa_AREF.txt,0.000076,1.000000,1.000000,0.000015,1.000000,1.000000,0.000169,1.000000,1.000000
"Oiled_sand_dark GrndIsle",19262,ASDFRa,,errorbars_for_splib07a_Oiled_sand_dark_GrndIsle_ASDFRa_AREF.txt,0.000345,0.936688,1.000000,0.000034,1.000000,1.000000,0.000922,0.968064,1.000000
"Olivine GDS70.e Fo89 <30um",8078,ASDNGb,,errorbars_for_splib07a_Olivine_GDS70.e_Fo89_lt30um_ASDNGb_AREF.txt,0.000018,1.000000,1.000000,0.000011,1.000000,1.000000,0.000054,1.000000,1.000000
"Opal TM8896 (Hyalite)",8403,ASDNGa,,errorbars_for_splib07a_Opal_TM8896_(Hyalite)_ASDNGa_AREF.txt,0.000006,1.000000,1.000000,0.000002,1.000000,1.000000,0.000019,1.000000,1.000000
"P.aus. DWO-3-DEL-2d dryNPV.a",21895,ASDFRa,,errorbars_for_splib07a_P.aus._DWO-3-DEL-2d_dryNPV.a_ASDFRa_AREF.txt,0.000061,0.998898,1.000000,0.000166,0.987908,1.000000,0.000278,0.982612,1.000000
"P.austr. DWO-3-DEL-2a stems",21847,ASDFRa,,errorbars_for_splib07a_P.austr._DWO-3-DEL-2a_stems_ASDFRa_AREF.txt,0.000265,1.000000,1.000000,0.000039,1.000000,1.000000,0.000350,0.979712,1.000000
"P.austr. DWO-3-DEL-2b grn.a",21863,ASDFRa,,errorbars_for_splib07a_P.austr._DWO-3-DEL-2b_grn.a_ASDFRa_AREF.txt,0.000321,0.973135,1.000000,0.000086,1.000000,1.000000,0.000146,0.994068,1.000000
"P.austr. DWO-3-DEL-2c stem.a",21879,ASDFRa,,errorbars_for_splib07a_P.austr._DWO-3-DEL-2c_stem.a_ASDFRa_AREF.txt,0.000141,0.999293,1.000000,0.000353,0.913553,1.000000,0.000554,0.934652,1.000000
"Pentane SA-76878 fine gr 85K",15711,ASDFRa,,errorbars_for_splib07a_Pentane_SA-76878_fine_gr_85K_ASDFRa_AREF.txt,0.000086,1.000000,1.000000,0.000087,1.000000,1.000000,0.000125,0.996230,1.000000
"Phenol SA-P5566",15907,ASDHRa,,errorbars_for_splib07a_Phenol_SA-P5566_ASDHRa_AREF.txt,0.000017,1.000000,1.000000,0.000028,1.000000,1.000000,0.000075,1.000000,1.000000
"Propene SA-295663 ice 77K",16030,ASDFRa,,errorbars_for_splib07a_Propene_SA-295663_ice_77K_ASDFRa_AREF.txt,0.000075,1.000000,1.000000,0.000053,1.000000,1.000000,0.000187,1.000000,1.000000
"Propyne SA-295493 Frost 80K",16045,ASDFRa,,errorbars_for_splib07a_Propyne_SA-295493_Frost_80K_ASDFRa_AREF.txt,0.000109,1.000000,1.000000,0.000136,1.000000,1.000000,0.000897,0.838846,1.000000
"Protein soy_powder NC2",16062,ASDHRa,,errorbars_for_splib07a_Protein_soy_powder_NC2_ASDHRa_AREF.txt,0.000010,1.000000,1.000000,0.000006,1.000000,1.000000,0.000016,1.000000,1.000000
"Protein veg_powder NC1",16079,ASDHRa,,errorbars_for_splib07a_Protein_veg_powder_NC1_ASDHRa_AREF.txt,0.000023,1.000000,1.000000,0.000019,1.000000,1.000000,0.000044,1.000000,1.000000
"Pyrogallol SA-16040",16326,ASDHRa,,errorbars_for_splib07a_Pyrogallol_SA-16040_ASDHRa_AREF.txt,0.000009,1.000000,1.000000,0.000019,1.000000,1.000000,0.000063,1.000000,1.000000
"Pyrophyllite PYS1A >250um",9089,ASDNGa,,errorbars_for_splib07a_Pyrophyllite_PYS1A_gt250um_ASDNGa_AREF.txt,0.000011,1.000000,1.000000,0.000020,1.000000,1.000000,0.000295,1.000000,1.000000
"Pyrophyllite PYS1A <5um",9160,ASDNGa,,errorbars_for_splib07a_Pyrophyllite_PYS1A_lt5um_ASDNGa_AREF.txt,0.000026,1.000000,1.000000,0.000002,1.000000,1.000000,0.000039,1.000000,1.000000
"Pyrophyllite PYS1A <850um",9105,ASDNGa,,errorbars_for_splib07a_Pyrophyllite_PYS1A_lt850um_ASDNGa_AREF.txt,0.000008,1.000000,1.000000,0.000020,1.000000,1.000000,0.000145,1.000000,1.000000
"Quercetin SA-Q4951",16341,ASDHRa,,errorbars_for_splib07a_Quercetin_SA-Q4951_ASDHRa_AREF.txt,0.000147,0.995958,1.000000,0.000033,1.000000,1.000000,0.000074,0.996569,1.000000
"S.altern. DWV1-0511 NPV.a",21958,ASDFRa,,errorbars_for_splib07a_S.altern._DWV1-0511_NPV.a_ASDFRa_AREF.txt,0.000181,0.997041,1.000000,0.000083,0.998797,1.000000,0.000203,0.998380,1.000000
"S.altern. DWV6a2-0511 stem.a",21974,ASDFRa,,errorbars_for_splib07a_S.altern._DWV6a2-0511_stem.a_ASDFRa_AREF.txt,0.000354,0.998914,1.000000,0.000362,0.989830,1.000000,0.000661,0.931808,1.000000
"S.altern. DWV6b3-0511 NPV.a",22000,ASDFRa,,errorbars_for_splib07a_S.altern._DWV6b3-0511_NPV.a_ASDFRa_AREF.txt,0.000073,1.000000,1.000000,0.000018,1.000000,1.000000,0.000603,0.793748,1.000000
"S.alternif. CRMS322v06 grn.a",21931,ASDFRa,,errorbars_for_splib07a_S.alternif._CRMS322v06_grn.a_ASDFRa_AREF.txt,0.000400,0.950620,1.000000,0.000205,1.000000,1.000000,0.000228,0.969626,1.000000
"S.america. CRMS121v38 yellow",22034,ASDFRa,,errorbars_for_splib07a_S.america._CRMS121v38_yellow_ASDFRa_AREF.txt,0.000184,1.000000,1.000000,0.000059,1.000000,1.000000,0.000228,0.972443,1.000000
"S.americanus CRMS326v06 gr.a",22017,ASDFRa,,errorbars_for_splib07a_S.americanus_CRMS326v06_gr.a_ASDFRa_AREF.txt,0.000187,0.996377,1.000000,0.000160,1.000000,1.000000,0.000141,0.997483,1.000000
"Sagebrush Sage-Leaves-1 dry",22056,ASDFRa,,errorbars_for_splib07a_Sagebrush_Sage-Leaves-1_dry_ASDFRa_AREF.txt,0.000093,1.000000,1.000000,0.000019,1.000000,1.000000,0.000052,1.000000,1.000000
"Sand DWO-3-DEL2a no vis.oil",13155,ASDFRa,,errorbars_for_splib07a_Sand_DWO-3-DEL2a_no_vis.oil_ASDFRa_AREF.txt,0.000401,0.940238,1.000000,0.000051,0.998832,1.000000,0.000689,0.982733,1.000000
"Sand DWO-3-DEL2ar1 no oil",13218,ASDFRa,,errorbars_for_splib07a_Sand_DWO-3-DEL2ar1_no_oil_ASDFRa_AREF.txt,0.000054,0.999188,1.000000,0.000072,1.000000,1.000000,0.001040,0.953131,1.000000
"Sand DWO-3-DEL2ar2 wet noOil",13234,ASDFRa,,errorbars_for_splib07a_Sand_DWO-3-DEL2ar2_wet_noOil_ASDFRa_AREF.txt,0.000035,1.000000,1.000000,0.000014,1.000000,1.000000,0.000111,1.000000,1.000000
"Sand DWO-3-DEL2b wet no oil",13170,ASDFRa,,errorbars_for_splib07a_Sand_DWO-3-DEL2b_wet_no_oil_ASDFRa_AREF.txt,0.000413,0.894405,1.000000,0.000096,1.000000,1.000000,0.000661,0.972608,1.000000
"Sand DWO-3-DEL2c no vis.oil",13186,ASDFRa,,errorbars_for_splib07a_Sand_DWO-3-DEL2c_no_vis.oil_ASDFRa_AREF.txt,0.000318,0.910613,1.000000,0.000027,1.000000,1.000000,0.000738,0.923483,1.000000
"Sand DWO-3-DEL2d wet no oil",13202,ASDFRa,,errorbars_for_splib07a_Sand_DWO-3-DEL2d_wet_no_oil_ASDFRa_AREF.txt,0.000096,1.000000,1.000000,0.000019,1.000000,1.000000,0.000160,1.000000,1.000000
"Sand GrndIsle1 no oil",13249,ASDFRa,,errorbars_for_splib07a_Sand_GrndIsle1_no_oil_ASDFRa_AREF.txt,0.000020,1.000000,1.000000,0.000010,1.000000,1.000000,0.000086,1.000000,1.000000
"Sand GrndIsle2 no visibl oil",13264,ASDFRa,,errorbars_for_splib07a_Sand_GrndIsle2_no_visibl_oil_ASDFRa_AREF.txt,0.000029,1.000000,1.000000,0.000013,1.000000,1.000000,0.000091,1.000000,1.000000
"Siderite HS271.3B",9878,ASDNGa,,errorbars_for_splib07a_Siderite_HS271.3B_ASDNGa_AREF.txt,0.000021,1.000000,1.000000,0.000007,1.000000,1.000000,0.000030,1.000000,1.000000
"Spar.patens CRMS322v06 grn.a",22104,ASDFRa,,errorbars_for_splib07a_Spar.patens_CRMS322v06_grn.a_ASDFRa_AREF.txt,0.000228,0.991707,1.000000,0.000132,1.000000,1.000000,0.000172,0.983866,1.000000
"Starch_corn_Argo GDS549",16357,ASDHRa,,errorbars_for_splib07a_Starch_corn_Argo_GDS549_ASDHRa_AREF.txt,0.000013,1.000000,1.000000,0.000012,1.000000,1.000000,0.000024,1.000000,1.000000
"Starch_potato SA-33615",16372,ASDHRa,,errorbars_for_splib07a_Starch_potato_SA-33615_ASDHRa_AREF.txt,0.000011,1.000000,1.000000,0.000011,1.000000,1.000000,0.000021,1.000000,1.000000
"Talc GDS23",10417,ASDNGa,,errorbars_for_splib07a_Talc_GDS23_ASDNGa_AREF.txt,0.000170,0.981760,1.000000,0.000052,1.000000,1.000000,0.000241,0.968810,1.000000
"Tannic_Acid SA-403040",16426,ASDHRa,,errorbars_for_splib07a_Tannic_Acid_SA-403040_ASDHRa_AREF.txt,0.000012,1.000000,1.000000,0.000021,1.000000,1.000000,0.000027,1.000000,1.000000
"Toluene SA-244511 frost 84K",16651,ASDFRa,,errorbars_for_splib07a_Toluene_SA-244511_frost_84K_ASDFRa_AREF.txt,0.000094,1.000000,1.000000,0.000023,1.000000,1.000000,0.000148,1.000000,1.000000
"Topaz HS184.1B",10821,ASDNGb,,errorbars_for_splib07a_Topaz_HS184.1B_ASDNGb_AREF.txt,0.000009,1.000000,1.000000,0.000004,1.000000,1.000000,0.000020,1.000000,1.000000
"Topaz HS184.3B",10849,ASDNGb,,errorbars_for_splib07a_Topaz_HS184.3B_ASDNGb_AREF.txt,0.000006,1.000000,1.000000,0.000006,1.000000,1.000000,0.000024,1.000000,1.000000
"Topaz HS184.4B",10880,ASDNGb,,errorbars_for_splib07a_Topaz_HS184.4B_ASDNGb_AREF.txt,0.000015,1.000000,1.000000,0.000022,1.000000,1.000000,0.000213,1.000000,1.000000
"Toyon CA01-HEAR-1 bush",22121,ASDFRa,,errorbars_for_splib07a_Toyon_CA01-HEAR-1_bush_ASDFRa_AREF.txt,0.000472,0.962797,1.000000,0.000122,0.997413,1.000000,0.000309,0.988753,1.000000
"Xylene(s) ice 77K",16883,ASDFRa,,errorbars_for_splib07a_Xylene(s)_ice_77K_ASDFRa_AREF.txt,0.000082,1.000000,1.000000,0.000182,1.000000,1.000000,0.000224,0.992725,1.000000
"Yerba Santa CA01-ERCA-1 bush",22184,ASDFRa,,errorbars_for_splib07a_Yerba_Santa_CA01-ERCA-1_bush_ASDFRa_AREF.txt,0.000467,0.921672,1.000000,0.000106,0.996305,1.000000,0.000290,0.978959,1.000000
"Yerba Santa CA01-ERCA-2 bush",22200,ASDFRa,,errorbars_for_splib07a_Yerba_Santa_CA01-ERCA-2_bush_ASDFRa_AREF.txt,0.000733,0.951657,1.000000,0.000210,0.995045,1.000000,0.000879,0.929962,1.000000
